HIERARCHY
ROOT root
{
	OFFSET	0.000000	0.000000	0.000000
	CHANNELS 6 Xposition Yposition Zposition Zrotation Yrotation Xrotation
	JOINT lhipjoint
	{
		OFFSET	0.000000	0.000000	0.000000
		CHANNELS 3 Zrotation Yrotation Xrotation
		JOINT lfemur
		{
			OFFSET	1.568570	-1.734431	1.152047
			CHANNELS 3 Zrotation Yrotation Xrotation
			JOINT ltibia
			{
				OFFSET	2.393623	-6.576430	0.000000
				CHANNELS 3 Zrotation Yrotation Xrotation
				JOINT lfoot
				{
					OFFSET	2.509516	-6.894845	0.000000
					CHANNELS 3 Zrotation Yrotation Xrotation
					JOINT ltoes
					{
						OFFSET	0.171714	-0.471779	1.886817
						CHANNELS 3 Zrotation Yrotation Xrotation
						End Site
						{
							OFFSET	0.000000	-0.000000	0.981458
						}
					}
				}
			}
		}
	}
	JOINT rhipjoint
	{
		OFFSET	0.000000	0.000000	0.000000
		CHANNELS 3 Zrotation Yrotation Xrotation
		JOINT rfemur
		{
			OFFSET	-1.281526	-1.734433	1.152048
			CHANNELS 3 Zrotation Yrotation Xrotation
			JOINT rtibia
			{
				OFFSET	-2.268611	-6.232963	0.000000
				CHANNELS 3 Zrotation Yrotation Xrotation
				JOINT rfoot
				{
					OFFSET	-2.541434	-6.982537	0.000000
					CHANNELS 3 Zrotation Yrotation Xrotation
					JOINT rtoes
					{
						OFFSET	-0.233090	-0.640414	1.931196
						CHANNELS 3 Zrotation Yrotation Xrotation
						End Site
						{
							OFFSET	-0.000000	-0.000000	1.020130
						}
					}
				}
			}
		}
	}
	JOINT lowerback
	{
		OFFSET	0.000000	0.000000	0.000000
		CHANNELS 3 Zrotation Yrotation Xrotation
		JOINT upperback
		{
			OFFSET	-0.070956	2.104600	-0.278785
			CHANNELS 3 Zrotation Yrotation Xrotation
			JOINT thorax
			{
				OFFSET	-0.008258	2.136621	-0.082789
				CHANNELS 3 Zrotation Yrotation Xrotation
				JOINT lowerneck
				{
					OFFSET	0.019810	2.171597	0.048578
					CHANNELS 3 Zrotation Yrotation Xrotation
					JOINT upperneck
					{
						OFFSET	0.032389	1.777986	0.244347
						CHANNELS 3 Zrotation Yrotation Xrotation
						JOINT head
						{
							OFFSET	0.010261	1.741935	-0.496642
							CHANNELS 3 Zrotation Yrotation Xrotation
							End Site
							{
								OFFSET	0.001698	1.830569	-0.196534
							}
						}
					}
				}
				JOINT lclavicle
				{
					OFFSET	0.019810	2.171597	0.048578
					CHANNELS 3 Zrotation Yrotation Xrotation
					JOINT lhumerus
					{
						OFFSET	3.191776	1.359067	-0.314124
						CHANNELS 3 Zrotation Yrotation Xrotation
						JOINT lradius
						{
							OFFSET	4.852470	-0.000000	-0.000000
							CHANNELS 3 Zrotation Yrotation Xrotation
							JOINT lwrist
							{
								OFFSET	3.555840	-0.000000	0.000000
								CHANNELS 3 Zrotation Yrotation Xrotation
								JOINT lhand
								{
									OFFSET	1.777920	-0.000000	0.000000
									CHANNELS 3 Zrotation Yrotation Xrotation
									JOINT lfingers
									{
										OFFSET	0.693203	-0.000000	0.000000
										CHANNELS 3 Zrotation Yrotation Xrotation
										End Site
										{
											OFFSET	0.558878	-0.000000	0.000000
										}
									}
								}
								JOINT lthumb
								{
									OFFSET	1.777920	-0.000000	0.000000
									CHANNELS 3 Zrotation Yrotation Xrotation
									End Site
									{
										OFFSET	0.567411	-0.000000	0.567411
									}
								}
							}
						}
					}
				}
				JOINT rclavicle
				{
					OFFSET	0.019810	2.171597	0.048578
					CHANNELS 3 Zrotation Yrotation Xrotation
					JOINT rhumerus
					{
						OFFSET	-3.289992	1.241910	-0.268986
						CHANNELS 3 Zrotation Yrotation Xrotation
						JOINT rradius
						{
							OFFSET	-4.644620	-0.000000	0.000000
							CHANNELS 3 Zrotation Yrotation Xrotation
							JOINT rwrist
							{
								OFFSET	-3.407030	-0.000000	0.000000
								CHANNELS 3 Zrotation Yrotation Xrotation
								JOINT rhand
								{
									OFFSET	-1.703520	-0.000000	0.000000
									CHANNELS 3 Zrotation Yrotation Xrotation
									JOINT rfingers
									{
										OFFSET	-0.619577	-0.000000	0.000000
										CHANNELS 3 Zrotation Yrotation Xrotation
										End Site
										{
											OFFSET	-0.499519	-0.000000	0.000000
										}
									}
								}
								JOINT rthumb
								{
									OFFSET	-1.703520	-0.000000	0.000000
									CHANNELS 3 Zrotation Yrotation Xrotation
									End Site
									{
										OFFSET	-0.507146	-0.000000	0.507146
									}
								}
							}
						}
					}
				}
			}
		}
	}
}
MOTION
Frames:	334
Frame Time:	0.008333
-33.071020 15.780674 0.943961 109.161715 78.831036 112.312529 0.000000 0.000000 0.000000 -37.584584 -0.677522 3.104021 2.370709 9.598942 27.687497 2.612016 -9.509481 -29.114754 0.789171 5.670897 15.832456 0.000000 0.000000 0.000000 2.141457 -0.268287 -35.267938 -11.107716 -17.987397 63.130890 -39.875326 1.526725 172.588186 -0.138209 -2.396054 6.601542 -14.979753 -1.337776 15.572271 -3.681968 -4.142659 2.661593 5.213133 -1.675144 -5.043684 0.115544 1.408558 -32.568126 2.575896 1.247003 16.959014 1.159719 0.942680 10.680226 0.000000 0.000000 0.000000 -75.323395 -8.712612 48.355837 105.750153 -59.041617 -73.596142 -0.000002 0.000000 -11.972632 46.830575 -30.053524 -28.096359 -7.125020 0.000002 0.000000 8.682861 -9.833528 -10.144862 0.000000 0.000000 0.000000 76.205823 -42.549511 48.683397 -95.636622 59.879608 -64.879496 0.000002 -0.000000 -23.330760 -32.154857 -28.199924 16.544728 7.125020 -0.000002 0.000000 -2.068485 -62.315893 0.871024
-32.602358 15.898026 0.940107 111.614415 78.476573 115.007467 0.000000 0.000000 0.000000 -37.629705 -0.581302 5.928560 1.998319 8.862575 25.366379 2.235089 -10.135335 -26.613977 0.718145 5.415374 15.097175 0.000000 0.000000 0.000000 1.910465 0.074977 -37.515189 -12.108520 -18.436148 66.332376 -39.582631 4.707622 174.065408 -0.324879 -3.663535 10.131945 -15.296993 -1.810376 15.234941 -3.515961 -4.764307 2.547175 5.639850 -1.988431 -4.813314 0.490013 1.826810 -32.539727 2.205742 1.729726 17.325561 1.054463 1.136297 10.814326 0.000000 0.000000 0.000000 -75.936459 -9.428418 48.312164 108.230446 -58.706210 -75.719449 -0.000002 0.000000 -11.805602 47.766903 -30.479319 -29.202505 -7.125020 0.000002 0.000000 9.051121 -10.779601 -10.714986 0.000000 0.000000 0.000000 75.202803 -44.411277 49.488003 -96.454190 59.842009 -65.586534 0.000002 -0.000000 -24.017233 -32.954207 -27.940265 16.894103 7.125020 -0.000002 0.000000 -3.161375 -62.244285 1.323531
-32.132100 16.018957 0.936851 113.730843 78.144520 117.347879 0.000000 0.000000 0.000000 -37.566166 -0.337853 8.627366 1.665706 8.131995 23.115712 1.819365 -10.332876 -23.947406 0.611484 5.004941 13.922655 0.000000 0.000000 0.000000 1.706804 0.432555 -39.586529 -13.234232 -18.865107 69.851445 -38.438721 8.060475 173.364489 -0.501596 -4.540325 12.601978 -15.607185 -2.256837 14.929364 -3.334742 -5.356616 2.417638 6.074964 -2.286088 -4.617907 0.845213 2.233210 -32.503297 1.855796 2.203900 17.673990 0.957374 1.326483 10.942135 0.000000 0.000000 0.000000 -76.508584 -10.051650 48.342484 110.636729 -58.328043 -77.771613 -0.000002 0.000000 -11.765577 48.729769 -30.922664 -30.363031 -7.125020 0.000002 0.000000 9.423681 -11.770866 -11.297863 0.000000 0.000000 0.000000 74.140720 -46.254954 50.337896 -97.251164 59.800385 -66.275487 0.000002 -0.000000 -24.701365 -33.705868 -27.613246 17.176328 7.125020 -0.000002 0.000000 -4.210154 -62.086384 1.745444
-31.657468 16.146497 0.935077 115.434737 77.867635 119.246458 0.000000 0.000000 0.000000 -37.308100 0.140901 11.112106 1.375228 7.421160 20.969248 1.376015 -9.884074 -20.952441 0.465557 4.376502 12.138377 0.000000 0.000000 0.000000 1.560112 0.814201 -41.344199 -14.519134 -19.263993 73.783818 -35.969520 11.868989 168.491793 -0.594435 -4.935916 13.725877 -15.914333 -2.655236 14.681023 -3.130084 -5.899015 2.261085 6.527880 -2.554691 -4.485364 1.168913 2.618552 -32.456054 1.536057 2.659887 17.997113 0.872712 1.509745 11.060864 0.000000 0.000000 0.000000 -77.005399 -10.508707 48.508768 112.950915 -57.913000 -79.736816 -0.000002 0.000000 -11.938850 49.733185 -31.400239 -31.608221 -7.125020 0.000002 0.000000 9.799945 -12.837323 -11.900641 0.000000 0.000000 0.000000 73.037069 -48.078676 51.197139 -98.010429 59.756141 -66.931556 0.000002 -0.000000 -25.346180 -34.325810 -27.194783 17.324518 7.125020 -0.000002 0.000000 -5.107649 -61.791114 2.081914
-31.177611 16.281705 0.935697 116.713604 77.656628 120.688575 0.000000 0.000000 0.000000 -36.816616 0.869282 13.345463 1.124439 6.735574 18.934311 0.932101 -8.788666 -17.507555 0.306828 3.561250 9.845453 0.000000 0.000000 0.000000 1.482897 1.219754 -42.715122 -15.895831 -19.591267 77.921198 -32.052799 16.199449 157.069168 -0.612665 -5.009686 13.936190 -16.231455 -2.993717 14.492392 -2.902584 -6.378674 2.079114 7.002988 -2.786900 -4.415727 1.458716 2.976746 -32.401722 1.246775 3.089929 18.291349 0.799885 1.682723 11.169876 0.000000 0.000000 0.000000 -77.404886 -10.773354 48.848159 115.156117 -57.468296 -81.600675 -0.000002 0.000000 -12.341159 50.779242 -31.893259 -32.930334 -7.125020 0.000002 0.000000 10.185177 -13.961131 -12.528912 0.000000 0.000000 0.000000 71.925735 -49.866132 52.019360 -98.722114 59.710577 -67.546232 0.000002 -0.000000 -25.905248 -34.741309 -26.705563 17.304210 7.125020 -0.000002 0.000000 -5.750447 -61.359993 2.287635
-30.692898 16.423831 0.939396 117.580009 77.507527 121.688978 0.000000 0.000000 0.000000 -36.096355 1.812194 15.334940 0.909222 6.076158 17.005548 0.526072 -7.163465 -13.566663 0.167898 2.639757 7.277359 0.000000 0.000000 0.000000 1.477319 1.655595 -43.678216 -17.167037 -19.806482 81.691250 -27.102295 20.462717 135.899276 -0.603030 -4.970843 13.825422 -16.574426 -3.269144 14.341092 -2.659108 -6.787226 1.887293 7.498601 -2.980548 -4.380710 1.720717 3.305301 -32.351895 0.981096 3.488802 18.560029 0.734832 1.842732 11.272312 0.000000 0.000000 0.000000 -77.699290 -10.859025 49.366197 117.242585 -57.001020 -83.355243 -0.000002 0.000001 -12.922793 51.839058 -32.350452 -34.266337 -7.125020 0.000002 0.000000 10.581171 -15.069239 -13.174922 0.000000 0.000000 0.000000 70.852246 -51.585675 52.756045 -99.385657 59.664504 -68.119061 0.000002 -0.000000 -26.353088 -34.929795 -26.184044 17.124283 7.125020 -0.000002 0.000000 -6.101428 -60.829229 2.354946
-30.204232 16.570869 0.946528 118.071408 77.413994 122.286985 0.000000 0.000000 0.000000 -35.176570 2.910147 17.115222 0.726212 5.445054 15.182414 0.201570 -5.161390 -9.181054 0.070356 1.711248 4.708311 0.000000 0.000000 0.000000 1.545827 2.133557 -44.241222 -18.041952 -19.907830 84.266595 -22.072398 23.064089 102.821852 -0.600914 -4.962270 13.800983 -16.947448 -3.483092 14.203503 -2.409552 -7.120334 1.701134 8.004682 -3.135978 -4.353358 1.964103 3.603740 -32.320202 0.734868 3.851771 18.818481 0.674132 1.987811 11.376066 0.000000 0.000000 0.000000 -77.890699 -10.786277 50.045311 119.212066 -56.516253 -85.002518 -0.000002 0.000001 -13.603362 52.851399 -32.721279 -35.518366 -7.125020 0.000002 0.000000 10.975421 -16.069034 -13.809472 0.000000 0.000000 0.000000 69.867812 -53.210387 53.362056 -100.000277 59.618719 -68.649406 0.000002 0.000000 -26.682545 -34.892292 -25.664879 16.808563 7.125020 -0.000002 0.000000 -6.160877 -60.238880 2.297034
-29.712592 16.720156 0.957048 118.260547 77.372263 122.558631 0.000000 0.000000 0.000000 -34.100105 4.086426 18.731434 0.573198 4.848464 13.476861 -0.002736 -2.928187 -4.508698 0.018763 0.884372 2.430715 0.000000 0.000000 0.000000 1.694146 2.656616 -44.425507 -18.251929 -19.926579 84.882969 -17.329493 22.048244 63.615382 -0.619555 -5.037260 14.014863 -17.335114 -3.641414 14.062076 -2.165629 -7.378664 1.529683 8.500053 -3.255350 -4.319250 2.200984 3.872735 -32.313752 0.507893 4.173534 19.083995 0.615057 2.116489 11.488736 0.000000 0.000000 0.000000 -77.979628 -10.569378 50.855127 121.067758 -56.018619 -86.545838 -0.000002 0.000001 -14.310771 53.734970 -32.991471 -36.590027 -7.125020 0.000002 0.000000 11.334358 -16.893809 -14.379182 0.000000 0.000000 0.000000 69.025431 -54.724907 53.802204 -100.560179 59.574390 -69.132313 0.000002 0.000000 -26.894028 -34.639838 -25.177816 16.385405 7.125020 -0.000002 0.000000 -5.945893 -59.627284 2.135411
-29.218782 16.868788 0.970433 118.237993 77.376257 122.603229 0.000000 0.000000 0.000000 -32.926419 5.250459 20.224010 0.448917 4.298634 11.918376 -0.064617 -0.595149 0.191902 0.001686 0.265127 0.728454 0.000000 0.000000 0.000000 1.920926 3.210632 -44.260633 -17.677179 -19.870145 83.194387 -12.262095 17.553015 30.883835 -0.654801 -5.175868 14.410850 -17.712290 -3.755233 13.897615 -1.939118 -7.568811 1.377096 8.958417 -3.343532 -4.268349 2.448738 4.115457 -32.329084 0.293035 4.452096 19.364210 0.551690 2.228260 11.612955 0.000000 0.000000 0.000000 -77.960548 -10.220492 51.759055 122.802335 -55.515733 -87.979962 -0.000002 0.000001 -15.002306 54.402323 -33.193225 -37.408247 -7.125020 0.000002 0.000000 11.604782 -17.521673 -14.810286 0.000000 0.000000 0.000000 68.366944 -56.119547 54.062612 -101.064862 59.532281 -69.567401 0.000002 0.000000 -26.992032 -34.220047 -24.750664 15.902907 7.125020 -0.000002 0.000000 -5.518389 -59.040373 1.907524
-28.723423 17.013823 0.985607 118.077088 77.412065 122.507384 0.000000 0.000000 0.000000 -31.733689 6.313351 21.613406 0.353237 3.818497 10.566591 0.009422 1.702020 4.595930 0.000120 -0.070653 -0.194120 0.000000 0.000000 0.000000 2.204908 3.766936 -43.780717 -16.389626 -19.684571 79.390424 -7.303272 11.661150 9.525104 -0.694751 -5.328278 14.847282 -18.059402 -3.838672 13.692114 -1.739277 -7.703036 1.241795 9.359616 -3.407522 -4.194919 2.724824 4.338358 -32.355125 0.073901 4.692866 19.660145 0.475790 2.324683 11.748049 0.000000 0.000000 0.000000 -77.827810 -9.748329 52.720616 124.402487 -55.017855 -89.295030 -0.000002 0.000001 -15.670471 54.782520 -33.393430 -37.940169 -7.125020 0.000002 0.000000 11.728344 -17.977407 -15.027505 0.000000 0.000000 0.000000 67.903316 -57.389361 54.156798 -101.534372 59.491264 -69.971992 0.000002 -0.000000 -26.991207 -33.720225 -24.413009 15.430397 7.125020 -0.000002 0.000000 -4.983798 -58.535357 1.662300
-28.227253 17.152401 1.000965 117.829254 77.463978 122.335401 0.000000 0.000000 0.000000 -30.605260 7.204236 22.892024 0.287058 3.445617 9.521954 0.177388 3.821942 8.370402 0.000306 -0.112973 -0.310393 0.000000 0.000000 0.000000 2.511164 4.291795 -43.021015 -14.594467 -19.284521 74.012034 -3.319929 6.058956 -2.903510 -0.728823 -5.454619 15.209895 -18.360283 -3.905795 13.438524 -1.570943 -7.796992 1.116345 9.691463 -3.454654 -4.103444 3.038892 4.549933 -32.381970 -0.163382 4.907298 19.975166 0.382509 2.409733 11.894441 0.000000 0.000000 0.000000 -77.581476 -9.157189 53.707711 125.861534 -54.534098 -90.486962 -0.000002 0.000001 -16.336325 54.854073 -33.667514 -38.210923 -7.125020 0.000002 0.000000 11.667886 -18.326309 -14.988148 0.000000 0.000000 0.000000 67.607294 -58.533677 54.118389 -102.010995 59.447799 -70.382535 0.000002 -0.000000 -26.926575 -33.227973 -24.203712 15.038778 7.125020 -0.000002 0.000000 -4.439990 -58.178156 1.439848
-27.731468 17.281869 1.014647 117.550241 77.531936 122.152613 0.000000 0.000000 0.000000 -29.604905 7.873409 24.029436 0.251568 3.227278 8.912156 0.371693 5.657463 11.237347 0.000075 0.055911 0.153615 0.000000 0.000000 0.000000 2.818993 4.761900 -42.017563 -12.531279 -18.606322 67.663189 -0.686129 1.519120 -9.508572 -0.748972 -5.527857 15.420452 -18.585290 -3.968624 13.144034 -1.431952 -7.865335 0.990494 9.943546 -3.490718 -4.009975 3.389150 4.758268 -32.407623 -0.420344 5.108205 20.316110 0.273931 2.488748 12.054690 0.000000 0.000000 0.000000 -77.231701 -8.452694 54.693484 127.180507 -54.071228 -91.558140 -0.000002 0.000001 -17.026426 54.661218 -34.065560 -38.297491 -7.125020 0.000002 0.000000 11.428255 -18.648439 -14.707245 0.000000 0.000000 0.000000 67.423515 -59.552425 53.990562 -102.543173 59.397079 -70.840710 0.000002 -0.000000 -26.844788 -32.800118 -24.164250 14.780009 7.125020 -0.000002 0.000000 -3.942837 -58.028331 1.259921
-27.237593 17.399878 1.024959 117.299341 77.636496 122.024620 0.000000 0.000000 0.000000 -28.766283 8.292314 24.987077 0.248720 3.209093 8.861427 0.524248 7.172531 13.022631 0.001850 0.277725 0.763073 0.000000 0.000000 0.000000 3.135948 5.174700 -40.807724 -10.403098 -17.630378 60.827323 0.671920 -1.771031 -12.451113 -0.748348 -5.525606 15.413979 -18.692961 -4.034593 12.824278 -1.311778 -7.917291 0.854940 10.108525 -3.518566 -3.935571 3.758356 4.967529 -32.434247 -0.684493 5.306065 20.683536 0.159460 2.566731 12.228629 0.000000 0.000000 0.000000 -76.805272 -7.644873 55.657392 128.360890 -53.635557 -92.511331 -0.000002 0.000001 -17.742718 54.292860 -34.583952 -38.286416 -7.125020 0.000002 0.000000 11.055502 -18.993774 -14.251921 0.000000 0.000000 0.000000 67.287598 -60.444942 53.816701 -103.170085 59.334346 -71.380130 0.000002 -0.000001 -26.779090 -32.464732 -24.317766 14.678599 7.125020 -0.000002 0.000000 -3.515309 -58.117007 1.126437
-26.746840 17.504426 1.030607 117.108929 77.800697 121.987459 0.000000 0.000000 0.000000 -28.100158 8.462861 25.734001 0.282759 3.419933 9.450150 0.590999 8.395263 13.702714 0.003996 0.408214 1.121649 0.000000 0.000000 0.000000 3.479946 5.542255 -39.431897 -8.354652 -16.374007 53.830278 1.080007 -3.869384 -13.179383 -0.724049 -5.437109 15.159595 -18.656520 -4.105201 12.493672 -1.194005 -7.956051 0.704088 10.192330 -3.538627 -3.895012 4.113124 5.176046 -32.459870 -0.935550 5.508337 21.061804 0.053186 2.647182 12.408042 0.000000 0.000000 0.000000 -76.347501 -6.744577 56.590267 129.404057 -53.233039 -93.349189 -0.000002 0.000001 -18.436903 53.845051 -35.152740 -38.226156 -7.125020 0.000002 0.000000 10.622783 -19.344402 -13.718157 0.000000 0.000000 0.000000 67.145933 -61.211692 53.627415 -103.917415 59.255309 -72.022693 0.000002 -0.000001 -26.739452 -32.230141 -24.651957 14.729289 7.125020 -0.000002 0.000000 -3.163951 -58.430890 1.034830
-26.259697 17.593851 1.030825 116.987394 78.039229 122.051824 0.000000 0.000000 0.000000 -27.587749 8.425455 26.257063 0.361116 3.860401 10.684256 0.562867 9.383405 13.433432 0.004400 0.428316 1.176894 0.000000 0.000000 0.000000 3.868612 5.880376 -37.940794 -6.481618 -14.879358 46.885334 0.940141 -4.968202 -12.686760 -0.679648 -5.271217 14.683760 -18.474144 -4.178995 12.153406 -1.059753 -7.980460 0.540042 10.214310 -3.551120 -3.884408 4.416727 5.378663 -32.477184 -1.159410 5.720528 21.416808 -0.033287 2.731618 12.576276 0.000000 0.000000 0.000000 -75.910172 -5.764576 57.498467 130.312007 -52.868880 -94.074804 -0.000002 0.000001 -19.001293 53.394996 -35.654289 -38.114727 -7.125020 0.000002 0.000000 10.212170 -19.619801 -13.206419 0.000000 0.000000 0.000000 66.973159 -61.848902 53.427849 -104.791229 59.156967 -72.773316 0.000002 -0.000001 -26.725261 -32.081932 -25.106479 14.890075 7.125020 -0.000002 0.000000 -2.880759 -58.898305 0.973727
-25.775909 17.666840 1.025442 116.946970 78.358002 122.229861 0.000000 0.000000 0.000000 -27.177216 8.248681 26.566151 0.492816 4.501003 12.490604 0.461601 10.194392 12.527809 0.004850 0.449670 1.235582 0.000000 0.000000 0.000000 4.322381 6.190919 -36.402680 -4.846603 -13.208939 40.155720 0.597287 -5.346233 -11.626507 -0.625243 -5.059904 14.079498 -18.157231 -4.256268 11.781899 -0.894876 -7.986596 0.378845 10.191627 -3.558387 -3.871208 4.646905 5.569416 -32.479481 -1.357568 5.943941 21.700086 -0.097558 2.818665 12.711666 0.000000 0.000000 0.000000 -75.532043 -4.729828 58.396612 131.081896 -52.549721 -94.687313 -0.000002 0.000001 -19.305964 52.974613 -35.975622 -37.909735 -7.125020 0.000002 0.000000 9.883022 -19.718804 -12.784218 0.000000 0.000000 0.000000 66.786199 -62.336663 53.192886 -105.767640 59.039420 -73.611130 0.000002 -0.000001 -26.736606 -31.984359 -25.577695 15.085765 7.125020 -0.000002 0.000000 -2.646510 -59.395285 0.927065
-25.294478 17.722511 1.014731 116.999808 78.739685 122.525956 0.000000 0.000000 0.000000 -26.820801 8.003114 26.694343 0.685157 5.292115 14.743628 0.326160 10.868622 11.372722 0.008431 0.592881 1.629207 0.000000 0.000000 0.000000 4.848077 6.432317 -34.902830 -3.487767 -11.445645 33.798008 0.267379 -5.270693 -10.367066 -0.574541 -4.854040 13.492729 -17.729842 -4.339231 11.347502 -0.701600 -7.971717 0.247313 10.128459 -3.565049 -3.805722 4.801045 5.740815 -32.466513 -1.540123 6.170270 21.865542 -0.145307 2.903157 12.795129 0.000000 0.000000 0.000000 -75.229535 -3.676142 59.293322 131.705422 -52.284082 -95.181442 -0.000002 0.000000 -19.276139 52.548990 -36.052658 -37.535917 -7.125020 0.000002 0.000000 9.643319 -19.554172 -12.452650 0.000000 0.000000 0.000000 66.642931 -62.643623 52.875731 -106.793788 58.907044 -74.490470 0.000002 -0.000001 -26.768843 -31.904507 -25.961185 15.243336 7.125020 -0.000002 0.000000 -2.450171 -59.798597 0.883823
-24.814118 17.760520 0.999276 117.134045 79.135677 122.911645 0.000000 0.000000 0.000000 -26.512835 7.736381 26.686636 0.942352 6.182833 17.315830 0.195685 11.425059 10.310397 0.018019 0.866677 2.382046 0.000000 0.000000 0.000000 5.424137 6.512342 -33.540123 -2.419359 -9.689786 27.977891 0.037815 -4.903510 -9.067265 -0.537277 -4.696569 13.045110 -17.232942 -4.427763 10.839623 -0.501013 -7.938262 0.165863 10.021109 -3.575018 -3.656439 4.886924 5.883524 -32.445571 -1.709678 6.381579 21.894950 -0.182291 2.977694 12.819843 0.000000 0.000000 0.000000 -75.002628 -2.629059 60.185649 132.176300 -52.079142 -95.553419 -0.000002 0.000000 -18.938232 52.051301 -35.873476 -36.921509 -7.125020 0.000002 0.000000 9.463559 -19.075530 -12.167467 0.000000 0.000000 0.000000 66.617877 -62.750889 52.427886 -107.803646 58.767776 -75.354615 0.000002 -0.000000 -26.802684 -31.836031 -26.203249 15.331862 7.125020 -0.000002 0.000000 -2.302062 -60.048116 0.845883
-24.334054 17.781022 0.979838 117.301163 79.481624 123.319162 0.000000 0.000000 0.000000 -26.290280 7.464527 26.582601 1.266546 7.133435 20.111285 0.098416 11.864092 9.558098 0.031670 1.148760 3.158216 0.000000 0.000000 0.000000 6.010977 6.314892 -32.419980 -1.630165 -8.049056 22.863180 -0.087376 -4.281422 -7.767773 -0.512931 -4.590574 12.744386 -16.716466 -4.517490 10.281464 -0.323295 -7.893257 0.136482 9.866922 -3.588950 -3.430186 4.911321 5.989152 -32.427399 -1.853823 6.558304 21.807604 -0.208088 3.036189 12.794078 0.000000 0.000000 0.000000 -74.844841 -1.590162 61.064243 132.494469 -51.938521 -95.804170 -0.000002 0.000000 -18.395413 51.450638 -35.465612 -36.057460 -7.125020 0.000002 0.000000 9.314324 -18.294794 -11.891026 0.000000 0.000000 0.000000 66.770280 -62.665060 51.819230 -108.737715 58.630878 -76.152738 0.000002 -0.000000 -26.804981 -31.788723 -26.311839 15.361955 7.125020 -0.000002 0.000000 -2.215013 -60.155689 0.820610
-23.854314 17.784453 0.957105 117.414673 79.715825 123.645183 0.000000 0.000000 0.000000 -26.213063 7.182194 26.406993 1.660177 8.119160 23.076596 0.048651 12.163530 9.189750 0.038184 1.261263 3.467969 0.000000 0.000000 0.000000 6.563616 5.740469 -31.632689 -1.085639 -6.622166 18.600716 -0.136767 -3.381616 -6.464293 -0.494025 -4.506434 12.505985 -16.230206 -4.601692 9.715403 -0.197251 -7.844402 0.147165 9.668436 -3.604635 -3.159543 4.877748 6.052894 -32.418844 -1.954584 6.687295 21.644785 -0.218236 3.075751 12.734264 0.000000 0.000000 0.000000 -74.747418 -0.549122 61.918557 132.660497 -51.864447 -95.934825 -0.000002 0.000000 -17.772504 50.761423 -34.888570 -35.001495 -7.125020 0.000002 0.000000 9.175362 -17.284137 -11.604437 0.000000 0.000000 0.000000 67.122984 -62.408450 51.050781 -109.553756 58.504813 -76.849035 0.000002 -0.000000 -26.739344 -31.759836 -26.326711 15.353510 7.125020 -0.000002 0.000000 -2.176349 -60.164722 0.807195
-23.375576 17.771257 0.931701 117.360755 79.794838 123.761842 0.000000 0.000000 0.000000 -26.335297 6.881652 26.170196 2.127832 9.127421 26.194729 0.048319 12.279562 9.160902 0.027811 1.076566 2.959506 0.000000 0.000000 0.000000 7.038006 4.759866 -31.220056 -0.736425 -5.482381 15.289680 -0.138713 -2.223842 -5.163421 -0.475449 -4.422109 12.267337 -15.818307 -4.672051 9.185188 -0.142798 -7.794855 0.182397 9.435281 -3.617631 -2.882217 4.794075 6.074449 -32.416385 -2.006102 6.764432 21.445788 -0.212178 3.095987 12.655361 0.000000 0.000000 0.000000 -74.695810 0.489593 62.733426 132.661811 -51.863859 -95.935857 -0.000002 0.000000 -17.181791 49.998760 -34.218710 -33.823870 -7.125020 0.000002 0.000000 9.021938 -16.135674 -11.286025 0.000000 0.000000 0.000000 67.660110 -62.002014 50.154213 -110.222670 58.396911 -77.419080 0.000002 -0.000000 -26.577575 -31.719518 -26.284152 15.308999 7.125020 -0.000002 0.000000 -2.140717 -60.107744 0.791591
-22.898991 17.741642 0.904458 117.033615 79.714161 123.549314 0.000000 0.000000 0.000000 -26.670232 6.568343 25.876477 2.675815 10.150787 29.466415 0.088815 12.169170 9.351350 0.008257 0.586746 1.612341 0.000000 0.000000 0.000000 7.403970 3.465778 -31.146430 -0.530511 -4.667374 12.962233 -0.111950 -0.933769 -3.923696 -0.457108 -4.337144 12.027149 -15.505865 -4.716736 8.729089 -0.164836 -7.737767 0.230340 9.181785 -3.620302 -2.631686 4.680098 6.057982 -32.406266 -2.024613 6.793024 21.233658 -0.198665 3.097636 12.565834 0.000000 0.000000 0.000000 -74.668268 1.498360 63.484584 132.466361 -51.951012 -95.782033 -0.000002 0.000000 -16.710011 49.159910 -33.528359 -32.575655 -7.125020 0.000002 0.000000 8.825015 -14.929510 -10.908024 0.000000 0.000000 0.000000 68.340212 -61.455811 49.177636 -110.720871 58.313838 -77.843210 0.000002 -0.000000 -26.305223 -31.619747 -26.201973 15.210927 7.125020 -0.000002 0.000000 -2.045973 -59.992338 0.752134
-22.425863 17.695390 0.876501 116.406614 79.526230 122.962256 0.000000 0.000000 0.000000 -27.161277 6.265354 25.538093 3.309127 11.179406 32.887344 0.152973 11.823015 9.615708 0.000179 -0.086374 -0.237310 0.000000 0.000000 0.000000 7.666114 2.075835 -31.289219 -0.423447 -4.176473 11.573677 -0.071049 0.273207 -2.863407 -0.438889 -4.250974 11.783831 -15.276078 -4.720043 8.380151 -0.248891 -7.654842 0.285942 8.918784 -3.601638 -2.436799 4.564179 6.010504 -32.370968 -2.042844 6.780588 21.015057 -0.193482 3.081728 12.468229 0.000000 0.000000 0.000000 -74.651066 2.462324 64.149276 132.042918 -52.137575 -95.448152 -0.000002 0.000000 -16.392471 48.246020 -32.871480 -31.299638 -7.125020 0.000002 0.000000 8.566984 -13.729664 -10.456246 0.000000 0.000000 0.000000 69.108642 -60.770774 48.172790 -111.033233 58.260562 -78.108934 0.000002 -0.000000 -25.924334 -31.427718 -26.089099 15.045849 7.125020 -0.000002 0.000000 -1.850921 -59.820261 0.674772
-21.957093 17.631900 0.849137 115.562120 79.328813 122.060300 0.000000 0.000000 0.000000 -27.689282 6.005839 25.180619 4.029324 12.199325 36.440789 0.217187 11.278750 9.822956 0.012841 -0.731659 -2.010737 0.000000 0.000000 0.000000 7.865711 0.862144 -31.467556 -0.383407 -3.976456 11.010440 -0.031986 1.173660 -2.130522 -0.418337 -4.151505 11.503295 -15.071451 -4.666624 8.164550 -0.362066 -7.523389 0.349721 8.653117 -3.550531 -2.320528 4.469347 5.939742 -32.294622 -2.093916 6.737455 20.787396 -0.211119 3.050105 12.361605 0.000000 0.000000 0.000000 -74.657843 3.413047 64.718766 131.387109 -52.420502 -94.929402 -0.000002 0.000000 -16.198978 47.273444 -32.274818 -30.033959 -7.125020 0.000002 0.000000 8.248597 -12.578851 -9.938702 0.000000 0.000000 0.000000 69.898523 -59.945877 47.194117 -111.164029 58.237980 -78.220156 0.000002 -0.000000 -25.461075 -31.170215 -25.965748 14.839557 7.125020 -0.000002 0.000000 -1.582196 -59.620718 0.571303
-21.492864 17.550825 0.823498 114.574524 79.202284 120.903486 0.000000 0.000000 0.000000 -28.149384 5.819055 24.826236 4.836951 13.197794 40.113462 0.251504 10.605802 9.865856 0.030396 -1.125440 -3.094022 0.000000 0.000000 0.000000 8.032464 0.030829 -31.515627 -0.391563 -4.018045 11.127438 -0.008531 1.638438 -1.835218 -0.394583 -4.033326 11.170443 -14.850700 -4.548159 8.094539 -0.469035 -7.329748 0.421964 8.401076 -3.461306 -2.294029 4.403300 5.853904 -32.164543 -2.196592 6.677151 20.547307 -0.257364 3.006855 12.244105 0.000000 0.000000 0.000000 -74.724317 4.405192 65.190828 130.517988 -52.784437 -94.238927 -0.000002 0.000000 -16.075395 46.255706 -31.733915 -28.792437 -7.125020 0.000002 0.000000 7.878950 -11.483325 -9.371155 0.000000 0.000000 0.000000 70.633189 -58.983919 46.300832 -111.143764 58.241491 -78.202926 0.000002 -0.000001 -24.972529 -30.953705 -25.877223 14.674387 7.125020 -0.000002 0.000000 -1.352602 -59.469954 0.484811
-21.032776 17.452945 0.800065 113.370761 79.141475 119.424394 0.000000 0.000000 0.000000 -28.538519 5.722193 24.472497 5.735188 14.166719 43.909458 0.218935 9.878998 9.660879 0.030134 -1.120577 -3.080635 0.000000 0.000000 0.000000 8.131211 -0.373672 -31.354116 -0.439763 -4.255153 11.795624 -0.003630 1.691273 -1.970753 -0.374395 -3.929959 10.879701 -14.648989 -4.366510 8.163561 -0.556896 -7.077652 0.498229 8.194282 -3.336442 -2.352579 4.362576 5.761318 -31.973099 -2.351217 6.613084 20.297497 -0.328995 2.957693 12.115855 0.000000 0.000000 0.000000 -74.881686 5.475626 65.559342 129.457126 -53.212115 -93.391688 -0.000002 0.000000 -15.993220 45.188403 -31.219649 -27.556219 -7.125020 0.000002 0.000000 7.464377 -10.412259 -8.762182 0.000000 0.000000 0.000000 71.248498 -57.893182 45.544908 -111.019524 58.262925 -78.097275 0.000002 -0.000001 -24.532952 -30.911418 -25.879940 14.652098 7.125020 -0.000002 0.000000 -1.301684 -59.462384 0.466366
-20.576186 17.340269 0.778586 111.793846 79.070845 117.482580 0.000000 0.000000 0.000000 -28.931191 5.727728 24.096480 6.727766 15.098300 47.837048 0.078556 9.150800 9.163506 0.012266 -0.715116 -1.965253 0.000000 0.000000 0.000000 8.095687 -0.461289 -30.996796 -0.527301 -4.653451 12.922721 -0.009111 1.483373 -2.401295 -0.371446 -3.914620 10.836586 -14.551047 -4.128410 8.356255 -0.638213 -6.780654 0.572378 8.062396 -3.182391 -2.483269 4.339805 5.666717 -31.720083 -2.544777 6.551499 20.046423 -0.418288 2.906638 11.979541 0.000000 0.000000 0.000000 -75.137857 6.632293 65.820646 128.215539 -53.690329 -92.394235 -0.000002 0.000001 -15.952425 44.060156 -30.694759 -26.295248 -7.125020 0.000002 0.000000 7.008953 -9.321796 -8.115261 0.000000 0.000000 0.000000 71.721873 -56.686202 44.944400 -110.829640 58.295398 -77.935757 0.000002 -0.000001 -24.196757 -31.094224 -25.998223 14.813138 7.125020 -0.000002 0.000000 -1.482005 -59.637145 0.535604
-20.122683 17.215276 0.758398 109.803920 78.936365 115.045776 0.000000 0.000000 0.000000 -29.360231 5.856526 23.676980 7.813084 15.980043 51.886610 -0.202090 8.410071 8.386663 0.000086 -0.059813 -0.164337 0.000000 0.000000 0.000000 7.928731 -0.396377 -30.502766 -0.658117 -5.188710 14.447580 -0.015711 1.214045 -2.951723 -0.398091 -4.051006 11.220206 -14.596374 -3.836603 8.669426 -0.726007 -6.446083 0.641382 8.009515 -3.002137 -2.682844 4.321465 5.567687 -31.413422 -2.754198 6.488398 19.802985 -0.514690 2.853967 11.838402 0.000000 0.000000 0.000000 -75.480739 7.864493 65.981205 126.790018 -54.210858 -91.241656 -0.000002 0.000001 -15.958407 42.876200 -30.133873 -25.000946 -7.125020 0.000002 0.000000 6.521555 -8.188214 -7.440252 0.000000 0.000000 0.000000 72.074426 -55.379275 44.472282 -110.586279 58.336518 -77.728666 0.000002 -0.000001 -23.970695 -31.430944 -26.206012 15.106513 7.125020 -0.000002 0.000000 -1.819326 -59.948849 0.667805
-19.672656 17.080148 0.738773 107.522847 78.773042 112.232736 0.000000 0.000000 0.000000 -29.744902 6.139168 23.201530 8.983013 16.796774 56.031357 -0.616736 7.523906 7.423811 0.009190 0.619020 1.701058 0.000000 0.000000 0.000000 7.748844 -0.281798 -29.936952 -0.839890 -5.845902 16.337962 -0.021823 1.048510 -3.533318 -0.462978 -4.364526 12.104524 -14.722958 -3.487185 9.120885 -0.812654 -6.067625 0.703062 8.006361 -2.791865 -2.969254 4.283862 5.456550 -31.070014 -2.945035 6.413494 19.575353 -0.603007 2.797768 11.695836 0.000000 0.000000 0.000000 -75.893519 9.159431 66.049122 125.167166 -54.767954 -89.920598 -0.000002 0.000000 -16.009359 41.667867 -29.539916 -23.702607 -7.125020 0.000002 0.000000 6.017283 -7.029557 -6.757327 0.000000 0.000000 0.000000 72.345591 -53.991600 44.080894 -110.283158 58.386955 -77.470596 0.000002 -0.000001 -23.824143 -31.810943 -26.461196 15.451202 7.125020 -0.000002 0.000000 -2.197550 -60.324619 0.822352
-19.227633 16.936526 0.719291 105.066149 78.703242 109.163389 0.000000 0.000000 0.000000 -29.912477 6.605613 22.651521 10.226982 17.535529 60.244328 -1.068767 6.204420 6.512950 0.030890 1.134532 3.119048 0.000000 0.000000 0.000000 7.751647 -0.080691 -29.363590 -1.085549 -6.621899 18.599932 -0.035160 1.058067 -4.216606 -0.574259 -4.852872 13.489404 -14.785540 -3.073928 9.731151 -0.869583 -5.627017 0.753925 7.998398 -2.542794 -3.369056 4.200802 5.326002 -30.717382 -3.079334 6.316453 19.368707 -0.666343 2.736205 11.555666 0.000000 0.000000 0.000000 -76.366502 10.506541 66.017071 123.329131 -55.355512 -88.413773 -0.000002 0.000001 -16.101821 40.479181 -28.944752 -22.454562 -7.125020 0.000002 0.000000 5.511453 -5.899498 -6.089456 0.000000 0.000000 0.000000 72.574253 -52.534625 43.732053 -109.915338 58.447005 -77.157257 0.000002 -0.000002 -23.720894 -32.178649 -26.740425 15.805709 7.125020 -0.000002 0.000000 -2.559240 -60.725310 0.979141
-18.790153 16.785786 0.700134 102.386969 78.905053 105.817560 0.000000 0.000000 0.000000 -29.643037 7.272934 21.988512 11.534106 18.186684 64.504233 -1.320594 4.045970 6.134411 0.046976 1.398775 3.846756 0.000000 0.000000 0.000000 8.161942 0.394241 -28.849287 -1.415405 -7.524272 21.278182 -0.070462 1.199172 -5.196131 -0.727716 -5.450566 15.198250 -14.595028 -2.594964 10.492608 -0.854566 -5.096028 0.797363 7.916062 -2.244889 -3.885342 4.062504 5.173774 -30.392934 -3.139065 6.191040 19.172827 -0.697106 2.667735 11.419085 0.000000 0.000000 0.000000 -76.900743 11.879688 65.855087 121.250254 -55.967471 -86.697121 -0.000002 0.000001 -16.235111 39.350162 -28.389280 -21.309066 -7.125020 0.000002 0.000000 5.016810 -4.857553 -5.456012 0.000000 0.000000 0.000000 72.800620 -50.991781 43.400034 -109.490405 58.514819 -76.795016 0.000002 -0.000002 -23.637685 -32.553773 -27.039423 16.181047 7.125020 -0.000002 0.000000 -2.931848 -61.151716 1.151111
-18.362984 16.629737 0.681934 99.222637 79.576806 101.978261 0.000000 0.000000 0.000000 -28.702330 8.134086 21.161612 12.888603 18.741572 68.779159 -0.997244 0.619183 7.059603 0.046869 1.397172 3.842339 0.000000 0.000000 0.000000 9.210373 1.403507 -28.446232 -1.855577 -8.558543 24.423863 -0.143821 1.349481 -6.655523 -0.878612 -5.975711 16.713965 -13.946459 -2.059910 11.362229 -0.718097 -4.442659 0.850363 7.683219 -1.891464 -4.482429 3.889320 5.004190 -30.138105 -3.143809 6.036539 18.953701 -0.705583 2.590554 11.281662 0.000000 0.000000 0.000000 -77.507005 13.225317 65.519611 118.886283 -56.599476 -84.730669 -0.000002 0.000001 -16.398769 38.317249 -27.897455 -20.300291 -7.125020 0.000002 0.000000 4.550237 -3.940008 -4.877068 0.000000 0.000000 0.000000 73.066912 -49.311416 43.063328 -109.024533 58.587262 -76.397579 0.000002 -0.000001 -23.563443 -33.000132 -27.361644 16.618704 7.125020 -0.000002 0.000000 -3.396272 -61.624980 1.374825
-17.947647 16.471334 0.665294 94.987276 80.876401 97.106833 0.000000 0.000000 0.000000 -26.897970 9.148554 20.132796 14.258690 19.190627 72.992968 0.311763 -4.408254 10.286287 0.031536 1.146334 3.151535 0.000000 0.000000 0.000000 11.090698 3.133835 -28.145701 -2.427453 -9.704790 28.025943 -0.263415 1.398606 -8.641087 -0.947649 -6.199696 17.364938 -12.664022 -1.495660 12.283169 -0.416281 -3.648116 0.939322 7.233737 -1.485126 -5.098746 3.725589 4.827069 -29.992678 -3.141000 5.857503 18.665310 -0.715366 2.503340 11.136128 0.000000 0.000000 0.000000 -78.201904 14.474559 64.966917 116.167571 -57.247577 -82.452380 -0.000002 0.000001 -16.560561 37.421877 -27.459991 -19.441713 -7.125020 0.000002 0.000000 4.140333 -3.145256 -4.380315 0.000000 0.000000 0.000000 73.403033 -47.421143 42.710602 -108.530908 58.661866 -75.976135 0.000002 -0.000001 -23.495063 -33.582458 -27.713331 17.163643 7.125020 -0.000002 0.000000 -4.037241 -62.170311 1.692221
-17.543056 16.314918 0.650537 88.269188 82.813797 89.820903 0.000000 0.000000 0.000000 -24.185442 10.240048 18.894714 15.582514 19.525560 76.985295 2.882088 -11.081550 16.899209 0.011718 0.698948 1.920800 0.000000 0.000000 0.000000 13.865534 5.549223 -27.831332 -3.126853 -10.897625 31.935391 -0.425467 1.332653 -11.052046 -0.895055 -6.029898 16.871194 -10.689955 -0.945032 13.205225 0.063795 -2.727426 1.092571 6.540901 -1.042679 -5.663747 3.619642 4.656167 -29.993405 -3.175861 5.662912 18.276137 -0.749009 2.407282 10.980179 0.000000 0.000000 0.000000 -78.996246 15.568912 64.160442 113.014439 -57.900871 -79.790627 -0.000002 0.000001 -16.678392 36.704161 -27.029860 -18.721310 -7.125020 0.000002 0.000000 3.823544 -2.427545 -3.996710 0.000000 0.000000 0.000000 73.812084 -45.250013 42.354228 -108.015158 58.737465 -75.535449 0.000002 -0.000001 -23.433030 -34.326640 -28.094616 17.835416 7.125020 -0.000002 0.000000 -4.896367 -62.796456 2.129958
-17.145607 16.165691 0.637909 74.913930 85.103539 75.969201 0.000000 0.000000 0.000000 -20.779161 11.304851 17.455528 16.759146 19.746295 80.485760 6.740407 -18.883171 28.011593 0.000676 0.167877 0.461243 0.000000 0.000000 0.000000 17.361947 8.331255 -27.298038 -3.903834 -12.031326 35.842883 -0.620373 1.237740 -13.710190 -0.769833 -5.602586 15.635569 -8.180156 -0.452956 14.094792 0.678240 -1.739925 1.327428 5.648564 -0.593836 -6.119065 3.605753 4.507813 -30.163930 -3.264676 5.465121 17.792177 -0.815449 2.307862 10.821842 0.000000 0.000000 0.000000 -79.876374 16.497244 63.077542 109.386887 -58.531088 -76.706730 -0.000002 0.000001 -16.729460 36.188824 -26.532302 -18.100119 -7.125020 0.000002 0.000000 3.633068 -1.704551 -3.749473 0.000000 0.000000 0.000000 74.269155 -42.756214 42.033863 -107.479479 58.813469 -75.077366 0.000002 -0.000001 -23.370809 -35.193696 -28.484904 18.602102 7.125020 -0.000002 0.000000 -5.939366 -63.471505 2.679208
-16.751052 16.028662 0.627912 42.700655 86.910669 43.320044 0.000000 0.000000 0.000000 -17.157962 12.229865 15.795788 17.657479 19.867924 83.136425 11.682118 -26.615434 44.843543 0.002132 -0.298165 -0.819237 0.000000 0.000000 0.000000 21.154506 10.974161 -26.368330 -4.665809 -12.997269 39.358242 -0.839505 1.232361 -16.414799 -0.650661 -5.159796 14.364889 -5.509570 -0.047168 14.933838 1.328061 -0.777458 1.633231 4.677293 -0.172933 -6.442668 3.693622 4.397203 -30.488971 -3.390266 5.278110 17.252191 -0.907386 2.214269 10.673037 0.000000 0.000000 0.000000 -80.795060 17.321991 61.720422 105.343467 -59.091485 -73.247293 -0.000002 0.000001 -16.737518 35.891023 -25.892949 -17.533081 -7.125020 0.000002 0.000000 3.595616 -0.891205 -3.653270 0.000000 0.000000 0.000000 74.730354 -39.947238 41.803877 -106.923286 58.889694 -74.601358 0.000002 -0.000001 -23.288420 -36.083991 -28.844077 19.379663 7.125020 -0.000002 0.000000 -7.052140 -64.123678 3.285245
-16.356712 15.907799 0.621095 -5.040763 86.870047 -4.795612 0.000000 0.000000 0.000000 -13.897024 12.920991 13.838451 18.150523 19.917791 84.585368 17.258590 -32.700902 68.229366 0.008212 -0.585171 -1.608012 0.000000 0.000000 0.000000 24.699265 13.007649 -25.021507 -5.313549 -13.728430 42.160307 -1.075642 1.399379 -18.976791 -0.575866 -4.859541 13.508384 -3.126305 0.271965 15.702956 1.899999 0.070770 1.967963 3.780823 0.192091 -6.651582 3.863931 4.330889 -30.896254 -3.519060 5.113558 16.695939 -1.008017 2.135439 10.535316 0.000000 0.000000 0.000000 -81.681386 18.161226 60.127743 101.065431 -59.532233 -69.567889 -0.000002 0.000001 -16.789780 35.834098 -25.069346 -16.998071 -7.125020 0.000002 0.000000 3.734612 0.059533 -3.721168 0.000000 0.000000 0.000000 75.146453 -36.873053 41.710762 -106.341433 58.966532 -74.102987 0.000002 -0.000001 -23.160357 -36.866937 -29.130795 20.057804 7.125020 -0.000002 0.000000 -8.065307 -64.668770 3.853669
-15.962040 15.805993 0.617283 -28.755792 85.680614 -28.798096 0.000000 0.000000 0.000000 -11.419287 13.333515 11.475720 18.163618 19.918954 84.623804 22.821751 -35.703108 96.437418 0.010600 -0.664786 -1.826878 0.000000 0.000000 0.000000 27.560093 14.202669 -23.398959 -5.785357 -14.217064 44.114087 -1.320747 1.758323 -21.258737 -0.541911 -4.716460 13.101595 -1.337864 0.526312 16.363697 2.318408 0.755899 2.278759 3.071539 0.488610 -6.775948 4.074051 4.301000 -31.277329 -3.623337 4.976211 16.142457 -1.100784 2.075272 10.396118 0.000000 0.000000 0.000000 -82.459238 19.135029 58.380587 96.826924 -59.823145 -65.908776 -0.000002 0.000000 -17.034882 36.045475 -24.072941 -16.506406 -7.125020 0.000002 0.000000 4.063452 1.132892 -3.961167 0.000000 0.000000 0.000000 75.480994 -33.598679 41.770538 -105.728070 59.044348 -73.577200 0.000002 -0.000000 -22.966649 -37.402292 -29.306849 20.516164 7.125020 -0.000002 0.000000 -8.778777 -65.021323 4.261928
-15.567260 15.725410 0.615101 -37.045089 84.605019 -37.259734 0.000000 0.000000 0.000000 -9.848600 13.478944 8.645044 17.712538 19.874082 83.298408 28.015284 -34.991619 123.814071 0.008251 -0.586517 -1.611711 0.000000 0.000000 0.000000 29.575051 14.612478 -21.678183 -6.074598 -14.500248 45.280385 -1.566286 2.270899 -23.207657 -0.527201 -4.653014 12.921482 -0.194589 0.744626 16.862062 2.568933 1.282567 2.534928 2.572199 0.721735 -6.825142 4.278048 4.288203 -31.543731 -3.696227 4.862165 15.598976 -1.177633 2.030529 10.242165 0.000000 0.000000 0.000000 -83.061108 20.314101 56.595748 92.925779 -59.967621 -62.533522 -0.000002 0.000000 -17.646201 36.530026 -22.987040 -16.100672 -7.125020 0.000002 0.000000 4.567605 2.237957 -4.361809 0.000000 0.000000 0.000000 75.729511 -30.176420 41.955651 -105.082772 59.122724 -73.023584 0.000002 -0.000000 -22.697600 -37.556591 -29.322280 20.630181 7.125020 -0.000002 0.000000 -8.996390 -65.084311 4.381423
-15.171936 15.667294 0.612265 -39.663452 83.850917 -39.935906 0.000000 0.000000 0.000000 -9.043031 13.401432 5.386430 16.910439 19.769587 80.933306 32.734922 -31.291416 145.049068 0.004434 -0.429950 -1.181384 0.000000 0.000000 0.000000 30.855983 14.455793 -19.952906 -6.213829 -14.632407 45.833978 -1.805662 2.865131 -24.853955 -0.508736 -4.572048 12.691869 0.465912 0.948217 17.160626 2.684628 1.693208 2.742040 2.224782 0.909073 -6.784698 4.448184 4.271037 -31.673220 -3.752408 4.760270 15.083487 -1.241838 1.992238 10.075719 0.000000 0.000000 0.000000 -83.432253 21.709364 54.907454 89.618219 -59.999442 -59.669367 -0.000002 0.000001 -18.749256 37.249844 -21.966730 -15.849639 -7.125020 0.000002 0.000000 5.194948 3.209853 -4.885279 0.000000 0.000000 0.000000 75.925489 -26.641741 42.203352 -104.414147 59.200195 -72.449489 0.000002 -0.000000 -22.351961 -37.253366 -29.114599 20.310515 7.125020 -0.000002 0.000000 -8.616850 -64.765046 4.140367
-14.775343 15.631294 0.606452 -40.164339 83.313749 -40.412563 0.000000 0.000000 0.000000 -8.737062 13.136452 1.822639 15.932237 19.598571 78.029752 36.640124 -26.128825 159.017648 0.001570 -0.255832 -0.702914 0.000000 0.000000 0.000000 31.594450 13.963826 -18.293437 -6.240682 -14.630964 46.007790 -1.978444 3.463713 -26.254467 -0.474853 -4.419373 12.259599 0.887262 1.143469 17.276826 2.716926 2.037568 2.919983 1.939012 1.069937 -6.654661 4.578716 4.233580 -31.709233 -3.814015 4.656191 14.636664 -1.302768 1.949659 9.918460 0.000000 0.000000 0.000000 -83.531717 23.305523 53.445355 87.090758 -59.967987 -57.480794 -0.000002 0.000001 -20.344701 38.121469 -21.189527 -15.823007 -7.125020 0.000002 0.000000 5.864599 3.863860 -5.473135 0.000000 0.000000 0.000000 76.122386 -23.035475 42.445153 -103.743629 59.274104 -71.873315 0.000002 -0.000000 -21.927006 -36.535446 -28.636741 19.565885 7.125020 -0.000002 0.000000 -7.730784 -64.025932 3.593622
-14.377868 15.615409 0.596371 -40.332599 82.896598 -40.509009 0.000000 0.000000 0.000000 -8.678346 12.664331 -1.913550 14.951274 19.377570 75.089888 39.401401 -20.861514 167.139926 0.000143 -0.076838 -0.211109 0.000000 0.000000 0.000000 32.153179 13.287551 -16.575113 -6.198407 -14.595665 45.829313 -2.203931 4.022565 -27.486696 -0.429033 -4.203580 11.650119 1.274497 1.319057 17.284631 2.714177 2.342607 3.070768 1.645090 1.213360 -6.481694 4.675064 4.167523 -31.724011 -3.896390 4.537528 14.312819 -1.368494 1.894230 9.801626 0.000000 0.000000 0.000000 -83.336843 25.093095 52.315499 85.452553 -59.921707 -56.062831 -0.000002 0.000001 -22.271183 39.020758 -20.771042 -16.040157 -7.125020 0.000002 0.000000 6.483525 4.093012 -6.051648 0.000000 0.000000 0.000000 76.364943 -19.424923 42.633015 -103.119051 59.339574 -71.336229 0.000002 -0.000001 -21.407792 -35.565279 -27.889630 18.517982 7.125020 -0.000002 0.000000 -6.596321 -62.919355 2.905623
-13.980660 15.617038 0.582253 -41.233574 82.584815 -41.302159 0.000000 0.000000 0.000000 -8.692016 11.909666 -5.723030 14.092386 19.141819 72.486421 40.981392 -16.262465 171.259945 0.000456 0.137694 0.378315 0.000000 0.000000 0.000000 32.638561 12.450238 -14.819154 -6.091108 -14.512132 45.356233 -2.443593 4.521310 -28.588966 -0.380522 -3.961634 10.968755 1.735390 1.453637 17.265622 2.711409 2.605622 3.173355 1.319591 1.335474 -6.337893 4.744621 4.069484 -31.776687 -4.006261 4.395680 14.154602 -1.443776 1.820662 9.749947 0.000000 0.000000 0.000000 -82.846566 27.064934 51.588864 84.718828 -59.894338 -55.427995 -0.000002 0.000001 -24.237473 39.799192 -20.702967 -16.427549 -7.125020 0.000002 0.000000 6.964928 3.942862 -6.536963 0.000000 0.000000 0.000000 76.672316 -15.908219 42.741291 -102.639112 59.387690 -70.923281 0.000002 -0.000001 -20.769971 -34.549592 -26.930685 17.344623 7.125020 -0.000002 0.000000 -5.496004 -61.571405 2.248921
-13.583532 15.634212 0.565196 -43.264528 82.390098 -43.181758 0.000000 0.000000 0.000000 -8.678417 10.822153 -9.530194 13.426551 18.930797 70.445227 41.629776 -12.619761 172.977497 0.004243 0.420613 1.155724 0.000000 0.000000 0.000000 33.084440 11.453029 -13.032491 -5.910914 -14.360846 44.574094 -2.672950 4.951556 -29.552521 -0.334710 -3.718016 10.284670 2.283200 1.539222 17.253097 2.727543 2.821797 3.205426 0.976415 1.432616 -6.268527 4.791766 3.936659 -31.885052 -4.144708 4.224195 14.167106 -1.530854 1.725964 9.767836 0.000000 0.000000 0.000000 -82.078682 29.193496 51.298405 84.795852 -59.897404 -55.494630 -0.000002 0.000001 -25.922184 40.327876 -20.859852 -16.834346 -7.125020 0.000002 0.000000 7.253655 3.597523 -6.857179 0.000000 0.000000 0.000000 77.036476 -12.600148 42.755684 -102.450845 59.406046 -70.761237 0.000002 -0.000002 -19.998105 -33.653988 -25.850581 16.203108 7.125020 -0.000002 0.000000 -4.615234 -60.128962 1.724212
-13.184670 15.665823 0.546174 -46.079109 82.262600 -45.787879 0.000000 0.000000 0.000000 -8.585694 9.479318 -13.278268 12.987129 18.777510 69.085521 41.741882 -9.992614 173.524219 0.013646 0.754240 2.072830 0.000000 0.000000 0.000000 33.497163 10.373862 -11.186033 -5.653623 -14.126662 43.467774 -2.871580 5.314879 -30.332923 -0.292504 -3.477857 9.612110 2.874409 1.606723 17.224015 2.768003 3.023482 3.160002 0.639844 1.520170 -6.270553 4.812702 3.764156 -32.021811 -4.302841 4.016634 14.312777 -1.627374 1.608770 9.836783 0.000000 0.000000 0.000000 -81.061326 31.420731 51.442437 85.498862 -59.923294 -56.102905 -0.000002 0.000001 -27.089993 40.552192 -21.075081 -17.112482 -7.125020 0.000002 0.000000 7.347511 3.273416 -6.985270 0.000000 0.000000 0.000000 77.429604 -9.596320 42.671830 -102.683954 59.383274 -70.961875 0.000002 -0.000002 -19.106010 -32.959862 -24.733147 15.183169 7.125020 -0.000002 0.000000 -4.014388 -58.704250 1.351928
-12.782432 15.711090 0.525854 -48.742502 82.084749 -48.174944 0.000000 0.000000 0.000000 -8.386381 8.090405 -16.939901 12.784844 18.703096 68.455903 41.682504 -8.387237 173.714423 0.025117 1.023128 2.812448 0.000000 0.000000 0.000000 33.891527 9.382230 -9.229660 -5.327433 -13.801978 42.071110 -3.011783 5.625699 -30.866506 -0.253625 -3.240336 8.948589 3.456144 1.721369 17.138721 2.829631 3.283948 3.043256 0.321463 1.634005 -6.315981 4.793477 3.544878 -32.138791 -4.454151 3.764601 14.534496 -1.723371 1.468850 9.927264 0.000000 0.000000 0.000000 -79.820180 33.669085 51.992967 86.601507 -59.956303 -57.057250 -0.000003 0.000001 -27.654039 40.508089 -21.227973 -17.194167 -7.125020 0.000002 0.000000 7.291586 3.105673 -6.949010 0.000000 0.000000 0.000000 77.820399 -6.943762 42.500238 -103.383562 59.312240 -71.563735 0.000002 -0.000002 -18.143356 -32.466023 -23.631481 14.303546 7.125020 -0.000002 0.000000 -3.658882 -57.352137 1.103203
-12.375654 15.769600 0.505095 -50.493185 81.770850 -49.593415 0.000000 0.000000 0.000000 -8.067630 6.846142 -20.478837 12.821237 18.716665 68.569355 41.641248 -7.826353 173.910128 0.024990 1.020528 2.805296 0.000000 0.000000 0.000000 34.289490 8.606888 -7.105128 -4.941963 -13.376926 40.423665 -3.059052 5.897420 -31.083406 -0.218154 -3.006781 8.297628 4.004263 1.930924 16.984557 2.904470 3.659354 2.870771 0.014799 1.801773 -6.379435 4.715714 3.272274 -32.202115 -4.557256 3.458173 14.786353 -1.802809 1.306697 10.015698 0.000000 0.000000 0.000000 -78.369472 35.860444 52.905857 87.883130 -59.983052 -58.166840 -0.000003 0.000001 -27.663284 40.286919 -21.283600 -17.105984 -7.125020 0.000002 0.000000 7.148158 3.108328 -6.807528 0.000000 0.000000 0.000000 78.190743 -4.648352 42.263519 -104.518263 59.188375 -72.538917 0.000002 -0.000002 -17.184143 -32.125768 -22.579352 13.546917 7.125020 -0.000002 0.000000 -3.471941 -56.095102 0.935775
-11.962385 15.841602 0.484940 -51.368948 81.333986 -50.127933 0.000000 0.000000 0.000000 -7.634252 5.794644 -23.804559 13.100050 18.817987 69.435955 41.556285 -8.346591 174.024345 0.008028 0.578535 1.589769 0.000000 0.000000 0.000000 34.694084 8.020364 -4.751361 -4.499575 -12.837435 38.512179 -2.991200 6.127769 -30.914052 -0.185567 -2.774454 7.651435 4.526695 2.227801 16.784968 2.980657 4.141288 2.666243 -0.295324 2.019720 -6.445568 4.567345 2.945569 -32.209148 -4.572072 3.091342 15.047494 -1.850125 1.124336 10.093113 0.000000 0.000000 0.000000 -76.715740 37.933617 54.126965 89.162393 -59.997342 -59.274616 -0.000002 0.000001 -27.251654 39.984686 -21.280870 -16.931154 -7.125020 0.000002 0.000000 6.967391 3.204855 -6.619102 0.000000 0.000000 0.000000 78.538080 -2.698196 41.990391 -106.017549 59.008018 -73.825399 0.000002 -0.000001 -16.307118 -31.897557 -21.613694 12.902846 7.125020 -0.000002 0.000000 -3.390369 -54.961664 0.819132
-11.540141 15.927433 0.465797 -51.745593 80.839051 -50.210601 0.000000 0.000000 0.000000 -7.119016 4.903382 -26.808010 13.627443 18.997128 71.063399 41.122524 -9.980877 173.544070 0.001753 -0.270287 -0.742633 0.000000 0.000000 0.000000 35.074571 7.502643 -2.135547 -4.008430 -12.182933 36.313416 -2.813057 6.308153 -30.296738 -0.153238 -2.522419 6.951815 5.034914 2.577475 16.575803 3.042692 4.687522 2.452366 -0.622932 2.267686 -6.507211 4.350323 2.573249 -32.175432 -4.478156 2.668276 15.315000 -1.857135 0.926489 10.161408 0.000000 0.000000 0.000000 -74.872563 39.856887 55.592599 90.324022 -59.999597 -60.280609 -0.000002 0.000001 -26.590576 39.668304 -21.292495 -16.759571 -7.125020 0.000002 0.000000 6.775027 3.287769 -6.421800 0.000000 0.000000 0.000000 78.865047 -1.074279 41.713520 -107.781508 58.770923 -75.335687 0.000002 -0.000001 -15.581947 -31.772051 -20.784630 12.387224 7.125020 -0.000002 0.000000 -3.391299 -54.003732 0.741541
-11.107394 16.026809 0.446854 -51.792388 80.343124 -50.046429 0.000000 0.000000 0.000000 -6.585419 4.147667 -29.416623 14.398842 19.230570 73.418901 39.876837 -12.740340 171.528064 0.039994 -1.290763 -3.549212 0.000000 0.000000 0.000000 35.373249 6.947314 0.708935 -3.494892 -11.440658 33.872515 -2.552373 6.433960 -29.193635 -0.117609 -2.210955 6.089021 5.525498 2.954239 16.381000 3.074941 5.263933 2.244212 -0.975554 2.529581 -6.560057 4.079621 2.171421 -32.112547 -4.282567 2.204404 15.588078 -1.825699 0.720292 10.224152 0.000000 0.000000 0.000000 -72.875637 41.625938 57.228625 91.325210 -59.993358 -61.147638 -0.000002 0.000001 -25.853833 39.369934 -21.382902 -16.654063 -7.125020 0.000002 0.000000 6.577616 3.270942 -6.232142 0.000000 0.000000 0.000000 79.167509 0.251039 41.466596 -109.690328 58.483116 -76.965477 0.000002 -0.000001 -15.067361 -31.767470 -20.155896 12.039166 7.125020 -0.000002 0.000000 -3.484562 -53.295601 0.704946
-10.664114 16.138796 0.426384 -51.529497 79.891262 -49.666514 0.000000 0.000000 0.000000 -6.113018 3.502722 -31.598247 15.377467 19.479792 76.371108 37.336003 -16.569315 166.552687 0.117357 -2.208594 -6.082489 0.000000 0.000000 0.000000 35.519275 6.280210 3.681156 -2.996160 -10.660239 31.309036 -2.250171 6.504356 -27.600627 -0.078407 -1.806286 4.970607 5.984536 3.341494 16.207827 3.065713 5.845611 2.050236 -1.352604 2.793965 -6.599350 3.775081 1.758609 -32.022534 -4.011243 1.721310 15.862640 -1.764380 0.513608 10.282879 0.000000 0.000000 0.000000 -70.781270 43.254587 58.958750 92.181017 -59.982015 -61.888700 -0.000002 0.000001 -25.186746 39.104553 -21.581340 -16.642108 -7.125020 0.000002 0.000000 6.378316 3.115938 -6.057245 0.000000 0.000000 0.000000 79.429586 1.310024 41.277212 -111.630995 58.156028 -78.617017 0.000002 -0.000001 -14.813160 -31.909249 -19.786298 11.900848 7.125020 -0.000002 0.000000 -3.691668 -52.908595 0.716995
-10.211371 16.261949 0.402575 -50.957212 79.523627 -49.062502 0.000000 0.000000 0.000000 -5.776875 2.926065 -33.349216 16.468555 19.698334 79.624666 33.167110 -21.235773 156.567158 0.197405 -2.861086 -7.892244 0.000000 0.000000 0.000000 35.441064 5.451015 6.645275 -2.544420 -9.896122 28.767473 -1.951229 6.524913 -25.536703 -0.041672 -1.317548 3.622986 6.394201 3.726420 16.056631 3.006481 6.411960 1.869712 -1.749430 3.051155 -6.627594 3.453958 1.350572 -31.908212 -3.690712 1.238474 16.140843 -1.682212 0.313008 10.341152 0.000000 0.000000 0.000000 -68.640959 44.773368 60.724415 92.954069 -59.966999 -62.558013 -0.000002 0.000001 -24.684655 38.888758 -21.872095 -16.720768 -7.125020 0.000002 0.000000 6.190006 2.837315 -5.907144 0.000000 0.000000 0.000000 79.631530 2.124509 41.160151 -113.519616 57.803004 -80.218350 0.000002 -0.000001 -14.854378 -32.204515 -19.690989 11.984824 7.125020 -0.000002 0.000000 -4.022496 -52.862223 0.782757
-9.750883 16.394358 0.374318 -50.076672 79.269304 -48.210509 0.000000 0.000000 0.000000 -5.629343 2.371221 -34.693231 17.500053 19.849494 82.673006 27.434745 -26.137912 138.743469 0.250175 -3.218383 -8.887342 0.000000 0.000000 0.000000 35.082891 4.438236 9.467313 -2.157187 -9.191057 26.366863 -1.694574 6.500841 -23.022707 -0.016216 -0.822213 2.259753 6.738227 4.100579 15.925301 2.889672 6.948747 1.691760 -2.162907 3.293802 -6.657106 3.130294 0.957964 -31.782865 -3.338061 0.767619 16.436699 -1.585888 0.122484 10.407641 0.000000 0.000000 0.000000 -66.477575 46.223317 62.496363 93.746286 -59.946902 -63.243799 -0.000002 0.000001 -24.391590 38.740065 -22.203646 -16.863779 -7.125020 0.000002 0.000000 6.033260 2.491261 -5.794677 0.000000 0.000000 0.000000 79.763270 2.704040 41.117851 -115.310111 57.435383 -81.730481 0.000002 -0.000001 -15.200579 -32.629592 -19.822588 12.257230 7.125020 -0.000002 0.000000 -4.462799 -53.099877 0.899470
-9.284668 16.533734 0.341504 -48.920924 79.135925 -47.107154 0.000000 0.000000 0.000000 -5.682955 1.806193 -35.678303 18.238110 19.925411 84.842426 21.101668 -30.131902 110.529155 0.266822 -3.322929 -9.179137 0.000000 0.000000 0.000000 34.429610 3.250224 12.039513 -1.836872 -8.568188 24.173256 -1.509853 6.412707 -20.069002 -0.005078 -0.460197 1.264510 7.012110 4.458543 15.801050 2.712297 7.447302 1.503646 -2.591596 3.517098 -6.695716 2.818550 0.586977 -31.667755 -2.966692 0.313313 16.766209 -1.482103 -0.056630 10.492253 0.000000 0.000000 0.000000 -64.292807 47.635099 64.262677 94.663746 -59.917654 -64.037805 -0.000002 0.000001 -24.313370 38.663494 -22.515332 -17.032760 -7.125020 0.000002 0.000000 5.923304 2.147730 -5.726477 0.000000 0.000000 0.000000 79.827634 3.066679 41.147549 -116.991257 57.059785 -83.144389 0.000002 -0.000001 -15.830648 -33.139813 -20.091017 12.650673 7.125020 -0.000002 0.000000 -4.980310 -53.512132 1.056116
-8.814660 16.677590 0.304847 -47.595633 79.104124 -45.820631 0.000000 0.000000 0.000000 -5.901625 1.222911 -36.360940 18.456947 19.942819 85.484283 15.885630 -31.243459 74.607173 0.252418 -3.232674 -8.927210 0.000000 0.000000 0.000000 33.269509 2.038607 14.127606 -1.558928 -7.926074 22.234613 -1.125506 6.147597 -16.526971 -0.003733 -0.394548 1.084091 7.231861 4.795217 15.657678 2.482435 7.902404 1.299689 -3.032519 3.718567 -6.735343 2.535113 0.241017 -31.580418 -2.595082 -0.122955 17.134122 -1.380121 -0.224793 10.599700 0.000000 0.000000 0.000000 -62.096408 49.011552 66.005614 95.758703 -59.874319 -64.985078 -0.000002 0.000000 -24.430017 38.646796 -22.763156 -17.191600 -7.125020 0.000002 0.000000 5.861990 1.861718 -5.698439 0.000000 0.000000 0.000000 79.831933 3.254705 41.247951 -118.571365 56.678755 -84.467645 0.000002 -0.000001 -16.695352 -33.681386 -20.388516 13.080575 7.125020 -0.000002 0.000000 -5.532663 -53.966318 1.233031
-8.342390 16.823434 0.265507 -46.286296 79.134950 -44.510576 0.000000 0.000000 0.000000 -6.211625 0.635218 -36.784917 18.030422 19.906739 84.232738 11.812031 -27.768627 41.369573 0.217486 -3.002209 -8.284899 0.000000 0.000000 0.000000 31.864214 0.753222 15.898991 -1.328079 -7.340735 20.495953 -0.766714 5.682059 -12.610655 -0.013676 -0.755096 2.075181 7.431659 5.104394 15.468497 2.220140 8.311158 1.082501 -3.479846 3.897506 -6.758078 2.294108 -0.078508 -31.528053 -2.245320 -0.539956 17.533315 -1.290130 -0.383185 10.728400 0.000000 0.000000 0.000000 -59.924338 50.330650 67.690017 97.000062 -59.814029 -66.058445 -0.000002 0.000000 -24.703814 38.670062 -22.928211 -17.316872 -7.125020 0.000002 0.000000 5.841571 1.660968 -5.700433 0.000000 0.000000 0.000000 79.779983 3.324404 41.420982 -120.059784 56.293978 -85.708647 0.000002 -0.000001 -17.723580 -34.191915 -20.602571 13.450905 7.125020 -0.000002 0.000000 -6.065042 -54.320655 1.399606
-7.868760 16.968881 0.224718 -45.211104 79.185318 -43.387283 0.000000 0.000000 0.000000 -6.529230 0.070466 -36.970108 16.982026 19.780211 81.144901 7.795625 -20.755889 17.882909 0.173826 -2.685718 -7.404954 0.000000 0.000000 0.000000 30.334157 -0.569137 17.401592 -1.135378 -6.806560 18.930540 -0.467416 4.966155 -8.461966 -0.060592 -1.588299 4.369165 7.651057 5.379848 15.219562 1.951470 8.672995 0.858885 -3.925716 4.054448 -6.748555 2.098739 -0.373106 -31.511072 -1.933110 -0.936764 17.955517 -1.218339 -0.533121 10.875149 0.000000 0.000000 0.000000 -57.829280 51.563399 69.272980 98.306837 -59.737644 -67.187593 -0.000002 0.000000 -25.088519 38.717313 -23.013255 -17.401779 -7.125020 0.000002 0.000000 5.852092 1.546769 -5.723072 0.000000 0.000000 0.000000 79.671928 3.322519 41.669056 -121.459939 55.908185 -86.870831 0.000002 -0.000001 -18.829821 -34.605402 -20.641489 13.672027 7.125020 -0.000002 0.000000 -6.512343 -54.454622 1.518957
-7.393995 17.111652 0.183559 -44.547205 79.219648 -42.634919 0.000000 0.000000 0.000000 -6.786887 -0.441296 -36.916013 15.460991 19.498702 76.621461 4.021413 -12.681072 3.401682 0.129999 -2.324089 -6.402197 0.000000 0.000000 0.000000 28.806556 -1.872895 18.700976 -0.976309 -6.326434 17.539147 -0.260330 4.005658 -4.312010 -0.192966 -2.828921 7.802814 7.921155 5.617940 14.911996 1.700634 8.990202 0.635220 -4.361708 4.190998 -6.700834 1.935420 -0.648186 -31.526651 -1.659655 -1.313889 18.398477 -1.163240 -0.675906 11.038540 0.000000 0.000000 0.000000 -55.857539 52.689760 70.721088 99.608046 -59.648281 -68.310983 -0.000002 0.000000 -25.539075 38.776175 -23.039047 -17.453424 -7.125020 0.000002 0.000000 5.881888 1.498428 -5.757470 0.000000 0.000000 0.000000 79.508469 3.270817 41.991466 -122.776045 55.523644 -87.958291 0.000002 -0.000001 -19.926688 -34.876973 -20.478010 13.701825 7.125020 -0.000002 0.000000 -6.823758 -54.325350 1.566695
-6.917956 17.249573 0.142966 -44.374656 79.215798 -42.347500 0.000000 0.000000 0.000000 -6.947434 -0.878894 -36.614074 13.665533 19.009445 71.180380 1.101357 -5.406255 -4.756958 0.089784 -1.932580 -5.319369 0.000000 0.000000 0.000000 27.401750 -3.075538 19.859997 -0.851360 -5.918438 16.367397 -0.161285 2.873083 -0.473011 -0.448790 -4.298027 11.916661 8.253921 5.818985 14.557276 1.484748 9.266956 0.415444 -4.778181 4.309357 -6.618826 1.776919 -0.911628 -31.568370 -1.412338 -1.672798 18.861769 -1.116090 -0.812467 11.217482 0.000000 0.000000 0.000000 -54.040654 53.702885 72.012735 100.870128 -59.548770 -69.399541 -0.000002 0.000000 -26.015756 38.828079 -23.037819 -17.482793 -7.125020 0.000002 0.000000 5.913162 1.483875 -5.789700 0.000000 0.000000 0.000000 79.291468 3.169275 42.383793 -124.018550 55.140379 -88.980223 0.000002 -0.000000 -20.943514 -35.009164 -20.169220 13.574262 7.125020 -0.000002 0.000000 -6.993756 -53.997818 1.548989
-6.440653 17.380613 0.103878 -44.643773 79.167978 -42.488164 0.000000 0.000000 0.000000 -7.009683 -1.234727 -36.062180 11.769476 18.291496 65.256245 -0.669812 0.239166 -8.622181 0.055956 -1.526437 -4.198596 0.000000 0.000000 0.000000 26.221785 -4.072462 20.919929 -0.764984 -5.617104 15.507891 -0.156752 1.681516 2.709490 -0.810092 -5.743792 16.042824 8.633327 5.987467 14.167537 1.311858 9.507160 0.203594 -5.160017 4.411944 -6.509509 1.592317 -1.170664 -31.629313 -1.171586 -2.014406 19.338207 -1.064653 -0.942901 11.408492 0.000000 0.000000 0.000000 -52.407160 54.603983 73.124880 102.086177 -59.440770 -70.447279 -0.000002 0.000000 -26.482544 38.846140 -23.038778 -17.493856 -7.125020 0.000002 0.000000 5.923808 1.477209 -5.800751 0.000000 0.000000 0.000000 79.021529 3.017171 42.839244 -125.193554 54.759185 -89.942157 0.000002 -0.000000 -21.837416 -35.043693 -19.821994 13.375278 7.125020 -0.000002 0.000000 -7.058427 -53.604091 1.496251
-5.962613 17.502927 0.067366 -45.165932 79.084343 -42.875160 0.000000 0.000000 0.000000 -7.005668 -1.506594 -35.276518 9.893589 17.349581 59.132126 -1.386494 4.148808 -9.647679 0.031740 -1.150037 -3.161727 0.000000 0.000000 0.000000 25.337276 -4.754414 21.890433 -0.723980 -5.467584 15.083574 -0.207333 0.528954 4.937495 -1.193525 -6.932278 19.514896 9.013004 6.133298 13.748005 1.180331 9.715382 0.006135 -5.485160 4.502434 -6.376335 1.358417 -1.429997 -31.706199 -0.918096 -2.339619 19.811213 -0.997825 -1.066900 11.605167 0.000000 0.000000 0.000000 -50.986635 55.396351 74.030060 103.258883 -59.325190 -71.456510 -0.000002 0.000000 -26.904846 38.807567 -23.055166 -17.482161 -7.125020 0.000002 0.000000 5.897508 1.469975 -5.775385 0.000000 0.000000 0.000000 78.701236 2.829201 43.347084 -126.289622 54.386580 -90.835307 0.000002 -0.000000 -22.585044 -35.022053 -19.530912 13.184129 7.125020 -0.000002 0.000000 -7.056603 -53.262767 1.438223
-5.484895 17.614744 0.034551 -45.658579 78.981624 -43.227406 0.000000 0.000000 0.000000 -6.988690 -1.688287 -34.294860 8.114086 16.202527 52.972569 -1.385321 6.555514 -8.971410 0.017785 -0.861033 -2.366516 0.000000 0.000000 0.000000 24.770970 -5.042108 22.756000 -0.735932 -5.511372 15.209048 -0.267243 -0.551368 6.045349 -1.497998 -7.731142 21.900401 9.327607 6.271970 13.299224 1.079358 9.900042 -0.170908 -5.731236 4.586773 -6.221398 1.068814 -1.691259 -31.794588 -0.639463 -2.650717 20.258973 -0.909868 -1.184584 11.798574 0.000000 0.000000 0.000000 -49.793602 56.083422 74.713806 104.390483 -59.202857 -72.429165 -0.000002 0.000000 -27.248695 38.708711 -23.084927 -17.444124 -7.125020 0.000002 0.000000 5.832549 1.465717 -5.711478 0.000000 0.000000 0.000000 78.344129 2.621389 43.888354 -127.286157 54.033069 -91.643671 0.000002 -0.000000 -23.165981 -34.959449 -19.334577 13.032745 7.125020 -0.000002 0.000000 -7.003180 -53.022235 1.387087
-5.008600 17.714178 0.006258 -45.858594 78.881126 -43.281207 0.000000 0.000000 0.000000 -7.015226 -1.772979 -33.169716 6.480248 14.878119 46.879999 -1.048621 7.824893 -7.479299 0.011333 -0.687386 -1.889009 0.000000 0.000000 0.000000 24.484677 -4.930546 23.492189 -0.808223 -5.769408 15.945455 -0.303929 -1.596222 6.055464 -1.663256 -8.126309 23.098384 9.517022 6.418804 12.821284 0.992855 10.071163 -0.325826 -5.884892 4.671025 -6.049140 0.735729 -1.951879 -31.880963 -0.334780 -2.949330 20.659755 -0.802107 -1.296048 11.977671 0.000000 0.000000 0.000000 -48.819769 56.670680 75.184540 105.475719 -59.075408 -73.360756 -0.000002 0.000000 -27.482547 38.569580 -23.123086 -17.388052 -7.125020 0.000002 0.000000 5.741937 1.464082 -5.621840 0.000000 0.000000 0.000000 77.979475 2.382463 44.436907 -128.174264 53.705818 -92.360982 0.000002 -0.000000 -23.553981 -34.852847 -19.207528 12.904313 7.125020 -0.000002 0.000000 -6.897539 -52.852728 1.338143
-4.534490 17.799439 -0.017218 -45.656684 78.799916 -42.926919 0.000000 0.000000 0.000000 -7.118212 -1.761478 -31.960207 5.026665 13.413763 40.937763 -0.661923 8.346826 -5.794465 0.008701 -0.602309 -1.655120 0.000000 0.000000 0.000000 24.395224 -4.505649 24.076335 -0.947655 -6.234276 17.280156 -0.304082 -2.675820 5.177214 -1.691615 -8.191811 23.298205 9.554358 6.579251 12.316887 0.907895 10.232903 -0.461572 -5.947286 4.756998 -5.866547 0.383419 -2.203792 -31.945861 -0.014135 -3.231974 20.995474 -0.681049 -1.399761 12.131191 0.000000 0.000000 0.000000 -48.051633 57.169361 75.458043 106.502432 -58.945551 -74.240924 -0.000002 0.000000 -27.584276 38.425752 -23.173210 -17.337061 -7.125020 0.000002 0.000000 5.646169 1.449972 -5.528225 0.000000 0.000000 0.000000 77.646134 2.072534 44.970931 -128.961453 53.405862 -92.994231 0.000002 -0.000000 -23.720178 -34.701911 -19.087839 12.760467 7.125020 -0.000002 0.000000 -6.744176 -52.682712 1.280697
-4.063030 17.869335 -0.036048 -45.148432 78.738754 -42.261232 0.000000 0.000000 0.000000 -7.285787 -1.662659 -30.726771 3.777537 11.858340 35.232669 -0.368507 8.451935 -4.289254 0.006979 -0.539450 -1.482336 0.000000 0.000000 0.000000 24.416057 -3.911426 24.491344 -1.159992 -6.875642 19.141683 -0.268309 -3.846087 3.737352 -1.632425 -8.054360 22.879313 9.460130 6.745273 11.793409 0.822296 10.380642 -0.581717 -5.933136 4.840981 -5.679428 0.041138 -2.433925 -31.976876 0.302639 -3.487943 21.252860 -0.556616 -1.491941 12.250324 0.000000 0.000000 0.000000 -47.491601 57.594201 75.537683 107.461514 -58.815959 -75.061993 -0.000002 0.000000 -27.549833 38.314612 -23.246559 -17.320409 -7.125020 0.000002 0.000000 5.565167 1.398829 -5.452823 0.000000 0.000000 0.000000 77.378149 1.658550 45.485646 -129.657015 53.132889 -93.551697 0.000002 -0.000000 -23.647490 -34.520043 -18.927869 12.578206 7.125020 -0.000002 0.000000 -6.561242 -52.460032 1.210289
-3.594328 17.923338 -0.050870 -44.546458 78.681227 -41.501516 0.000000 0.000000 0.000000 -7.471918 -1.487748 -29.523698 2.745240 10.270760 29.858050 -0.200258 8.371943 -3.144503 0.004659 -0.440736 -1.211025 0.000000 0.000000 0.000000 24.484771 -3.291473 24.732069 -1.449280 -7.652182 21.431351 -0.204604 -5.110845 2.069542 -1.547577 -7.852215 22.266105 9.288559 6.902361 11.258854 0.744557 10.506007 -0.683485 -5.862810 4.917500 -5.483949 -0.259256 -2.626943 -31.979281 0.584609 -3.701351 21.424440 -0.442811 -1.567798 12.330925 0.000000 0.000000 0.000000 -47.163366 57.951534 75.410519 108.350865 -58.688517 -75.822332 -0.000002 0.000000 -27.395412 38.265013 -23.352419 -17.361133 -7.125020 0.000002 0.000000 5.514064 1.291024 -5.412673 0.000000 0.000000 0.000000 77.192730 1.145430 45.993849 -130.260538 52.889869 -94.033767 0.000002 -0.000001 -23.346941 -34.331708 -18.723752 12.366740 7.125020 -0.000002 0.000000 -6.375437 -52.185412 1.132778
-3.128195 17.961316 -0.062748 -44.047691 78.603023 -40.854935 0.000000 0.000000 0.000000 -7.625759 -1.243213 -28.394097 1.928529 8.715593 24.909635 -0.132297 8.246801 -2.416045 0.002097 -0.295660 -0.812353 0.000000 0.000000 0.000000 24.571950 -2.737912 24.810088 -1.818213 -8.523711 24.055546 -0.125275 -6.412433 0.423070 -1.480859 -7.688758 21.772652 9.099772 7.038411 10.721839 0.687516 10.603266 -0.756840 -5.754936 4.983094 -5.267903 -0.487706 -2.770033 -31.975454 0.795454 -3.857211 21.513404 -0.355957 -1.623644 12.375702 0.000000 0.000000 0.000000 -47.101581 58.230776 75.056734 109.164111 -58.565757 -76.516683 -0.000002 0.000000 -27.151912 38.294122 -23.493502 -17.471385 -7.125020 0.000002 0.000000 5.502266 1.118020 -5.418145 0.000000 0.000000 0.000000 77.090934 0.562276 46.514878 -130.769682 52.680310 -94.439237 0.000002 -0.000001 -22.862979 -34.162863 -18.495942 12.150587 7.125020 -0.000002 0.000000 -6.212864 -51.887811 1.057773
-2.664527 17.983299 -0.072923 -43.767196 78.482519 -40.449861 0.000000 0.000000 0.000000 -7.712587 -0.926739 -27.372454 1.312821 7.257574 20.480729 -0.125124 8.150950 -2.076625 0.000461 -0.138554 -0.380677 0.000000 0.000000 0.000000 24.679850 -2.274278 24.747698 -2.269662 -9.458679 26.946389 -0.044681 -7.659051 -1.055965 -1.449035 -7.609310 21.533563 8.941255 7.146302 10.199836 0.660474 10.671053 -0.793830 -5.627216 5.036153 -5.026666 -0.625417 -2.858113 -31.992550 0.910262 -3.949505 21.537776 -0.308052 -1.658692 12.394634 0.000000 0.000000 0.000000 -47.330553 58.410012 74.465300 109.880648 -58.452593 -77.127694 -0.000002 0.000001 -26.856679 38.408376 -23.667580 -17.654199 -7.125020 0.000002 0.000000 5.533709 0.880073 -5.473456 0.000000 0.000000 0.000000 77.067715 -0.077579 47.061592 -131.194962 52.502027 -94.777046 0.000002 -0.000001 -22.267791 -34.032765 -18.258200 11.946592 7.125020 -0.000002 0.000000 -6.092569 -51.586871 0.991321
-2.203379 17.989181 -0.082619 -43.709363 78.314208 -40.302826 0.000000 0.000000 0.000000 -7.732307 -0.530388 -26.483589 0.871933 5.953545 16.649694 -0.145805 8.115769 -2.040914 0.000011 -0.020386 -0.056009 0.000000 0.000000 0.000000 24.812358 -1.881387 24.569702 -2.806395 -10.432401 30.056470 0.023895 -8.762002 -2.281388 -1.446392 -7.602666 21.513588 8.835274 7.223085 9.718134 0.661940 10.709956 -0.795501 -5.497584 5.075315 -4.771299 -0.670955 -2.895654 -32.048037 0.928587 -3.985147 21.524811 -0.301266 -1.675488 12.400971 0.000000 0.000000 0.000000 -47.844972 58.466176 73.647683 110.474088 -58.355275 -77.633165 -0.000002 0.000001 -26.547037 38.605624 -23.866723 -17.904186 -7.125020 0.000002 0.000000 5.608357 0.586461 -5.578113 0.000000 0.000000 0.000000 77.117812 -0.789479 47.632092 -131.555779 52.348420 -95.063015 0.000002 -0.000001 -21.648912 -33.949532 -18.016453 11.761531 7.125020 -0.000002 0.000000 -6.022185 -51.290835 0.935282
-1.744395 17.978367 -0.093003 -43.740201 78.121401 -40.290296 0.000000 0.000000 0.000000 -7.738066 -0.047840 -25.731727 0.571853 4.842868 13.460937 -0.173740 8.143760 -2.191339 0.000008 0.017464 0.047983 0.000000 0.000000 0.000000 24.928867 -1.539910 24.304852 -3.427205 -11.419551 33.334468 0.071448 -9.652772 -3.185639 -1.446769 -7.603616 21.516444 8.765817 7.269562 9.292478 0.676785 10.718960 -0.766525 -5.376789 5.099144 -4.515530 -0.638938 -2.893331 -32.143374 0.873818 -3.979630 21.498251 -0.327407 -1.678256 12.405098 0.000000 0.000000 0.000000 -48.609201 58.378861 72.639357 110.927752 -58.278657 -78.019219 -0.000002 0.000001 -26.256883 38.877572 -24.075893 -18.207771 -7.125020 0.000002 0.000000 5.724073 0.256483 -5.728594 0.000000 0.000000 0.000000 77.233175 -1.593857 48.210378 -131.860108 52.217168 -95.303751 0.000002 -0.000001 -21.091353 -33.907578 -17.787311 11.602716 7.125020 -0.000002 0.000000 -5.994275 -51.017624 0.890415
-1.286444 17.949910 -0.105113 -43.654175 77.949212 -40.216774 0.000000 0.000000 0.000000 -7.817865 0.518958 -25.096180 0.377028 3.943608 10.918071 -0.198679 8.216935 -2.407367 0.000041 -0.040652 -0.111690 0.000000 0.000000 0.000000 24.948621 -1.250508 23.987177 -4.124425 -12.392852 36.716891 0.097631 -10.290009 -3.721204 -1.410063 -7.510656 21.237341 8.689485 7.288042 8.916862 0.683426 10.693559 -0.707322 -5.263871 5.106118 -4.260459 -0.554401 -2.862480 -32.264785 0.784010 -3.948768 21.468263 -0.370734 -1.670354 12.410195 0.000000 0.000000 0.000000 -49.572270 58.130492 71.489518 111.237178 -58.225285 -78.282346 -0.000002 0.000001 -26.013221 39.210472 -24.276174 -18.545321 -7.125020 0.000002 0.000000 5.876518 -0.084302 -5.918474 0.000000 0.000000 0.000000 77.400676 -2.494672 48.776306 -132.095130 52.114733 -95.489370 0.000002 -0.000001 -20.657015 -33.890936 -17.605254 11.484124 7.125020 -0.000002 0.000000 -5.989639 -50.803931 0.858611
-0.828654 17.903450 -0.119464 -43.354370 77.830206 -39.994686 0.000000 0.000000 0.000000 -8.021269 1.154115 -24.545496 0.256760 3.260159 9.003905 -0.216931 8.304434 -2.595431 0.000792 -0.181616 -0.498993 0.000000 0.000000 0.000000 24.829126 -1.017215 23.644257 -4.889789 -13.332802 40.158188 0.117064 -10.672802 -3.903146 -1.308047 -7.244880 20.442902 8.580347 7.278260 8.582761 0.669321 10.628837 -0.617397 -5.157096 5.094443 -4.003729 -0.443543 -2.811642 -32.385075 0.698257 -3.903856 21.429662 -0.413772 -1.653429 12.411134 0.000000 0.000000 0.000000 -50.677792 57.709261 70.253190 111.402134 -58.196459 -78.422557 -0.000002 0.000002 -25.830054 39.585187 -24.449003 -18.893571 -7.125020 0.000002 0.000000 6.058382 -0.408761 -6.137995 0.000000 0.000000 0.000000 77.605610 -3.482519 49.316954 -132.236342 52.052734 -95.600772 0.000002 -0.000001 -20.368940 -33.885449 -17.508603 11.423093 7.125020 -0.000002 0.000000 -5.991061 -50.691383 0.843069
-0.371682 17.839860 -0.135749 -42.945824 77.759718 -39.736371 0.000000 0.000000 0.000000 -8.310204 1.827671 -24.054194 0.187815 2.791127 7.697767 -0.227391 8.372645 -2.700149 0.003249 -0.368029 -1.011216 0.000000 0.000000 0.000000 24.621322 -0.823233 23.285819 -5.724278 -14.235392 43.664188 0.163202 -10.839336 -3.854201 -1.158646 -6.833782 19.223862 8.458284 7.236342 8.307815 0.639277 10.524500 -0.505047 -5.065844 5.062405 -3.761907 -0.324964 -2.746224 -32.466415 0.643510 -3.851441 21.369668 -0.443852 -1.628388 12.397437 0.000000 0.000000 0.000000 -51.861547 57.115332 68.992321 111.420757 -58.193189 -78.438384 -0.000002 0.000002 -25.702895 39.980285 -24.579490 -19.229499 -7.125020 0.000002 0.000000 6.260474 -0.692867 -6.375556 0.000000 0.000000 0.000000 77.836528 -4.549221 49.829071 -132.259562 52.042507 -95.619081 0.000002 -0.000001 -20.213890 -33.887200 -17.521205 11.432505 7.125020 -0.000002 0.000000 -5.992979 -50.706846 0.846706
0.082822 17.760602 -0.153179 -42.626477 77.713410 -39.643889 0.000000 0.000000 0.000000 -8.603700 2.508607 -23.606660 0.154596 2.533529 6.982625 -0.229899 8.382954 -2.701809 0.007060 -0.542567 -1.490904 0.000000 0.000000 0.000000 24.421656 -0.636623 22.908005 -6.640203 -15.106461 47.284603 0.283244 -10.834272 -3.790597 -1.028014 -6.449533 18.094448 8.364419 7.157833 8.130591 0.606682 10.384349 -0.388281 -5.005877 5.008710 -3.571147 -0.208386 -2.669463 -32.468568 0.631462 -3.794548 21.280873 -0.455014 -1.596060 12.359739 0.000000 0.000000 0.000000 -53.052133 56.363507 67.773449 111.286280 -58.216732 -78.324086 -0.000002 0.000001 -25.608991 40.375643 -24.663096 -19.537097 -7.125020 0.000002 0.000000 6.472267 -0.924593 -6.619162 0.000000 0.000000 0.000000 78.086797 -5.695429 50.311311 -132.146234 52.092337 -95.529696 0.000002 -0.000001 -20.165318 -33.894814 -17.648379 11.514863 7.125020 -0.000002 0.000000 -5.993411 -50.856137 0.869902
0.533589 17.666870 -0.171015 -42.531382 77.678382 -39.854602 0.000000 0.000000 0.000000 -8.853520 3.183424 -23.194614 0.148431 2.482727 6.841755 -0.224396 8.288776 -2.599477 0.009746 -0.637466 -1.751771 0.000000 0.000000 0.000000 24.288283 -0.442492 22.503068 -7.653804 -15.949487 51.075149 0.520846 -10.665082 -3.918188 -0.981151 -6.305197 17.672550 8.321486 7.039513 8.084614 0.581003 10.210738 -0.285167 -4.985944 4.931879 -3.467522 -0.098130 -2.582373 -32.362883 0.663163 -3.732514 21.169233 -0.445931 -1.556520 12.295600 0.000000 0.000000 0.000000 -54.187780 55.477076 66.651136 110.984402 -58.268957 -78.067401 -0.000002 0.000001 -25.513687 40.751289 -24.710785 -19.810457 -7.125020 0.000002 0.000000 6.679944 -1.109636 -6.855002 0.000000 0.000000 0.000000 78.351827 -6.926722 50.757808 -131.883269 52.207118 -95.322054 0.000002 -0.000001 -20.205598 -33.897822 -17.883438 11.661219 7.125020 -0.000002 0.000000 -5.981261 -51.129240 0.909214
0.980182 17.559460 -0.188800 -42.680933 77.665327 -40.392004 0.000000 0.000000 0.000000 -9.074104 3.859571 -22.818734 0.167118 2.633656 7.260426 -0.211327 8.051447 -2.404512 0.008372 -0.590833 -1.623577 0.000000 0.000000 0.000000 24.204065 -0.271444 22.070733 -8.771304 -16.755028 55.049079 0.882388 -10.259883 -4.279130 -1.033485 -6.466146 18.143089 8.318346 6.877479 8.185447 0.564717 9.999144 -0.204017 -4.999223 4.828744 -3.471836 0.005791 -2.481985 -32.142726 0.730844 -3.658646 21.049086 -0.418666 -1.507853 12.209408 0.000000 0.000000 0.000000 -55.242750 54.479122 65.644833 110.497542 -58.351369 -77.653127 -0.000002 0.000001 -25.379453 41.083139 -24.742176 -20.046698 -7.125020 0.000002 0.000000 6.865352 -1.262086 -7.065388 0.000000 0.000000 0.000000 78.623025 -8.244317 51.163577 -131.460307 52.389281 -94.987404 0.000002 -0.000001 -20.327996 -33.877833 -18.210835 11.853308 7.125020 -0.000002 0.000000 -5.937116 -51.504035 0.957570
1.422599 17.438988 -0.206378 -43.007927 77.707060 -41.190990 0.000000 0.000000 0.000000 -9.333552 4.542255 -22.496406 0.215175 2.986320 8.240666 -0.192694 7.664274 -2.167358 0.003048 -0.356523 -0.979600 0.000000 0.000000 0.000000 24.092321 -0.185338 21.604559 -9.990937 -17.507595 59.194727 1.289489 -9.411994 -4.665293 -1.151034 -6.812065 19.159781 8.314383 6.665175 8.433323 0.554469 9.736439 -0.142888 -5.024173 4.693454 -3.589465 0.107240 -2.360982 -31.819617 0.819926 -3.560028 20.929930 -0.377583 -1.445984 12.106505 0.000000 0.000000 0.000000 -56.235177 53.390162 64.733515 109.818016 -58.462683 -77.074309 -0.000002 0.000001 -25.175882 41.342752 -24.771029 -20.235944 -7.125020 0.000002 0.000000 7.009102 -1.387435 -7.230173 0.000000 0.000000 0.000000 78.885481 -9.640589 51.533382 -130.867558 52.639548 -94.517052 0.000002 -0.000001 -20.525136 -33.813596 -18.608472 12.066796 7.125020 -0.000002 0.000000 -5.838162 -51.949826 1.004918
1.860537 17.306086 -0.223790 -43.392399 77.855642 -42.126095 0.000000 0.000000 0.000000 -9.731952 5.189374 -22.266805 0.305283 3.552357 9.820560 -0.170978 7.161160 -2.025706 0.000190 0.088969 0.244439 0.000000 0.000000 0.000000 23.848291 -0.240439 21.089366 -11.305811 -18.190630 63.490234 1.529072 -7.755506 -4.593721 -1.281055 -7.172624 20.227798 8.246913 6.394895 8.821554 0.539967 9.404166 -0.097052 -5.031205 4.518398 -3.819765 0.208037 -2.212056 -31.412614 0.918570 -3.423457 20.808659 -0.325629 -1.366562 11.988644 0.000000 0.000000 0.000000 -57.205426 52.227324 63.876334 108.957948 -58.597456 -76.340741 -0.000002 0.000000 -24.890464 41.504873 -24.797071 -20.360546 -7.125020 0.000002 0.000000 7.096809 -1.475698 -7.332616 0.000000 0.000000 0.000000 79.122858 -11.098767 51.879951 -130.093910 52.957551 -93.900823 0.000002 -0.000001 -20.782752 -33.676328 -19.058942 12.275895 7.125020 -0.000002 0.000000 -5.652314 -52.439355 1.038579
2.292767 17.161680 -0.241007 -43.659463 78.184853 -43.003915 0.000000 0.000000 0.000000 -10.383705 5.664014 -22.180507 0.460824 4.354506 12.076208 -0.145515 6.605309 -2.219712 0.012890 0.733064 2.014600 0.000000 0.000000 0.000000 23.352545 -0.465749 20.498863 -12.701753 -18.787359 67.898493 1.250831 -4.827938 -3.304145 -1.375930 -7.422975 20.974682 8.027164 6.060966 9.338268 0.503111 8.981473 -0.061322 -4.981943 4.295883 -4.158053 0.298429 -2.033585 -30.949535 1.026560 -3.241635 20.671002 -0.260543 -1.267163 11.855197 0.000000 0.000000 0.000000 -58.200072 50.993918 63.029180 107.942716 -58.747893 -75.473513 -0.000002 0.000000 -24.534217 41.556923 -24.807157 -20.402205 -7.125020 0.000002 0.000000 7.124371 -1.506297 -7.365565 0.000000 0.000000 0.000000 79.320640 -12.583870 52.215135 -129.120559 53.344089 -93.121919 0.000002 -0.000001 -21.080718 -33.426201 -19.559293 12.457695 7.125020 -0.000002 0.000000 -5.333598 -52.959459 1.043727
2.717161 17.007374 -0.257631 -43.534420 78.794231 -43.517630 0.000000 0.000000 0.000000 -11.407694 5.722410 -22.273417 0.716317 5.408625 15.077799 -0.108608 6.069153 -3.008314 0.055466 1.519744 4.180149 0.000000 0.000000 0.000000 22.465431 -0.867502 19.790941 -14.146486 -19.279855 72.335676 0.068317 -0.215637 0.194358 -1.404729 -7.497033 21.196494 7.531193 5.662222 9.959477 0.418856 8.445025 -0.025179 -4.822452 4.019327 -4.587106 0.355550 -1.830721 -30.475783 1.152560 -3.013758 20.495918 -0.175806 -1.147964 11.706363 0.000000 0.000000 0.000000 -59.273363 49.665838 62.144814 106.794373 -58.906971 -74.490969 -0.000002 0.000000 -24.134378 41.500553 -24.778543 -20.345515 -7.125020 0.000002 0.000000 7.098142 -1.452669 -7.332172 0.000000 0.000000 0.000000 79.468019 -14.034515 52.542113 -127.912846 53.803363 -92.150146 0.000002 -0.000001 -21.389804 -33.028300 -20.110945 12.593558 7.125020 -0.000002 0.000000 -4.840147 -53.503094 1.005790
3.131503 16.845888 -0.272696 -42.573821 79.793221 -43.181664 0.000000 0.000000 0.000000 -12.908604 5.087863 -22.539340 1.111571 6.698204 18.824297 -0.048831 5.608097 -4.538843 0.131412 2.336637 6.436951 0.000000 0.000000 0.000000 21.043017 -1.438939 18.908461 -15.572552 -19.651503 76.623179 -2.251666 6.218466 6.984341 -1.366935 -7.399666 20.904951 6.616797 5.206009 10.647048 0.256748 7.774784 0.027308 -4.492041 3.686293 -5.073347 0.355712 -1.613488 -30.052888 1.304989 -2.746188 20.262153 -0.066093 -1.012255 11.545003 0.000000 0.000000 0.000000 -60.467567 48.188171 61.187550 105.522143 -59.069746 -73.400577 -0.000002 0.000000 -23.720693 41.348518 -24.684480 -20.180000 -7.125020 0.000002 0.000000 7.031782 -1.287815 -7.243174 0.000000 0.000000 0.000000 79.571683 -15.380940 52.842619 -126.419892 54.341176 -90.941178 0.000002 -0.000001 -21.665475 -32.483386 -20.697811 12.671294 7.125020 -0.000002 0.000000 -4.170578 -54.051275 0.916721
3.534588 16.681298 -0.284707 -39.999289 81.252782 -41.171730 0.000000 0.000000 0.000000 -14.946605 3.617429 -22.915321 1.673669 8.150437 23.171946 0.041379 5.233374 -6.759451 0.220581 3.023355 8.343776 0.000000 0.000000 0.000000 18.991247 -2.162391 17.785730 -16.864338 -19.895853 80.450831 -5.659023 14.020260 18.113871 -1.289426 -7.195125 20.294744 5.174738 4.713521 11.353259 -0.013406 6.969118 0.112824 -3.949540 3.304053 -5.568686 0.289207 -1.396553 -29.750763 1.486112 -2.456725 19.958657 0.067496 -0.867900 11.378959 0.000000 0.000000 0.000000 -61.773953 46.479164 60.165556 104.121359 -59.232934 -72.197954 -0.000002 0.000000 -23.320694 41.130364 -24.505901 -19.911988 -7.125020 0.000002 0.000000 6.946724 -0.999982 -7.119135 0.000000 0.000000 0.000000 79.671951 -16.576887 53.062286 -124.582908 54.959604 -89.442801 0.000002 -0.000001 -21.849971 -31.847397 -21.282730 12.694183 7.125020 -0.000002 0.000000 -3.388002 -54.573726 0.783422
3.927003 16.518860 -0.292293 -34.157935 83.132519 -35.793144 0.000000 0.000000 0.000000 -17.505892 1.453010 -23.283311 2.389540 9.634240 27.800219 0.161912 4.884191 -9.425686 0.288772 3.455792 9.550402 0.000000 0.000000 0.000000 16.329671 -3.008728 16.359702 -17.865922 -20.026799 83.394879 -9.901156 21.989003 34.620326 -1.197416 -6.943170 19.547115 3.189770 4.218038 12.023466 -0.407182 6.056006 0.247706 -3.195942 2.891824 -6.011144 0.165338 -1.197776 -29.643177 1.687176 -2.172672 19.593184 0.215201 -0.726764 11.223445 0.000000 0.000000 0.000000 -63.128440 44.442287 59.138236 102.576507 -59.393828 -70.869404 -0.000002 0.000000 -22.965345 40.902796 -24.239256 -19.576306 -7.125020 0.000002 0.000000 6.876265 -0.605183 -6.996255 0.000000 0.000000 0.000000 79.830205 -17.612512 53.120820 -122.347008 55.651381 -87.604336 0.000002 -0.000000 -21.883583 -31.224842 -21.828391 12.691761 7.125020 -0.000002 0.000000 -2.612441 -55.051413 0.632001
4.311185 16.364320 -0.295429 -20.908400 85.171564 -22.876239 0.000000 0.000000 0.000000 -20.450520 -0.987412 -23.492733 3.187497 10.992559 32.254788 0.309040 4.443243 -12.185303 0.316965 3.619060 10.007332 0.000000 0.000000 0.000000 13.244738 -3.937843 14.586606 -18.423254 -20.076650 85.030760 -14.707403 28.501805 57.253405 -1.092672 -6.642882 18.661594 0.797642 3.750588 12.601997 -0.905953 5.090355 0.446136 -2.287790 2.475266 -6.333007 0.008910 -1.031831 -29.790443 1.884352 -1.918709 19.189074 0.359852 -0.600389 11.096894 0.000000 0.000000 0.000000 -64.450352 41.998312 58.186471 100.873799 -59.548467 -69.402708 -0.000002 0.000001 -22.693263 40.748018 -23.897268 -19.234801 -7.125020 0.000002 0.000000 6.864479 -0.147018 -6.925499 0.000000 0.000000 0.000000 80.087345 -18.511544 52.954239 -119.678768 56.394921 -85.391489 0.000002 -0.000000 -21.723559 -30.745732 -22.315706 12.719528 7.125020 -0.000002 0.000000 -1.993096 -55.492056 0.503732
4.690685 16.223028 -0.296267 8.743771 86.690260 6.578251 0.000000 0.000000 0.000000 -23.485313 -3.189440 -23.411845 3.953913 12.098823 36.082464 0.478657 3.811383 -14.714564 0.311157 3.586050 9.914887 0.000000 0.000000 0.000000 10.107951 -4.896343 12.462335 -18.447195 -20.074868 85.110251 -19.897365 32.182152 84.924545 -0.963594 -6.250157 17.511986 -1.688807 3.323260 13.049707 -1.447685 4.141571 0.710367 -1.342982 2.077567 -6.485179 -0.147356 -0.904268 -30.196624 2.047487 -1.707726 18.769106 0.483009 -0.495747 11.007831 0.000000 0.000000 0.000000 -65.675358 39.128788 57.382163 99.015663 -59.690620 -67.799682 -0.000002 0.000001 -22.543190 40.758054 -23.522949 -18.975674 -7.125020 0.000002 0.000000 6.954246 0.292329 -6.962119 0.000000 0.000000 0.000000 80.434760 -19.333993 52.551464 -116.589809 57.152222 -82.807292 0.000002 -0.000000 -21.366731 -30.532330 -22.754738 12.847617 7.125020 -0.000002 0.000000 -1.668106 -55.934807 0.443690
5.068963 16.099505 -0.298460 50.013578 86.782588 47.761983 0.000000 0.000000 0.000000 -26.212082 -4.765601 -22.978065 4.584309 12.899800 38.994529 0.664228 2.967414 -16.836933 0.289063 3.457514 9.555218 0.000000 0.000000 0.000000 7.385738 -5.811719 10.035033 -17.959134 -20.025887 83.695477 -25.342626 32.549055 113.123402 -0.812648 -5.752631 16.068347 -3.860733 2.927819 13.360682 -1.945976 3.275818 1.021509 -0.514214 1.714364 -6.462402 -0.273436 -0.811229 -30.774936 2.161744 -1.542467 18.341197 0.574290 -0.414158 10.944163 0.000000 0.000000 0.000000 -66.763493 35.898317 56.774352 97.022964 -59.812799 -66.078243 -0.000002 0.000001 -22.534591 41.009043 -23.213944 -18.915697 -7.125020 0.000002 0.000000 7.167602 0.571020 -7.148660 0.000000 0.000000 0.000000 80.823734 -20.173785 51.954417 -113.150053 57.874847 -79.905484 0.000002 0.000000 -20.859679 -30.656166 -23.198838 13.145824 7.125020 -0.000002 0.000000 -1.712231 -56.456668 0.485348
5.448228 15.997530 -0.305183 75.793639 85.980118 73.526390 0.000000 0.000000 0.000000 -28.321221 -5.576152 -22.196245 5.026257 13.413305 40.936003 0.856420 1.963706 -18.543599 0.264540 3.308793 9.139665 0.000000 0.000000 0.000000 5.421100 -6.591033 7.393246 -17.089071 -19.913027 81.155883 -30.660845 30.221209 136.475601 -0.666999 -5.222916 14.545457 -5.418865 2.552682 13.555828 -2.334483 2.536471 1.344367 0.084117 1.394248 -6.303537 -0.351655 -0.741566 -31.368931 2.240904 -1.418788 17.900992 0.636996 -0.351582 10.878124 0.000000 0.000000 0.000000 -67.704060 32.437179 56.375788 94.941732 -59.907513 -64.278337 -0.000002 0.000001 -22.650844 41.528186 -23.109310 -19.173851 -7.125020 0.000002 0.000000 7.489847 0.512272 -7.495502 0.000000 0.000000 0.000000 81.193814 -21.128767 51.237610 -109.474928 58.517257 -76.781809 0.000002 0.000000 -20.293708 -31.109770 -23.725121 13.658962 7.125020 -0.000002 0.000000 -2.108782 -57.144889 0.641293
5.828818 15.919963 -0.317405 88.959359 85.219346 86.708401 0.000000 0.000000 0.000000 -29.776182 -5.692248 -21.099990 5.281475 13.693935 42.024987 1.046145 0.883124 -19.924674 0.241751 3.164125 8.736019 0.000000 0.000000 0.000000 4.241686 -7.135920 4.633457 -16.025380 -19.725237 78.026122 -35.214030 26.397647 152.831153 -0.561272 -4.798602 13.335023 -6.353104 2.200842 13.661713 -2.604061 1.934072 1.643022 0.443567 1.121218 -6.068217 -0.381104 -0.679168 -31.824138 2.320236 -1.325027 17.448719 0.686161 -0.299122 10.784526 0.000000 0.000000 0.000000 -68.520441 28.900683 56.151120 92.871157 -59.968820 -62.486236 -0.000002 0.000000 -22.835856 42.269088 -23.315490 -19.805664 -7.125020 0.000002 0.000000 7.870307 0.000051 -7.967470 0.000000 0.000000 0.000000 81.494171 -22.260276 50.490947 -105.700065 59.047817 -73.553175 0.000002 0.000000 -19.797219 -31.820615 -24.358930 14.373299 7.125020 -0.000002 0.000000 -2.781261 -58.015579 0.907105
6.209434 15.868027 -0.333594 96.415743 84.645191 94.184816 0.000000 0.000000 0.000000 -30.639941 -5.236464 -19.791433 5.358963 13.709510 42.534127 1.069378 -0.207213 -21.093951 0.220074 3.019900 8.334157 0.000000 0.000000 0.000000 3.589967 -7.374690 1.834859 -14.946598 -19.476093 74.817277 -38.546285 22.207857 162.999260 -0.517981 -4.612772 12.807327 -6.915875 1.891901 13.708355 -2.797407 1.454085 1.894172 0.654825 0.896231 -5.815951 -0.378227 -0.609016 -32.057878 2.438901 -1.244581 17.005691 0.741794 -0.245999 10.658170 0.000000 0.000000 0.000000 -69.261872 25.431438 56.025234 90.982148 -59.996348 -60.850556 -0.000002 0.000000 -22.997525 43.114692 -23.829746 -20.744701 -7.125020 0.000002 0.000000 8.239414 -0.926594 -8.486349 0.000000 0.000000 0.000000 81.693180 -23.579238 49.803172 -101.971384 59.451481 -70.348421 0.000002 0.000000 -19.517228 -32.690168 -25.015817 15.201202 7.125020 -0.000002 0.000000 -3.648091 -58.955967 1.266933
6.588164 15.840862 -0.350709 100.407616 84.125055 98.174734 0.000000 0.000000 0.000000 -31.356656 -4.436850 -18.315053 5.326942 13.622553 42.543429 1.112833 -1.242001 -22.046385 0.200048 2.880069 7.945034 0.000000 0.000000 0.000000 3.145730 -7.294429 -0.947990 -13.976698 -19.199117 71.894716 -40.567821 18.395487 168.686035 -0.545862 -4.733346 13.149558 -7.417912 1.647555 13.742590 -2.967489 1.071900 2.090756 0.835432 0.716927 -5.598579 -0.372782 -0.525219 -32.084357 2.623489 -1.164051 16.617750 0.820943 -0.184793 10.518856 0.000000 0.000000 0.000000 -69.984991 22.136213 55.911901 89.490340 -59.999012 -59.558624 -0.000002 0.000000 -23.018793 43.910826 -24.540683 -21.812879 -7.125020 0.000002 0.000000 8.529746 -2.079500 -8.953028 0.000000 0.000000 0.000000 81.778681 -25.063781 49.242029 -98.449662 59.728480 -67.310949 0.000002 0.000000 -19.572660 -33.617762 -25.539772 16.007283 7.125020 -0.000002 0.000000 -4.636256 -59.770125 1.688736
6.963758 15.836028 -0.365637 101.922119 83.554977 99.646719 0.000000 0.000000 0.000000 -32.076893 -3.406864 -16.704779 5.219952 13.467993 42.198244 1.166229 -2.210412 -22.837032 0.183111 2.756140 7.600552 0.000000 0.000000 0.000000 2.713017 -6.952055 -3.691208 -13.179054 -18.931663 69.458906 -41.480910 15.324847 171.469144 -0.646277 -5.142717 14.316061 -8.050146 1.473577 13.817977 -3.143067 0.758687 2.234731 1.064904 0.575357 -5.455170 -0.394506 -0.431730 -31.987806 2.876739 -1.077822 16.340442 0.930761 -0.114119 10.401079 0.000000 0.000000 0.000000 -70.736329 19.079086 55.744707 88.593746 -59.992521 -58.782180 -0.000002 0.000001 -22.787294 44.518672 -25.301787 -22.802870 -7.125020 0.000002 0.000000 8.693600 -3.226478 -9.282321 0.000000 0.000000 0.000000 81.752113 -26.685889 48.840313 -95.300528 59.893558 -64.588752 0.000002 0.000000 -19.990595 -34.503623 -25.814690 16.667861 7.125020 -0.000002 0.000000 -5.652715 -60.302881 2.118331
7.336392 15.850532 -0.376365 102.007316 82.916134 99.655830 0.000000 0.000000 0.000000 -32.827567 -2.255317 -14.982527 5.062268 13.271044 41.588509 1.231831 -3.099689 -23.501029 0.168559 2.644915 7.291678 0.000000 0.000000 0.000000 2.251452 -6.450251 -6.406659 -12.572827 -18.703013 67.585358 -41.643389 13.097543 172.566927 -0.811454 -5.748501 16.056420 -8.846459 1.353976 13.960595 -3.323757 0.481702 2.326457 1.368678 0.457526 -5.403916 -0.454992 -0.333118 -31.867464 3.173810 -0.982851 16.213886 1.065152 -0.035876 10.335490 0.000000 0.000000 0.000000 -71.543142 16.288008 55.493567 88.410380 -59.990446 -58.623394 -0.000002 0.000001 -22.233782 44.864739 -26.005584 -23.572577 -7.125020 0.000002 0.000000 8.715826 -4.203437 -9.433894 0.000000 0.000000 0.000000 81.620962 -28.426968 48.595879 -92.658881 59.973259 -62.302455 0.000002 0.000000 -20.670357 -35.251352 -25.841541 17.119324 7.125020 -0.000002 0.000000 -6.569086 -60.527547 2.489442
7.707651 15.881553 -0.382407 101.625148 82.258416 99.198087 0.000000 0.000000 0.000000 -33.552141 -1.096967 -13.166632 4.866835 13.041607 40.763759 1.308798 -3.880607 -24.060559 0.153655 2.525832 6.961279 0.000000 0.000000 0.000000 1.823547 -5.887790 -9.126552 -12.153524 -18.531096 66.277808 -41.437313 11.630723 172.865317 -1.013755 -6.406002 17.967074 -9.733973 1.259394 14.150143 -3.489312 0.210660 2.362081 1.734746 0.347691 -5.437421 -0.539149 -0.224379 -31.790640 3.467194 -0.868955 16.246438 1.206692 0.049873 10.335223 0.000000 0.000000 0.000000 -72.414756 13.767713 55.161956 88.945984 -59.995801 -59.087210 -0.000002 0.000001 -21.356245 44.962744 -26.614067 -24.093630 -7.125020 0.000002 0.000000 8.616553 -4.965266 -9.422654 0.000000 0.000000 0.000000 81.388174 -30.275851 48.489907 -90.595605 59.998650 -60.515810 0.000002 -0.000000 -21.423568 -35.768854 -25.696141 17.341713 7.125020 -0.000002 0.000000 -7.240854 -60.501105 2.739022
8.079993 15.926676 -0.384458 101.395212 81.669382 98.932525 0.000000 0.000000 0.000000 -34.159416 -0.038309 -11.263148 4.637792 12.776022 39.745182 1.388433 -4.519014 -24.522027 0.136778 2.383671 6.567232 0.000000 0.000000 0.000000 1.533252 -5.328863 -11.870052 -11.910420 -18.425404 65.516723 -41.173860 10.736312 172.970947 -1.201013 -6.953216 19.576844 -10.597171 1.156877 14.333409 -3.609528 -0.076877 2.339567 2.137028 0.232064 -5.526142 -0.614275 -0.089271 -31.775898 3.699899 -0.714810 16.417275 1.333284 0.147490 10.394417 0.000000 0.000000 0.000000 -73.349061 11.510660 54.774400 90.106066 -59.999960 -60.091859 -0.000002 0.000001 -20.221005 44.895795 -27.141702 -24.432015 -7.125020 0.000002 0.000000 8.441845 -5.560918 -9.305252 0.000000 0.000000 0.000000 81.040124 -32.217644 48.514335 -89.112608 59.997016 -59.231507 0.000002 -0.000000 -22.072677 -35.974503 -25.431877 17.310868 7.125020 -0.000002 0.000000 -7.544209 -60.258649 2.814916
8.456070 15.983904 -0.383633 101.696288 81.225981 99.260989 0.000000 0.000000 0.000000 -34.571561 0.838003 -9.257653 4.375301 12.464371 38.536946 1.456714 -4.996135 -24.862874 0.118559 2.219844 6.113618 0.000000 0.000000 0.000000 1.466112 -4.816139 -14.620103 -11.837410 -18.391272 65.291576 -41.047169 10.227662 173.240881 -1.316189 -7.266510 20.507366 -11.335177 1.014267 14.453671 -3.656294 -0.399504 2.264423 2.554231 0.097984 -5.629171 -0.648650 0.091307 -31.803801 3.823770 -0.495446 16.689930 1.426315 0.263521 10.495531 0.000000 0.000000 0.000000 -74.336115 9.500247 54.367759 91.736006 -59.988613 -61.503372 -0.000002 0.000002 -18.944626 44.777118 -27.610925 -24.686708 -7.125020 0.000002 0.000000 8.251089 -6.063831 -9.157220 0.000000 0.000000 0.000000 80.546884 -34.226940 48.680991 -88.156533 59.987148 -58.403582 0.000002 -0.000000 -22.520511 -35.843436 -25.071812 17.023463 7.125020 -0.000002 0.000000 -7.440763 -59.818198 2.704439
8.838068 16.051630 -0.380864 102.823027 80.948775 100.479255 0.000000 0.000000 0.000000 -34.764191 1.484886 -7.125507 4.080936 12.098943 37.141591 1.498906 -5.311088 -25.027834 0.099144 2.030540 5.590063 0.000000 0.000000 0.000000 1.642138 -4.393398 -17.328711 -11.935859 -18.431610 65.609500 -41.126551 10.018431 173.813336 -1.333403 -7.311998 20.643042 -11.904030 0.805519 14.474127 -3.616330 -0.775731 2.149224 2.979784 -0.066480 -5.707914 -0.623544 0.327397 -31.838494 3.813023 -0.196850 17.024218 1.475039 0.401326 10.617871 0.000000 0.000000 0.000000 -75.356703 7.710034 53.987475 93.662200 -59.949265 -63.171022 -0.000002 0.000002 -17.665428 44.718283 -28.025478 -24.945099 -7.125020 0.000002 0.000000 8.106095 -6.526164 -9.055082 0.000000 0.000000 0.000000 79.880276 -36.269893 49.003472 -87.635749 59.978863 -57.952646 0.000002 -0.000001 -22.748482 -35.457254 -24.675787 16.565702 7.125020 -0.000002 0.000000 -7.027977 -59.269938 2.466098
9.227237 16.128673 -0.376815 104.964117 80.785419 102.762949 0.000000 0.000000 0.000000 -34.780447 1.899643 -4.854837 3.760923 11.679384 35.574219 1.503349 -5.466349 -24.944721 0.076619 1.785621 4.913561 0.000000 0.000000 0.000000 2.001640 -4.102849 -19.939236 -12.212584 -18.545924 66.488557 -41.356362 10.173727 174.618569 -1.271640 -7.147222 20.152263 -12.329544 0.518700 14.385413 -3.497899 -1.219633 2.008118 3.420844 -0.269218 -5.737168 -0.532057 0.613506 -31.843137 3.664685 0.174096 17.380658 1.475036 0.557061 10.741927 0.000000 0.000000 0.000000 -76.380515 6.110580 53.681051 95.730324 -59.875561 -64.960535 -0.000002 0.000001 -16.516568 44.808375 -28.382619 -25.275219 -7.125020 0.000002 0.000000 8.056929 -6.984008 -9.060935 0.000000 0.000000 0.000000 79.033596 -38.312260 49.477314 -87.442762 59.975273 -57.785552 0.000002 -0.000001 -22.787875 -34.965992 -24.332324 16.081173 7.125020 -0.000002 0.000000 -6.483704 -58.755064 2.194462
9.623936 16.214459 -0.372223 108.044368 80.634309 106.017560 0.000000 0.000000 0.000000 -34.710094 2.126838 -2.459168 3.425518 11.212240 33.866215 1.463202 -5.459298 -24.549731 0.050170 1.445481 3.975458 0.000000 0.000000 0.000000 2.429847 -3.961260 -22.397808 -12.677656 -18.728764 67.950526 -41.544782 10.889067 175.336930 -1.172153 -6.872117 19.337055 -12.684528 0.160889 14.201477 -3.327986 -1.732258 1.851781 3.887394 -0.509785 -5.710121 -0.373794 0.931757 -31.788028 3.392805 0.592389 17.723903 1.426100 0.720812 10.851579 0.000000 0.000000 0.000000 -77.368784 4.684010 53.487653 97.837053 -59.766643 -66.781770 -0.000002 0.000001 -15.607403 45.092604 -28.694500 -25.723955 -7.125020 0.000002 0.000000 8.124984 -7.473106 -9.204705 0.000000 0.000000 0.000000 78.027084 -40.329039 50.078845 -87.479645 59.975983 -57.817486 0.000002 -0.000001 -22.703892 -34.495362 -24.065417 15.657802 7.125020 -0.000002 0.000000 -5.959367 -58.334021 1.953189
10.028188 16.309157 -0.368235 111.622734 80.401268 109.776069 0.000000 0.000000 0.000000 -34.643078 2.255146 0.032593 3.085762 10.707181 32.055664 1.378402 -5.287783 -23.807142 0.023621 0.992224 2.727415 0.000000 0.000000 0.000000 2.807645 -3.939257 -24.643906 -13.341837 -18.968050 70.013352 -41.360614 12.406952 175.334760 -1.070342 -6.576836 18.467602 -13.042934 -0.243465 13.951196 -3.141219 -2.295215 1.688605 4.378189 -0.777437 -5.634502 -0.156184 1.261700 -31.665394 3.028431 1.027970 18.036214 1.335362 0.882638 10.940824 0.000000 0.000000 0.000000 -78.281448 3.428222 53.429979 99.935150 -59.623719 -68.593220 -0.000002 0.000001 -15.011398 45.556464 -28.985858 -26.301893 -7.125020 0.000002 0.000000 8.295306 -8.018727 -9.473392 0.000000 0.000000 0.000000 76.899872 -42.306719 50.776020 -87.672407 59.979519 -57.984386 0.000002 -0.000001 -22.584612 -34.106908 -23.807794 15.290853 7.125020 -0.000002 0.000000 -5.538453 -57.946162 1.759608
10.439984 16.413393 -0.366370 115.068196 80.051604 113.375085 0.000000 0.000000 0.000000 -34.627430 2.398355 2.590777 2.751248 10.174607 30.177947 1.257614 -4.960261 -22.713711 0.004593 0.437655 1.202559 0.000000 0.000000 0.000000 3.057466 -3.968984 -26.606178 -14.207313 -19.241990 72.664826 -40.377674 14.914469 173.623546 -0.985035 -6.317304 17.707888 -13.440874 -0.661839 13.668466 -2.966634 -2.874574 1.529236 4.874798 -1.054567 -5.522736 0.101094 1.589389 -31.505446 2.619993 1.459122 18.331057 1.220899 1.038368 11.020868 0.000000 0.000000 0.000000 -79.086014 2.343443 53.511408 102.012604 -59.447657 -70.383923 -0.000002 0.000001 -14.758250 46.132146 -29.273764 -26.971727 -7.125020 0.000002 0.000000 8.525943 -8.613481 -9.818375 0.000000 0.000000 0.000000 75.696143 -44.233296 51.538817 -87.968880 59.984405 -58.241092 0.000002 -0.000001 -22.521610 -33.815365 -23.489123 14.946752 7.125020 -0.000002 0.000000 -5.247486 -57.514989 1.609548
10.858801 16.527514 -0.368143 117.921473 79.611841 116.329936 0.000000 0.000000 0.000000 -34.660104 2.654868 5.181783 2.430209 9.625746 28.267793 1.115599 -4.500808 -21.286344 0.000790 -0.181540 -0.498785 0.000000 0.000000 0.000000 3.156030 -3.981242 -28.227421 -15.246582 -19.516464 75.804261 -38.183003 18.462579 168.820627 -0.920007 -6.111112 17.107147 -13.869464 -1.067946 13.382033 -2.820358 -3.437541 1.384577 5.348851 -1.325220 -5.386135 0.370692 1.909841 -31.364914 2.220600 1.876959 18.642770 1.106579 1.189854 11.114206 0.000000 0.000000 0.000000 -79.763765 1.420379 53.717037 104.070900 -59.238506 -72.154596 -0.000002 0.000001 -14.830324 46.727791 -29.557421 -27.661561 -7.125020 0.000002 0.000000 8.767009 -9.216644 -10.177039 0.000000 0.000000 0.000000 74.452439 -46.088767 52.345216 -88.330821 59.989468 -58.554501 0.000002 -0.000001 -22.582462 -33.611319 -23.112377 14.620477 7.125020 -0.000002 0.000000 -5.071724 -57.040632 1.495721
11.283140 16.650975 -0.374471 120.073047 79.133194 118.527896 0.000000 0.000000 0.000000 -34.703649 3.073945 7.759116 2.129485 9.072536 26.360536 0.968702 -3.939272 -19.544651 0.015573 -0.805732 -2.214427 0.000000 0.000000 0.000000 3.124783 -3.938806 -29.494101 -16.373771 -19.749692 79.166723 -34.532257 22.853515 159.061477 -0.869543 -5.945589 16.626633 -14.293569 -1.450960 13.108074 -2.705387 -3.967346 1.258689 5.775089 -1.581632 -5.235270 0.630423 2.223221 -31.289164 1.869191 2.280194 18.996800 1.011079 1.340582 11.237543 0.000000 0.000000 0.000000 -80.308779 0.643571 54.019858 106.112200 -58.995995 -73.906532 -0.000002 0.000001 -15.165433 47.261470 -29.823062 -28.294471 -7.125020 0.000002 0.000000 8.978057 -9.774405 -10.495531 0.000000 0.000000 0.000000 73.194116 -47.850943 53.179277 -88.732924 59.993928 -58.902703 0.000002 -0.000001 -22.782908 -33.473698 -22.726858 14.327135 7.125020 -0.000002 0.000000 -4.975606 -56.572841 1.410561
11.711081 16.782332 -0.384883 121.659487 78.666938 120.120598 0.000000 0.000000 0.000000 -34.702200 3.659735 10.272640 1.853208 8.525793 24.481268 0.836846 -3.290561 -17.505980 0.044595 -1.362908 -3.747937 0.000000 0.000000 0.000000 3.024154 -3.835656 -30.432274 -17.425566 -19.908755 82.275512 -29.536977 27.428606 141.967909 -0.825973 -5.798457 16.200759 -14.675115 -1.811275 12.848906 -2.613875 -4.460717 1.147551 6.141006 -1.822430 -5.079696 0.871529 2.528988 -31.285431 1.582722 2.666447 19.391491 0.941605 1.491287 11.390927 0.000000 0.000000 0.000000 -80.721002 0.000715 54.393446 108.130541 -58.720762 -75.634067 -0.000002 0.000001 -15.671746 47.683678 -30.052947 -28.814360 -7.125020 0.000002 0.000000 9.137827 -10.241488 -10.743108 0.000000 0.000000 0.000000 71.943632 -49.511401 54.020687 -89.168513 59.997380 -59.279917 0.000002 -0.000001 -23.080670 -33.376565 -22.364578 14.069842 7.125020 -0.000002 0.000000 -4.922313 -56.141077 1.344468
12.141213 16.919585 -0.397181 122.856407 78.255559 121.301166 0.000000 0.000000 0.000000 -34.466914 4.293377 12.496888 1.592281 7.934072 22.658582 0.585222 -2.479374 -14.999082 0.076282 -1.781703 -4.902747 0.000000 0.000000 0.000000 2.934913 -3.673819 -31.081470 -18.179388 -19.988129 84.493531 -23.874019 30.930313 115.595250 -0.786024 -5.659840 15.800575 -14.996760 -2.148141 12.596955 -2.532673 -4.914471 1.043759 6.451456 -2.045819 -4.925813 1.098669 2.821867 -31.326866 1.357375 3.026858 19.803964 0.893576 1.637890 11.560904 0.000000 0.000000 0.000000 -81.001416 -0.512662 54.823353 110.110247 -58.415342 -77.323324 -0.000002 0.000001 -16.252675 47.985246 -30.239673 -29.205219 -7.125020 0.000002 0.000000 9.244149 -10.603076 -10.915069 0.000000 0.000000 0.000000 70.728480 -51.082698 54.838817 -89.648158 59.999522 -59.695294 0.000002 -0.000001 -23.406673 -33.293615 -22.031347 13.837379 7.125020 -0.000002 0.000000 -4.880256 -55.745526 1.287214
12.572711 17.060414 -0.408314 123.722072 77.918732 122.142136 0.000000 0.000000 0.000000 -34.064084 5.024872 14.584399 1.355740 7.347255 20.879557 0.351148 -1.561050 -12.259393 0.094975 -1.987513 -5.471149 0.000000 0.000000 0.000000 2.910412 -3.449219 -31.481529 -18.421930 -20.005629 85.211123 -18.509179 31.675718 82.148794 -0.752552 -5.540765 15.457589 -15.280594 -2.452392 12.339588 -2.452986 -5.318454 0.939503 6.727219 -2.245767 -4.776480 1.325750 3.092327 -31.376378 1.171255 3.347855 20.208222 0.853162 1.772445 11.731475 0.000000 0.000000 0.000000 -81.154657 -0.895263 55.306881 112.032094 -58.083971 -78.957615 -0.000002 0.000001 -16.825176 48.189519 -30.399136 -29.495929 -7.125020 0.000002 0.000000 9.305455 -10.887293 -11.024443 0.000000 0.000000 0.000000 69.576123 -52.587849 55.601995 -90.185068 59.999858 -60.160271 0.000002 -0.000001 -23.709731 -33.202173 -21.734437 13.622003 7.125020 -0.000002 0.000000 -4.822774 -55.389170 1.231470
13.004832 17.202246 -0.415897 124.184219 77.646521 122.585675 0.000000 0.000000 0.000000 -33.526640 5.818599 16.519627 1.145463 6.774909 19.168928 0.153756 -0.556605 -9.395658 0.087021 -1.902682 -5.236784 0.000000 0.000000 0.000000 2.946319 -3.156309 -31.670565 -18.035215 -19.968394 84.087393 -13.561093 28.644447 50.034911 -0.731790 -5.465475 15.241088 -15.580218 -2.709890 12.063451 -2.375242 -5.659254 0.827738 6.995899 -2.413984 -4.632070 1.566604 3.330670 -31.410462 0.995553 3.617711 20.590435 0.804620 1.886830 11.893701 0.000000 0.000000 0.000000 -81.193720 -1.147198 55.844611 113.877752 -57.732085 -80.521296 -0.000002 0.000001 -17.325221 48.330860 -30.563721 -29.737768 -7.125020 0.000002 0.000000 9.330874 -11.147255 -11.088137 0.000000 0.000000 0.000000 68.503508 -54.043495 56.289987 -90.782689 59.997672 -60.677821 0.000002 -0.000001 -23.976971 -33.088030 -21.494206 13.428203 7.125020 -0.000002 0.000000 -4.731409 -55.091916 1.174746
13.436833 17.342330 -0.418917 124.159404 77.415585 122.561651 0.000000 0.000000 0.000000 -32.925753 6.631425 18.286651 0.965825 6.237870 17.583538 0.007939 0.481295 -6.567553 0.052715 -1.481627 -4.075078 0.000000 0.000000 0.000000 3.007563 -2.798132 -31.677361 -17.042768 -19.844511 81.179920 -8.783839 22.741109 26.011656 -0.727988 -5.451567 15.201124 -15.945319 -2.910313 11.757445 -2.303325 -5.927054 0.705603 7.279664 -2.544507 -4.489264 1.822542 3.530677 -31.425881 0.813478 3.831736 20.948945 0.740419 1.976693 12.046252 0.000000 0.000000 0.000000 -81.136665 -1.279147 56.435889 115.627704 -57.366724 -81.998040 -0.000002 0.000001 -17.713498 48.438852 -30.761318 -29.975559 -7.125020 0.000002 0.000000 9.327878 -11.429026 -11.120413 0.000000 0.000000 0.000000 67.516226 -55.450648 56.894204 -91.436358 59.992191 -61.243887 0.000002 -0.000001 -24.225200 -32.951446 -21.340490 13.273181 7.125020 -0.000002 0.000000 -4.602665 -54.887706 1.120019
13.868228 17.477859 -0.417449 123.678542 77.214862 122.108279 0.000000 0.000000 0.000000 -32.319855 7.414368 19.874386 0.822290 5.768161 16.210952 -0.081980 1.481390 -3.970416 0.014000 -0.763964 -2.099568 0.000000 0.000000 0.000000 3.079509 -2.387544 -31.516058 -15.586858 -19.575556 76.870819 -4.584177 15.849919 10.443985 -0.738697 -5.490646 15.313438 -16.386181 -3.053595 11.412340 -2.235650 -6.119258 0.578107 7.585777 -2.636911 -4.338348 2.078857 3.691715 -31.431647 0.628399 3.994303 21.283661 0.665043 2.043258 12.189722 0.000000 0.000000 0.000000 -80.996566 -1.317958 57.079704 117.258283 -56.997330 -83.368406 -0.000002 0.000001 -17.980548 48.544930 -31.002670 -30.244109 -7.125020 0.000002 0.000000 9.309569 -11.760262 -11.140567 0.000000 0.000000 0.000000 66.615379 -56.793941 57.411347 -92.139947 59.982679 -61.853137 0.000002 -0.000000 -24.483855 -32.810137 -21.301450 13.181487 7.125020 -0.000002 0.000000 -4.452253 -54.812334 1.074706
14.298714 17.606138 -0.412277 122.910127 77.055078 121.395630 0.000000 0.000000 0.000000 -31.733456 8.110231 21.277487 0.719685 5.404642 15.156808 -0.124388 2.379502 -1.802454 0.000243 0.100687 0.276639 0.000000 0.000000 0.000000 3.186006 -1.942377 -31.193357 -13.856651 -19.112558 71.655895 -1.460618 9.474519 1.188391 -0.755795 -5.552423 15.491137 -16.865205 -3.151249 11.021145 -2.163046 -6.242297 0.455861 7.904540 -2.697136 -4.166084 2.315805 3.820242 -31.443325 0.454145 4.118541 21.594725 0.589529 2.092698 12.325692 0.000000 0.000000 0.000000 -80.777562 -1.299553 57.772392 118.746361 -56.634835 -84.613830 -0.000002 0.000000 -18.136149 48.694146 -31.278814 -30.576712 -7.125020 0.000002 0.000000 9.301847 -12.153268 -11.182047 0.000000 0.000000 0.000000 65.797193 -58.047684 57.845027 -92.891459 59.968377 -62.503808 0.000002 -0.000000 -24.783016 -32.692050 -21.384016 13.170246 7.125020 -0.000002 0.000000 -4.309548 -54.879612 1.046589
14.727790 17.724813 -0.404790 122.078985 76.951003 120.650114 0.000000 0.000000 0.000000 -31.180800 8.655215 22.489420 0.661783 5.187209 14.529338 -0.136167 3.147207 -0.230743 0.019506 0.901714 2.478417 0.000000 0.000000 0.000000 3.357751 -1.484847 -30.720261 -12.018762 -18.435033 65.954144 0.413411 4.339691 -3.773680 -0.771979 -5.610212 15.657538 -17.324187 -3.223016 10.585152 -2.075056 -6.313919 0.345556 8.218230 -2.736369 -3.966950 2.522021 3.928349 -31.477252 0.301240 4.222378 21.888081 0.523389 2.133496 12.458578 0.000000 0.000000 0.000000 -80.481546 -1.249591 58.502167 120.080653 -56.288396 -85.726003 -0.000002 0.000000 -18.193253 48.931134 -31.561204 -30.993082 -7.125020 0.000002 0.000000 9.336461 -12.598347 -11.282828 0.000000 0.000000 0.000000 65.041155 -59.190067 58.215793 -93.702697 59.948125 -63.206067 0.000002 -0.000000 -25.145558 -32.619706 -21.566593 13.237775 7.125020 -0.000002 0.000000 -4.201752 -55.069815 1.039462
15.154644 17.832032 -0.396910 121.369564 76.899190 120.061354 0.000000 0.000000 0.000000 -30.691463 8.997268 23.497322 0.651958 5.149372 14.420120 -0.135325 3.812159 0.636383 0.052964 1.485122 4.084713 0.000000 0.000000 0.000000 3.593762 -1.042556 -30.115384 -10.187428 -17.544801 60.033621 1.198568 0.580213 -5.987306 -0.784095 -5.653053 15.781006 -17.720094 -3.290281 10.119834 -1.966628 -6.361531 0.241858 8.513755 -2.767794 -3.752880 2.697283 4.028185 -31.536194 0.170430 4.322104 22.170080 0.470134 2.172934 12.591145 0.000000 0.000000 0.000000 -80.117121 -1.170512 59.249025 121.267152 -55.962706 -86.711120 -0.000002 0.000000 -18.168454 49.266484 -31.815989 -31.479580 -7.125020 0.000002 0.000000 9.429547 -13.063116 -11.458667 0.000000 0.000000 0.000000 64.302172 -60.218133 58.564711 -94.606793 59.919649 -63.988519 0.000002 -0.000000 -25.580278 -32.600244 -21.813387 13.367251 7.125020 -0.000002 0.000000 -4.141565 -55.343935 1.052283
15.578507 17.926306 -0.390840 120.897714 76.882237 119.750707 0.000000 0.000000 0.000000 -30.293354 9.121847 24.289454 0.693609 5.308081 14.876985 -0.135739 4.450546 0.783121 0.080156 1.826271 5.025780 0.000000 0.000000 0.000000 3.866343 -0.644017 -29.396890 -8.429662 -16.452235 54.029854 1.249858 -1.960368 -6.604716 -0.791624 -5.679494 15.857256 -18.030958 -3.370132 9.648289 -1.837011 -6.412923 0.131788 8.785336 -2.802648 -3.546430 2.845587 4.126982 -31.604468 0.054184 4.428469 22.437023 0.427928 2.215028 12.719233 0.000000 0.000000 0.000000 -79.703568 -1.051469 59.990855 122.320108 -55.659310 -87.582123 -0.000002 0.000001 -18.088964 49.664026 -32.035147 -31.998958 -7.125020 0.000002 0.000000 9.565332 -13.520718 -11.686253 0.000000 0.000000 0.000000 63.524388 -61.145716 58.937856 -95.644778 59.879248 -64.886534 0.000002 -0.000000 -26.078899 -32.628130 -22.090075 13.536856 7.125020 -0.000002 0.000000 -4.128108 -55.662049 1.081206
15.999177 18.006259 -0.388565 120.734507 76.890138 119.789735 0.000000 0.000000 0.000000 -29.975913 9.061803 24.869227 0.789608 5.655492 15.881620 -0.146238 5.136226 0.321985 0.093032 1.967130 5.414826 0.000000 0.000000 0.000000 4.155779 -0.312982 -28.575376 -6.783893 -15.168565 47.997907 0.946042 -3.566785 -6.426446 -0.797249 -5.699163 15.914000 -18.238762 -3.473045 9.183861 -1.684930 -6.485317 0.008261 9.027391 -2.848020 -3.360239 2.968891 4.226430 -31.663830 -0.057490 4.546333 22.674795 0.393000 2.260622 12.834069 0.000000 0.000000 0.000000 -79.267893 -0.890912 60.709714 123.245240 -55.381259 -88.344742 -0.000002 0.000001 -17.984797 50.064373 -32.253107 -32.521992 -7.125020 0.000002 0.000000 9.702537 -13.979551 -11.914427 0.000000 0.000000 0.000000 62.671217 -61.983390 59.360533 -96.831340 59.822916 -65.912590 0.000002 -0.000000 -26.617647 -32.692465 -22.365227 13.723905 7.125020 -0.000002 0.000000 -4.154662 -55.986457 1.121375
16.417272 18.070521 -0.391339 120.921530 76.926767 120.214071 0.000000 0.000000 0.000000 -29.686095 8.883189 25.261007 0.941020 6.160140 17.352212 -0.170640 5.874801 -0.513785 0.088200 1.915498 5.272186 0.000000 0.000000 0.000000 4.466551 -0.071237 -27.660384 -5.278298 -13.707880 41.967757 0.570928 -4.560310 -5.927198 -0.807711 -5.735548 16.019019 -18.323154 -3.602649 8.722732 -1.508835 -6.581648 -0.123709 9.229803 -2.906530 -3.187910 3.069053 4.324289 -31.710083 -0.174227 4.674411 22.867651 0.360750 2.307804 12.928700 0.000000 0.000000 0.000000 -78.836312 -0.705223 61.396491 124.030099 -55.136716 -88.989693 -0.000002 0.000001 -17.873303 50.413880 -32.528395 -33.040031 -7.125020 0.000002 0.000000 9.794644 -14.476765 -12.088184 0.000000 0.000000 0.000000 61.745144 -62.727130 59.824683 -98.132477 59.748602 -67.036980 0.000002 -0.000001 -27.159115 -32.780032 -22.604589 13.902869 7.125020 -0.000002 0.000000 -4.212732 -56.275798 1.166926
16.834060 18.117873 -0.399489 121.470398 76.997601 121.024807 0.000000 0.000000 0.000000 -29.362368 8.656409 25.505866 1.146108 6.777701 19.171866 -0.205615 6.582803 -1.447321 0.065028 1.645300 4.526373 0.000000 0.000000 0.000000 4.815364 0.049689 -26.684087 -3.944247 -12.099659 36.001706 0.274935 -5.207948 -5.316238 -0.830079 -5.812501 16.241359 -18.270429 -3.756367 8.253359 -1.311479 -6.695033 -0.252533 9.379570 -2.977042 -3.014071 3.153131 4.415792 -31.755860 -0.306963 4.805176 23.008322 0.324410 2.352109 13.002764 0.000000 0.000000 0.000000 -78.425778 -0.517334 62.052518 124.650379 -54.937703 -89.498030 -0.000002 0.000001 -17.756874 50.668745 -32.912158 -33.546259 -7.125020 0.000002 0.000000 9.801854 -15.044679 -12.159591 0.000000 0.000000 0.000000 60.785310 -63.367831 60.295222 -99.480284 59.657646 -68.200723 0.000002 -0.000001 -27.657543 -32.873607 -22.773227 14.045507 7.125020 -0.000002 0.000000 -4.289475 -56.486977 1.210143
17.250975 18.147498 -0.412658 122.357582 77.095261 122.185496 0.000000 0.000000 0.000000 -28.975648 8.428968 25.653518 1.400555 7.464076 21.223541 -0.240709 7.133940 -2.257211 0.033008 1.172760 3.224282 0.000000 0.000000 0.000000 5.213396 -0.009416 -25.713639 -2.813865 -10.398179 30.214085 0.098486 -5.661644 -4.623392 -0.867999 -5.940446 16.611726 -18.082648 -3.927763 7.766363 -1.103998 -6.815750 -0.366936 9.463261 -3.056325 -2.825239 3.232146 4.495197 -31.823085 -0.465632 4.927372 23.103403 0.276571 2.387913 13.063251 0.000000 0.000000 0.000000 -78.040498 -0.340968 62.683380 125.088252 -54.794100 -89.856126 -0.000002 0.000001 -17.636626 50.781834 -33.428757 -34.010064 -7.125020 0.000002 0.000000 9.690517 -15.682265 -12.084542 0.000000 0.000000 0.000000 59.855070 -63.903428 60.721988 -100.809879 59.553813 -69.347598 0.000003 -0.000001 -28.070761 -32.954283 -22.848345 14.129202 7.125020 -0.000002 0.000000 -4.367799 -56.590044 1.242922
17.669023 18.159101 -0.430188 123.503906 77.195137 123.603309 0.000000 0.000000 0.000000 -28.548327 8.216960 25.751318 1.698994 8.184394 23.414612 -0.264388 7.431523 -2.832018 0.008633 0.599974 1.648702 0.000000 0.000000 0.000000 5.654770 -0.338372 -24.852729 -1.910343 -8.684861 24.769309 0.018439 -5.948481 -3.786571 -0.922399 -6.118835 17.129605 -17.781519 -4.108235 7.258292 -0.906427 -6.934694 -0.458735 9.469514 -3.140032 -2.613616 3.315417 4.558016 -31.931610 -0.653333 5.030546 23.169457 0.212994 2.410847 13.120587 0.000000 0.000000 0.000000 -77.674936 -0.173075 63.286677 125.349769 -54.707089 -90.069694 -0.000002 0.000001 -17.529415 50.702150 -34.062267 -34.368392 -7.125020 0.000002 0.000000 9.437905 -16.341085 -11.828671 0.000000 0.000000 0.000000 59.029269 -64.339304 61.049533 -102.086570 59.440738 -70.447614 0.000003 -0.000001 -28.370674 -33.011628 -22.834637 14.151013 7.125020 -0.000002 0.000000 -4.435077 -56.587833 1.261608
18.088235 18.152765 -0.451178 124.771104 77.272839 125.126861 0.000000 0.000000 0.000000 -28.129277 8.017650 25.831439 2.037099 8.916485 25.687312 -0.271087 7.450703 -3.165508 0.000159 0.081371 0.223566 0.000000 0.000000 0.000000 6.129429 -1.024230 -24.225329 -1.237590 -7.060400 19.862159 -0.009592 -6.011121 -2.731033 -0.994108 -6.345476 17.790160 -17.399952 -4.285473 6.734188 -0.739840 -7.040486 -0.521629 9.393329 -3.221530 -2.377773 3.406758 4.602928 -32.092458 -0.864142 5.108854 23.219826 0.134535 2.419493 13.181869 0.000000 0.000000 0.000000 -77.322311 0.001138 63.844015 125.469467 -54.666950 -90.167370 -0.000002 0.000001 -17.473530 50.404558 -34.728626 -34.537470 -7.125020 0.000002 0.000000 9.058818 -16.913310 -11.400965 0.000000 0.000000 0.000000 58.386167 -64.678983 61.219680 -103.306545 59.320260 -71.497498 0.000003 -0.000001 -28.545628 -33.050350 -22.769882 14.134517 7.125020 -0.000002 0.000000 -4.490004 -56.523895 1.270236
18.507354 18.128763 -0.474192 126.026596 77.334850 126.612031 0.000000 0.000000 0.000000 -27.739228 7.826145 25.902305 2.413303 9.650014 28.017930 -0.262609 7.230551 -3.316149 0.001629 -0.260647 -0.716144 0.000000 0.000000 0.000000 6.656566 -2.086310 -23.938895 -0.775446 -5.626775 15.682464 -0.022304 -5.783643 -1.439558 -1.083960 -6.617207 18.586146 -16.958461 -4.441729 6.209878 -0.613401 -7.115250 -0.549570 9.237455 -3.290550 -2.124114 3.501866 4.630989 -32.308621 -1.082980 5.160745 23.254374 0.047480 2.415053 13.246696 0.000000 0.000000 0.000000 -76.982200 0.198799 64.327473 125.495570 -54.658170 -90.188664 -0.000002 0.000001 -17.507771 49.933055 -35.254141 -34.443100 -7.125020 0.000002 0.000000 8.637741 -17.234634 -10.894386 0.000000 0.000000 0.000000 58.005346 -64.917767 61.168267 -104.479906 59.192741 -72.505970 0.000003 -0.000001 -28.597062 -33.084743 -22.713404 14.120515 7.125020 -0.000002 0.000000 -4.538640 -56.468299 1.278031
18.924165 18.087482 -0.497311 127.212719 77.418371 127.990593 0.000000 0.000000 0.000000 -27.352163 7.643279 25.950622 2.829503 10.383188 30.409196 -0.244408 6.837514 -3.355155 0.004067 -0.411830 -1.131586 0.000000 0.000000 0.000000 7.281028 -3.428834 -24.039595 -0.484260 -4.465361 12.373628 -0.035694 -5.269477 0.005517 -1.189088 -6.919841 19.478110 -16.456896 -4.556795 5.712841 -0.522216 -7.138420 -0.539331 9.010374 -3.335088 -1.869610 3.589597 4.641981 -32.574350 -1.288793 5.184398 23.263185 -0.038713 2.399036 13.308624 0.000000 0.000000 0.000000 -76.660494 0.435567 64.718587 125.458487 -54.670641 -90.158414 -0.000002 0.000001 -17.632160 49.403098 -35.430042 -34.060720 -7.125020 0.000002 0.000000 8.309988 -17.144361 -10.466208 0.000000 0.000000 0.000000 57.956804 -65.048463 60.834952 -105.617012 59.058086 -73.481950 0.000003 -0.000001 -28.536183 -33.126304 -22.725327 14.148903 7.125020 -0.000002 0.000000 -4.583995 -56.491425 1.293562
19.336301 18.029403 -0.518649 128.342724 77.556959 129.263995 0.000000 0.000000 0.000000 -26.926231 7.475899 25.952356 3.291044 11.119194 32.881620 -0.221691 6.331447 -3.327488 0.005414 -0.475142 -1.305583 0.000000 0.000000 0.000000 8.019672 -4.838582 -24.476287 -0.316631 -3.619372 9.996627 -0.047960 -4.588525 1.421256 -1.299177 -7.221229 20.372455 -15.894307 -4.614922 5.280647 -0.456580 -7.097182 -0.494819 8.726844 -3.346086 -1.641614 3.657496 4.632212 -32.864828 -1.462276 5.175288 23.232289 -0.115864 2.371663 13.356053 0.000000 0.000000 0.000000 -76.364670 0.723020 65.021708 125.347383 -54.707889 -90.067752 -0.000002 0.000001 -17.796438 48.925553 -35.151535 -33.430868 -7.125020 0.000002 0.000000 8.167543 -16.589828 -10.228429 0.000000 0.000000 0.000000 58.273087 -65.069881 60.191650 -106.723392 58.916419 -74.430185 0.000003 -0.000001 -28.384513 -33.174791 -22.843323 14.240872 7.125020 -0.000002 0.000000 -4.619467 -56.635651 1.319735
19.741694 17.955068 -0.536570 129.471469 77.765005 130.474831 0.000000 0.000000 0.000000 -26.422444 7.333296 25.882213 3.806520 11.863500 35.467177 -0.197970 5.749516 -3.247802 0.008528 -0.596309 -1.638626 0.000000 0.000000 0.000000 8.829114 -6.009952 -25.092591 -0.229804 -3.087167 8.512769 -0.052431 -3.972701 2.558883 -1.398528 -7.481159 21.148915 -15.281323 -4.608894 4.957688 -0.405504 -6.991537 -0.429120 8.410198 -3.319983 -1.476053 3.695662 4.596824 -33.130451 -1.591034 5.129677 23.144737 -0.179078 2.332986 13.372074 0.000000 0.000000 0.000000 -76.101704 1.066610 65.258141 125.120699 -54.783358 -89.882643 -0.000002 0.000001 -17.937459 48.520315 -34.506724 -32.631352 -7.125020 0.000002 0.000000 8.182249 -15.674363 -10.155737 0.000000 0.000000 0.000000 58.926103 -64.987149 59.264970 -107.794746 58.769043 -75.347005 0.000003 -0.000001 -28.173675 -33.219877 -23.062631 14.388342 7.125020 -0.000002 0.000000 -4.633639 -56.893122 1.352453
20.138825 17.865050 -0.549942 130.615558 78.032897 131.629932 0.000000 0.000000 0.000000 -25.828319 7.225204 25.721956 4.386682 12.620793 38.201053 -0.175261 5.109313 -3.124711 0.017659 -0.857975 -2.358106 0.000000 0.000000 0.000000 9.604829 -6.639353 -25.676026 -0.193099 -2.831250 7.802205 -0.048288 -3.678694 3.198170 -1.474788 -7.673674 21.727223 -14.651505 -4.538941 4.788415 -0.360798 -6.831252 -0.361559 8.093149 -3.257889 -1.410935 3.700369 4.533686 -33.316834 -1.672560 5.048548 22.991914 -0.227334 2.284145 13.343149 0.000000 0.000000 0.000000 -75.879708 1.471204 65.449106 124.737185 -54.909444 -89.569077 -0.000002 0.000001 -18.020178 48.129524 -33.695002 -31.738129 -7.125020 0.000002 0.000000 8.249676 -14.581268 -10.132989 0.000000 0.000000 0.000000 59.832634 -64.807478 58.131423 -108.815218 58.619166 -76.218908 0.000003 -0.000001 -27.937351 -33.252366 -23.344010 14.564135 7.125020 -0.000002 0.000000 -4.621799 -57.217320 1.384898
20.527426 17.759916 -0.559029 131.594658 78.307271 132.540182 0.000000 0.000000 0.000000 -25.212036 7.166798 25.473618 5.041049 13.390447 41.106236 -0.154623 4.426569 -2.978543 0.036120 -1.226728 -3.372869 0.000000 0.000000 0.000000 10.190552 -6.591073 -26.054657 -0.189530 -2.804942 7.729998 -0.037119 -3.842649 3.268016 -1.526762 -7.801655 22.113249 -14.084850 -4.409952 4.805544 -0.331222 -6.630493 -0.309430 7.813812 -3.163815 -1.471813 3.676842 4.444812 -33.393395 -1.716400 4.937646 22.788714 -0.264277 2.226923 13.270720 0.000000 0.000000 0.000000 -75.709232 1.949973 65.603133 124.174913 -55.090717 -89.108488 -0.000002 0.000001 -18.040483 47.703921 -32.878502 -30.812064 -7.125020 0.000002 0.000000 8.289658 -13.461757 -10.071586 0.000000 0.000000 0.000000 60.881974 -64.538635 56.892789 -109.767529 58.470781 -77.031283 0.000003 -0.000001 -27.700640 -33.275324 -23.655726 14.751633 7.125020 -0.000002 0.000000 -4.592078 -57.573058 1.415055
20.908977 17.640170 -0.565903 132.008703 78.502660 132.792108 0.000000 0.000000 0.000000 -24.714995 7.186238 25.169671 5.772325 14.162244 44.174217 -0.136637 3.733089 -2.832500 0.061051 -1.594290 -4.385688 0.000000 0.000000 0.000000 10.436832 -5.981757 -26.167148 -0.212912 -2.971755 8.194423 -0.016399 -4.397924 2.900272 -1.562712 -7.888730 22.376627 -13.690514 -4.228133 5.020408 -0.344347 -6.402013 -0.280050 7.603012 -3.042517 -1.661757 3.634520 4.335771 -33.357327 -1.739393 4.806835 22.568767 -0.295712 2.163775 13.169534 0.000000 0.000000 0.000000 -75.601662 2.525719 65.713417 123.431653 -55.323909 -88.498101 -0.000002 0.000000 -18.006900 47.242983 -32.136673 -29.906159 -7.125020 0.000002 0.000000 8.278893 -12.404740 -9.949701 0.000000 0.000000 0.000000 61.963855 -64.189620 55.649527 -110.645219 58.326605 -77.778830 0.000003 -0.000001 -27.477558 -33.305719 -24.004719 14.963521 7.125020 -0.000002 0.000000 -4.562043 -57.972010 1.449171
21.286621 17.506205 -0.573567 131.473900 78.542083 131.979672 0.000000 0.000000 0.000000 -24.467710 7.322619 24.873432 6.571124 14.915730 47.352914 -0.121745 3.076168 -2.698213 0.084211 -1.871790 -5.151467 0.000000 0.000000 0.000000 10.276481 -5.112059 -26.050827 -0.264281 -3.308237 9.132626 0.015570 -5.097255 2.351110 -1.590025 -7.954118 22.574813 -13.551175 -3.999334 5.420596 -0.428960 -6.154514 -0.266856 7.472487 -2.898804 -1.960589 3.578501 4.214973 -33.219033 -1.755614 4.670211 22.365580 -0.324613 2.098897 13.056492 0.000000 0.000000 0.000000 -75.565562 3.221231 65.762184 122.518626 -55.600564 -87.745985 -0.000002 0.000000 -17.932573 46.764323 -31.499866 -29.058509 -7.125020 0.000002 0.000000 8.220068 -11.455558 -9.776226 0.000000 0.000000 0.000000 62.988775 -63.768928 54.479406 -111.450503 58.187953 -78.463663 0.000003 -0.000001 -27.275286 -33.364906 -24.418182 15.226604 7.125020 -0.000002 0.000000 -4.550742 -58.449741 1.497201
21.664376 17.358438 -0.584445 129.901512 78.377903 129.988915 0.000000 0.000000 0.000000 -24.522487 7.609232 24.660968 7.416380 15.626380 50.558514 -0.110143 2.495500 -2.581252 0.100831 -2.047688 -5.637463 0.000000 0.000000 0.000000 9.743290 -4.321968 -25.778956 -0.348767 -3.795526 10.496738 0.051777 -5.610234 1.850562 -1.604211 -7.987827 22.677116 -13.692137 -3.730214 5.974370 -0.597870 -5.894864 -0.252595 7.416920 -2.738651 -2.331052 3.505564 4.091669 -32.994742 -1.768295 4.542917 22.203460 -0.348172 2.037839 12.945022 0.000000 0.000000 0.000000 -75.603877 4.045857 65.728644 121.451996 -55.910436 -86.864250 -0.000002 0.000000 -17.837463 46.267370 -30.967059 -28.270881 -7.125020 0.000002 0.000000 8.115300 -10.615956 -9.556619 0.000000 0.000000 0.000000 63.900286 -63.281390 53.426383 -112.180163 58.056970 -79.083278 0.000002 -0.000001 -27.097124 -33.464030 -24.896424 15.547598 7.125020 -0.000002 0.000000 -4.570645 -59.009314 1.564275
22.045070 17.197759 -0.599004 127.586757 78.012254 127.105746 0.000000 0.000000 0.000000 -24.826678 8.048080 24.553122 8.296932 16.284934 53.757818 -0.101901 1.991363 -2.506863 0.112502 -2.162581 -5.955182 0.000000 0.000000 0.000000 8.959453 -3.831175 -25.414976 -0.473362 -4.413524 12.237803 0.081111 -5.667166 1.456901 -1.585148 -7.942490 22.539543 -14.074397 -3.427022 6.643422 -0.837622 -5.627289 -0.222432 7.422634 -2.567490 -2.738324 3.405232 3.971129 -32.707271 -1.766987 4.433137 22.098580 -0.358493 1.984505 12.845435 0.000000 0.000000 0.000000 -75.715710 4.989587 65.596227 120.240757 -56.245429 -85.859152 -0.000002 0.000000 -17.746882 45.728815 -30.509746 -27.507489 -7.125020 0.000002 0.000000 7.961568 -9.845810 -9.286210 0.000000 0.000000 0.000000 64.677331 -62.727104 52.503566 -112.816199 57.938578 -79.622656 0.000002 -0.000001 -26.943502 -33.596039 -25.391079 15.896411 7.125020 -0.000002 0.000000 -4.623441 -59.595019 1.646170
22.428307 17.025836 -0.615668 125.060875 77.537518 123.882020 0.000000 0.000000 0.000000 -25.204368 8.618401 24.509718 9.208019 16.889390 56.944973 -0.095666 1.527598 -2.479722 0.121184 -2.244195 -6.181012 0.000000 0.000000 0.000000 8.139621 -3.639266 -25.013067 -0.646753 -5.145524 14.319036 0.097146 -5.185444 0.998541 -1.509397 -7.759180 21.984986 -14.577358 -3.091568 7.397665 -1.104391 -5.346159 -0.175748 7.463806 -2.385385 -3.171598 3.265841 3.850913 -32.379351 -1.735547 4.336483 22.051924 -0.347940 1.938134 12.761259 0.000000 0.000000 0.000000 -75.903319 6.026295 65.353615 118.874412 -56.602477 -84.720756 -0.000002 0.000001 -17.684098 45.115694 -30.086735 -26.716880 -7.125020 0.000002 0.000000 7.752965 -9.086350 -8.954868 0.000000 0.000000 0.000000 65.334347 -62.100367 51.697476 -113.332803 57.839487 -80.060231 0.000002 -0.000001 -26.811963 -33.746624 -25.835937 16.229148 7.125020 -0.000002 0.000000 -4.707677 -60.129679 1.735421
22.810637 16.844882 -0.632446 122.843912 77.158441 120.881201 0.000000 0.000000 0.000000 -25.367540 9.296077 24.466756 10.139125 17.435267 60.095731 -0.089100 1.042104 -2.443226 0.125237 -2.281273 -6.283650 0.000000 0.000000 0.000000 7.593804 -3.548835 -24.642392 -0.883116 -5.991494 16.755000 0.093864 -4.315601 0.161568 -1.385492 -7.447662 21.048576 -14.978992 -2.721990 8.216944 -1.329843 -5.029894 -0.121370 7.484468 -2.185176 -3.641093 3.085284 3.724449 -32.023117 -1.670802 4.241535 22.035970 -0.317210 1.894035 12.683093 0.000000 0.000000 0.000000 -76.179023 7.114816 64.990457 117.313023 -56.984428 -83.414308 -0.000002 0.000001 -17.661168 44.397418 -29.662290 -25.854834 -7.125020 0.000002 0.000000 7.482151 -8.286714 -8.551461 0.000000 0.000000 0.000000 65.927240 -61.383888 50.960177 -113.710972 57.765265 -80.380242 0.000002 -0.000001 -26.693563 -33.921420 -26.200479 16.533548 7.125020 -0.000002 0.000000 -4.840157 -60.581382 1.836583
23.187284 16.657505 -0.648501 121.306565 77.163694 118.525243 0.000000 0.000000 0.000000 -24.968976 10.055971 24.356156 11.076544 17.918709 63.177952 -0.080087 0.434719 -2.295072 0.122621 -2.257408 -6.217584 0.000000 0.000000 0.000000 7.689563 -3.251471 -24.395592 -1.207018 -6.970755 19.624417 0.057361 -3.379887 -1.312546 -1.272661 -7.149982 20.160469 -14.972805 -2.319704 9.078853 -1.434314 -4.641775 -0.062189 7.391453 -1.955704 -4.152205 2.875914 3.588223 -31.648662 -1.592510 4.140623 21.998862 -0.277695 1.847119 12.592541 0.000000 0.000000 0.000000 -76.566105 8.192486 64.494357 115.479914 -57.398804 -81.873554 -0.000002 0.000001 -17.670793 43.559302 -29.215768 -24.901604 -7.125020 0.000002 0.000000 7.145516 -7.420911 -8.071626 0.000000 0.000000 0.000000 66.552644 -60.538066 50.204203 -113.937752 57.720066 -80.572020 0.000002 -0.000001 -26.571194 -34.166355 -26.517812 16.857118 7.125020 -0.000002 0.000000 -5.074390 -60.999969 1.978763
23.553591 16.467298 -0.664087 120.709737 77.852849 117.129227 0.000000 0.000000 0.000000 -23.680676 10.868474 24.114715 12.004257 18.337460 66.154459 -0.068332 -0.441044 -1.922633 0.115100 -2.187325 -6.023638 0.000000 0.000000 0.000000 8.766312 -2.409820 -24.357304 -1.653464 -8.104239 23.027299 -0.023981 -2.685016 -3.487515 -1.226999 -7.025320 19.790403 -14.241091 -1.895751 9.946806 -1.342752 -4.138385 0.012762 7.077098 -1.686815 -4.684028 2.660720 3.443716 -31.288212 -1.536534 4.032679 21.888200 -0.247179 1.793428 12.475800 0.000000 0.000000 0.000000 -77.092001 9.176762 63.850766 113.266456 -57.852365 -80.004057 -0.000002 0.000001 -17.682812 42.617350 -28.736100 -23.868384 -7.125020 0.000002 0.000000 6.753253 -6.487028 -7.529280 0.000000 0.000000 0.000000 67.321788 -59.493517 49.326102 -113.986479 57.710287 -80.613213 0.000002 -0.000001 -26.428640 -34.555073 -26.870419 17.292897 7.125020 -0.000002 0.000000 -5.489224 -61.498142 2.211676
23.906351 16.279743 -0.679574 121.398085 79.428262 117.094111 0.000000 0.000000 0.000000 -21.302505 11.692887 23.677766 12.909482 18.693092 68.999795 -0.059672 -1.744965 -1.241321 0.106790 -2.107147 -5.801861 0.000000 0.000000 0.000000 11.018442 -0.781707 -24.533776 -2.253496 -9.375829 26.974955 -0.145613 -2.341723 -6.230341 -1.241196 -7.064354 19.906163 -12.570431 -1.472133 10.766612 -1.006928 -3.487602 0.124424 6.462432 -1.374782 -5.185414 2.475524 3.296236 -31.004479 -1.549912 3.919970 21.671935 -0.248612 1.729506 12.333235 0.000000 0.000000 0.000000 -77.774861 9.991072 63.042672 110.561860 -58.340609 -77.707880 -0.000002 0.000001 -17.649874 41.617116 -28.202138 -22.781056 -7.125020 0.000002 0.000000 6.334047 -5.482714 -6.959207 0.000000 0.000000 0.000000 68.311951 -58.157193 48.257656 -113.804708 57.746645 -80.459520 0.000002 -0.000001 -26.263388 -35.139038 -27.338401 17.921819 7.125020 -0.000002 0.000000 -6.140758 -62.180886 2.581440
24.245088 16.102393 -0.694827 124.240694 81.860580 119.338449 0.000000 0.000000 0.000000 -17.903717 12.474127 22.979107 13.788450 18.991503 71.716000 -0.070956 -3.559273 -0.225356 0.100464 -2.043971 -5.627189 0.000000 0.000000 0.000000 14.369146 1.601669 -24.798074 -3.002902 -10.700178 31.272760 -0.290739 -2.253978 -9.271988 -1.267053 -7.134807 20.115365 -9.985421 -1.075223 11.476298 -0.435261 -2.693522 0.294966 5.545658 -1.027217 -5.587067 2.372130 3.155747 -30.873297 -1.684223 3.806493 21.346254 -0.308430 1.653226 12.179221 0.000000 0.000000 0.000000 -78.608214 10.604293 62.050301 107.303734 -58.837848 -74.926994 -0.000002 0.000001 -17.529036 40.608972 -27.565261 -21.648891 -7.125020 0.000002 0.000000 5.925347 -4.374063 -6.402321 0.000000 0.000000 0.000000 69.517818 -56.432839 47.017210 -113.330610 57.839912 -80.058372 0.000002 -0.000001 -26.090333 -35.897011 -27.940364 18.748025 7.125020 -0.000002 0.000000 -7.011920 -63.065493 3.099477
24.571894 15.943763 -0.709151 132.043709 84.776806 126.695331 0.000000 0.000000 0.000000 -13.933085 13.148034 21.953126 14.649919 19.241489 74.341042 -0.126222 -5.787859 1.049753 0.097001 -2.008537 -5.529250 0.000000 0.000000 0.000000 18.392956 4.344948 -24.940238 -3.836849 -11.940353 35.519627 -0.443459 -2.221450 -12.273851 -1.274574 -7.155151 20.175838 -6.839634 -0.720745 12.033979 0.286970 -1.812111 0.536459 4.437247 -0.663478 -5.831376 2.396802 3.036618 -30.949786 -1.963433 3.697622 20.931415 -0.441240 1.566953 12.033231 0.000000 0.000000 0.000000 -79.553751 11.057971 60.853324 103.525261 -59.297365 -71.685580 -0.000002 0.000001 -17.318285 39.620666 -26.754694 -20.448827 -7.125020 0.000002 0.000000 5.555842 -3.090992 -5.884817 0.000000 0.000000 0.000000 70.829277 -54.249190 45.729200 -112.524535 57.993360 -79.375400 0.000002 -0.000001 -25.938471 -36.737986 -28.630755 19.694456 7.125020 -0.000002 0.000000 -8.009271 -64.077587 3.730893
24.889647 15.811320 -0.721656 156.582099 87.382149 150.931978 0.000000 0.000000 0.000000 -10.157830 13.652696 20.539833 15.512806 19.451539 76.940141 -0.236183 -8.127517 2.371507 0.096600 -2.004396 -5.517806 0.000000 0.000000 0.000000 22.382233 6.836669 -24.809374 -4.645388 -12.973106 39.267014 -0.597031 -2.050174 -14.921427 -1.262465 -7.122365 20.078395 -3.755491 -0.404686 12.448047 1.014837 -0.940346 0.838963 3.347017 -0.310168 -5.908980 2.558576 2.955854 -31.226649 -2.356950 3.603693 20.457870 -0.634425 1.480749 11.905889 0.000000 0.000000 0.000000 -80.550611 11.465498 59.436789 99.370678 -59.665583 -68.106131 -0.000002 0.000001 -17.085464 38.660769 -25.710482 -19.150299 -7.125020 0.000002 0.000000 5.238966 -1.566704 -5.413934 0.000000 0.000000 0.000000 72.057054 -51.586459 44.591957 -111.383482 58.199729 -78.406704 0.000002 -0.000001 -25.847121 -37.562972 -29.358197 20.670421 7.125020 -0.000002 0.000000 -9.020977 -65.131974 4.420557
25.200483 15.709714 -0.731740 -140.260127 88.126665 -146.108862 0.000000 0.000000 0.000000 -7.372765 13.927901 18.705304 16.395297 19.626055 79.573170 -0.376015 -10.166746 3.443510 0.099051 -2.029591 -5.587443 0.000000 0.000000 0.000000 25.597128 8.569844 -24.393383 -5.325985 -13.741797 42.212590 -0.750424 -1.647551 -17.029526 -1.234034 -7.044690 19.847837 -1.377765 -0.115263 12.777084 1.602590 -0.182513 1.167784 2.505416 0.003564 -5.870910 2.827305 2.931042 -31.610128 -2.805195 3.546540 19.953066 -0.856729 1.411537 11.790589 0.000000 0.000000 0.000000 -81.535299 11.983341 57.804686 95.070967 -59.902606 -64.390152 -0.000002 0.000001 -16.968368 37.751217 -24.427954 -17.764786 -7.125020 0.000002 0.000000 4.982260 0.199826 -4.993737 0.000000 0.000000 0.000000 73.008050 -48.488433 43.799016 -109.928238 58.444921 -77.168248 0.000002 -0.000001 -25.856052 -38.322317 -30.096868 21.626984 7.125020 -0.000002 0.000000 -9.985883 -66.184364 5.132529
25.505775 15.640105 -0.739513 -106.098253 87.408725 -112.101206 0.000000 0.000000 0.000000 -6.040871 13.904877 16.472445 17.299754 19.763826 82.251423 -0.495768 -11.582594 4.040226 0.103623 -2.075764 -5.715086 0.000000 0.000000 0.000000 27.585893 9.366370 -23.754059 -5.826939 -14.258514 44.283158 -0.900647 -1.049656 -18.590535 -1.187973 -6.916710 19.468851 -0.076368 0.148395 13.092688 1.966997 0.387053 1.476548 2.054878 0.251921 -5.800686 3.152839 2.970697 -31.944331 -3.257082 3.549861 19.437501 -1.077090 1.374785 11.667426 0.000000 0.000000 0.000000 -82.452465 12.766088 56.002664 90.901573 -59.996927 -60.780781 -0.000002 0.000001 -17.147965 36.939827 -22.982725 -16.366602 -7.125020 0.000002 0.000000 4.792869 2.111120 -4.635220 0.000000 0.000000 0.000000 73.578919 -45.054710 43.450594 -108.192502 58.711742 -75.687018 0.000002 -0.000001 -25.983623 -39.006314 -30.813012 22.533737 7.125020 -0.000002 0.000000 -10.892246 -67.192331 5.847033
25.806812 15.600434 -0.746116 -95.463925 87.129785 -101.632634 0.000000 0.000000 0.000000 -6.118209 13.522554 13.938337 18.203541 19.860897 84.912807 -0.559904 -12.284631 4.123080 0.109336 -2.132042 -5.870712 0.000000 0.000000 0.000000 28.355349 9.354317 -22.925955 -6.151986 -14.574033 45.588696 -1.043483 -0.360639 -19.735313 -1.123911 -6.734044 18.929807 0.196704 0.375228 13.439348 2.110398 0.748752 1.729363 1.983010 0.422754 -5.768104 3.475840 3.058054 -32.077967 -3.664581 3.610542 18.927979 -1.269158 1.372644 11.514955 0.000000 0.000000 0.000000 -83.247232 13.920638 54.135686 87.138503 -59.969035 -57.522132 -0.000002 0.000001 -17.801989 36.274717 -21.517118 -15.065915 -7.125020 0.000002 0.000000 4.670618 3.994388 -4.348882 0.000000 0.000000 0.000000 73.807542 -41.418366 43.509979 -106.238013 58.979881 -74.014360 0.000002 -0.000001 -26.203350 -39.585657 -31.434415 23.320764 7.125020 -0.000002 0.000000 -11.696005 -68.064157 6.507467
26.104721 15.586254 -0.753585 -91.644272 87.399625 -98.026246 0.000000 0.000000 0.000000 -7.168503 12.769170 11.246936 19.064271 19.916269 87.438351 -0.567348 -12.392271 3.802515 0.115286 -2.189092 -6.028528 0.000000 0.000000 0.000000 28.268179 8.797534 -21.883350 -6.337525 -14.743738 46.331663 -1.170740 0.332228 -20.672915 -1.046490 -6.505448 18.258226 -0.191398 0.554722 13.820042 2.095860 0.937613 1.916196 2.147913 0.523941 -5.798366 3.735326 3.149641 -31.928897 -3.968684 3.687102 18.440711 -1.409213 1.390513 11.321270 0.000000 0.000000 0.000000 -83.856770 15.474733 52.357987 84.009584 -59.863965 -54.814520 -0.000002 0.000001 -19.039876 35.785396 -20.203883 -13.975829 -7.125020 0.000002 0.000000 4.606827 5.647500 -4.140469 0.000000 0.000000 0.000000 73.839110 -37.715454 43.835430 -104.173995 59.227104 -72.243179 0.000002 -0.000001 -26.435873 -39.973701 -31.869566 23.862931 7.125020 -0.000002 0.000000 -12.251193 -68.668928 6.980234
26.399637 15.591862 -0.763984 -91.522287 87.907431 -98.166330 0.000000 0.000000 0.000000 -8.643199 11.693661 8.519079 19.836379 19.935537 89.699836 -0.537409 -12.112244 3.221267 0.121222 -2.244546 -6.181986 0.000000 0.000000 0.000000 27.859038 7.991076 -20.625460 -6.428878 -14.852391 46.626578 -1.353549 0.951347 -21.497630 -0.964219 -6.252126 17.517729 -0.791727 0.683155 14.203371 2.004121 1.016107 2.049773 2.371805 0.576312 -5.872431 3.890161 3.200968 -31.512050 -4.127857 3.729271 17.996899 -1.484914 1.407683 11.092723 0.000000 0.000000 0.000000 -84.220103 17.375209 50.831198 81.659044 -59.735473 -52.782939 -0.000002 0.000002 -20.835316 35.485753 -19.198045 -13.188024 -7.125020 0.000002 0.000000 4.592971 6.892095 -4.015308 0.000000 0.000000 0.000000 73.836921 -34.057598 44.256709 -102.151968 59.434594 -70.503930 0.000002 -0.000001 -26.561637 -40.039966 -32.046538 24.014247 7.125020 -0.000002 0.000000 -12.326326 -68.883806 7.078856
26.690639 15.611630 -0.778532 -95.112470 88.363364 -102.034823 0.000000 0.000000 0.000000 -10.104486 10.378020 5.809325 20.484250 19.929724 91.596525 -0.489467 -11.629949 2.479630 0.128877 -2.314072 -6.374465 0.000000 0.000000 0.000000 27.450306 7.108085 -19.227958 -6.447475 -14.897285 46.628467 -1.539576 1.476887 -22.285591 -0.886559 -6.001970 16.790137 -1.263786 0.762256 14.543566 1.902641 1.043366 2.149752 2.523044 0.601481 -5.951829 3.945075 3.196451 -30.925576 -4.163629 3.717696 17.634074 -1.509080 1.411233 10.859343 0.000000 0.000000 0.000000 -84.297327 19.518558 49.677896 80.144225 -59.629756 -51.475263 -0.000002 0.000002 -23.003470 35.367874 -18.574065 -12.735089 -7.125020 0.000002 0.000000 4.621927 7.646923 -3.973088 0.000000 0.000000 0.000000 73.912328 -30.525329 44.636787 -100.341375 59.592014 -68.943622 0.000002 -0.000001 -26.451978 -39.646661 -31.939715 23.655850 7.125020 -0.000002 0.000000 -11.689555 -68.634890 6.643781
26.977014 15.641352 -0.797528 -101.396574 88.598071 -108.571570 0.000000 0.000000 0.000000 -11.297595 8.920230 3.129410 20.983487 19.911745 93.058217 -0.435153 -11.065584 1.627910 0.141804 -2.426900 -6.687017 0.000000 0.000000 0.000000 27.224974 6.237801 -17.754757 -6.402587 -14.875282 46.405317 -1.700909 1.924919 -23.039132 -0.821705 -5.783821 16.158458 -1.436468 0.802044 14.805959 1.833098 1.065735 2.229582 2.540156 0.618125 -6.007267 3.946057 3.150169 -30.304954 -4.155089 3.667768 17.407662 -1.515862 1.398927 10.667877 0.000000 0.000000 0.000000 -84.078425 21.792358 48.963239 79.438530 -59.574288 -50.866577 -0.000002 0.000002 -25.258558 35.392379 -18.297582 -12.570959 -7.125020 0.000002 0.000000 4.681407 7.962908 -3.997903 0.000000 0.000000 0.000000 74.108032 -27.180876 44.894010 -98.900639 59.698519 -67.700375 0.000002 -0.000000 -26.015106 -38.692380 -31.589674 22.746746 7.125020 -0.000002 0.000000 -10.215695 -67.934118 5.637372
27.259229 15.678964 -0.820768 -105.582255 88.591761 -112.955879 0.000000 0.000000 0.000000 -12.136794 7.429630 0.486101 21.317750 19.893430 94.036558 -0.380516 -10.488224 0.700667 0.161090 -2.585941 -7.128018 0.000000 0.000000 0.000000 27.227465 5.419353 -16.236659 -6.296475 -14.783601 45.973398 -1.823134 2.338766 -23.709845 -0.776145 -5.624982 15.700094 -1.288980 0.825385 14.979990 1.809700 1.120789 2.292756 2.419091 0.643913 -6.031448 3.942016 3.081509 -29.773675 -4.180894 3.601502 17.374185 -1.538167 1.372137 10.563740 0.000000 0.000000 0.000000 -83.578498 24.100432 48.705564 79.425741 -59.573245 -50.855549 -0.000002 0.000002 -27.317617 35.500697 -18.271116 -12.604962 -7.125020 0.000002 0.000000 4.753064 7.967686 -4.061755 0.000000 0.000000 0.000000 74.415262 -24.076219 44.998330 -97.948157 59.759933 -66.877757 0.000002 -0.000000 -25.239298 -37.157512 -31.104101 21.359224 7.125020 -0.000002 0.000000 -7.954388 -66.898514 4.183019
27.538613 15.724256 -0.847728 -104.295869 88.433804 -111.801495 0.000000 0.000000 0.000000 -12.658980 6.006695 -2.109143 21.478458 19.883406 94.505303 -0.329149 -9.941964 -0.253660 0.181970 -2.747581 -7.576775 0.000000 0.000000 0.000000 27.399006 4.679950 -14.685641 -6.134470 -14.624628 45.349272 -1.898529 2.766889 -24.237309 -0.754726 -5.548582 15.480086 -0.902334 0.864142 15.072686 1.824459 1.237883 2.335500 2.191580 0.694794 -6.033305 3.952394 2.997360 -29.410385 -4.270289 3.525875 17.564604 -1.588657 1.330470 10.572839 0.000000 0.000000 0.000000 -82.826009 26.367266 48.892293 79.912138 -59.611949 -51.275042 -0.000002 0.000001 -28.973817 35.635817 -18.398378 -12.749702 -7.125020 0.000002 0.000000 4.816935 7.786742 -4.135530 0.000000 0.000000 0.000000 74.800384 -21.249047 44.958937 -97.547571 59.783641 -66.531638 0.000002 -0.000000 -24.207028 -35.152055 -30.582305 19.660556 7.125020 -0.000002 0.000000 -5.157553 -65.685672 2.523083
27.816639 15.778040 -0.877468 -98.304034 88.211436 -105.873185 0.000000 0.000000 0.000000 -12.944884 4.725577 -4.643984 21.465229 19.885734 94.462639 -0.283298 -9.458545 -1.176148 0.198524 -2.869138 -7.914637 0.000000 0.000000 0.000000 27.649065 4.049427 -13.107452 -5.927632 -14.407189 44.565981 -1.923789 3.232112 -24.574306 -0.758841 -5.563350 15.522590 -0.388796 0.949682 15.096912 1.859349 1.438307 2.351328 1.898040 0.783373 -6.026298 3.962972 2.891287 -29.230193 -4.395809 3.430822 17.962659 -1.656945 1.271760 10.690274 0.000000 0.000000 0.000000 -81.849662 28.536375 49.487906 80.666390 -59.668240 -51.925865 -0.000002 0.000001 -30.106079 35.750544 -18.611427 -12.940375 -7.125020 0.000002 0.000000 4.853961 7.510346 -4.194224 0.000000 0.000000 0.000000 75.229232 -18.721373 44.808317 -97.711976 59.774062 -66.673699 0.000002 -0.000000 -23.065380 -33.000174 -29.964354 17.872678 7.125020 -0.000002 0.000000 -2.375981 -64.351059 0.999860
28.094564 15.841367 -0.908675 -89.038311 87.941691 -96.612240 0.000000 0.000000 0.000000 -13.038550 3.640265 -7.103893 21.284006 19.899670 93.926165 -0.244117 -9.058691 -2.012618 0.210343 -2.952797 -8.147366 0.000000 0.000000 0.000000 27.929235 3.550758 -11.500163 -5.689056 -14.143252 43.662172 -1.898676 3.718072 -24.692563 -0.783655 -5.651504 15.776539 0.176426 1.105132 15.068129 1.900954 1.738632 2.335277 1.563514 0.919104 -6.021737 3.945431 2.751164 -29.189119 -4.504425 3.297966 18.507498 -1.722313 1.193491 10.883588 0.000000 0.000000 0.000000 -80.672805 30.571038 50.436411 81.473763 -59.723509 -52.622922 -0.000002 0.000001 -30.660918 35.808283 -18.861734 -13.128790 -7.125020 0.000002 0.000000 4.848692 7.203961 -4.218234 0.000000 0.000000 0.000000 75.679019 -16.501956 44.582678 -98.400115 59.731679 -67.268157 0.000002 -0.000000 -21.958141 -31.218427 -29.018410 16.236720 7.125020 -0.000002 0.000000 -0.388529 -62.812427 -0.005208
28.373379 15.915036 -0.940086 -78.023171 87.562604 -85.567351 0.000000 0.000000 0.000000 -12.921968 2.795462 -9.462415 20.942891 19.920383 92.920503 -0.211603 -8.748351 -2.725835 0.219995 -3.019355 -8.332642 0.000000 0.000000 0.000000 28.255700 3.181619 -9.851377 -5.430290 -13.844435 42.670599 -1.824871 4.183364 -24.576184 -0.817529 -5.769462 16.116969 0.781374 1.340270 15.009262 1.948301 2.149842 2.287132 1.190988 1.107427 -6.028225 3.880699 2.568276 -29.212544 -4.555576 3.112147 19.116746 -1.769036 1.094400 11.107769 0.000000 0.000000 0.000000 -79.319147 32.455866 51.665013 82.188000 -59.768132 -53.239881 -0.000002 0.000001 -30.652678 35.787483 -19.100522 -13.272927 -7.125020 0.000002 0.000000 4.795584 6.930022 -4.196837 0.000000 0.000000 0.000000 76.135072 -14.585700 44.308048 -99.506477 59.655739 -68.223331 0.000002 -0.000000 -20.964567 -30.158350 -27.632967 14.914709 7.125020 -0.000002 0.000000 0.398578 -61.043615 -0.356279
28.653963 15.999435 -0.971128 -67.552808 86.986922 -75.070276 0.000000 0.000000 0.000000 -12.553284 2.222783 -11.669547 20.448072 19.939811 91.464790 -0.184123 -8.516254 -3.313037 0.227734 -3.071654 -8.478303 0.000000 0.000000 0.000000 28.673992 2.903999 -8.137287 -5.159144 -13.519865 41.609313 -1.706316 4.586479 -24.211385 -0.845071 -5.863454 16.388750 1.455721 1.649082 14.957331 2.009376 2.670832 2.210678 0.770867 1.346962 -6.057115 3.766578 2.342557 -29.225806 -4.532347 2.868296 19.710874 -1.790588 0.976012 11.319988 0.000000 0.000000 0.000000 -77.819817 34.198683 53.094506 82.753854 -59.800656 -53.728857 -0.000002 0.000000 -30.177903 35.690115 -19.284051 -13.344982 -7.125020 0.000002 0.000000 4.703446 6.739359 -4.133039 0.000000 0.000000 0.000000 76.582846 -12.958874 44.003751 -100.887358 59.547328 -69.414394 0.000002 -0.000000 -20.099925 -29.696735 -26.034404 13.905909 7.125020 -0.000002 0.000000 0.349717 -59.228895 -0.298418
28.937211 16.094605 -1.002201 -59.445690 86.186449 -66.982157 0.000000 0.000000 0.000000 -11.927342 1.927892 -13.653496 19.803081 19.946979 89.569682 -0.157697 -8.329423 -3.819751 0.233393 -3.109325 -8.583265 0.000000 0.000000 0.000000 29.202209 2.650329 -6.329431 -4.880137 -13.176894 40.480996 -1.551850 4.903008 -23.584144 -0.851295 -5.884460 16.449556 2.224011 2.012218 14.963531 2.091087 3.283622 2.108195 0.297615 1.627722 -6.130375 3.617349 2.082441 -29.177270 -4.440924 2.572028 20.236600 -1.789830 0.842335 11.492238 0.000000 0.000000 0.000000 -76.212691 35.831276 54.653516 83.191033 -59.824080 -54.106747 -0.000002 0.000000 -29.406678 35.544355 -19.400049 -13.350245 -7.125020 0.000002 0.000000 4.592358 6.639454 -4.043896 0.000000 0.000000 0.000000 77.004529 -11.613768 43.697335 -102.419031 59.409120 -70.733854 0.000002 -0.000001 -19.368793 -29.476161 -24.573003 13.127395 7.125020 -0.000002 0.000000 0.088692 -57.627836 -0.147275
29.223971 16.200321 -1.034253 -53.853086 85.223097 -61.488065 0.000000 0.000000 0.000000 -11.115304 1.882847 -15.340572 19.010628 19.927984 87.241659 -0.125880 -8.123413 -4.327998 0.239274 -3.147986 -8.691024 0.000000 0.000000 0.000000 29.790952 2.344749 -4.411044 -4.597162 -12.824043 39.282901 -1.377857 5.129335 -22.686551 -0.824544 -5.793560 16.186604 3.062278 2.404855 15.077415 2.190407 3.955883 1.977171 -0.214944 1.932906 -6.277712 3.457596 1.801273 -29.048752 -4.306808 2.237312 20.679577 -1.777428 0.698487 11.617683 0.000000 0.000000 0.000000 -74.535668 37.401935 56.288528 83.562957 -59.842842 -54.428300 -0.000002 0.000000 -28.541610 35.394457 -19.472983 -13.325547 -7.125020 0.000002 0.000000 4.486095 6.590928 -3.954060 0.000000 0.000000 0.000000 77.380553 -10.553776 43.430156 -104.030811 59.242910 -72.120147 0.000002 -0.000001 -18.806408 -29.289950 -23.438060 12.526766 7.125020 -0.000002 0.000000 -0.075091 -56.381349 -0.040357
29.514818 16.316098 -1.067963 -49.926941 84.212066 -57.752737 0.000000 0.000000 0.000000 -10.252692 2.032700 -16.679656 18.074012 19.866036 84.485736 -0.081454 -7.798299 -4.920205 0.247079 -3.198553 -8.832028 0.000000 0.000000 0.000000 30.330824 1.932427 -2.391215 -4.315612 -12.472410 38.019737 -1.206726 5.276092 -21.524859 -0.760165 -5.568089 15.536233 3.892762 2.806233 15.318826 2.292495 4.650503 1.816304 -0.732705 2.244248 -6.515268 3.304507 1.513364 -28.847471 -4.153929 1.882909 21.050049 -1.761699 0.550698 11.703062 0.000000 0.000000 0.000000 -72.819018 38.953507 57.965288 83.947642 -59.861124 -54.760949 -0.000002 0.000000 -27.768862 35.285115 -19.539354 -13.315572 -7.125020 0.000002 0.000000 4.406474 6.540368 -3.887722 0.000000 0.000000 0.000000 77.694751 -9.773763 43.240504 -105.683698 59.049847 -73.539148 0.000002 -0.000001 -18.460843 -29.129559 -22.651001 12.096638 7.125020 -0.000002 0.000000 -0.139446 -55.507576 0.016548
29.809770 16.441146 -1.103146 -46.815540 83.264026 -54.912241 0.000000 0.000000 0.000000 -9.479475 2.312983 -17.657223 16.998678 19.741663 81.308359 -0.020105 -7.239455 -5.647377 0.254093 -3.243298 -8.956853 0.000000 0.000000 0.000000 30.706943 1.400674 -0.308249 -4.042706 -12.134241 36.712974 -1.060943 5.358448 -20.127073 -0.664624 -5.213789 14.519337 4.627983 3.204928 15.649160 2.375743 5.335459 1.642468 -1.219744 2.548097 -6.808953 3.160277 1.230405 -28.603288 -3.991555 1.525680 21.356495 -1.743455 0.404736 11.757724 0.000000 0.000000 0.000000 -71.083013 40.485522 59.657897 84.410601 -59.881614 -55.161364 -0.000002 0.000000 -27.224095 35.249959 -19.620098 -13.349780 -7.125020 0.000002 0.000000 4.370894 6.455221 -3.863343 0.000000 0.000000 0.000000 77.942562 -9.221646 43.136516 -107.329182 58.834331 -74.948775 0.000002 -0.000001 -18.344567 -29.047295 -22.175809 11.842680 7.125020 -0.000002 0.000000 -0.186534 -54.980620 0.049387
30.108247 16.574259 -1.138816 -44.047594 82.449449 -52.462322 0.000000 0.000000 0.000000 -8.883792 2.660864 -18.296336 15.795026 19.533504 77.723920 0.055365 -6.369616 -6.516293 0.254251 -3.244299 -8.959647 0.000000 0.000000 0.000000 30.852085 0.773047 1.777575 -3.785547 -11.819381 35.397517 -0.956895 5.389815 -18.543680 -0.555709 -4.775153 13.268361 5.219314 3.595855 15.966566 2.419831 5.985125 1.499897 -1.656152 2.837121 -7.058969 3.022503 0.958854 -28.373456 -3.821549 1.173863 21.593821 -1.721604 0.262796 11.790115 0.000000 0.000000 0.000000 -69.348599 41.936474 61.327437 84.987771 -59.904853 -55.660670 -0.000002 0.000001 -26.978483 35.304357 -19.710469 -13.432844 -7.125020 0.000002 0.000000 4.389618 6.337102 -3.890139 0.000000 0.000000 0.000000 78.133236 -8.782439 43.091497 -108.900157 58.606267 -76.291424 0.000002 -0.000001 -18.422784 -29.064073 -21.955313 11.749548 7.125020 -0.000002 0.000000 -0.264861 -54.746010 0.076414
30.409464 16.713601 -1.173774 -41.480869 81.803506 -50.218216 0.000000 0.000000 0.000000 -8.497070 3.014367 -18.640138 14.479869 19.219719 73.757720 0.134037 -5.199450 -7.485306 0.243161 -3.173274 -8.761530 0.000000 0.000000 0.000000 30.752615 0.082889 3.800328 -3.547945 -11.531398 34.104740 -0.901912 5.381874 -16.834880 -0.457245 -4.337785 12.028962 5.656652 3.972223 16.156595 2.412844 6.574721 1.432304 -2.033896 3.105652 -7.158794 2.892360 0.702536 -28.216164 -3.641467 0.829865 21.756224 -1.695208 0.125411 11.808355 0.000000 0.000000 0.000000 -67.650710 43.239860 62.913315 85.690177 -59.929692 -56.268466 -0.000003 0.000001 -27.038020 35.442552 -19.790543 -13.549942 -7.125020 0.000002 0.000000 4.462293 6.210250 -3.965995 0.000000 0.000000 0.000000 78.277711 -8.334224 43.074071 -110.341795 58.377261 -77.520535 0.000002 -0.000001 -18.638311 -29.146235 -21.883867 11.753636 7.125020 -0.000002 0.000000 -0.370808 -54.684392 0.102387
30.712831 16.856575 -1.207158 -39.082550 81.349678 -48.109487 0.000000 0.000000 0.000000 -8.329785 3.315225 -18.731917 13.075565 18.779419 69.442773 0.202070 -3.821602 -8.474355 0.222613 -3.037150 -8.382193 0.000000 0.000000 0.000000 30.417670 -0.643306 5.709162 -3.329248 -11.266954 32.848796 -0.895775 5.345895 -15.055741 -0.389915 -4.009677 11.103893 5.935053 4.322639 16.155935 2.350174 7.079324 1.447372 -2.345012 3.345350 -7.070933 2.776645 0.466071 -28.158485 -3.445592 0.496253 21.860842 -1.663231 -0.005194 11.823903 0.000000 0.000000 0.000000 -66.028138 44.392721 64.354730 86.517783 -59.954127 -56.984777 -0.000003 0.000001 -27.355861 35.642560 -19.847259 -13.682733 -7.125020 0.000002 0.000000 4.577318 6.094918 -4.079128 0.000000 0.000000 0.000000 78.379307 -7.820950 43.074061 -111.641618 58.154142 -78.626045 0.000002 -0.000001 -18.927793 -29.219666 -21.825998 11.756853 7.125020 -0.000002 0.000000 -0.460506 -54.634116 0.120298
31.017667 17.000091 -1.238448 -36.803278 81.099267 -46.063185 0.000000 0.000000 0.000000 -8.381898 3.523443 -18.609676 11.610549 18.194696 64.821914 0.249591 -2.351700 -9.394882 0.199562 -2.876585 -7.935344 0.000000 0.000000 0.000000 29.872333 -1.376449 7.481303 -3.126737 -11.019763 31.631917 -0.934481 5.285684 -13.258966 -0.363461 -3.872775 10.719015 6.048760 4.635675 15.967306 2.230661 7.482286 1.517865 -2.585485 3.547532 -6.831985 2.688647 0.253248 -28.201049 -3.233974 0.175076 21.953602 -1.628241 -0.126508 11.854725 0.000000 0.000000 0.000000 -64.498244 45.447705 65.619607 87.464447 -59.975688 -57.804327 -0.000003 0.000001 -27.858633 35.876058 -19.891583 -13.824850 -7.125020 0.000002 0.000000 4.715054 5.985128 -4.212786 0.000000 0.000000 0.000000 78.440801 -7.257857 43.098683 -112.825611 57.936799 -79.630637 0.000002 -0.000001 -19.234375 -29.223464 -21.697966 11.691388 7.125020 -0.000002 0.000000 -0.489961 -54.491854 0.121426
31.322303 17.141306 -1.267119 -34.690184 81.018009 -44.115075 0.000000 0.000000 0.000000 -8.594568 3.632518 -18.316140 10.121058 17.454176 59.955978 0.272739 -0.881773 -10.172928 0.179924 -2.732178 -7.533985 0.000000 0.000000 0.000000 29.201985 -2.067161 9.116960 -2.939691 -10.786290 30.465518 -1.011846 5.186858 -11.513760 -0.376041 -3.938496 10.903701 6.026097 4.902849 15.652901 2.065199 7.786125 1.592945 -2.767991 3.707979 -6.531997 2.640547 0.065227 -28.323289 -3.010920 -0.133163 22.092374 -1.594444 -0.236820 11.919719 0.000000 0.000000 0.000000 -63.045649 46.480730 66.718523 88.519313 -59.991708 -58.717724 -0.000003 0.000001 -28.471018 36.115768 -19.956971 -13.984689 -7.125020 0.000002 0.000000 4.852643 5.848581 -4.349523 0.000000 0.000000 0.000000 78.468595 -6.706346 43.167942 -113.932604 57.721106 -80.567674 0.000002 -0.000001 -19.531631 -29.169169 -21.491784 11.560023 7.125020 -0.000002 0.000000 -0.474327 -54.251870 0.110893
31.624183 17.278162 -1.292726 -33.024802 81.014180 -42.540993 0.000000 0.000000 0.000000 -8.825248 3.667579 -17.901683 8.647777 16.555486 54.919020 0.272421 0.526055 -10.755681 0.163535 -2.605399 -7.182006 0.000000 0.000000 0.000000 28.568586 -2.653573 10.622900 -2.771514 -10.569434 29.384755 -1.119027 5.024044 -9.912841 -0.418215 -4.150907 11.501609 5.951700 5.118806 15.315346 1.884004 8.013667 1.607586 -2.924853 3.828623 -6.291549 2.630042 -0.099338 -28.480740 -2.771391 -0.428449 22.323589 -1.559757 -0.334218 12.029172 0.000000 0.000000 0.000000 -61.630357 47.573380 67.698990 89.671051 -59.999583 -59.715122 -0.000002 0.000001 -29.126410 36.336754 -20.077119 -14.171919 -7.125020 0.000002 0.000000 4.968616 5.652200 -4.473007 0.000000 0.000000 0.000000 78.465867 -6.249201 43.313209 -114.992193 57.503059 -81.462444 0.000002 -0.000001 -19.829388 -29.127642 -21.226328 11.405667 7.125020 -0.000002 0.000000 -0.485246 -53.949768 0.106306
31.922122 17.409058 -1.315709 -32.156063 80.986168 -41.687084 0.000000 0.000000 0.000000 -8.929248 3.664389 -17.404655 7.226444 15.502320 49.772810 0.253573 1.825802 -11.123067 0.144892 -2.453068 -6.759542 0.000000 0.000000 0.000000 28.123220 -3.103124 12.002666 -2.627763 -10.377733 28.436600 -1.246237 4.795824 -8.546615 -0.476484 -4.426853 12.280756 5.929822 5.284086 15.033383 1.720216 8.195323 1.512628 -3.093985 3.916383 -6.197206 2.641221 -0.243049 -28.624233 -2.504138 -0.709764 22.665350 -1.516781 -0.416745 12.181660 0.000000 0.000000 0.000000 -60.208474 48.780169 68.619057 90.912098 -59.996846 -60.789890 -0.000002 0.000001 -29.768076 36.514056 -20.255933 -14.376688 -7.125020 0.000002 0.000000 5.046683 5.397870 -4.568073 0.000000 0.000000 0.000000 78.429156 -5.947792 43.560131 -116.018908 57.280689 -82.327333 0.000002 -0.000001 -20.150556 -29.156797 -20.937019 11.272401 7.125020 -0.000002 0.000000 -0.576057 -53.636202 0.119716
32.219223 17.531929 -1.338157 -32.073996 80.890020 -41.544958 0.000000 0.000000 0.000000 -8.890947 3.647379 -16.826071 5.881509 14.297818 44.544123 0.224538 2.968051 -11.304632 0.120149 -2.234624 -6.154524 0.000000 0.000000 0.000000 27.874092 -3.454279 13.259161 -2.512267 -10.221256 27.652427 -1.387463 4.560694 -7.463290 -0.536337 -4.692524 13.033625 6.009110 5.408124 14.795021 1.581746 8.352086 1.302146 -3.295187 3.979866 -6.242709 2.662523 -0.367488 -28.720945 -2.212071 -0.973801 23.106418 -1.463491 -0.483531 12.367303 0.000000 0.000000 0.000000 -58.749650 50.107657 69.521868 92.241621 -59.980992 -61.941175 -0.000002 0.000000 -30.347953 36.622748 -20.454586 -14.560827 -7.125020 0.000002 0.000000 5.078250 5.137680 -4.621626 0.000000 0.000000 0.000000 78.353040 -5.817926 43.913695 -117.023420 57.052300 -83.171383 0.000002 -0.000001 -20.509220 -29.253735 -20.703546 11.198169 7.125020 -0.000002 0.000000 -0.726354 -53.398085 0.146958
32.522915 17.643664 -1.363293 -32.151838 80.781034 -41.497840 0.000000 0.000000 0.000000 -8.890817 3.621052 -16.123820 4.628355 12.940353 39.224493 0.195092 3.891083 -11.373077 0.094373 -1.981220 -5.453759 0.000000 0.000000 0.000000 27.626826 -3.814546 14.398289 -2.426207 -10.110292 27.037804 -1.546263 4.427181 -6.655785 -0.585845 -4.900744 13.625687 6.120513 5.508835 14.499566 1.436820 8.484940 1.010609 -3.510213 4.025283 -6.340802 2.698958 -0.473692 -28.758691 -1.920267 -1.217802 23.619593 -1.409204 -0.536243 12.573408 0.000000 0.000000 0.000000 -57.240923 51.527349 70.429037 93.661720 -59.949261 -63.170602 -0.000002 0.000000 -30.827863 36.643644 -20.613403 -14.674994 -7.125020 0.000002 0.000000 5.062339 4.946745 -4.625338 0.000000 0.000000 0.000000 78.236734 -5.844893 44.360842 -118.025790 56.813450 -84.011409 0.000002 -0.000001 -20.907017 -29.362802 -20.626898 11.208332 7.125020 -0.000002 0.000000 -0.857011 -53.335490 0.172874
32.840731 17.740560 -1.393552 -31.401865 80.791028 -40.577485 0.000000 0.000000 0.000000 -9.225916 3.576210 -15.247308 3.484793 11.431240 33.809913 0.173913 4.535135 -11.413166 0.078635 -1.808907 -4.977843 0.000000 0.000000 0.000000 26.902209 -4.180865 15.245509 -2.356799 -9.974134 26.639035 -1.523103 4.426374 -5.908663 -0.618630 -5.033568 14.004328 6.093653 5.607103 14.024220 1.229982 8.577930 0.694201 -3.684782 4.055483 -6.380216 2.759325 -0.565256 -28.748516 -1.656648 -1.443635 24.171997 -1.366065 -0.579382 12.788916 0.000000 0.000000 0.000000 -55.690601 52.986032 71.339304 95.162804 -59.899030 -64.469603 -0.000002 -0.000000 -31.183052 36.570865 -20.693967 -14.690547 -7.125020 0.000002 0.000000 5.002623 4.871703 -4.577957 0.000000 0.000000 0.000000 78.085051 -5.995690 44.874973 -119.056679 56.556096 -84.872892 0.000002 -0.000001 -21.339896 -29.416037 -20.762678 11.300448 7.125020 -0.000002 0.000000 -0.885344 -53.496059 0.181501
33.174189 17.819899 -1.428537 -29.208889 81.000765 -38.184637 0.000000 0.000000 0.000000 -10.052326 3.505261 -14.210555 2.483291 9.799456 28.376762 0.166696 4.865653 -11.494233 0.081603 -1.842646 -5.070991 0.000000 0.000000 0.000000 25.695015 -4.699052 15.957868 -2.326125 -9.912186 26.463395 -1.509442 4.613957 -5.388606 -0.633342 -5.091964 14.171043 5.809848 5.712010 13.296859 0.932513 8.616231 0.413941 -3.771737 4.072942 -6.268860 2.832171 -0.650052 -28.732134 -1.423924 -1.658878 24.720376 -1.334480 -0.619077 13.004285 0.000000 0.000000 0.000000 -54.144089 54.394125 72.215063 96.708452 -59.829253 -65.806360 -0.000002 -0.000000 -31.404547 36.414316 -20.705468 -14.618375 -7.125020 0.000002 0.000000 4.903827 4.899186 -4.484932 0.000000 0.000000 0.000000 77.904712 -6.203516 45.412590 -120.145803 56.270946 -85.780199 0.000002 -0.000001 -21.805428 -29.375266 -21.084186 11.443313 7.125020 -0.000002 0.000000 -0.774673 -53.842184 0.163325
33.514375 17.881595 -1.463721 -26.356373 81.303443 -35.091174 0.000000 0.000000 0.000000 -11.083476 3.400863 -13.155477 1.666037 8.126583 23.134435 0.175746 4.887407 -11.653800 0.107941 -2.118434 -5.833073 0.000000 0.000000 0.000000 24.323976 -5.265332 16.483612 -2.353044 -9.963657 26.624361 -1.507302 4.824866 -5.182381 -0.628053 -5.071056 14.111335 5.403646 5.803527 12.350637 0.600372 8.602721 0.207898 -3.790169 4.079607 -5.972744 2.883853 -0.737800 -28.772648 -1.196199 -1.873923 25.210531 -1.300735 -0.661290 13.209793 0.000000 0.000000 0.000000 -52.688902 55.635889 72.977294 98.238534 -59.741963 -67.128598 -0.000002 -0.000000 -31.496907 36.194433 -20.697531 -14.501188 -7.125020 0.000002 0.000000 4.769711 4.965802 -4.355479 0.000000 0.000000 0.000000 77.703126 -6.370299 45.919750 -121.308979 55.950913 -86.745785 0.000002 -0.000000 -22.305183 -29.249263 -21.499694 11.593386 7.125020 -0.000002 0.000000 -0.550237 -54.273773 0.119282
33.845204 17.927872 -1.491941 -25.278460 81.480573 -33.691982 0.000000 0.000000 0.000000 -11.658791 3.228005 -12.313392 1.058205 6.535993 18.373576 0.200486 4.649778 -11.898093 0.156309 -2.547451 -7.021239 0.000000 0.000000 0.000000 23.525415 -5.673698 16.729526 -2.461992 -10.173481 27.255461 -1.524666 4.777293 -5.433022 -0.596518 -4.944406 13.750068 5.227656 5.843657 11.333144 0.363351 8.554384 0.056439 -3.819327 4.072887 -5.561687 2.882248 -0.833983 -28.910970 -0.944419 -2.093529 25.603898 -1.249043 -0.708551 13.397870 0.000000 0.000000 0.000000 -51.411144 56.639446 73.554589 99.694550 -59.641868 -68.385629 -0.000002 0.000000 -31.467671 35.934606 -20.728748 -14.388583 -7.125020 0.000002 0.000000 4.604247 4.997168 -4.199940 0.000000 0.000000 0.000000 77.487147 -6.436258 46.361939 -122.548668 55.591628 -87.770775 0.000002 -0.000000 -22.839948 -29.072717 -21.900956 11.711229 7.125020 -0.000002 0.000000 -0.270587 -54.678263 0.058698
34.156103 17.960739 -1.509218 -27.677061 81.402072 -35.668908 0.000000 0.000000 0.000000 -11.360082 2.936117 -11.829527 0.643158 5.127153 14.290129 0.238031 4.251009 -12.221150 0.211506 -2.960896 -8.169901 0.000000 0.000000 0.000000 23.758522 -5.792628 16.640377 -2.667549 -10.555853 28.408566 -1.560296 4.309065 -6.173172 -0.536569 -4.693526 13.036471 5.491687 5.819031 10.404345 0.309054 8.487514 -0.096584 -3.907623 4.049476 -5.165929 2.820277 -0.935900 -29.135432 -0.666396 -2.309838 25.902771 -1.175878 -0.758204 13.567100 0.000000 0.000000 0.000000 -50.342759 57.426664 73.941055 101.041783 -59.534257 -69.547507 -0.000002 0.000000 -31.314859 35.658496 -20.831710 -14.312943 -7.125020 0.000002 0.000000 4.416233 4.949472 -4.030192 0.000000 0.000000 0.000000 77.259878 -6.435012 46.745316 -123.860802 55.190151 -88.850743 0.000002 -0.000000 -23.402950 -28.869682 -22.210992 11.769566 7.125020 -0.000002 0.000000 0.020339 -54.976043 -0.009012
34.450039 17.980233 -1.518570 -32.261779 81.092663 -39.766544 0.000000 0.000000 0.000000 -10.428396 2.514235 -11.652443 0.374152 3.926305 10.882504 0.284011 3.821502 -12.620749 0.247305 -3.200006 -8.836080 0.000000 0.000000 0.000000 24.726899 -5.674751 16.263413 -2.965255 -11.078646 30.008011 -1.597983 3.537949 -7.219241 -0.460018 -4.350744 12.065576 6.034862 5.755497 9.614252 0.399524 8.410854 -0.277749 -4.016350 4.012644 -4.858750 2.719227 -1.034010 -29.405061 -0.394262 -2.504956 26.133731 -1.094058 -0.804819 13.719513 0.000000 0.000000 0.000000 -49.475591 58.067060 74.173485 102.266510 -59.423740 -70.602549 -0.000002 0.000000 -31.025803 35.391889 -21.001237 -14.283313 -7.125020 0.000002 0.000000 4.222434 4.822474 -3.861431 0.000000 0.000000 0.000000 77.022509 -6.446400 47.098434 -125.233976 54.745739 -89.975167 0.000002 -0.000000 -23.978085 -28.639816 -22.398435 11.753586 7.125020 -0.000002 0.000000 0.313076 -55.133078 -0.079961
34.736659 17.985093 -1.526214 -36.620967 80.707300 -43.635412 0.000000 0.000000 0.000000 -9.413111 1.998162 -11.637349 0.205661 2.918299 8.060338 0.333564 3.475938 -13.095617 0.246799 -3.196757 -8.827019 0.000000 0.000000 0.000000 25.789326 -5.462749 15.704218 -3.338215 -11.687685 31.913559 -1.624804 2.710033 -8.309657 -0.385581 -3.987581 11.041733 6.537261 5.686514 8.923941 0.534329 8.325358 -0.470998 -4.070853 3.968888 -4.632464 2.613769 -1.116224 -29.683523 -0.173367 -2.659755 26.316172 -1.023623 -0.843308 13.854430 0.000000 0.000000 0.000000 -48.805953 58.611260 74.274300 103.362937 -59.314397 -71.545994 -0.000002 0.000001 -30.587242 35.163241 -21.212047 -14.297615 -7.125020 0.000002 0.000000 4.044760 4.638498 -3.711645 0.000000 0.000000 0.000000 76.779668 -6.527182 47.443475 -126.648954 54.260755 -91.127199 0.000002 -0.000000 -24.541905 -28.369712 -22.459329 11.656580 7.125020 -0.000002 0.000000 0.618292 -55.142978 -0.154041
35.022870 17.974010 -1.536441 -39.563185 80.413680 -46.133881 0.000000 0.000000 0.000000 -8.691065 1.442516 -11.685603 0.105505 2.093378 5.769721 0.383143 3.279446 -13.626830 0.216340 -2.994339 -8.262989 0.000000 0.000000 0.000000 26.520382 -5.262631 15.060759 -3.768005 -12.335136 33.997355 -1.640450 1.992729 -9.276218 -0.324714 -3.662610 10.129353 6.793464 5.625776 8.295987 0.642775 8.225553 -0.650412 -4.026524 3.920716 -4.457850 2.536919 -1.172496 -29.952017 -0.041024 -2.761368 26.456520 -0.982443 -0.870612 13.969113 0.000000 0.000000 0.000000 -48.346389 59.073982 74.237078 104.328480 -59.209848 -72.375898 -0.000002 0.000001 -29.996748 34.999730 -21.438230 -14.353387 -7.125020 0.000002 0.000000 3.904396 4.420644 -3.598348 0.000000 0.000000 0.000000 76.540783 -6.697609 47.788011 -128.083358 53.739857 -92.287694 0.000002 -0.000000 -25.065900 -28.047790 -22.398874 11.477656 7.125020 -0.000002 0.000000 0.947235 -55.009974 -0.230874
35.311100 17.945995 -1.550793 -41.028658 80.292640 -47.235498 0.000000 0.000000 0.000000 -8.380298 0.905659 -11.765279 0.051337 1.461469 4.023340 0.431198 3.239106 -14.199682 0.173877 -2.686111 -7.406047 0.000000 0.000000 0.000000 26.801905 -5.124360 14.407132 -4.239806 -12.988709 36.170834 -1.650053 1.443086 -10.064825 -0.278285 -3.392980 9.374824 6.761907 5.568896 7.725960 0.702231 8.104669 -0.794546 -3.881751 3.866805 -4.312774 2.509684 -1.197369 -30.205363 -0.017415 -2.804657 26.551371 -0.981105 -0.885868 14.059733 0.000000 0.000000 0.000000 -48.115336 59.440894 74.041511 105.162613 -59.113216 -73.092102 -0.000002 0.000001 -29.269650 34.920639 -21.659747 -14.448505 -7.125020 0.000002 0.000000 3.816599 4.186918 -3.534347 0.000000 0.000000 0.000000 76.317012 -6.954203 48.128275 -129.514288 53.189523 -93.437467 0.000002 -0.000000 -25.518985 -27.675725 -22.224193 11.223356 7.125020 -0.000002 0.000000 1.297961 -54.743296 -0.306775
35.600997 17.900337 -1.569087 -41.402947 80.329953 -47.353318 0.000000 0.000000 0.000000 -8.425716 0.436848 -11.870028 0.025952 1.039532 2.860084 0.478880 3.320463 -14.817782 0.130468 -2.328263 -6.413759 0.000000 0.000000 0.000000 26.710105 -5.062931 13.798158 -4.744612 -13.631318 38.387075 -1.657937 1.051569 -10.690201 -0.242492 -3.168933 8.749427 6.513796 5.505486 7.237815 0.722235 7.961183 -0.886483 -3.666467 3.805853 -4.184387 2.527846 -1.191202 -30.437062 -0.091939 -2.791347 26.583579 -1.014761 -0.889344 14.117424 0.000000 0.000000 0.000000 -48.122189 59.678419 73.673542 105.862996 -59.027503 -73.692893 -0.000002 0.000001 -28.440180 34.933241 -21.866738 -14.581450 -7.125020 0.000002 0.000000 3.787411 3.946446 -3.524911 0.000000 0.000000 0.000000 76.118835 -7.282725 48.453152 -130.918516 52.618261 -94.557548 0.000002 -0.000000 -25.869761 -27.273850 -21.944196 10.909604 7.125020 -0.000002 0.000000 1.649992 -54.357875 -0.374237
35.890903 17.836714 -1.590262 -41.160608 80.458063 -46.988266 0.000000 0.000000 0.000000 -8.690628 0.061126 -11.982679 0.016721 0.834567 2.295561 0.527773 3.476694 -15.482678 0.089136 -1.925618 -5.300141 0.000000 0.000000 0.000000 26.401742 -5.071656 13.272751 -5.280078 -14.257757 40.635120 -1.666111 0.777298 -11.199259 -0.214611 -2.982419 8.229808 6.167399 5.427598 6.875627 0.725954 7.800426 -0.916215 -3.424959 3.738310 -4.073362 2.560117 -1.161042 -30.637177 -0.219703 -2.731286 26.532736 -1.061690 -0.882226 14.132558 0.000000 0.000000 0.000000 -48.355288 59.748490 73.139294 106.422563 -58.955987 -74.172497 -0.000002 0.000001 -27.556762 35.034058 -22.061147 -14.752644 -7.125020 0.000002 0.000000 3.814133 3.697412 -3.568211 0.000000 0.000000 0.000000 75.956754 -7.670827 48.748938 -132.273957 52.036166 -95.630431 0.000002 -0.000000 -26.089317 -26.875996 -21.576904 10.561894 7.125020 -0.000002 0.000000 1.972304 -53.880788 -0.425213
36.179096 17.755365 -1.613126 -40.671021 80.612794 -46.531657 0.000000 0.000000 0.000000 -9.048421 -0.219745 -12.063784 0.016669 0.833295 2.291891 0.575099 3.670927 -16.149747 0.053423 -1.491539 -4.102400 0.000000 0.000000 0.000000 26.010016 -5.138614 12.852339 -5.849190 -14.869436 42.927168 -1.674780 0.574597 -11.642494 -0.193781 -2.834858 7.819319 5.820327 5.331725 6.686157 0.732967 7.629134 -0.883024 -3.194807 3.665082 -3.993868 2.569620 -1.116598 -30.800840 -0.347402 -2.638442 26.396645 -1.096836 -0.865999 14.104728 0.000000 0.000000 0.000000 -48.783949 59.626662 72.463269 106.830407 -58.902148 -74.521829 -0.000002 0.000001 -26.671446 35.212365 -22.250406 -14.962193 -7.125020 0.000002 0.000000 3.888577 3.433500 -3.657744 0.000000 0.000000 0.000000 75.840695 -8.116660 49.006136 -133.561583 51.454006 -96.641586 0.000002 0.000000 -26.157072 -26.520189 -21.155201 10.212839 7.125020 -0.000002 0.000000 2.234772 -53.355239 -0.454933
36.464634 17.657082 -1.636889 -40.127201 80.762718 -46.187803 0.000000 0.000000 0.000000 -9.430300 -0.405166 -12.067026 0.024150 1.002940 2.758703 0.610906 3.880537 -16.698104 0.027570 -1.071887 -2.946627 0.000000 0.000000 0.000000 25.595529 -5.260570 12.537423 -6.457912 -15.469626 45.285335 -1.682943 0.406827 -12.055022 -0.178241 -2.719427 7.498568 5.518791 5.216238 6.698824 0.752110 7.449397 -0.794577 -2.994956 3.585595 -3.965141 2.534430 -1.064061 -30.924974 -0.439651 -2.522763 26.194151 -1.104336 -0.840928 14.042433 0.000000 0.000000 0.000000 -49.372449 59.313190 71.674635 107.075356 -58.869113 -74.731540 -0.000002 0.000001 -25.827770 35.452388 -22.441657 -15.207353 -7.125020 0.000002 0.000000 3.999477 3.150029 -3.784006 0.000000 0.000000 0.000000 75.776657 -8.627478 49.225140 -134.764821 50.883170 -97.578926 0.000002 0.000000 -26.067578 -26.242778 -20.721748 9.896814 7.125020 -0.000002 0.000000 2.412382 -52.833818 -0.462704
36.747479 17.543037 -1.661275 -39.607399 80.898961 -46.031635 0.000000 0.000000 0.000000 -9.809214 -0.476089 -11.962759 0.040607 1.300250 3.577431 0.619435 4.098360 -16.947123 0.011202 -0.683401 -1.878053 0.000000 0.000000 0.000000 25.167512 -5.442782 12.307718 -7.112671 -16.060180 47.730966 -1.689012 0.248458 -12.453928 -0.163033 -2.601412 7.170941 5.275594 5.079955 6.915309 0.784500 7.259336 -0.662547 -2.830920 3.498263 -3.999201 2.449978 -1.006026 -31.004620 -0.482819 -2.389879 25.952748 -1.079330 -0.806773 13.956845 0.000000 0.000000 0.000000 -50.088825 58.826538 70.796867 107.150368 -58.858890 -74.795746 -0.000002 0.000001 -25.055148 35.735890 -22.640661 -15.483082 -7.125020 0.000002 0.000000 4.134310 2.844615 -3.936046 0.000000 0.000000 0.000000 75.766133 -9.209975 49.414721 -135.867772 50.336203 -98.431351 0.000002 0.000000 -25.831723 -26.073287 -20.315632 9.642027 7.125020 -0.000002 0.000000 2.486285 -52.363314 -0.450508
37.027984 17.414595 -1.686214 -39.207164 81.007956 -46.140263 0.000000 0.000000 0.000000 -10.151383 -0.398199 -11.754148 0.068075 1.682900 4.632498 0.582054 4.350889 -16.702450 0.001566 -0.255495 -0.701989 0.000000 0.000000 0.000000 24.738176 -5.689648 12.128951 -7.816932 -16.638872 50.272835 -1.691474 0.078470 -12.845448 -0.140139 -2.412656 6.647541 5.106399 4.922518 7.313908 0.830974 7.058081 -0.499913 -2.707381 3.402312 -4.096431 2.326593 -0.942821 -31.034514 -0.478821 -2.244272 25.697551 -1.025612 -0.763808 13.857577 0.000000 0.000000 0.000000 -50.900633 58.190027 69.850389 107.055260 -58.871842 -74.714339 -0.000002 0.000001 -24.370818 36.048384 -22.850074 -15.784179 -7.125020 0.000002 0.000000 4.283445 2.517554 -4.105281 0.000000 0.000000 0.000000 75.808197 -9.863807 49.587379 -136.854850 49.826739 -99.188413 0.000002 0.000000 -25.471206 -26.028202 -19.959467 9.463049 7.125020 -0.000002 0.000000 2.446470 -51.970077 -0.421353
37.305936 17.273168 -1.711370 -39.128440 81.055198 -46.686643 0.000000 0.000000 0.000000 -10.383102 -0.139273 -11.485401 0.108321 2.121664 5.844662 0.481109 4.720329 -15.797422 0.002716 0.336513 0.924612 0.000000 0.000000 0.000000 24.361309 -6.003845 11.982737 -8.558543 -17.191767 52.865426 -1.689295 -0.131979 -13.216932 -0.102652 -2.066036 5.688186 5.047280 4.743832 7.868126 0.898868 6.848705 -0.322108 -2.632987 3.298433 -4.255532 2.188437 -0.870771 -31.005326 -0.440308 -2.087955 25.442396 -0.953055 -0.711838 13.748414 0.000000 0.000000 0.000000 -51.772123 57.426456 68.858447 106.793548 -58.907071 -74.490269 -0.000002 0.000001 -23.782342 36.385349 -23.067019 -16.107092 -7.125020 0.000002 0.000000 4.444453 2.172952 -4.289424 0.000000 0.000000 0.000000 75.898976 -10.582442 49.757341 -137.710774 49.369185 -99.840223 0.000002 -0.000000 -25.012321 -26.109101 -19.656385 9.359689 7.125020 -0.000002 0.000000 2.292910 -51.656849 -0.378160
37.579471 17.120058 -1.735735 -39.631485 80.991511 -47.900429 0.000000 0.000000 0.000000 -10.399180 0.312438 -11.244641 0.164611 2.613393 7.207027 0.310743 5.329596 -14.142657 0.033481 1.181116 3.247289 0.000000 0.000000 0.000000 24.138007 -6.361857 11.829849 -9.333872 -17.714144 55.497799 -1.681878 -0.407387 -13.568380 -0.054211 -1.502464 4.132515 5.139841 4.542874 8.570207 1.003219 6.637529 -0.147826 -2.613518 3.188157 -4.489204 2.069227 -0.781752 -30.901097 -0.390833 -1.917667 25.186272 -0.876254 -0.649511 13.625525 0.000000 0.000000 0.000000 -52.675127 56.557247 67.841982 106.364887 -58.963480 -74.123084 -0.000002 0.000001 -23.289274 36.745091 -23.277622 -16.442415 -7.125020 0.000002 0.000000 4.619031 1.827071 -4.488689 0.000000 0.000000 0.000000 76.031148 -11.355458 49.937741 -138.420016 48.978608 -100.376911 0.000002 -0.000000 -24.482338 -26.305342 -19.397706 9.322104 7.125020 -0.000002 0.000000 2.034813 -51.411765 -0.323652
37.844767 16.956419 -1.757611 -40.832648 80.781840 -49.870757 0.000000 0.000000 0.000000 -10.118734 0.926224 -11.157290 0.245818 3.189896 8.810845 0.094744 6.265126 -11.816216 0.122647 2.257652 6.218261 0.000000 0.000000 0.000000 24.171160 -6.709433 11.622362 -10.146212 -18.206374 58.182931 -1.669145 -0.746627 -13.900822 -0.014231 -0.770232 2.116802 5.391030 4.317415 9.436740 1.157782 6.429680 0.003376 -2.639369 3.072333 -4.828042 2.002495 -0.665597 -30.705389 -0.362220 -1.724524 24.917883 -0.811840 -0.574602 13.480797 0.000000 0.000000 0.000000 -53.605304 55.599805 66.805190 105.763697 -59.039906 -73.607753 -0.000002 0.000001 -22.890331 37.102320 -23.444205 -16.751549 -7.125020 0.000002 0.000000 4.799829 1.530837 -4.691055 0.000000 0.000000 0.000000 76.199133 -12.168065 50.135742 -138.964968 48.671292 -100.787099 0.000002 -0.000000 -23.905720 -26.594419 -19.170617 9.334492 7.125020 -0.000002 0.000000 1.692174 -51.216724 -0.261061
38.097333 16.783502 -1.775277 -42.505085 80.450932 -52.339886 0.000000 0.000000 0.000000 -9.570852 1.607358 -11.368068 0.371741 3.915604 10.842418 -0.109080 7.453614 -9.167935 0.277602 3.388855 9.363298 0.000000 0.000000 0.000000 24.480002 -6.971172 11.311651 -10.998195 -18.667648 60.930712 -1.652579 -1.078892 -14.201354 -0.000161 -0.081870 0.224936 5.729252 4.065748 10.479425 1.358035 6.221662 0.116752 -2.675361 2.949197 -5.300733 2.003624 -0.516201 -30.413477 -0.376237 -1.500183 24.621231 -0.769527 -0.485483 13.306887 0.000000 0.000000 0.000000 -54.590714 54.561000 65.725124 104.984310 -59.134363 -72.939073 -0.000002 0.000001 -22.594727 37.391259 -23.503152 -16.954912 -7.125020 0.000002 0.000000 4.960825 1.377669 -4.862271 0.000000 0.000000 0.000000 76.406076 -12.996055 50.348417 -139.321122 48.466996 -101.054129 0.000002 -0.000001 -23.297255 -26.940295 -18.959579 9.374929 7.125020 -0.000002 0.000000 1.297908 -51.048481 -0.194771
38.334105 16.603258 -1.787823 -44.121151 80.118341 -54.732488 0.000000 0.000000 0.000000 -8.947243 2.201228 -12.015246 0.577992 4.867777 13.534992 -0.243396 8.597723 -6.804749 0.441157 4.261803 11.814395 0.000000 0.000000 0.000000 24.934754 -7.074919 10.844489 -11.886269 -19.093534 63.731772 -1.636096 -1.246363 -14.435028 -0.001636 0.261180 -0.717610 5.988794 3.792325 11.660326 1.569090 5.996808 0.189626 -2.659771 2.814416 -5.900898 2.054916 -0.337967 -30.043587 -0.424789 -1.245651 24.275725 -0.743576 -0.383368 13.099542 0.000000 0.000000 0.000000 -55.687676 53.424815 64.554256 104.018592 -59.244249 -72.109645 -0.000002 0.000001 -22.425082 37.536654 -23.392587 -16.967432 -7.125020 0.000002 0.000000 5.069959 1.462489 -4.961805 0.000000 0.000000 0.000000 76.666057 -13.798462 50.559978 -139.451660 48.391425 -101.151790 0.000002 -0.000001 -22.654532 -27.296550 -18.747473 9.416940 7.125020 -0.000002 0.000000 0.895086 -50.880256 -0.130265
38.554673 16.419209 -1.795162 -45.091178 79.979224 -56.391100 0.000000 0.000000 0.000000 -8.554523 2.543994 -13.192643 0.915343 6.095440 17.064838 -0.296176 9.311555 -5.343458 0.518710 4.615970 12.816398 0.000000 0.000000 0.000000 25.282650 -6.974689 10.157775 -12.799290 -19.477101 66.555584 -1.623735 -1.069054 -14.543990 -0.000133 0.074247 -0.203991 5.945236 3.515609 12.873690 1.731497 5.730527 0.235385 -2.516768 2.664826 -6.568586 2.114771 -0.144586 -29.644212 -0.476078 -0.972657 23.858632 -0.717046 -0.272885 12.859456 0.000000 0.000000 0.000000 -56.958713 52.140013 63.238836 102.846382 -59.367144 -71.101647 -0.000002 0.000001 -22.406028 37.513710 -23.087786 -16.757577 -7.125020 0.000002 0.000000 5.117107 1.822239 -4.975497 0.000000 0.000000 0.000000 77.002308 -14.518730 50.740466 -139.307811 48.474678 -101.044165 0.000002 -0.000001 -21.956564 -27.615535 -18.520269 9.435179 7.125020 -0.000002 0.000000 0.528782 -50.688319 -0.073310
38.761242 16.237044 -1.797415 -44.916490 80.222372 -56.742952 0.000000 0.000000 0.000000 -8.678512 2.544265 -14.896039 1.433417 7.569381 21.416853 -0.291493 9.368449 -5.086359 0.477438 4.431220 12.293109 0.000000 0.000000 0.000000 25.260314 -6.659095 9.181822 -13.719604 -19.811255 69.355372 -1.613889 -0.450085 -14.454605 -0.007964 -0.576259 1.583513 5.398957 3.268168 13.970418 1.783450 5.403657 0.281309 -2.183920 2.502853 -7.200148 2.145885 0.048043 -29.299405 -0.500115 -0.699124 23.359245 -0.675692 -0.160987 12.598262 0.000000 0.000000 0.000000 -58.431788 50.619289 61.751744 101.437123 -59.499913 -69.888201 -0.000002 0.000001 -22.551114 37.369178 -22.607063 -16.364249 -7.125020 0.000002 0.000000 5.125385 2.422231 -4.927931 0.000000 0.000000 0.000000 77.443888 -15.101371 50.845615 -138.837359 48.743819 -100.691223 0.000002 -0.000001 -21.171421 -27.859938 -18.269657 9.411224 7.125020 -0.000002 0.000000 0.234925 -50.456925 -0.028436
38.958146 16.064240 -1.794877 -43.171063 80.929785 -55.308908 0.000000 0.000000 0.000000 -9.448376 2.241994 -16.979493 2.142180 9.155615 26.286483 -0.246164 8.804795 -5.888759 0.362439 3.867383 10.703870 0.000000 0.000000 0.000000 24.718216 -6.153904 7.865644 -14.623566 -20.090352 72.069957 -1.596477 0.578542 -14.107563 -0.049620 -1.437532 3.953554 4.276958 3.080650 14.807279 1.686328 5.014654 0.362702 -1.649080 2.336326 -7.676994 2.130563 0.226061 -29.116601 -0.478349 -0.446188 22.790183 -0.613741 -0.055515 12.340581 0.000000 0.000000 0.000000 -60.061326 48.757269 60.126600 99.766107 -59.636520 -68.447369 -0.000002 0.000001 -22.862007 37.181876 -21.988572 -15.857514 -7.125020 0.000002 0.000000 5.132915 3.195344 -4.861122 0.000000 0.000000 0.000000 78.019228 -15.516773 50.818604 -137.995400 49.213697 -100.055982 0.000002 -0.000002 -20.269339 -28.012394 -17.992801 9.337178 7.125020 -0.000002 0.000000 0.030565 -50.179826 0.002421
39.151295 15.908390 -1.789034 -39.488022 82.013725 -51.723523 0.000000 0.000000 0.000000 -10.774196 1.795833 -19.157884 2.978036 10.658939 31.140915 -0.162809 7.817110 -7.307690 0.234870 3.119083 8.610461 0.000000 0.000000 0.000000 23.693814 -5.527563 6.226662 -15.481689 -20.311288 74.623572 -1.558570 1.882852 -13.511919 -0.120155 -2.234677 6.154670 2.708201 2.957495 15.301516 1.442347 4.583331 0.514895 -0.979661 2.172992 -7.902870 2.060603 0.376406 -29.179342 -0.389152 -0.237098 22.178707 -0.526293 0.036215 12.112057 0.000000 0.000000 0.000000 -61.722284 46.468414 58.471093 97.825414 -59.767335 -66.771710 -0.000002 0.000001 -23.334658 37.016080 -21.272305 -15.298812 -7.125020 0.000002 0.000000 5.169191 4.077263 -4.808342 0.000000 0.000000 0.000000 78.745394 -15.782048 50.598286 -136.747792 49.882921 -99.106577 0.000002 -0.000001 -19.237500 -28.075709 -17.701748 9.220090 7.125020 -0.000002 0.000000 -0.084613 -49.870669 0.019398
39.347345 15.774932 -1.783686 -33.748143 83.246931 -45.944504 0.000000 0.000000 0.000000 -12.396621 1.404959 -21.064583 3.816032 11.911115 35.420589 -0.048634 6.612359 -8.871244 0.137869 2.393124 6.593425 0.000000 0.000000 0.000000 22.387563 -4.888506 4.394495 -16.259096 -20.474172 76.926105 -1.495014 3.259995 -12.777254 -0.187971 -2.792271 7.700948 1.010609 2.867967 15.469553 1.093229 4.143593 0.762578 -0.318175 2.015285 -7.839248 1.927565 0.484045 -29.492270 -0.205146 -0.094841 21.552925 -0.406083 0.107520 11.924125 0.000000 0.000000 0.000000 -63.249124 43.731510 56.945715 95.618610 -59.880373 -64.863905 -0.000002 0.000001 -23.957866 36.907938 -20.505269 -14.736945 -7.125020 0.000002 0.000000 5.246310 5.004125 -4.786224 0.000000 0.000000 0.000000 79.618780 -15.967631 50.134202 -135.063862 50.737146 -97.810698 0.000002 -0.000001 -18.091957 -28.060196 -17.448398 9.088870 7.125020 -0.000002 0.000000 -0.111339 -49.588185 0.022050
39.552478 15.665789 -1.784619 -26.194374 84.414412 -38.344690 0.000000 0.000000 0.000000 -14.070750 1.214353 -22.348254 4.524271 12.826893 38.725556 0.079691 5.338588 -10.269190 0.085567 1.886759 5.192808 0.000000 0.000000 0.000000 21.001529 -4.355955 2.592529 -16.917577 -20.582554 78.877745 -1.415507 4.484618 -12.083147 -0.226267 -3.061811 8.450882 -0.473851 2.769354 15.411331 0.688152 3.726300 1.108501 0.181285 1.861010 -7.517510 1.732983 0.534698 -29.962122 0.080185 -0.034906 20.937251 -0.253948 0.152411 11.769272 0.000000 0.000000 0.000000 -64.504679 40.615991 55.707827 93.157536 -59.962290 -62.734162 -0.000002 0.000001 -24.700614 36.874240 -19.753227 -14.221778 -7.125020 0.000002 0.000000 5.362446 5.895540 -4.800358 0.000000 0.000000 0.000000 80.613756 -16.181192 49.404041 -132.905715 51.754162 -96.127549 0.000002 -0.000001 -16.879993 -27.969224 -17.342998 8.997329 7.125020 -0.000002 0.000000 -0.033386 -49.453909 0.006654
39.770706 15.579779 -1.797210 -16.495480 85.444201 -28.711374 0.000000 0.000000 0.000000 -15.761073 1.256536 -22.780703 5.016205 13.401865 40.893071 0.204523 4.100093 -11.388873 0.069258 1.697862 4.671378 0.000000 0.000000 0.000000 19.550867 -4.012823 1.041942 -17.422095 -20.643197 80.386290 -1.339946 5.399098 -11.596935 -0.229359 -3.082524 8.508586 -1.607525 2.641204 15.240838 0.243834 3.343234 1.527879 0.446999 1.708024 -7.018924 1.503572 0.526991 -30.422457 0.427911 -0.051770 20.346347 -0.088153 0.169530 11.623706 0.000000 0.000000 0.000000 -65.444750 37.275318 54.842002 90.483127 -59.999115 -60.418402 -0.000002 0.000001 -25.499007 36.925913 -19.098095 -13.810970 -7.125020 0.000002 0.000000 5.510852 6.653160 -4.854512 0.000000 0.000000 0.000000 81.685403 -16.530398 48.431940 -130.225203 52.904257 -94.005577 0.000002 -0.000001 -15.674233 -27.799793 -17.539783 9.016738 7.125020 -0.000002 0.000000 0.180607 -49.636134 -0.034840
40.001083 15.514173 -1.823284 -2.227261 86.300865 -14.671477 0.000000 0.000000 0.000000 -17.590553 1.470898 -22.345764 5.277713 13.689805 42.009284 0.314790 2.988317 -12.263930 0.077046 1.790576 4.927241 0.000000 0.000000 0.000000 17.911203 -3.859576 -0.152693 -17.756182 -20.665695 81.409877 -1.284262 5.971563 -11.397249 -0.207560 -2.933320 8.093167 -2.494444 2.494269 15.042757 -0.248133 2.991590 1.972399 0.521062 1.558277 -6.449829 1.291875 0.483391 -30.696366 0.757345 -0.110539 19.782679 0.058601 0.166829 11.457545 0.000000 0.000000 0.000000 -66.135501 33.907245 54.322040 87.705681 -59.980096 -58.013196 -0.000002 0.000001 -26.258911 37.069521 -18.613579 -13.555834 -7.125020 0.000002 0.000000 5.684674 7.188397 -4.952562 0.000000 0.000000 0.000000 82.771655 -17.080204 47.297777 -126.973782 54.145417 -91.390661 0.000002 -0.000000 -14.572556 -27.562858 -18.190239 9.220323 7.125020 -0.000002 0.000000 0.553381 -50.301389 -0.114247
40.235316 15.466244 -1.859612 18.806312 86.768419 5.998900 0.000000 0.000000 0.000000 -19.566196 1.775992 -21.266977 5.365995 13.784453 42.380905 0.408884 2.081376 -13.007050 0.101390 2.053338 5.653084 0.000000 0.000000 0.000000 16.091105 -3.787861 -1.061565 -17.939373 -20.661618 82.006018 -1.251837 6.266373 -11.461395 -0.175953 -2.702013 7.450206 -3.278668 2.355209 14.890908 -0.770250 2.676976 2.382341 0.495375 1.420690 -5.928880 1.156155 0.443079 -30.677500 0.980814 -0.160027 19.249974 0.153406 0.159457 11.253681 0.000000 0.000000 0.000000 -66.708897 30.693364 54.033378 85.030820 -59.906482 -55.697918 -0.000002 0.000001 -26.876656 37.293133 -18.332177 -13.473021 -7.125020 0.000002 0.000000 5.872732 7.464972 -5.089772 0.000000 0.000000 0.000000 83.800647 -17.826682 46.122604 -123.123255 55.418550 -88.244333 0.000002 -0.000000 -13.713298 -27.312533 -19.374239 9.663232 7.125020 -0.000002 0.000000 1.062917 -51.543891 -0.242507
40.460763 15.433790 -1.899853 40.318924 86.634226 27.094077 0.000000 0.000000 0.000000 -21.472257 2.107009 -19.915775 5.374901 13.793943 42.418220 0.492584 1.420087 -13.742011 0.135346 2.371205 6.532700 0.000000 0.000000 0.000000 14.332423 -3.627389 -1.881712 -18.019716 -20.642008 82.311065 -1.236804 6.383988 -11.710870 -0.146220 -2.464230 6.790479 -3.986050 2.248957 14.847994 -1.263646 2.420878 2.707778 0.437439 1.308828 -5.553795 1.125809 0.438791 -30.377561 1.057176 -0.161268 18.767575 0.183769 0.161898 11.021199 0.000000 0.000000 0.000000 -67.292735 27.746473 53.834857 82.725460 -59.799083 -53.704317 -0.000002 0.000001 -27.264982 37.554675 -18.231376 -13.529070 -7.125020 0.000002 0.000000 6.053621 7.518799 -5.244410 0.000000 0.000000 0.000000 84.705606 -18.703703 45.035043 -118.691189 56.648723 -84.567747 0.000002 -0.000000 -13.289043 -27.165660 -21.027738 10.364043 7.125020 -0.000002 0.000000 1.604256 -53.312687 -0.413425
40.668148 15.414884 -1.938248 53.826502 86.110520 40.218297 0.000000 0.000000 0.000000 -23.066389 2.408794 -18.630387 5.384532 13.804172 42.458600 0.573312 0.991763 -14.545599 0.171808 2.670159 7.361756 0.000000 0.000000 0.000000 12.898353 -3.259188 -2.804213 -18.039103 -20.614089 82.443187 -1.230904 6.421054 -12.059440 -0.124258 -2.272377 6.259020 -4.573935 2.186901 14.924991 -1.671848 2.239655 2.930506 0.378171 1.231278 -5.354117 1.179815 0.479128 -29.908384 1.020691 -0.106158 18.371215 0.168201 0.181571 10.792561 0.000000 0.000000 0.000000 -67.963663 25.095261 53.617829 81.025617 -59.693465 -52.235960 -0.000002 0.000001 -27.373807 37.784040 -18.252640 -13.652560 -7.125020 0.000002 0.000000 6.193701 7.435938 -5.377710 0.000000 0.000000 0.000000 85.439020 -19.620145 44.136220 -113.760183 57.755512 -80.421866 0.000002 0.000000 -13.517165 -27.289305 -22.938399 11.310587 7.125020 -0.000002 0.000000 1.975643 -55.411009 -0.576671
40.855603 15.407860 -1.971343 59.970178 85.529475 46.069583 0.000000 0.000000 0.000000 -23.984075 2.684144 -17.692933 5.371376 13.675980 42.713706 0.390019 0.783592 -15.310071 0.207193 2.930742 8.085992 0.000000 0.000000 0.000000 11.893045 -2.679322 -3.913934 -18.011365 -20.580222 82.440844 -1.227045 6.449378 -12.431683 -0.111251 -2.150563 5.921939 -5.024382 2.163323 15.083075 -1.973894 2.127142 3.064016 0.332957 1.185189 -5.295414 1.263651 0.551118 -29.418808 0.950738 -0.012396 18.102705 0.142563 0.217756 10.608738 0.000000 0.000000 0.000000 -68.739459 22.711369 53.335408 80.057347 -59.623137 -51.400311 -0.000002 0.000001 -27.200201 37.905705 -18.347108 -13.774844 -7.125020 0.000002 0.000000 6.253887 7.293159 -5.446623 0.000000 0.000000 0.000000 85.978218 -20.504142 43.476373 -108.477878 58.669755 -75.930836 0.000002 -0.000000 -14.552316 -27.849520 -24.861003 12.498017 7.125020 -0.000002 0.000000 1.924826 -57.617434 -0.625962
41.026471 15.411294 -1.997560 61.956605 85.061656 47.870680 0.000000 0.000000 0.000000 -24.583028 2.861874 -17.008217 5.422120 13.654922 43.131786 0.300478 0.686418 -16.129106 0.240752 3.157630 8.717910 0.000000 0.000000 0.000000 11.305945 -1.962254 -5.194475 -17.930497 -20.539719 82.286076 -1.219867 6.507357 -12.764594 -0.104966 -2.089126 5.752029 -5.338206 2.160442 15.280762 -2.170893 2.060526 3.131062 0.308736 1.159516 -5.330585 1.327747 0.635350 -29.029888 0.914047 0.095023 17.996864 0.135559 0.264778 10.503102 0.000000 0.000000 0.000000 -69.598312 20.553754 52.999507 79.824116 -59.605083 -51.199118 -0.000002 0.000001 -26.789821 37.877554 -18.509479 -13.872032 -7.125020 0.000002 0.000000 6.208384 7.107565 -5.426503 0.000000 0.000000 0.000000 86.319169 -21.328622 43.057941 -103.036975 59.347944 -71.265628 0.000002 -0.000000 -16.408907 -28.958369 -26.644888 13.956562 7.125020 -0.000002 0.000000 1.228771 -59.812523 -0.420037
41.185661 15.423661 -2.016565 61.685515 84.784204 47.512467 0.000000 0.000000 0.000000 -24.875531 2.967984 -16.512877 5.517788 13.715010 43.641429 0.290293 0.658380 -16.940350 0.268179 3.331295 9.202500 0.000000 0.000000 0.000000 11.102829 -1.196854 -6.585816 -17.786468 -20.490865 81.949264 -1.205631 6.600065 -13.011003 -0.101675 -2.056215 5.661037 -5.503924 2.155428 15.497430 -2.263928 2.012208 3.145302 0.305670 1.140605 -5.432656 1.349677 0.717734 -28.800644 0.934296 0.198502 18.071871 0.156721 0.316245 10.492122 0.000000 0.000000 0.000000 -70.504553 18.595871 52.660742 80.243122 -59.637204 -51.560595 -0.000002 0.000000 -26.235883 37.711612 -18.754764 -13.959343 -7.125020 0.000002 0.000000 6.061819 6.858743 -5.323643 0.000000 0.000000 0.000000 86.462755 -22.110014 42.864642 -97.646669 59.777897 -66.617269 0.000002 -0.000000 -18.962765 -30.648401 -28.242850 15.729356 7.125020 -0.000002 0.000000 -0.259182 -61.976552 0.187178
41.337571 15.443324 -2.028777 60.077894 84.725031 45.899687 0.000000 0.000000 0.000000 -24.884593 3.020331 -16.121936 5.632591 13.819596 44.154449 0.333843 0.675205 -17.689636 0.280261 3.404905 9.408150 0.000000 0.000000 0.000000 11.228285 -0.457206 -8.028099 -17.572426 -20.431617 81.409561 -1.182500 6.701991 -13.147472 -0.098405 -2.022978 5.569163 -5.523704 2.127007 15.722803 -2.253085 1.954550 3.110962 0.331771 1.114967 -5.590368 1.330069 0.793223 -28.725868 0.998581 0.293791 18.319841 0.200625 0.368374 10.571776 0.000000 0.000000 0.000000 -71.424076 16.823060 52.384789 81.186009 -59.704396 -52.374443 -0.000002 0.000000 -25.662303 37.459619 -19.076234 -14.055501 -7.125020 0.000002 0.000000 5.847626 6.542364 -5.167512 0.000000 0.000000 0.000000 86.406134 -22.887584 42.884663 -92.495871 59.976443 -62.161317 0.000002 -0.000001 -21.994263 -32.847712 -29.657652 17.818231 7.125020 -0.000002 0.000000 -2.574060 -64.116099 1.312974
41.485556 15.468937 -2.034974 57.753242 84.855791 43.634872 0.000000 0.000000 0.000000 -24.680660 3.025583 -15.755910 5.739490 13.929453 44.589056 0.401078 0.714822 -18.343782 0.271187 3.349777 9.254120 0.000000 0.000000 0.000000 11.575906 0.203895 -9.472960 -17.285414 -20.359593 80.656882 -1.151451 6.764511 -13.184454 -0.093374 -1.970728 5.424767 -5.451366 2.063303 15.939933 -2.148280 1.865161 3.034033 0.412356 1.072487 -5.787959 1.277362 0.864226 -28.756595 1.078436 0.389084 18.699982 0.256809 0.421211 10.718553 0.000000 0.000000 0.000000 -72.326130 15.214820 52.230304 82.504185 -59.786609 -53.513090 -0.000002 0.000000 -25.179446 37.185803 -19.446706 -14.171488 -7.125020 0.000002 0.000000 5.610762 6.175106 -4.995297 0.000000 0.000000 0.000000 86.147557 -23.694691 43.104879 -87.710398 59.980175 -58.017280 0.000002 -0.000001 -25.210044 -35.347594 -30.917417 20.134126 7.125020 -0.000002 0.000000 -5.572268 -66.216415 2.985281
41.632342 15.499795 -2.036294 55.336648 85.096918 41.324221 0.000000 0.000000 0.000000 -24.382092 2.997315 -15.347572 5.812167 14.007015 44.872004 0.464367 0.752241 -18.892520 0.246287 3.193456 8.817813 0.000000 0.000000 0.000000 11.994823 0.761810 -10.873138 -16.925102 -20.271921 79.688163 -1.116942 6.734028 -13.170480 -0.085318 -1.884023 5.185252 -5.383993 1.967662 16.115654 -1.975225 1.736251 2.934137 0.577653 1.010849 -5.987221 1.197581 0.935834 -28.835657 1.147321 0.497668 19.143753 0.316494 0.476882 10.897282 0.000000 0.000000 0.000000 -73.181765 13.733048 52.231681 84.051072 -59.865841 -54.850402 -0.000002 0.000000 -24.839526 36.945726 -19.840345 -14.316160 -7.125020 0.000002 0.000000 5.390499 5.773707 -4.839564 0.000000 0.000000 0.000000 85.699834 -24.535076 43.491224 -83.333259 59.831378 -54.229705 0.000002 -0.000001 -28.262108 -37.807800 -32.048756 22.465468 7.125020 -0.000002 0.000000 -8.876880 -68.202411 5.061455
41.780224 15.535854 -2.034160 53.494341 85.349167 39.612847 0.000000 0.000000 0.000000 -24.117224 2.965590 -14.845661 5.829370 14.022976 44.945107 0.504876 0.768633 -19.346118 0.219058 3.012963 8.314843 0.000000 0.000000 0.000000 12.334026 1.220804 -12.177523 -16.493189 -20.165257 78.505539 -1.085386 6.576814 -13.175230 -0.073788 -1.752395 4.821857 -5.418850 1.856563 16.205666 -1.769773 1.578150 2.846197 0.843798 0.936336 -6.127681 1.096058 1.012097 -28.927686 1.186009 0.629785 19.571518 0.372965 0.536938 11.072299 0.000000 0.000000 0.000000 -73.967972 12.327420 52.390711 85.709375 -59.930314 -56.285082 -0.000002 0.000000 -24.627345 36.772979 -20.239708 -14.494547 -7.125020 0.000002 0.000000 5.210815 5.350027 -4.720337 0.000000 0.000000 0.000000 85.099700 -25.378470 43.980572 -79.345928 59.566709 -50.786733 0.000002 -0.000001 -30.804418 -39.842917 -33.037084 24.502111 7.125020 -0.000002 0.000000 -11.909289 -69.921790 7.177041
41.930351 15.577486 -2.029671 52.756340 85.536044 39.013090 0.000000 0.000000 0.000000 -23.974064 2.963052 -14.226423 5.782362 13.965807 44.782535 0.517752 0.761570 -19.724484 0.201295 2.888973 7.969796 0.000000 0.000000 0.000000 12.498190 1.602158 -13.347911 -15.995037 -20.036323 77.121030 -1.061462 6.298593 -13.253733 -0.059896 -1.579161 4.343968 -5.612677 1.749221 16.176241 -1.563413 1.410774 2.806231 1.206307 0.858701 -6.152876 0.983587 1.095225 -29.025130 1.178283 0.789444 19.915549 0.418651 0.601102 11.217084 0.000000 0.000000 0.000000 -74.673184 10.953960 52.682557 87.408458 -59.974601 -57.755851 -0.000002 0.000000 -24.490292 36.673869 -20.634948 -14.704073 -7.125020 0.000002 0.000000 5.077276 4.913645 -4.641798 0.000000 0.000000 0.000000 84.403967 -26.179365 44.490156 -75.705500 59.213656 -47.653293 0.000002 -0.000001 -32.565988 -41.197783 -33.830822 25.976323 7.125020 -0.000002 0.000000 -14.112848 -71.220018 8.865366
42.082128 15.625259 -2.023226 53.323413 85.628192 39.718245 0.000000 0.000000 0.000000 -23.978259 3.002213 -13.499772 5.677363 13.843584 44.398728 0.510157 0.743564 -20.040717 0.197391 2.860989 7.891973 0.000000 0.000000 0.000000 12.468744 1.924757 -14.376060 -15.439987 -19.882473 75.557655 -1.045615 5.945245 -13.420183 -0.046509 -1.391804 3.827549 -5.968463 1.656094 16.026825 -1.373962 1.248877 2.830403 1.644745 0.783959 -6.044661 0.876022 1.184741 -29.133196 1.108583 0.973899 20.140612 0.444406 0.666942 11.319486 0.000000 0.000000 0.000000 -75.294487 9.594033 53.076039 89.118908 -59.997061 -59.236958 -0.000002 0.000001 -24.382245 36.634881 -21.021062 -14.935776 -7.125020 0.000002 0.000000 4.982215 4.473457 -4.596566 0.000000 0.000000 0.000000 83.676206 -26.906590 44.936065 -72.366965 58.791937 -44.791292 0.000002 -0.000001 -33.396725 -41.879584 -34.383030 26.821092 7.125020 -0.000002 0.000000 -15.289317 -72.040784 9.858902
42.233854 15.679841 -2.015049 55.090890 85.637751 41.625521 0.000000 0.000000 0.000000 -24.110487 3.068280 -12.694783 5.528355 13.672694 43.833578 0.490751 0.731661 -20.293972 0.205870 2.921429 8.060082 0.000000 0.000000 0.000000 12.277109 2.189175 -15.274773 -14.837698 -19.701370 73.839041 -1.035197 5.578193 -13.653141 -0.037150 -1.244080 3.420652 -6.444231 1.574667 15.796624 -1.209777 1.093302 2.903630 2.124987 0.711236 -5.838920 0.789921 1.277309 -29.248952 0.967937 1.173868 20.250334 0.442490 0.730532 11.380599 0.000000 0.000000 0.000000 -75.827717 8.264869 53.553190 90.832747 -59.997376 -60.721172 -0.000002 0.000001 -24.286725 36.639052 -21.391186 -15.177739 -7.125020 0.000002 0.000000 4.916159 4.041423 -4.575557 0.000000 0.000000 0.000000 82.975409 -27.565798 45.250966 -69.287745 58.315295 -42.164126 0.000002 -0.000000 -33.276355 -42.055709 -34.670237 27.126007 7.125020 -0.000002 0.000000 -15.592117 -72.411247 10.175076
42.383812 15.741819 -2.005750 57.731312 85.597919 44.408716 0.000000 0.000000 0.000000 -24.327225 3.136179 -11.836291 5.348803 13.466820 43.130779 0.463179 0.739165 -20.477969 0.223303 3.041828 8.395221 0.000000 0.000000 0.000000 11.977543 2.381476 -16.053235 -14.195264 -19.490357 71.980928 -1.027194 5.237233 -13.919439 -0.033937 -1.189131 3.269353 -6.966223 1.495158 15.556266 -1.076704 0.935480 2.986019 2.598971 0.636313 -5.614644 0.741195 1.369785 -29.350447 0.761715 1.376572 20.276889 0.410108 0.788645 11.409002 0.000000 0.000000 0.000000 -76.261474 7.016058 54.110228 92.546696 -59.975477 -62.205320 -0.000002 0.000001 -24.205088 36.673752 -21.730018 -15.414585 -7.125020 0.000002 0.000000 4.874009 3.638224 -4.572930 0.000000 0.000000 0.000000 82.351106 -28.200683 45.393893 -66.428512 57.792812 -39.737764 0.000002 -0.000000 -32.298141 -41.839558 -34.655324 26.946705 7.125020 -0.000002 0.000000 -15.178277 -72.326898 9.878860
42.530780 15.811456 -1.996058 60.786615 85.542586 47.599336 0.000000 0.000000 0.000000 -24.574963 3.194760 -10.932602 5.149637 13.236345 42.328002 0.429677 0.772625 -20.592487 0.246755 3.196475 8.826233 0.000000 0.000000 0.000000 11.633741 2.492882 -16.701392 -13.517566 -19.246312 69.992000 -1.019349 4.921505 -14.189618 -0.036962 -1.240942 3.412010 -7.455647 1.409927 15.383158 -0.978256 0.768000 3.038006 3.018271 0.557083 -5.454657 0.741781 1.462787 -29.407252 0.510814 1.571977 20.258475 0.351366 0.841153 11.413961 0.000000 0.000000 0.000000 -76.584073 5.902082 54.739387 94.254322 -59.931498 -63.683502 -0.000002 0.000001 -24.131473 36.725223 -22.013560 -15.624357 -7.125020 0.000002 0.000000 4.851913 3.295048 -4.582905 0.000000 0.000000 0.000000 81.837465 -28.861627 45.352010 -63.757450 57.230780 -37.484572 0.000002 -0.000000 -30.640832 -41.252448 -34.253112 26.249988 7.125020 -0.000002 0.000000 -14.122925 -71.700001 9.001563
42.674230 15.888484 -1.986486 63.849421 85.493173 50.768391 0.000000 0.000000 0.000000 -24.810038 3.254351 -9.978986 4.939942 12.990622 41.456360 0.394001 0.834430 -20.643014 0.272880 3.360141 9.283070 0.000000 0.000000 0.000000 11.298490 2.530004 -17.193085 -12.808682 -18.965858 67.877816 -1.009668 4.610818 -14.438225 -0.045363 -1.374576 3.780083 -7.863289 1.316408 15.320285 -0.912106 0.589473 3.050226 3.357106 0.474171 -5.391961 0.789973 1.560221 -29.406522 0.245638 1.757812 20.217161 0.277476 0.891412 11.401411 0.000000 0.000000 0.000000 -76.799152 4.941985 55.411029 95.943298 -59.866107 -65.144732 -0.000002 0.000001 -24.043326 36.774580 -22.216667 -15.781168 -7.125020 0.000002 0.000000 4.843409 3.045962 -4.596820 0.000000 0.000000 0.000000 81.442974 -29.558174 45.137815 -61.254299 56.635004 -35.386723 0.000002 -0.000001 -28.536695 -40.332349 -33.398273 25.039625 7.125020 -0.000002 0.000000 -12.607612 -70.468850 7.696435
42.814462 15.972017 -1.977477 66.663056 85.456584 53.641135 0.000000 0.000000 0.000000 -25.011018 3.335408 -8.970692 4.726242 12.736539 40.539092 0.358155 0.929164 -20.629977 0.295231 3.493896 9.656976 0.000000 0.000000 0.000000 10.998892 2.507632 -17.505304 -12.074138 -18.646181 65.647670 -0.996342 4.298688 -14.642984 -0.057830 -1.551739 4.268357 -8.177321 1.214114 15.355140 -0.870317 0.403157 3.045080 3.616908 0.388540 -5.396478 0.867568 1.664893 -29.362432 -0.003170 1.937062 20.156616 0.203406 0.943634 11.374744 0.000000 0.000000 0.000000 -76.930109 4.113477 56.078863 97.597455 -59.780767 -66.574745 -0.000002 0.000002 -23.911867 36.801863 -22.328274 -15.867188 -7.125020 0.000002 0.000000 4.838840 2.909170 -4.604187 0.000000 0.000000 0.000000 81.149773 -30.252127 44.780984 -58.915279 56.013888 -33.440099 0.000002 -0.000001 -26.235562 -39.180456 -32.162055 23.456222 7.125020 -0.000002 0.000000 -10.914841 -68.743122 6.246025
42.952299 16.060634 -1.969573 69.108492 85.427561 56.097488 0.000000 0.000000 0.000000 -25.178527 3.453557 -7.914335 4.511850 12.476696 39.590245 0.319437 1.063942 -20.541658 0.304784 3.549476 9.812499 0.000000 0.000000 0.000000 10.737233 2.436490 -17.638537 -11.322902 -18.286316 63.321285 -0.978444 3.993246 -14.790416 -0.070767 -1.716229 4.722055 -8.408041 1.103944 15.444973 -0.845871 0.214345 3.046618 3.810654 0.301211 -5.420446 0.953981 1.775721 -29.295282 -0.215318 2.111132 20.077837 0.140424 0.999628 11.337422 0.000000 0.000000 0.000000 -77.005104 3.390229 56.704648 99.201440 -59.677651 -67.960055 -0.000002 0.000002 -23.720346 36.789827 -22.370561 -15.887138 -7.125020 0.000002 0.000000 4.823753 2.863765 -4.593183 0.000000 0.000000 0.000000 80.930355 -30.904075 44.315091 -56.758800 55.382502 -31.658580 0.000002 -0.000001 -23.967775 -37.903291 -30.763274 21.727784 7.125020 -0.000002 0.000000 -9.231445 -66.800890 4.881729
43.088648 16.152665 -1.963266 71.200784 85.389726 58.166371 0.000000 0.000000 0.000000 -25.332182 3.611813 -6.827341 4.298188 12.210665 38.619205 0.271845 1.241942 -20.360135 0.293555 3.484049 9.629432 0.000000 0.000000 0.000000 10.495601 2.318437 -17.616277 -10.565921 -17.887317 60.925256 -0.956203 3.703158 -14.879486 -0.076837 -1.788154 4.920556 -8.578651 0.989093 15.551152 -0.837866 0.027625 3.060209 3.952029 0.213736 -5.438278 1.040532 1.889696 -29.214401 -0.388085 2.278770 19.990601 0.090825 1.058520 11.294626 0.000000 0.000000 0.000000 -77.041220 2.766361 57.274906 100.741366 -59.559519 -69.288536 -0.000002 0.000001 -23.476012 36.725100 -22.401427 -15.870676 -7.125020 0.000002 0.000000 4.779077 2.846462 -4.551132 0.000000 0.000000 0.000000 80.763803 -31.508114 43.767923 -54.819025 54.763366 -30.068121 0.000002 -0.000001 -21.916317 -36.556537 -29.451239 20.051971 7.125020 -0.000002 0.000000 -7.583391 -64.941845 3.692265
43.224295 16.246409 -1.958581 73.037933 85.320271 59.962381 0.000000 0.000000 0.000000 -25.500201 3.803311 -5.730718 4.087595 11.939442 37.639965 0.211212 1.457544 -20.076081 0.258725 3.272510 9.038379 0.000000 0.000000 0.000000 10.246669 2.159159 -17.465916 -9.812809 -17.451074 58.483161 -0.930588 3.437454 -14.917819 -0.070010 -1.707035 4.696689 -8.723327 0.874580 15.649169 -0.848874 -0.154092 3.079671 4.057231 0.127850 -5.444136 1.131061 2.006139 -29.122455 -0.534702 2.441215 19.909653 0.049347 1.119323 11.252626 0.000000 0.000000 0.000000 -77.040941 2.243990 57.798285 102.202992 -59.429778 -70.547865 -0.000002 0.000001 -23.206116 36.604482 -22.481242 -15.854530 -7.125020 0.000002 0.000000 4.691342 2.788322 -4.471166 0.000000 0.000000 0.000000 80.637751 -32.080521 43.162921 -53.124101 54.180337 -28.688688 0.000002 -0.000001 -20.204818 -35.165546 -28.375807 18.535132 7.125020 -0.000002 0.000000 -5.945978 -63.346243 2.678579
43.359597 16.340107 -1.954579 74.643999 85.203426 61.521927 0.000000 0.000000 0.000000 -25.696007 4.019571 -4.648468 3.885499 11.670557 36.676781 0.141755 1.694059 -19.698739 0.206752 2.927644 8.077374 0.000000 0.000000 0.000000 9.979150 1.989538 -17.207056 -9.071165 -16.979767 56.013385 -0.902831 3.202466 -14.917376 -0.052649 -1.480709 4.072549 -8.878084 0.766740 15.726854 -0.877671 -0.327608 3.098273 4.147414 0.045754 -5.439524 1.238813 2.129526 -29.017559 -0.677807 2.605424 19.842019 0.006647 1.183082 11.214291 0.000000 0.000000 0.000000 -76.995408 1.814669 58.295668 103.569924 -59.292645 -71.723985 -0.000002 0.000001 -22.943261 36.445946 -22.627574 -15.859534 -7.125020 0.000002 0.000000 4.567951 2.664118 -4.362602 0.000000 0.000000 0.000000 80.543298 -32.636302 42.525778 -51.678743 53.650526 -27.520591 0.000002 -0.000001 -18.897425 -33.774866 -27.556301 17.211388 7.125020 -0.000002 0.000000 -4.344987 -62.051326 1.826068
43.494200 16.431789 -1.949257 75.769815 85.064634 62.603150 0.000000 0.000000 0.000000 -25.874778 4.256948 -3.604744 3.699622 11.419618 35.756816 0.080739 1.924647 -19.251938 0.151078 2.504654 6.902552 0.000000 0.000000 0.000000 9.747819 1.871848 -16.848237 -8.346908 -16.475739 53.530057 -0.874303 2.987486 -14.895405 -0.033777 -1.186315 3.261603 -9.043029 0.670645 15.784504 -0.908820 -0.486185 3.111793 4.238129 -0.029095 -5.431029 1.374496 2.265178 -28.893442 -0.833565 2.778835 19.784061 -0.043784 1.251781 11.177546 0.000000 0.000000 0.000000 -76.891114 1.455207 58.792342 104.820493 -59.153568 -72.798444 -0.000002 0.000001 -22.713525 36.290509 -22.805917 -15.886132 -7.125020 0.000002 0.000000 4.440105 2.502340 -4.252985 0.000000 0.000000 0.000000 80.472240 -33.181347 41.885076 -50.466269 53.181830 -26.546971 0.000002 -0.000001 -18.005304 -32.452362 -26.957883 16.091716 7.125020 -0.000002 0.000000 -2.846446 -61.035738 1.125056
43.627401 16.519468 -1.940353 75.940563 84.985398 62.735956 0.000000 0.000000 0.000000 -25.923526 4.515320 -2.614563 3.536327 11.204495 34.896114 0.054008 2.120077 -18.763355 0.102378 2.063292 5.680604 0.000000 0.000000 0.000000 9.685033 1.876679 -16.387970 -7.643472 -15.940522 51.039860 -0.846100 2.766530 -14.869362 -0.020827 -0.931714 2.560942 -9.155955 0.586584 15.828260 -0.911460 -0.619041 3.119140 4.325605 -0.092362 -5.426266 1.522857 2.409108 -28.753661 -0.988852 2.959019 19.734697 -0.095014 1.324821 11.141959 0.000000 0.000000 0.000000 -76.722085 1.138294 59.307552 105.935430 -59.018404 -73.755001 -0.000002 0.000000 -22.529946 36.182222 -22.963215 -15.925191 -7.125020 0.000002 0.000000 4.344501 2.351773 -4.173516 0.000000 0.000000 0.000000 80.417797 -33.716247 41.266399 -49.462302 52.776322 -25.745375 0.000002 -0.000001 -17.498870 -31.261538 -26.572784 15.193834 7.125020 -0.000002 0.000000 -1.501186 -60.302731 0.560697
43.758671 16.602076 -1.926889 74.942787 85.020979 61.720282 0.000000 0.000000 0.000000 -25.773457 4.784198 -1.690583 3.396819 11.032555 34.098163 0.075562 2.261530 -18.257533 0.063077 1.620464 4.457873 0.000000 0.000000 0.000000 9.870418 2.034057 -15.839344 -6.963362 -15.375431 48.546914 -0.817488 2.529451 -14.832080 -0.015830 -0.812357 2.232649 -9.165742 0.511953 15.853026 -0.867142 -0.720248 3.118771 4.399593 -0.142095 -5.425829 1.643622 2.545829 -28.619566 -1.105344 3.131081 19.703024 -0.128740 1.397273 11.112993 0.000000 0.000000 0.000000 -76.500485 0.852073 59.841078 106.917852 -58.890424 -74.596704 -0.000002 0.000000 -22.388574 36.138366 -23.065387 -15.965146 -7.125020 0.000002 0.000000 4.298215 2.246615 -4.137818 0.000000 0.000000 0.000000 80.374740 -34.242254 40.689395 -48.644762 52.434069 -25.095858 0.000002 -0.000001 -17.323446 -30.252310 -26.419830 14.538890 7.125020 -0.000002 0.000000 -0.336236 -59.879096 0.111284
43.887886 16.679894 -1.909930 73.216109 85.120052 60.019403 0.000000 0.000000 0.000000 -25.503891 5.037251 -0.850412 3.276540 10.893709 33.361315 0.132009 2.348280 -17.753013 0.031442 1.144618 3.146813 0.000000 0.000000 0.000000 10.209911 2.305859 -15.246466 -6.310895 -14.783877 46.063146 -0.785077 2.299983 -14.735013 -0.018774 -0.884641 2.431455 -9.116543 0.445410 15.838964 -0.794838 -0.797791 3.106005 4.465582 -0.181659 -5.421863 1.704051 2.658665 -28.518360 -1.153167 3.277201 19.701619 -0.131461 1.462271 11.098601 0.000000 0.000000 0.000000 -76.251155 0.606461 60.373668 107.792826 -58.769321 -75.345366 -0.000002 0.000000 -22.272893 36.143794 -23.109299 -15.995871 -7.125020 0.000002 0.000000 4.292856 2.194584 -4.137179 0.000000 0.000000 0.000000 80.337204 -34.762449 40.171205 -47.993092 52.153300 -24.580282 0.000002 -0.000001 -17.415685 -29.469766 -26.493628 14.134069 7.125020 -0.000002 0.000000 0.616707 -59.763674 -0.239601
44.015543 16.753626 -1.891541 71.604481 85.186536 58.491111 0.000000 0.000000 0.000000 -25.261875 5.250088 -0.098795 3.168189 10.768776 32.678510 0.195501 2.391711 -17.261983 0.008753 0.604093 1.660027 0.000000 0.000000 0.000000 10.528342 2.618071 -14.658090 -5.692921 -14.172997 43.612935 -0.744824 2.111162 -14.515860 -0.031805 -1.151207 3.164949 -9.097919 0.386000 15.768706 -0.731453 -0.867176 3.078943 4.536764 -0.217417 -5.403064 1.704895 2.741558 -28.468880 -1.135324 3.389007 19.739336 -0.105629 1.515478 11.105215 0.000000 0.000000 0.000000 -75.994594 0.415438 60.884094 108.579175 -58.654670 -76.017358 -0.000002 0.000000 -22.166409 36.173167 -23.111955 -16.014011 -7.125020 0.000002 0.000000 4.309936 2.183224 -4.154786 0.000000 0.000000 0.000000 80.298303 -35.277217 39.727758 -47.482849 51.928430 -24.177979 0.000002 -0.000001 -17.717682 -28.951386 -26.742399 13.964099 7.125020 -0.000002 0.000000 1.314181 -59.904397 -0.495644
44.142622 16.823647 -1.873352 70.662857 85.175335 57.686269 0.000000 0.000000 0.000000 -25.127185 5.415426 0.579787 3.065415 10.642256 32.035820 0.246088 2.403942 -16.791307 0.000014 0.023834 0.065484 0.000000 0.000000 0.000000 10.728198 2.910329 -14.097801 -5.115235 -13.551105 41.220768 -0.694599 1.974357 -14.137031 -0.058578 -1.561722 4.295882 -9.149883 0.330958 15.635751 -0.698736 -0.938056 3.041441 4.613767 -0.253811 -5.359644 1.677085 2.802108 -28.471026 -1.082894 3.472260 19.814807 -0.066660 1.557714 11.133501 0.000000 0.000000 0.000000 -75.739261 0.280133 61.361395 109.273446 -58.548805 -76.609966 -0.000002 0.000000 -22.061948 36.207257 -23.094010 -16.021807 -7.125020 0.000002 0.000000 4.333888 2.194222 -4.177116 0.000000 0.000000 0.000000 80.254039 -35.783306 39.366867 -47.089229 51.751884 -23.868478 0.000002 -0.000001 -18.181626 -28.709335 -27.096277 13.997147 7.125020 -0.000002 0.000000 1.727983 -60.225942 -0.654669
44.269951 16.890139 -1.855960 70.303174 85.102025 57.506571 0.000000 0.000000 0.000000 -25.084781 5.543118 1.203357 2.965112 10.508672 31.419255 0.280078 2.393922 -16.341594 0.006367 -0.515263 -1.415854 0.000000 0.000000 0.000000 10.825129 3.161585 -13.571200 -4.582575 -12.927642 38.911581 -0.635081 1.872028 -13.601660 -0.100192 -2.041212 5.619562 -9.247839 0.277826 15.439341 -0.695237 -1.008677 2.998242 4.683742 -0.290715 -5.286819 1.655424 2.854368 -28.500121 -1.029629 3.541065 19.910086 -0.030479 1.593779 11.173900 0.000000 0.000000 0.000000 -75.486529 0.190011 61.803857 109.861560 -58.455677 -77.111429 -0.000002 0.000001 -21.963705 36.231289 -23.070306 -16.020340 -7.125020 0.000002 0.000000 4.352932 2.214698 -4.193859 0.000000 0.000000 0.000000 80.207353 -36.279111 39.080270 -46.797757 51.619404 -23.639782 0.000002 -0.000001 -18.763289 -28.719977 -27.507986 14.197232 7.125020 -0.000002 0.000000 1.871950 -60.671061 -0.721129
44.397912 16.953100 -1.839151 70.145510 85.001014 57.561595 0.000000 0.000000 0.000000 -25.082644 5.651247 1.782461 2.867500 10.370937 30.823289 0.303578 2.370004 -15.905777 0.020822 -0.931616 -2.560673 0.000000 0.000000 0.000000 10.881846 3.376872 -13.074727 -4.097900 -12.312119 36.707573 -0.568649 1.767542 -12.936126 -0.153639 -2.525701 6.960913 -9.349460 0.226894 15.183253 -0.709014 -1.071221 2.952011 4.734197 -0.325071 -5.185741 1.657437 2.908750 -28.518829 -0.995394 3.608104 19.998633 -0.005596 1.628477 11.210804 0.000000 0.000000 0.000000 -75.236783 0.131582 62.214595 110.333271 -58.378670 -77.513272 -0.000002 0.000001 -21.882716 36.232676 -23.048793 -16.007610 -7.125020 0.000002 0.000000 4.357944 2.239064 -4.196669 0.000000 0.000000 0.000000 80.166873 -36.767568 38.845537 -46.605107 51.531017 -23.488855 0.000002 -0.000001 -19.414632 -28.932760 -27.967879 14.533664 7.125020 -0.000002 0.000000 1.800911 -61.217828 -0.711050
44.526656 17.012160 -1.822596 70.038751 84.887680 57.688105 0.000000 0.000000 0.000000 -25.096570 5.752722 2.323340 2.774525 10.234124 30.254463 0.320477 2.340457 -15.474607 0.033764 -1.186107 -3.261028 0.000000 0.000000 0.000000 10.929586 3.554955 -12.597662 -3.661170 -11.711811 34.621297 -0.497672 1.627772 -12.161100 -0.213543 -2.975033 8.209247 -9.439715 0.180083 14.879487 -0.733303 -1.121678 2.902615 4.763496 -0.354796 -5.064036 1.683966 2.965915 -28.503227 -0.990223 3.677025 20.068820 0.004450 1.662382 11.235954 0.000000 0.000000 0.000000 -74.991659 0.095416 62.599410 110.683654 -58.320125 -77.811539 -0.000002 0.000001 -21.826438 36.205169 -23.032569 -15.982116 -7.125020 0.000002 0.000000 4.344554 2.265508 -4.181491 0.000000 0.000000 0.000000 80.141377 -37.255622 38.637084 -46.509128 51.486736 -23.413732 0.000002 -0.000001 -20.085437 -29.287083 -28.490782 14.982332 7.125020 -0.000002 0.000000 1.590121 -61.868437 -0.647977
44.656145 17.066557 -1.806092 70.036964 84.765068 57.926010 0.000000 0.000000 0.000000 -25.124516 5.852252 2.831171 2.689089 10.103713 29.729605 0.331174 2.307519 -15.050695 0.039805 -1.287733 -3.540866 0.000000 0.000000 0.000000 10.971573 3.686791 -12.122959 -3.269979 -11.131325 32.656050 -0.424002 1.434405 -11.287165 -0.274054 -3.367303 9.303077 -9.521139 0.138612 14.550632 -0.766244 -1.161364 2.847737 4.775897 -0.379643 -4.936323 1.726459 3.017464 -28.457466 -1.016010 3.740725 20.135103 -0.000737 1.691241 11.255352 0.000000 0.000000 0.000000 -74.753436 0.077553 62.964358 110.908758 -58.281904 -78.003061 -0.000002 0.000001 -21.791760 36.149814 -23.021658 -15.944506 -7.125020 0.000002 0.000000 4.313374 2.293674 -4.148980 0.000000 0.000000 0.000000 80.136561 -37.751481 38.435209 -46.502718 51.483773 -23.408716 0.000002 -0.000001 -20.733542 -29.724574 -29.090148 15.519430 7.125020 -0.000002 0.000000 1.313157 -62.623741 -0.555878
44.785882 17.115376 -1.789271 70.103445 84.648178 58.226779 0.000000 0.000000 0.000000 -25.147200 5.951595 3.306641 2.615200 9.987985 29.271628 0.339348 2.261754 -14.656707 0.039443 -1.281865 -3.524705 0.000000 0.000000 0.000000 11.029263 3.779053 -11.634253 -2.921634 -10.574754 30.814331 -0.349530 1.172980 -10.329700 -0.331111 -3.698169 10.229019 -9.584052 0.102494 14.219897 -0.802203 -1.191027 2.787998 4.772651 -0.399437 -4.814584 1.770782 3.054805 -28.402622 -1.060657 3.790031 20.217099 -0.015635 1.711164 11.279424 0.000000 0.000000 0.000000 -74.523516 0.070797 63.311414 111.005378 -58.265352 -78.085242 -0.000002 0.000001 -21.769154 36.068196 -23.013883 -15.894378 -7.125020 0.000002 0.000000 4.265751 2.325551 -4.100342 0.000000 0.000000 0.000000 80.156850 -38.254481 38.226783 -46.574165 51.516760 -23.464631 0.000002 -0.000001 -21.336301 -30.196476 -29.751647 16.112546 7.125020 -0.000002 0.000000 1.022596 -63.456538 -0.451765
44.914914 17.157974 -1.771615 70.189740 84.545183 58.541522 0.000000 0.000000 0.000000 -25.151246 6.047857 3.737396 2.557009 9.895990 28.905113 0.349428 2.186646 -14.325006 0.036275 -1.229360 -3.380120 0.000000 0.000000 0.000000 11.117540 3.854512 -11.133762 -2.614722 -10.048252 29.106300 -0.276013 0.824572 -9.306724 -0.385756 -3.988478 11.044253 -9.627055 0.072589 13.895058 -0.837104 -1.209691 2.727326 4.757332 -0.413728 -4.698815 1.801224 3.077503 -28.353347 -1.100965 3.824150 20.313427 -0.029159 1.723572 11.309310 0.000000 0.000000 0.000000 -74.301596 0.061303 63.638909 110.976496 -58.270309 -78.060678 -0.000002 0.000001 -21.751476 35.957145 -23.004579 -15.827202 -7.125020 0.000002 0.000000 4.200626 2.367284 -4.034170 0.000000 0.000000 0.000000 80.206879 -38.751064 38.003495 -46.708004 51.578309 -23.569443 0.000002 -0.000001 -21.894591 -30.667011 -30.419960 16.715758 7.125020 -0.000002 0.000000 0.737860 -64.298458 -0.340420
45.042261 17.194066 -1.752875 70.362739 84.440246 58.948370 0.000000 0.000000 0.000000 -25.155265 6.132020 4.101561 2.517162 9.833069 28.649681 0.360595 2.068068 -14.081415 0.033682 -1.184654 -3.257028 0.000000 0.000000 0.000000 11.214733 3.931429 -10.646015 -2.348580 -9.559759 27.548241 -0.204385 0.368085 -8.222642 -0.445268 -4.281355 11.869585 -9.672893 0.051404 13.574710 -0.874380 -1.217537 2.663191 4.739178 -0.422128 -4.590366 1.805441 3.089776 -28.305504 -1.115280 3.847637 20.406057 -0.030731 1.732609 11.336709 0.000000 0.000000 0.000000 -74.087158 0.045137 63.947667 110.835494 -58.294396 -77.940735 -0.000002 0.000001 -21.736485 35.811334 -22.987549 -15.736388 -7.125020 0.000002 0.000000 4.115906 2.427318 -3.947931 0.000000 0.000000 0.000000 80.287451 -39.231966 37.764979 -46.887816 51.660499 -23.710398 0.000002 -0.000001 -22.426288 -31.110604 -31.012485 17.274103 7.125020 -0.000002 0.000000 0.451082 -65.054258 -0.216456
45.167397 17.223253 -1.733289 70.641736 84.325311 59.475299 0.000000 0.000000 0.000000 -25.170010 6.195117 4.388650 2.496110 9.800006 28.512827 0.369464 1.895877 -13.939537 0.033479 -1.181070 -3.247162 0.000000 0.000000 0.000000 11.306487 4.009030 -10.194308 -2.121619 -9.116015 26.152868 -0.135546 -0.214507 -7.070193 -0.521859 -4.629747 12.855471 -9.729652 0.039733 13.267604 -0.915505 -1.216685 2.584815 4.721901 -0.424564 -4.505169 1.780181 3.092639 -28.245637 -1.096880 3.861255 20.482529 -0.017468 1.739483 11.354284 0.000000 0.000000 0.000000 -73.883402 0.037794 64.240583 110.600742 -58.334081 -77.740976 -0.000002 0.000001 -21.722050 35.627910 -22.958425 -15.617954 -7.125020 0.000002 0.000000 4.010623 2.511244 -3.840437 0.000000 0.000000 0.000000 80.390211 -39.704238 37.522131 -47.101896 51.757610 -23.878423 0.000002 -0.000000 -22.953698 -31.504774 -31.457467 17.737478 7.125020 -0.000002 0.000000 0.153269 -65.640798 -0.076273
45.290557 17.244728 -1.713287 70.958307 84.217563 60.048201 0.000000 0.000000 0.000000 -25.175312 6.233609 4.612527 2.492752 9.794983 28.490230 0.374553 1.659940 -13.900611 0.036171 -1.227589 -3.375240 0.000000 0.000000 0.000000 11.410490 4.065104 -9.779622 -1.931162 -8.721454 24.926365 -0.072330 -0.926098 -5.857934 -0.633406 -5.092217 14.171765 -9.776520 0.034485 12.990310 -0.954614 -1.210639 2.486640 4.701104 -0.422210 -4.458259 1.735451 3.085065 -28.168648 -1.060445 3.863444 20.542799 0.003248 1.742369 11.361663 0.000000 0.000000 0.000000 -73.698392 0.055648 64.515589 110.284493 -58.386725 -77.471733 -0.000002 0.000001 -21.702042 35.407793 -22.915799 -15.471925 -7.125020 0.000002 0.000000 3.885497 2.620160 -3.712521 0.000000 0.000000 0.000000 80.499658 -40.176724 37.291330 -47.346655 51.867653 -24.070802 0.000002 -0.000000 -23.489044 -31.824081 -31.733879 18.076607 7.125020 -0.000002 0.000000 -0.134396 -66.027757 0.066569
45.412659 17.257560 -1.693072 71.334096 84.132681 60.672714 0.000000 0.000000 0.000000 -25.153868 6.249822 4.799150 2.505889 9.816160 28.574396 0.376030 1.354615 -13.950119 0.041984 -1.322460 -3.636516 0.000000 0.000000 0.000000 11.538799 4.062815 -9.386273 -1.774699 -8.380121 23.874719 -0.020048 -1.736922 -4.642371 -0.802591 -5.717773 15.967704 -9.800036 0.030988 12.748943 -0.987065 -1.203659 2.377360 4.674955 -0.417823 -4.443369 1.688566 3.068876 -28.081560 -1.032242 3.856535 20.588540 0.019402 1.740047 11.361769 0.000000 0.000000 0.000000 -73.539870 0.096505 64.765499 109.889101 -58.451231 -77.134897 -0.000002 0.000001 -21.669109 35.154838 -22.859279 -15.300612 -7.125020 0.000002 0.000000 3.742806 2.753167 -3.566688 0.000000 0.000000 0.000000 80.601784 -40.643042 37.084384 -47.623995 51.991086 -24.289138 0.000002 -0.000000 -24.026696 -32.042241 -31.880645 18.290071 7.125020 -0.000002 0.000000 -0.355363 -66.248076 0.179530
45.534804 17.261125 -1.672573 71.878848 84.070335 61.443780 0.000000 0.000000 0.000000 -25.107951 6.252698 4.966872 2.535286 9.863879 28.760423 0.375812 0.989816 -14.058958 0.051734 -1.467797 -4.036960 0.000000 0.000000 0.000000 11.681291 3.967096 -8.998472 -1.650139 -8.095797 23.005425 0.016974 -2.575866 -3.545586 -1.044622 -6.499820 18.241731 -9.806642 0.025894 12.534372 -1.014137 -1.198620 2.273186 4.645899 -0.414166 -4.437625 1.650481 3.047599 -27.992971 -1.028993 3.845112 20.615358 0.023907 1.733089 11.355159 0.000000 0.000000 0.000000 -73.409653 0.145612 64.985009 109.412981 -58.526988 -76.728984 -0.000002 0.000001 -21.620141 34.875099 -22.789090 -15.107894 -7.125020 0.000002 0.000000 3.586043 2.908079 -3.406686 0.000000 0.000000 0.000000 80.689495 -41.084799 36.908361 -47.934083 52.127526 -24.533690 0.000002 0.000000 -24.554346 -32.145730 -31.961924 18.397662 7.125020 -0.000002 0.000000 -0.455362 -66.365318 0.231918
45.657756 17.255228 -1.651628 72.595681 84.032220 62.357234 0.000000 0.000000 0.000000 -25.033294 6.259193 5.120229 2.581560 9.941005 29.043983 0.379613 0.588814 -14.197151 0.066734 -1.666691 -4.585382 0.000000 0.000000 0.000000 11.767509 3.720041 -8.512327 -1.550141 -7.840414 22.329522 0.121477 -3.306518 -2.841127 -1.345014 -7.342494 20.734085 -9.795005 0.018313 12.333719 -1.036928 -1.194090 2.186182 4.611510 -0.411791 -4.421377 1.619344 3.022234 -27.906965 -1.046771 3.830029 20.618566 0.018676 1.722209 11.340650 0.000000 0.000000 0.000000 -73.303634 0.192673 65.175546 108.855830 -58.612999 -76.253578 -0.000002 0.000001 -21.555598 34.577281 -22.706369 -14.899558 -7.125020 0.000002 0.000000 3.420147 3.081020 -3.237718 0.000000 0.000000 0.000000 80.762347 -41.486121 36.770788 -48.271690 52.274211 -24.800456 0.000002 -0.000000 -25.069569 -32.144540 -32.021666 18.425947 7.125020 -0.000002 0.000000 -0.423288 -66.428744 0.216513
45.781694 17.239974 -1.630164 73.375773 84.028067 63.305143 0.000000 0.000000 0.000000 -24.912276 6.287699 5.253356 2.645559 10.050746 29.420269 0.394519 0.169780 -14.348173 0.087872 -1.911937 -5.262349 0.000000 0.000000 0.000000 11.881364 3.415310 -8.086622 -1.475931 -7.640994 21.824046 0.212156 -3.889284 -2.529958 -1.649114 -8.093403 22.998138 -9.749387 0.009417 12.138570 -1.053829 -1.185331 2.120411 4.563799 -0.409125 -4.386758 1.583491 2.988930 -27.830173 -1.066981 3.805615 20.602747 0.011611 1.706346 11.320393 0.000000 0.000000 0.000000 -73.215899 0.233643 65.344242 108.217576 -58.708069 -75.708443 -0.000002 0.000000 -21.474297 34.272531 -22.611691 -14.682237 -7.125020 0.000002 0.000000 3.251659 3.268198 -3.066445 0.000000 0.000000 0.000000 80.825961 -41.839872 36.674815 -48.631649 52.428492 -25.085462 0.000002 -0.000000 -25.576501 -32.064781 -32.068232 18.395760 7.125020 -0.000002 0.000000 -0.289858 -66.454795 0.148492
45.906213 17.215607 -1.608158 74.168078 84.058957 64.243446 0.000000 0.000000 0.000000 -24.737602 6.348270 5.355254 2.727850 10.194007 29.885707 0.424007 -0.271378 -14.514069 0.114854 -2.184995 -6.017191 0.000000 0.000000 0.000000 12.020874 3.075178 -7.668225 -1.421299 -7.484021 21.460623 0.305141 -4.234851 -2.746041 -1.887523 -8.627755 24.637661 -9.664542 0.001445 11.945892 -1.064850 -1.168880 2.073565 4.499277 -0.404444 -4.335243 1.528174 2.940828 -27.773083 -1.069159 3.762882 20.579401 0.011328 1.682893 11.299734 0.000000 0.000000 0.000000 -73.143229 0.266193 65.498531 107.498393 -58.810819 -75.093540 -0.000002 0.000000 -21.372327 33.970405 -22.506383 -14.461996 -7.125020 0.000002 0.000000 3.086045 3.465492 -2.898450 0.000000 0.000000 0.000000 80.889231 -42.145325 36.613972 -49.013060 52.589613 -25.388094 0.000002 -0.000000 -26.072726 -31.934753 -32.086267 18.318471 7.125020 -0.000002 0.000000 -0.102216 -66.435543 0.052116
46.030611 17.182402 -1.585552 74.978420 84.116906 65.186923 0.000000 0.000000 0.000000 -24.511824 6.443084 5.417928 2.828135 10.368404 30.435050 0.468299 -0.763201 -14.715519 0.147393 -2.474047 -6.817694 0.000000 0.000000 0.000000 12.170973 2.738093 -7.214705 -1.378835 -7.351337 21.194680 0.412545 -4.307925 -3.474300 -2.021559 -8.910838 25.516815 -9.548471 -0.003064 11.759249 -1.071135 -1.143816 2.037785 4.421227 -0.396508 -4.277172 1.444916 2.873928 -27.735018 -1.042268 3.696895 20.552959 0.022468 1.650435 11.279839 0.000000 0.000000 0.000000 -73.088122 0.295633 65.640806 106.702670 -58.919167 -74.412436 -0.000002 0.000000 -21.246064 33.673745 -22.397438 -14.244523 -7.125020 0.000002 0.000000 2.923731 3.664193 -2.734739 0.000000 0.000000 0.000000 80.957491 -42.407105 36.580363 -49.412630 52.755838 -25.705827 0.000002 -0.000001 -26.549479 -31.780642 -32.054858 18.201708 7.125020 -0.000002 0.000000 0.091858 -66.356656 -0.047481
46.154099 17.140667 -1.562459 75.791532 84.192928 66.127528 0.000000 0.000000 0.000000 -24.238182 6.570622 5.441467 2.944782 10.568245 31.058015 0.525741 -1.343618 -14.981981 0.188147 -2.793567 -7.704548 0.000000 0.000000 0.000000 12.316210 2.446886 -6.710254 -1.342104 -7.226349 20.982992 0.538704 -4.131074 -4.561864 -2.059122 -8.988154 25.758279 -9.409543 -0.001551 11.587354 -1.073339 -1.109851 2.003271 4.333828 -0.384134 -4.227602 1.336145 2.790550 -27.698619 -0.987935 3.610382 20.511822 0.044242 1.610403 11.253533 0.000000 0.000000 0.000000 -73.059373 0.334536 65.767676 105.837312 -59.030720 -73.670871 -0.000002 0.000000 -21.092562 33.379244 -22.295741 -14.034425 -7.125020 0.000002 0.000000 2.760790 3.852828 -2.572315 0.000000 0.000000 0.000000 81.029941 -42.630454 36.572732 -49.816918 52.921389 -26.028021 0.000002 -0.000001 -26.999992 -31.626494 -31.965876 18.057888 7.125020 -0.000002 0.000000 0.254477 -66.216766 -0.130133
46.275614 17.090752 -1.539234 76.573146 84.276201 67.032934 0.000000 0.000000 0.000000 -23.924334 6.726902 5.431279 3.075509 10.786550 31.742329 0.592806 -2.038991 -15.325718 0.241818 -3.164555 -8.737220 0.000000 0.000000 0.000000 12.445610 2.235352 -6.173046 -1.309726 -7.106580 20.815076 0.678174 -3.780891 -5.804281 -2.031092 -8.930541 25.578292 -9.256476 0.009150 11.443064 -1.072803 -1.065715 1.965295 4.240503 -0.365902 -4.198430 1.208316 2.697057 -27.644884 -0.911535 3.510696 20.432569 0.074497 1.566192 11.209131 0.000000 0.000000 0.000000 -73.069389 0.386696 65.874150 104.899807 -59.144295 -72.866531 -0.000002 0.000000 -20.906666 33.084525 -22.205048 -13.832562 -7.125020 0.000002 0.000000 2.595147 4.027807 -2.409443 0.000000 0.000000 0.000000 81.104258 -42.810518 36.593866 -50.203272 53.077148 -26.336574 0.000002 -0.000001 -27.420303 -31.488543 -31.841180 17.908350 7.125020 -0.000002 0.000000 0.375184 -66.043932 -0.190274
46.393709 17.033115 -1.516118 77.213607 84.372057 67.787602 0.000000 0.000000 0.000000 -23.560419 6.908426 5.394836 3.218666 11.018958 32.476530 0.666985 -2.852706 -15.717821 0.307071 -3.562640 -9.849344 0.000000 0.000000 0.000000 12.579599 2.128432 -5.648004 -1.287378 -7.009536 20.733057 0.821412 -3.376166 -7.041791 -1.967273 -8.797570 25.164126 -9.081548 0.032443 11.346571 -1.066988 -1.007552 1.927082 4.139080 -0.339702 -4.197457 1.064690 2.599662 -27.569248 -0.813532 3.404722 20.292861 0.113472 1.521236 11.137687 0.000000 0.000000 0.000000 -73.129731 0.437199 65.958365 103.864620 -59.261041 -71.977316 -0.000002 0.000000 -20.679599 32.794771 -22.118504 -13.637497 -7.125020 0.000002 0.000000 2.431209 4.195691 -2.249805 0.000000 0.000000 0.000000 81.182256 -42.927007 36.645580 -50.543525 53.212366 -26.608829 0.000002 -0.000001 -27.802635 -31.369007 -31.735896 17.780623 7.125020 -0.000002 0.000000 0.480561 -65.897302 -0.241934
46.506891 16.968673 -1.493231 77.443916 84.530987 68.113375 0.000000 0.000000 0.000000 -23.085479 7.113210 5.339487 3.373672 11.265342 33.249187 0.748632 -3.764224 -16.091153 0.370947 -3.912017 -10.829272 0.000000 0.000000 0.000000 12.797445 2.139167 -5.197057 -1.285703 -6.965389 20.822366 0.964408 -3.031202 -8.197409 -1.891378 -8.636058 24.663340 -8.827419 0.068886 11.321750 -1.042864 -0.928907 1.896481 4.010162 -0.303096 -4.230414 0.911666 2.502022 -27.490603 -0.697101 3.295498 20.087179 0.159602 1.476819 11.040721 0.000000 0.000000 0.000000 -73.249448 0.460699 66.020852 102.678342 -59.383822 -70.957046 -0.000002 0.000001 -20.396905 32.523220 -22.033144 -13.453926 -7.125020 0.000002 0.000000 2.277733 4.356775 -2.101256 0.000000 0.000000 0.000000 81.272964 -42.947679 36.725523 -50.803828 53.314588 -26.817435 0.000002 -0.000001 -28.131042 -31.260845 -31.710806 17.698520 7.125020 -0.000002 0.000000 0.612410 -65.839253 -0.307183
46.613805 16.899195 -1.470815 76.836893 84.841319 67.579443 0.000000 0.000000 0.000000 -22.398226 7.337433 5.265313 3.541475 11.529754 34.052037 0.840047 -4.729504 -16.367671 0.418525 -4.152425 -11.505886 0.000000 0.000000 0.000000 13.215889 2.264056 -4.886712 -1.315727 -7.001895 21.175115 1.111344 -2.801777 -9.256742 -1.823321 -8.487937 24.206211 -8.393892 0.113763 11.384517 -0.978556 -0.823589 1.882792 3.819449 -0.254759 -4.297467 0.768759 2.407184 -27.451293 -0.579602 3.184232 19.831283 0.204091 1.432258 10.932288 0.000000 0.000000 0.000000 -73.437960 0.433622 66.055785 101.265059 -59.515007 -69.739939 -0.000002 0.000001 -20.031615 32.286700 -21.965227 -13.298850 -7.125020 0.000002 0.000000 2.142629 4.489031 -1.971671 0.000000 0.000000 0.000000 81.390312 -42.831060 36.826414 -50.943198 53.368887 -26.929240 0.000002 -0.000001 -28.383938 -31.159450 -31.790307 17.670058 7.125020 -0.000002 0.000000 0.790633 -65.894134 -0.397158
46.713137 16.827361 -1.449299 74.849024 85.373906 65.646317 0.000000 0.000000 0.000000 -21.421356 7.571200 5.159982 3.725085 11.819330 34.885802 0.943182 -5.683137 -16.485601 0.447740 -4.293065 -11.902647 0.000000 0.000000 0.000000 13.919670 2.480073 -4.763970 -1.383832 -7.129690 21.839638 1.267104 -2.670200 -10.230621 -1.778341 -8.388253 23.899688 -7.699942 0.157530 11.536196 -0.855415 -0.691321 1.896587 3.540562 -0.196472 -4.388302 0.664158 2.320890 -27.501826 -0.487048 3.074976 19.549252 0.234258 1.387617 10.831189 0.000000 0.000000 0.000000 -73.707958 0.338980 66.041636 99.537228 -59.653486 -68.249873 -0.000002 0.000001 -19.540783 32.099000 -21.948263 -13.196941 -7.125020 0.000002 0.000000 2.029286 4.552019 -1.865307 0.000000 0.000000 0.000000 81.544268 -42.527964 36.940552 -50.917397 53.358858 -26.908536 0.000002 -0.000001 -28.540321 -31.064839 -31.955677 17.685753 7.125020 -0.000002 0.000000 1.007496 -66.041673 -0.509210
46.803836 16.756547 -1.429390 70.715949 86.129276 61.558288 0.000000 0.000000 0.000000 -20.159210 7.796083 5.002722 3.928515 12.140209 35.759821 1.056077 -6.551744 -16.411327 0.468498 -4.390117 -12.176864 0.000000 0.000000 0.000000 14.904246 2.735480 -4.837593 -1.488217 -7.335289 22.785479 1.428807 -2.566170 -11.123902 -1.762845 -8.353571 23.793250 -6.737547 0.187797 11.764644 -0.669969 -0.542154 1.946618 3.173413 -0.134113 -4.485156 0.621992 2.250549 -27.676245 -0.442495 2.974762 19.259411 0.239522 1.344595 10.750894 0.000000 0.000000 0.000000 -74.074617 0.172347 65.941504 97.408595 -59.791573 -66.411544 -0.000002 0.000001 -18.869918 31.965595 -22.021235 -13.171366 -7.125020 0.000002 0.000000 1.935217 4.501368 -1.780849 0.000000 0.000000 0.000000 81.730371 -41.993280 37.067590 -50.691248 53.270508 -26.727181 0.000002 -0.000001 -28.584126 -30.972063 -32.186399 17.731660 7.125020 -0.000002 0.000000 1.262103 -66.257961 -0.644685
46.885666 16.690559 -1.411954 62.878899 87.025737 53.770832 0.000000 0.000000 0.000000 -18.697827 7.989853 4.768404 4.154952 12.493574 36.686345 1.171931 -7.277362 -16.140796 0.492227 -4.498346 -12.483082 0.000000 0.000000 0.000000 16.079768 2.956911 -5.081987 -1.618255 -7.585189 23.907657 1.586608 -2.407164 -11.920400 -1.773796 -8.378099 23.868516 -5.574266 0.193721 12.042769 -0.434154 -0.393066 2.033118 2.745234 -0.075424 -4.570050 0.653842 2.201841 -27.972873 -0.461387 2.890686 18.968717 0.213712 1.305329 10.693962 0.000000 0.000000 0.000000 -74.553363 -0.048408 65.711075 94.804578 -59.912588 -64.159670 -0.000002 0.000001 -17.955076 31.886437 -22.219201 -13.240124 -7.125020 0.000002 0.000000 1.855101 4.298652 -1.713750 0.000000 0.000000 0.000000 81.923444 -41.203619 37.220774 -50.252386 53.096780 -26.375844 0.000002 -0.000001 -28.505166 -30.865357 -32.499046 17.803474 7.125020 -0.000002 0.000000 1.590372 -66.554780 -0.825508
46.959755 16.633124 -1.397578 47.742497 87.887736 38.708255 0.000000 0.000000 0.000000 -17.183495 8.139306 4.433498 4.405007 12.873444 37.673449 1.280528 -7.834815 -15.698381 0.527773 -4.655501 -12.928539 0.000000 0.000000 0.000000 17.299842 3.081467 -5.449010 -1.757072 -7.838698 25.061641 1.728620 -2.143357 -12.586986 -1.801661 -8.440118 24.059058 -4.341091 0.173469 12.323326 -0.171512 -0.259213 2.146627 2.306804 -0.025949 -4.624726 0.750575 2.175655 -28.351601 -0.541892 2.826495 18.672621 0.159257 1.271531 10.651419 0.000000 0.000000 0.000000 -75.157536 -0.283293 65.307122 91.667899 -59.989484 -61.444396 -0.000002 0.000001 -16.726756 31.864729 -22.562729 -13.414806 -7.125020 0.000002 0.000000 1.787608 3.921138 -1.662171 0.000000 0.000000 0.000000 82.080514 -40.163213 37.427697 -49.613486 52.838414 -25.865809 0.000002 -0.000001 -28.301035 -30.725884 -32.941256 17.908639 7.125020 -0.000002 0.000000 2.054694 -66.975268 -1.090544
47.028691 16.587233 -1.386276 21.220132 88.427549 12.297570 0.000000 0.000000 0.000000 -15.809995 8.250964 3.994057 4.674653 13.265278 38.716231 1.369503 -8.230305 -15.129781 0.581091 -4.881163 -13.569930 0.000000 0.000000 0.000000 18.381043 3.085992 -5.868242 -1.886502 -8.062709 26.104974 1.841944 -1.782136 -13.092863 -1.829410 -8.501323 24.247441 -3.223437 0.139890 12.548085 0.082764 -0.148169 2.274102 1.926737 0.013381 -4.629807 0.880755 2.166434 -28.747435 -0.657878 2.780072 18.362148 0.089747 1.243927 10.607764 0.000000 0.000000 0.000000 -75.894291 -0.482862 64.696978 87.968938 -59.984406 -58.241143 -0.000002 0.000001 -15.135734 31.908581 -23.042431 -13.693364 -7.125020 0.000002 0.000000 1.738766 3.378489 -1.629719 0.000000 0.000000 0.000000 82.154026 -38.897341 37.724524 -48.799699 52.499775 -25.218722 0.000002 -0.000001 -27.983768 -30.547844 -33.551837 18.058808 7.125020 -0.000002 0.000000 2.702790 -67.556527 -1.474766
47.095754 16.554889 -1.377532 -6.065620 88.487697 -14.848445 0.000000 0.000000 0.000000 -14.770787 8.353583 3.485955 4.954332 13.648662 39.789077 1.428693 -8.484965 -14.484038 0.651053 -5.161320 -14.369248 0.000000 0.000000 0.000000 19.150000 2.995065 -6.242108 -1.991998 -8.239052 26.929565 1.914737 -1.378566 -13.431893 -1.833325 -8.509914 24.273909 -2.413663 0.117167 12.678110 0.289641 -0.058370 2.405687 1.672720 0.046192 -4.574116 1.008235 2.167026 -29.087028 -0.775850 2.748306 18.031037 0.021969 1.223298 10.547154 0.000000 0.000000 0.000000 -76.760813 -0.602077 63.866109 83.728451 -59.850854 -54.571400 -0.000002 0.000001 -13.187458 32.018114 -23.606454 -14.047293 -7.125020 0.000002 0.000000 1.716439 2.729361 -1.620306 0.000000 0.000000 0.000000 82.107617 -37.443843 38.146510 -47.834787 52.084010 -24.455333 0.000002 -0.000001 -27.585999 -30.349258 -34.318584 18.258794 7.125020 -0.000002 0.000000 3.525530 -68.289056 -1.983974
47.163889 16.537342 -1.370493 -18.452389 88.348370 -27.109598 0.000000 0.000000 0.000000 -14.164573 8.496859 2.989307 5.230748 14.004841 40.845021 1.457536 -8.620193 -13.795468 0.725399 -5.442072 -15.173849 0.000000 0.000000 0.000000 19.526905 2.870708 -6.452236 -2.064667 -8.360360 27.477103 1.944130 -1.003604 -13.629986 -1.797686 -8.431306 24.031963 -2.022015 0.129361 12.721906 0.425969 0.021955 2.538418 1.581481 0.079811 -4.466258 1.113186 2.176916 -29.301223 -0.877156 2.735172 17.673495 -0.034064 1.212749 10.455453 0.000000 0.000000 0.000000 -77.742980 -0.607810 62.815684 79.041410 -59.541329 -50.524201 -0.000002 0.000001 -10.939341 32.159504 -24.159944 -14.408122 -7.125020 0.000002 0.000000 1.715406 2.087724 -1.624923 0.000000 0.000000 0.000000 81.929690 -35.848346 38.713864 -46.742791 51.594254 -23.596703 0.000002 -0.000001 -27.154424 -30.165492 -35.162401 18.496894 7.125020 -0.000002 0.000000 4.440961 -69.099823 -2.577844
47.234921 16.534959 -1.364121 -17.781974 88.219647 -26.388336 0.000000 0.000000 0.000000 -13.941643 8.735688 2.602903 5.490949 14.323117 41.829732 1.466351 -8.657246 -13.082498 0.786754 -5.662410 -15.807982 0.000000 0.000000 0.000000 19.566051 2.785993 -6.390194 -2.100771 -8.422332 27.738313 1.942405 -0.713884 -13.733741 -1.731550 -8.282980 23.576934 -2.023508 0.188954 12.733623 0.495927 0.110547 2.674367 1.640973 0.122528 -4.335528 1.197361 2.202080 -29.343907 -0.961591 2.749166 17.286681 -0.077528 1.216452 10.324301 0.000000 0.000000 0.000000 -78.814305 -0.481398 61.553191 74.080400 -59.020401 -46.258573 -0.000002 0.000001 -8.458758 32.237131 -24.580863 -14.661043 -7.125020 0.000002 0.000000 1.698227 1.611686 -1.605277 0.000000 0.000000 0.000000 81.645805 -34.164133 39.409662 -45.568956 51.044182 -22.680338 0.000002 -0.000001 -26.724696 -30.028793 -35.968563 18.746079 7.125020 -0.000002 0.000000 5.322735 -69.880382 -3.177592
47.308739 16.546492 -1.357386 -10.058130 88.069299 -18.728423 0.000000 0.000000 0.000000 -13.954683 9.087322 2.389128 5.727332 14.601880 42.709332 1.467404 -8.626522 -12.360944 0.825817 -5.797925 -16.199221 0.000000 0.000000 0.000000 19.403988 2.787689 -6.013642 -2.101816 -8.424117 27.745827 1.930338 -0.539040 -13.793513 -1.664308 -8.128749 23.105821 -2.293486 0.289575 12.777973 0.521841 0.215494 2.812710 1.803153 0.176738 -4.219917 1.274973 2.246533 -29.213690 -1.038174 2.792596 16.883836 -0.113544 1.235173 10.158985 0.000000 0.000000 0.000000 -79.936534 -0.222540 60.088619 69.065623 -58.277533 -41.975145 -0.000002 0.000001 -5.795028 32.089545 -24.749284 -14.659815 -7.125020 0.000002 0.000000 1.586473 1.470983 -1.488323 0.000000 0.000000 0.000000 81.318378 -32.450486 40.165492 -44.399087 50.470672 -21.774280 0.000002 -0.000001 -26.296534 -29.949178 -36.648878 18.977169 7.125020 -0.000002 0.000000 6.067967 -70.545220 -3.707422
47.383043 16.568767 -1.349579 -0.925748 87.859486 -9.761501 0.000000 0.000000 0.000000 -14.055189 9.499392 2.333374 5.939923 14.845118 43.487728 1.464934 -8.572001 -11.650196 0.843120 -5.856852 -16.369644 0.000000 0.000000 0.000000 19.176316 2.874216 -5.384288 -2.075345 -8.375375 27.563986 1.921137 -0.484974 -13.849970 -1.625303 -8.037627 22.828425 -2.685929 0.406334 12.890178 0.527296 0.322720 2.943752 2.012662 0.233939 -4.149143 1.356267 2.306848 -28.955537 -1.109885 2.857263 16.497834 -0.145728 1.265054 9.979268 0.000000 0.000000 0.000000 -81.064577 0.146651 58.441163 64.211395 -57.331540 -37.866488 -0.000002 0.000002 -2.990448 31.526629 -24.573803 -14.266985 -7.125020 0.000002 0.000000 1.275216 1.805453 -1.183746 0.000000 0.000000 0.000000 81.021812 -30.761306 40.883751 -43.342872 49.930334 -20.962783 0.000002 -0.000001 -25.842790 -29.908823 -37.180245 19.169513 7.125020 -0.000002 0.000000 6.656185 -71.067454 -4.141328
47.454715 16.597594 -1.340576 6.428729 87.647990 -2.615927 0.000000 0.000000 0.000000 -14.146819 9.875157 2.362620 6.132771 15.057032 44.191486 1.454193 -8.541374 -10.966722 0.839284 -5.843842 -16.332002 0.000000 0.000000 0.000000 18.971047 3.004175 -4.635748 -2.032204 -8.294124 27.268091 1.917442 -0.541864 -13.925002 -1.629259 -8.046927 22.856703 -3.084272 0.506533 13.059667 0.527962 0.403769 3.054012 2.224850 0.278919 -4.130379 1.437472 2.375149 -28.638368 -1.164967 2.930871 16.167031 -0.170664 1.301110 9.810134 0.000000 0.000000 0.000000 -82.153737 0.585408 56.647738 59.678556 -56.223667 -34.073770 -0.000002 0.000002 -0.098358 30.393968 -23.999379 -13.402366 -7.125020 0.000002 0.000000 0.667131 2.695939 -0.619499 0.000000 0.000000 0.000000 80.810347 -29.128875 41.485532 -42.489914 49.477808 -20.312210 0.000002 -0.000001 -25.346860 -29.873981 -37.588724 19.311397 7.125020 -0.000002 0.000000 7.140266 -71.464459 -4.505328
47.521874 16.629154 -1.330927 11.487991 87.518951 2.257984 0.000000 0.000000 0.000000 -14.183270 10.131996 2.400820 6.307332 15.237906 44.837168 1.428467 -8.566616 -10.323458 0.813575 -5.755833 -16.077597 0.000000 0.000000 0.000000 18.831623 3.120403 -3.901795 -1.981453 -8.197350 26.915788 1.916363 -0.690865 -14.011652 -1.672992 -8.148870 23.167165 -3.409040 0.563677 13.241669 0.531999 0.434891 3.134789 2.407408 0.298917 -4.146738 1.509409 2.445446 -28.325332 -1.192226 3.005870 15.919521 -0.183582 1.340156 9.671641 0.000000 0.000000 0.000000 -83.166364 1.050655 54.763808 55.554619 -55.004050 -30.669829 -0.000002 0.000002 2.820503 28.635106 -23.004333 -12.079190 -7.125020 0.000002 0.000000 -0.289792 4.151117 0.222367 0.000000 0.000000 0.000000 80.703991 -27.562330 41.938467 -41.886840 49.148883 -19.854903 0.000002 -0.000001 -24.823161 -29.815659 -37.904154 19.395703 7.125020 -0.000002 0.000000 7.578697 -71.758250 -4.833117
47.584711 16.661067 -1.321838 14.645400 87.511534 5.299567 0.000000 0.000000 0.000000 -14.153079 10.241328 2.409820 6.458689 15.383445 45.411623 1.386245 -8.649614 -9.739641 0.767722 -5.595075 -15.613936 0.000000 0.000000 0.000000 18.770530 3.172549 -3.263296 -1.926949 -8.093156 26.528758 1.914862 -0.906032 -14.072973 -1.738543 -8.298818 23.625430 -3.611897 0.567059 13.387101 0.542273 0.410249 3.181760 2.537054 0.290143 -4.175231 1.572515 2.514514 -28.054991 -1.201796 3.079605 15.771883 -0.188214 1.379414 9.576070 0.000000 0.000000 0.000000 -84.075237 1.517872 52.856357 51.858412 -53.718068 -27.665361 -0.000002 0.000002 5.709802 26.321167 -21.611295 -10.414279 -7.125020 0.000002 0.000000 -1.581581 6.095446 1.291585 0.000000 0.000000 0.000000 80.694209 -26.065663 42.250718 -41.545752 48.959491 -19.597268 0.000002 -0.000001 -24.305069 -29.718948 -38.125158 19.412522 7.125020 -0.000002 0.000000 7.979991 -71.943935 -5.124428
47.644726 16.692748 -1.314688 16.268688 87.606215 6.888638 0.000000 0.000000 0.000000 -14.069952 10.232384 2.397708 6.577471 15.488605 45.876688 1.335088 -8.761794 -9.247889 0.703748 -5.361959 -14.943873 0.000000 0.000000 0.000000 18.778482 3.137184 -2.731026 -1.867588 -7.979616 26.095861 1.911693 -1.155475 -14.063525 -1.799167 -8.434592 24.042067 -3.676589 0.524743 13.470747 0.557196 0.344067 3.192657 2.600509 0.259204 -4.205155 1.636739 2.577554 -27.841620 -1.218681 3.147164 15.734209 -0.195602 1.414013 9.529714 0.000000 0.000000 0.000000 -84.861894 1.983386 50.991528 48.557606 -52.396927 -25.026789 -0.000001 0.000002 8.509357 23.617747 -19.916976 -8.598455 -7.125020 0.000002 0.000000 -3.143164 8.358347 2.494829 0.000000 0.000000 0.000000 80.759030 -24.649947 42.449233 -41.458564 48.910685 -19.531530 0.000002 -0.000001 -23.822570 -29.573114 -38.215924 19.341086 7.125020 -0.000002 0.000000 8.307886 -71.983730 -5.344831
47.703368 16.724827 -1.310260 16.525384 87.749185 7.175580 0.000000 0.000000 0.000000 -13.959958 10.168005 2.404980 6.654233 15.552096 46.184647 1.292006 -8.854563 -8.894862 0.624940 -5.058705 -14.076072 0.000000 0.000000 0.000000 18.836329 3.023324 -2.261790 -1.800087 -7.848955 25.592605 1.907596 -1.402155 -13.961953 -1.825863 -8.493530 24.223438 -3.616019 0.457680 13.494950 0.572940 0.262663 3.171874 2.596540 0.219180 -4.234892 1.709375 2.627832 -27.684658 -1.260409 3.200525 15.804932 -0.214376 1.438557 9.532061 0.000000 0.000000 0.000000 -85.511814 2.442997 49.224787 45.592249 -51.055341 -22.698450 -0.000001 0.000002 11.138243 20.710402 -18.099085 -6.832352 -7.125020 0.000002 0.000000 -4.892407 10.696280 3.741723 0.000000 0.000000 0.000000 80.877277 -23.323591 42.559618 -41.604883 48.992501 -19.641877 0.000002 -0.000001 -23.388901 -29.357969 -38.133197 19.151174 7.125020 -0.000002 0.000000 8.533331 -71.829259 -5.462533
47.761355 16.758201 -1.308759 15.718702 87.884514 6.438206 0.000000 0.000000 0.000000 -13.870701 9.915516 1.953647 6.813763 15.695396 46.785270 1.271862 -8.851439 -8.671627 0.541463 -4.714539 -13.096137 0.000000 0.000000 0.000000 18.911447 2.854730 -1.802358 -1.722122 -7.693608 25.002220 1.904379 -1.599970 -13.779908 -1.798078 -8.432176 24.034640 -3.465431 0.388987 13.470955 0.583206 0.191652 3.130318 2.534102 0.183015 -4.260885 1.787747 2.661058 -27.573109 -1.327311 3.235041 15.964827 -0.245169 1.450876 9.574200 0.000000 0.000000 0.000000 -86.010639 2.879531 47.604337 42.894980 -49.694542 -20.620617 -0.000001 0.000002 13.513518 17.763098 -16.367763 -5.267700 -7.125020 0.000002 0.000000 -6.741488 12.859415 4.967087 0.000000 0.000000 0.000000 81.033490 -22.082763 42.598875 -41.956199 49.187099 -19.907380 0.000002 -0.000001 -23.000902 -29.041779 -37.860907 18.815885 7.125020 -0.000002 0.000000 8.683558 -71.454849 -5.487109
47.818855 16.793603 -1.310539 14.927470 87.973126 5.742698 0.000000 0.000000 0.000000 -13.828747 9.672392 1.501271 6.931844 15.795494 47.236683 1.262639 -8.720959 -8.662879 0.467633 -4.386112 -12.165543 0.000000 0.000000 0.000000 18.943280 2.647858 -1.333552 -1.634438 -7.512292 24.327292 1.900706 -1.697584 -13.539354 -1.719946 -8.256615 23.496258 -3.278647 0.336325 13.405878 0.575824 0.146233 3.073251 2.428319 0.158691 -4.282479 1.862408 2.676748 -27.487313 -1.407625 3.251208 16.188338 -0.282584 1.452356 9.643340 0.000000 0.000000 0.000000 -86.345687 3.279623 46.177852 40.403100 -48.306907 -18.739685 -0.000001 0.000002 15.600580 14.907589 -14.904266 -3.981707 -7.125020 0.000002 0.000000 -8.599302 14.654526 6.134057 0.000000 0.000000 0.000000 81.214874 -20.922925 42.580003 -42.482219 49.473660 -20.306358 0.000002 -0.000001 -22.646330 -28.589093 -37.428283 18.324856 7.125020 -0.000002 0.000000 8.850289 -70.878241 -5.477715
47.875781 16.831532 -1.316320 15.589482 87.999134 6.528159 0.000000 0.000000 0.000000 -13.898868 9.452226 1.056878 6.999731 15.846850 47.508981 1.265052 -8.438801 -8.872394 0.412969 -4.125112 -11.428913 0.000000 0.000000 0.000000 18.867901 2.406718 -0.876468 -1.540829 -7.311323 23.590338 1.892278 -1.661332 -13.252256 -1.623268 -8.032840 22.813872 -3.105064 0.308417 13.306130 0.538084 0.129858 2.995040 2.293285 0.148495 -4.309159 1.927262 2.676472 -27.409606 -1.489877 3.251136 16.460137 -0.321542 1.445259 9.730829 0.000000 0.000000 0.000000 -86.512630 3.649437 44.984755 38.068237 -46.882830 -17.015392 -0.000001 0.000002 17.436234 12.216221 -13.834991 -2.978802 -7.125020 0.000002 0.000000 -10.396647 15.965344 7.244593 0.000000 0.000000 0.000000 81.407525 -19.849847 42.517676 -43.159733 49.834409 -20.822730 0.000002 -0.000001 -22.310306 -27.973563 -36.901806 17.690098 7.125020 -0.000002 0.000000 9.149552 -70.157672 -5.513436
47.931768 16.872101 -1.326549 17.913046 87.961463 9.003967 0.000000 0.000000 0.000000 -14.091110 9.256508 0.622813 7.014614 15.848507 47.593156 1.276003 -8.013781 -9.267797 0.379614 -3.956956 -10.955600 0.000000 0.000000 0.000000 18.675835 2.136787 -0.461778 -1.446333 -7.100694 22.825750 1.877594 -1.500200 -12.923355 -1.544659 -7.845151 22.244734 -2.953800 0.305759 13.181355 0.469887 0.141395 2.891867 2.134300 0.152085 -4.349858 1.985471 2.663631 -27.335615 -1.573035 3.238043 16.771651 -0.361801 1.431534 9.833032 0.000000 0.000000 0.000000 -86.519183 4.001911 44.045786 35.864211 -45.419457 -15.425691 -0.000001 0.000002 19.097968 9.705133 -13.225091 -2.213942 -7.125020 0.000002 0.000000 -12.094765 16.749652 8.330458 0.000000 0.000000 0.000000 81.595973 -18.867528 42.427895 -43.976547 50.257125 -21.448874 0.000002 -0.000001 -21.983107 -27.194315 -36.356585 16.945187 7.125020 -0.000002 0.000000 9.656966 -69.369305 -5.647279
47.986154 16.914880 -1.340708 20.710954 87.863306 11.972390 0.000000 0.000000 0.000000 -14.351240 9.090124 0.203098 6.980371 15.804369 47.503447 1.290747 -7.480985 -9.799312 0.365678 -3.884438 -10.751779 0.000000 0.000000 0.000000 18.418224 1.860423 -0.096597 -1.355147 -6.889390 22.066214 1.860259 -1.268211 -12.560945 -1.500545 -7.737417 21.919326 -2.801538 0.327420 13.045729 0.384705 0.183480 2.772150 1.951894 0.170580 -4.403299 2.043110 2.642590 -27.269566 -1.663955 3.216870 17.106853 -0.406053 1.413072 9.945274 0.000000 0.000000 0.000000 -86.380426 4.340100 43.369308 33.786553 -43.925956 -13.964777 -0.000001 0.000002 20.649747 7.386605 -13.072086 -1.625542 -7.125020 0.000002 0.000000 -13.660116 17.034234 9.415838 0.000000 0.000000 0.000000 81.766488 -17.966365 42.323488 -44.927985 50.733149 -22.182990 0.000002 -0.000001 -21.670267 -26.285667 -35.849486 16.139708 7.125020 -0.000002 0.000000 10.370241 -68.582943 -5.882876
48.038378 16.958987 -1.357268 23.002819 87.706360 14.430392 0.000000 0.000000 0.000000 -14.621413 8.967094 -0.192071 6.904545 15.720755 47.266225 1.305626 -6.883389 -10.424754 0.367032 -3.891550 -10.771760 0.000000 0.000000 0.000000 18.149554 1.615084 0.246200 -1.269236 -6.682601 21.328420 1.843966 -1.042446 -12.177469 -1.485426 -7.700079 21.806761 -2.641978 0.377732 12.920547 0.296132 0.263596 2.650589 1.755495 0.207702 -4.465753 2.098919 2.615070 -27.212139 -1.765623 3.190799 17.442301 -0.454791 1.390947 10.059342 0.000000 0.000000 0.000000 -86.113013 4.662934 42.963060 31.843340 -42.421924 -12.635018 -0.000001 0.000002 22.104897 5.292883 -13.309380 -1.157533 -7.125020 0.000002 0.000000 -15.055264 16.903945 10.495497 0.000000 0.000000 0.000000 81.910334 -17.132441 42.212909 -46.010820 51.254175 -23.024454 0.000002 -0.000001 -21.394677 -25.310069 -35.406181 15.327899 7.125020 -0.000002 0.000000 11.218290 -67.845590 -6.182849
48.088309 17.003341 -1.374325 24.482761 87.489956 16.046780 0.000000 0.000000 0.000000 -14.864922 8.906138 -0.548402 6.794517 15.603450 46.906391 1.318746 -6.259059 -11.117774 0.376162 -3.939125 -10.905468 0.000000 0.000000 0.000000 17.903820 1.438345 0.612007 -1.188180 -6.480400 20.609304 1.830121 -0.895051 -11.782124 -1.487208 -7.704492 21.820060 -2.492269 0.462959 12.828495 0.213283 0.388463 2.539578 1.563181 0.267065 -4.536593 2.143016 2.578936 -27.159943 -1.869526 3.158323 17.757256 -0.503772 1.364927 10.166806 0.000000 0.000000 0.000000 -85.735145 4.974588 42.833016 30.043883 -40.930979 -11.438362 -0.000001 0.000002 23.421353 3.463002 -13.825721 -0.769321 -7.125020 0.000002 0.000000 -16.249759 16.480559 11.537998 0.000000 0.000000 0.000000 82.021862 -16.354550 42.106136 -47.215184 51.808670 -23.967434 0.000002 -0.000001 -21.186231 -24.343344 -35.009494 14.554237 7.125020 -0.000002 0.000000 12.079452 -67.164524 -6.478754
48.136137 17.046930 -1.390521 24.799593 87.224498 16.455358 0.000000 0.000000 0.000000 -15.037393 8.920012 -0.856132 6.655863 15.456485 46.441701 1.328964 -5.641639 -11.857705 0.381585 -3.967099 -10.984124 0.000000 0.000000 0.000000 17.720459 1.348311 1.033833 -1.110470 -6.279219 19.897213 1.820829 -0.871382 -11.372888 -1.498155 -7.731530 21.901570 -2.348986 0.581388 12.779341 0.147455 0.557338 2.447936 1.384917 0.348245 -4.611491 2.166190 2.532524 -27.113545 -1.960207 3.116462 18.039440 -0.546481 1.334985 10.262770 0.000000 0.000000 0.000000 -85.267342 5.280763 42.975245 28.391418 -39.474087 -10.371581 -0.000001 0.000002 24.519699 1.942213 -14.495988 -0.442605 -7.125020 0.000002 0.000000 -17.218045 15.892811 12.491783 0.000000 0.000000 0.000000 82.094435 -15.617210 42.020534 -48.518051 52.380031 -24.995455 0.000002 -0.000001 -21.069167 -23.458142 -34.608019 13.846764 7.125020 -0.000002 0.000000 12.815048 -66.510650 -6.690002
48.182308 17.088981 -1.405534 23.790596 86.932684 15.494845 0.000000 0.000000 0.000000 -15.102437 9.004887 -1.113720 6.491655 15.281616 45.880073 1.335338 -5.062861 -12.619400 0.371561 -3.915224 -10.838285 0.000000 0.000000 0.000000 17.631638 1.330639 1.513177 -1.035203 -6.076419 19.185164 1.817381 -0.978048 -10.936456 -1.513818 -7.770020 22.017706 -2.187764 0.721316 12.765234 0.108172 0.758964 2.378489 1.218687 0.445284 -4.682416 2.168164 2.479212 -27.074517 -2.025462 3.066466 18.284609 -0.578195 1.303237 10.345673 0.000000 0.000000 0.000000 -84.729179 5.589136 43.374587 26.882584 -38.066994 -9.426641 -0.000001 0.000002 25.311583 0.786096 -15.210694 -0.182085 -7.125020 0.000002 0.000000 -17.932461 15.248791 13.293807 0.000000 0.000000 0.000000 82.121578 -14.904604 41.976685 -49.889489 52.950826 -26.085928 0.000002 -0.000001 -21.053570 -22.700518 -34.169050 13.221458 7.125020 -0.000002 0.000000 13.346494 -65.863816 -6.775575
48.227313 17.129056 -1.419660 21.903009 86.631683 13.626235 0.000000 0.000000 0.000000 -15.069509 9.141455 -1.327707 6.303395 15.079123 45.222815 1.337491 -4.548919 -13.375062 0.341502 -3.755173 -10.388884 0.000000 0.000000 0.000000 17.628718 1.356015 2.026740 -0.962872 -5.873416 18.477733 1.817686 -1.188220 -10.466422 -1.529705 -7.808829 22.134923 -2.002773 0.869565 12.773830 0.094130 0.976602 2.322986 1.062406 0.549799 -4.750515 2.155761 2.426034 -27.033401 -2.061840 3.014379 18.492302 -0.597728 1.273480 10.413812 0.000000 0.000000 0.000000 -84.135858 5.917287 44.009702 25.511588 -36.722322 -8.593950 -0.000001 0.000002 25.727270 0.046268 -15.887199 -0.006295 -7.125020 0.000002 0.000000 -18.369426 14.627265 13.884481 0.000000 0.000000 0.000000 82.101937 -14.215815 41.986836 -51.307064 53.509243 -27.221504 0.000002 -0.000001 -21.129584 -22.076018 -33.716878 12.686695 7.125020 -0.000002 0.000000 13.699453 -65.247044 -6.763804
48.271137 17.167067 -1.433340 19.793123 86.327180 11.525358 0.000000 0.000000 0.000000 -14.980716 9.306008 -1.514896 6.093457 14.850002 44.473989 1.336043 -4.115453 -14.103804 0.297967 -3.509898 -9.701742 0.000000 0.000000 0.000000 17.673208 1.407291 2.540728 -0.895023 -5.674843 17.791461 1.819497 -1.454474 -9.979323 -1.542119 -7.838994 22.226115 -1.809827 1.018039 12.798258 0.095504 1.196422 2.265576 0.916834 0.655171 -4.828265 2.138414 2.378045 -26.975101 -2.077210 2.965653 18.664907 -0.608566 1.248004 10.465824 0.000000 0.000000 0.000000 -83.498958 6.286557 44.854554 24.273275 -35.451907 -7.864502 -0.000001 0.000002 25.729004 -0.246183 -16.463063 0.064172 -7.125020 0.000002 0.000000 -18.518495 14.086243 14.218760 0.000000 0.000000 0.000000 82.040270 -13.561225 42.049975 -52.757890 54.048999 -28.391986 0.000002 -0.000001 -21.267707 -21.563909 -33.299256 12.241519 7.125020 -0.000002 0.000000 13.947309 -64.699017 -6.710747
48.313263 17.203151 -1.447248 18.024563 86.019887 9.777622 0.000000 0.000000 0.000000 -14.891871 9.476523 -1.698519 5.865134 14.596102 43.641069 1.332932 -3.767005 -14.801858 0.253881 -3.241955 -8.953109 0.000000 0.000000 0.000000 17.714073 1.474647 3.017177 -0.833163 -5.485907 17.145097 1.821176 -1.717757 -9.501196 -1.549400 -7.856623 22.279440 -1.631696 1.162494 12.827505 0.098495 1.408746 2.195226 0.782212 0.756850 -4.921199 2.126564 2.336275 -26.898877 -2.088690 2.922052 18.809725 -0.618261 1.226133 10.504760 0.000000 0.000000 0.000000 -82.830419 6.703827 45.871546 23.162631 -34.266172 -7.229656 -0.000001 0.000002 25.309631 -0.086933 -16.892026 0.015165 -7.125020 0.000002 0.000000 -18.384700 13.668262 14.271951 0.000000 0.000000 0.000000 81.943244 -12.939983 42.158988 -54.225861 54.563901 -29.584232 0.000002 -0.000001 -21.429044 -21.143883 -32.927751 11.873687 7.125020 -0.000002 0.000000 14.126405 -64.223892 -6.640607
48.353561 17.237388 -1.462294 17.170853 85.711203 8.975363 0.000000 0.000000 0.000000 -14.878530 9.634079 -1.892412 5.619687 14.317161 42.723445 1.331208 -3.500448 -15.484363 0.220253 -3.021115 -8.337541 0.000000 0.000000 0.000000 17.683486 1.533835 3.423147 -0.777577 -5.309565 16.544032 1.817056 -1.919814 -9.042187 -1.550362 -7.858947 22.286473 -1.503239 1.299672 12.833994 0.085263 1.603943 2.114482 0.662008 0.850455 -5.011866 2.128530 2.301184 -26.822604 -2.111050 2.884495 18.935322 -0.633215 1.206758 10.537260 0.000000 0.000000 0.000000 -82.145818 7.156411 47.003485 22.173876 -33.172974 -6.680735 -0.000001 0.000002 24.490136 0.491301 -17.155092 -0.153237 -7.125020 0.000002 0.000000 -17.993119 13.391085 14.050907 0.000000 0.000000 0.000000 81.816094 -12.329135 42.309244 -55.683325 55.045415 -30.775292 0.000002 -0.000001 -21.579598 -20.813069 -32.560912 11.565212 7.125020 -0.000002 0.000000 14.207785 -63.779152 -6.530046
48.392911 17.269544 -1.479177 17.671657 85.402703 9.566518 0.000000 0.000000 0.000000 -15.016349 9.768176 -2.087992 5.355039 14.009035 41.706452 1.333582 -3.306930 -16.170183 0.202440 -2.897127 -7.992478 0.000000 0.000000 0.000000 17.514130 1.547187 3.745323 -0.727055 -5.144679 15.975572 1.797843 -2.019270 -8.591633 -1.542948 -7.841002 22.232187 -1.465114 1.426802 12.780654 0.038464 1.772642 2.036733 0.563792 0.931949 -5.066416 2.148734 2.275565 -26.768122 -2.146572 2.855260 19.045443 -0.654434 1.190697 10.568612 0.000000 0.000000 0.000000 -81.463520 7.626125 48.174452 21.301372 -32.178441 -6.209660 -0.000001 0.000002 23.323505 1.405142 -17.274608 -0.421145 -7.125020 0.000002 0.000000 -17.396613 13.235379 13.605856 0.000000 0.000000 0.000000 81.663587 -11.695530 42.500183 -57.095490 55.484942 -31.935835 0.000002 -0.000001 -21.700008 -20.590271 -32.137225 11.304978 7.125020 -0.000002 0.000000 14.124873 -63.308107 -6.334730
48.432432 17.299078 -1.497804 19.328413 85.090952 11.347425 0.000000 0.000000 0.000000 -15.314189 9.883091 -2.261634 5.069385 13.666975 40.574980 1.340427 -3.170692 -16.859589 0.200862 -2.885888 -7.961216 0.000000 0.000000 0.000000 17.198309 1.496695 3.994786 -0.680181 -4.987908 15.425826 1.760503 -2.006384 -8.140753 -1.526054 -7.799930 22.108033 -1.524068 1.541713 12.646620 -0.044938 1.911720 1.975660 0.489515 1.000031 -5.059220 2.189551 2.264753 -26.745031 -2.185049 2.837782 19.136551 -0.677951 1.180909 10.599075 0.000000 0.000000 0.000000 -80.801153 8.104894 49.299643 20.540045 -31.287499 -5.809215 -0.000001 0.000002 21.900551 2.526807 -17.311080 -0.752714 -7.125020 0.000002 0.000000 -16.672949 13.147683 13.024343 0.000000 0.000000 0.000000 81.491170 -11.012939 42.734371 -58.427247 55.876067 -33.035764 0.000002 -0.000001 -21.787137 -20.510095 -31.616433 11.097117 7.125020 -0.000002 0.000000 13.815562 -62.777942 -6.023610
48.472344 17.325378 -1.517082 21.222004 84.773697 13.383918 0.000000 0.000000 0.000000 -15.679793 9.994940 -2.390294 4.764884 13.289865 39.329041 1.349123 -3.067668 -17.526906 0.212442 -2.967407 -8.188021 0.000000 0.000000 0.000000 16.818879 1.407869 4.199974 -0.636584 -4.837230 14.896595 1.714825 -1.907745 -7.705621 -1.501358 -7.739415 21.925354 -1.631445 1.642363 12.444680 -0.145721 2.026615 1.937523 0.430804 1.056829 -4.990274 2.250971 2.274817 -26.747634 -2.210051 2.836080 19.202492 -0.697154 1.181421 10.625174 0.000000 0.000000 0.000000 -80.173766 8.597566 50.298123 19.883599 -30.501847 -5.472145 -0.000001 0.000002 20.348928 3.712289 -17.338176 -1.107486 -7.125020 0.000002 0.000000 -15.909492 13.063104 12.406269 0.000000 0.000000 0.000000 81.302232 -10.269220 43.017539 -59.647634 56.215303 -34.048072 0.000002 -0.000001 -21.848361 -20.611380 -30.986876 10.955637 7.125020 -0.000002 0.000000 13.239732 -62.183738 -5.588647
48.512067 17.347932 -1.535536 22.440183 84.461780 14.744742 0.000000 0.000000 0.000000 -15.989009 10.116941 -2.454999 4.446164 12.879299 37.978748 1.355292 -2.967405 -18.133537 0.231992 -3.100050 -8.557418 0.000000 0.000000 0.000000 16.488139 1.327369 4.395168 -0.596591 -4.692629 14.399298 1.675529 -1.769378 -7.321628 -1.472684 -7.668439 21.711457 -1.724002 1.726644 12.209999 -0.235835 2.124282 1.921965 0.379357 1.104986 -4.878730 2.328343 2.308366 -26.766821 -2.207768 2.852156 19.243365 -0.705987 1.194682 10.645100 0.000000 0.000000 0.000000 -79.594345 9.113353 51.104143 19.322357 -29.817260 -5.190164 -0.000001 0.000002 18.815067 4.826582 -17.412634 -1.448466 -7.125020 0.000002 0.000000 -15.189560 12.933219 11.840139 0.000000 0.000000 0.000000 81.094721 -9.463998 43.356422 -60.736382 56.502983 -34.954495 0.000002 -0.000001 -21.894095 -20.924208 -30.246578 10.891178 7.125020 -0.000002 0.000000 12.376608 -61.527262 -5.035288
48.550950 17.366368 -1.552306 22.722416 84.170984 15.153002 0.000000 0.000000 0.000000 -16.180567 10.246742 -2.438077 4.117082 12.436135 36.530926 1.354880 -2.843755 -18.646663 0.253589 -3.240110 -8.947956 0.000000 0.000000 0.000000 16.263779 1.285506 4.608445 -0.560192 -4.554112 13.938716 1.650563 -1.630323 -7.019230 -1.445400 -7.600169 21.506083 -1.775458 1.792706 11.975646 -0.298698 2.205851 1.926688 0.336619 1.144799 -4.745256 2.415595 2.362275 -26.798686 -2.176296 2.883811 19.265096 -0.703150 1.219500 10.660208 0.000000 0.000000 0.000000 -79.074686 9.655707 51.673167 18.842940 -29.223049 -4.953937 -0.000001 0.000002 17.427919 5.754070 -17.560118 -1.743373 -7.125020 0.000002 0.000000 -14.586599 12.739510 11.393589 0.000000 0.000000 0.000000 80.861473 -8.601515 43.754908 -61.688233 56.743267 -35.749365 0.000002 -0.000001 -21.935951 -21.449404 -29.406100 10.901665 7.125020 -0.000002 0.000000 11.246574 -60.815846 -4.388319
48.588466 17.380418 -1.567567 22.322053 83.907924 14.853310 0.000000 0.000000 0.000000 -16.268451 10.368536 -2.326825 3.780770 11.960372 34.989028 1.345769 -2.688922 -19.049465 0.271737 -3.353155 -9.263554 0.000000 0.000000 0.000000 16.137323 1.287970 4.852910 -0.526863 -4.420793 13.509967 1.639557 -1.509156 -6.809165 -1.426546 -7.552566 21.363090 -1.796139 1.839965 11.759966 -0.333477 2.268585 1.949908 0.309133 1.175125 -4.602338 2.512354 2.430511 -26.840294 -2.129138 2.926509 19.270515 -0.694256 1.252036 10.671190 0.000000 0.000000 0.000000 -78.624931 10.218868 51.983438 18.430274 -28.704603 -4.754098 -0.000001 0.000002 16.264565 6.408772 -17.779964 -1.965996 -7.125020 0.000002 0.000000 -14.156794 12.488342 11.110496 0.000000 0.000000 0.000000 80.594440 -7.682332 44.211475 -62.504457 56.941184 -36.432686 0.000002 -0.000001 -21.991079 -22.131946 -28.520738 10.970631 7.125020 -0.000002 0.000000 9.955393 -60.089539 -3.710904
48.623989 17.389948 -1.582235 21.559858 83.670202 14.168091 0.000000 0.000000 0.000000 -16.294233 10.461803 -2.122560 3.441656 11.453882 33.362829 1.327434 -2.512261 -19.336202 0.283441 -3.424013 -9.461555 0.000000 0.000000 0.000000 16.075205 1.326853 5.120422 -0.496280 -4.292810 13.109194 1.638770 -1.403364 -6.682561 -1.423616 -7.545136 21.340787 -1.800478 1.870240 11.568682 -0.346661 2.312280 1.988261 0.297952 1.196034 -4.456965 2.623857 2.507850 -26.884302 -2.085670 2.976160 19.257192 -0.687921 1.288361 10.676227 0.000000 0.000000 0.000000 -78.250468 10.793147 52.039473 18.070078 -28.246801 -4.582360 -0.000001 0.000002 15.344200 6.756408 -18.056266 -2.102828 -7.125020 0.000002 0.000000 -13.923571 12.198628 11.003668 0.000000 0.000000 0.000000 80.291275 -6.701705 44.716704 -63.177339 57.098818 -36.997143 0.000002 -0.000001 -22.082703 -22.856403 -27.704403 11.073537 7.125020 -0.000002 0.000000 8.695913 -59.435962 -3.097757
48.656869 17.395069 -1.597458 20.675702 83.452705 13.349377 0.000000 0.000000 0.000000 -16.301632 10.504617 -1.843397 3.105441 10.921054 31.669929 1.298316 -2.321620 -19.493240 0.289304 -3.458949 -9.559231 0.000000 0.000000 0.000000 16.040554 1.382715 5.380494 -0.468701 -4.172875 12.739755 1.642612 -1.290638 -6.614965 -1.442169 -7.592038 21.481646 -1.795186 1.887509 11.400312 -0.347140 2.340460 2.032666 0.296732 1.209260 -4.317781 2.754442 2.590302 -26.921075 -2.058594 3.029189 19.225638 -0.690114 1.325605 10.674059 0.000000 0.000000 0.000000 -77.948607 11.373908 51.874515 17.749074 -27.834669 -4.431455 -0.000001 0.000002 14.652943 6.830793 -18.366916 -2.159615 -7.125020 0.000002 0.000000 -13.866161 11.891374 11.049238 0.000000 0.000000 0.000000 79.960346 -5.660023 45.250404 -63.690060 57.215635 -37.427912 0.000002 -0.000001 -22.228727 -23.485891 -27.091496 11.188458 7.125020 -0.000002 0.000000 7.677000 -58.961875 -2.635363
48.686991 17.396102 -1.614117 19.879404 83.250645 12.622359 0.000000 0.000000 0.000000 -16.334972 10.477390 -1.510657 2.776850 10.365926 29.925556 1.253427 -2.106717 -19.482392 0.290160 -3.464018 -9.573408 0.000000 0.000000 0.000000 15.994320 1.425826 5.598935 -0.444214 -4.063232 12.402716 1.643698 -1.138824 -6.574915 -1.483987 -7.696513 21.796017 -1.789851 1.896373 11.248873 -0.344687 2.357126 2.070042 0.299805 1.216805 -4.195212 2.904571 2.673978 -26.942536 -2.052529 3.081803 19.183907 -0.703265 1.361550 10.666263 0.000000 0.000000 0.000000 -77.711020 11.964488 51.538124 17.453616 -27.451885 -4.294372 -0.000001 0.000002 14.172737 6.716376 -18.689454 -2.158011 -7.125020 0.000002 0.000000 -13.930663 11.584394 11.197191 0.000000 0.000000 0.000000 79.618860 -4.573187 45.783304 -64.034223 57.292469 -37.717381 0.000002 -0.000001 -22.424574 -23.915932 -26.771954 11.299292 7.125020 -0.000002 0.000000 7.039302 -58.737956 -2.368302
48.715071 17.393407 -1.632525 19.314568 83.060796 12.137782 0.000000 0.000000 0.000000 -16.426288 10.369940 -1.130793 2.458686 9.790298 28.136681 1.185769 -1.836479 -19.251927 0.282156 -3.416306 -9.440015 0.000000 0.000000 0.000000 15.907015 1.424899 5.765660 -0.421790 -3.960873 12.083711 1.635492 -0.923993 -6.536144 -1.545053 -7.846104 22.247620 -1.798650 1.899687 11.105183 -0.345604 2.363937 2.092315 0.308287 1.219603 -4.092950 3.069560 2.754815 -26.943873 -2.065308 3.130222 19.141319 -0.726483 1.394444 10.655225 0.000000 0.000000 0.000000 -77.531223 12.568571 51.070574 17.170474 -27.081959 -4.164654 -0.000001 0.000002 13.888493 6.504608 -19.003075 -2.123130 -7.125020 0.000002 0.000000 -14.058390 11.292810 11.394307 0.000000 0.000000 0.000000 79.285071 -3.464854 46.286065 -64.215175 57.332363 -37.869676 0.000002 -0.000001 -22.629990 -24.092815 -26.759159 11.388043 7.125020 -0.000002 0.000000 6.835245 -58.767452 -2.301744
48.742200 17.387275 -1.652530 19.032959 82.881994 11.941447 0.000000 0.000000 0.000000 -16.588344 10.185460 -0.693595 2.153550 9.196193 26.310448 1.092214 -1.466717 -18.781166 0.255701 -3.253470 -8.985240 0.000000 0.000000 0.000000 15.765730 1.350973 5.900212 -0.399564 -3.858069 11.755182 1.613311 -0.637138 -6.484551 -1.612756 -8.008045 22.738523 -1.835568 1.897015 10.960371 -0.351176 2.358965 2.102212 0.329216 1.216851 -4.003697 3.235346 2.828222 -26.927824 -2.083647 3.170461 19.105843 -0.753315 1.423117 10.643735 0.000000 0.000000 0.000000 -77.408175 13.181532 50.488366 16.890136 -26.712710 -4.037829 -0.000001 0.000002 13.774853 6.263161 -19.289716 -2.074056 -7.125020 0.000002 0.000000 -14.205921 11.030046 11.600349 0.000000 0.000000 0.000000 78.971935 -2.347822 46.738635 -64.232963 57.336266 -37.884650 0.000002 -0.000001 -22.763584 -23.988556 -27.010350 11.425615 7.125020 -0.000002 0.000000 7.073828 -58.999943 -2.427343
48.769194 17.377798 -1.673555 18.983091 82.713076 11.966398 0.000000 0.000000 0.000000 -16.811376 9.946998 -0.184828 1.865875 8.590359 24.468010 0.979567 -0.951058 -18.128003 0.201286 -2.888909 -7.969620 0.000000 0.000000 0.000000 15.577148 1.186354 6.037027 -0.376125 -3.747950 11.394611 1.575138 -0.281094 -6.424018 -1.667011 -8.135017 23.124932 -1.908627 1.886761 10.814730 -0.358226 2.339727 2.107476 0.370847 1.207445 -3.919900 3.382702 2.890536 -26.901963 -2.088445 3.200207 19.088443 -0.774056 1.447489 10.636351 0.000000 0.000000 0.000000 -77.342817 13.794630 49.794114 16.608639 -26.338953 -3.912111 -0.000001 0.000002 13.785051 6.033860 -19.538075 -2.023251 -7.125020 0.000002 0.000000 -14.346445 10.804276 11.790201 0.000000 0.000000 0.000000 78.685645 -1.222383 47.133865 -64.070767 57.300554 -37.748132 0.000002 -0.000001 -22.723610 -23.579812 -27.457701 11.372409 7.125020 -0.000002 0.000000 7.755351 -59.359004 -2.738187
48.796293 17.364802 -1.694566 18.921783 82.553196 11.953537 0.000000 0.000000 0.000000 -17.046473 9.702132 0.398766 1.602435 7.987650 22.653679 0.864989 -0.251588 -17.437722 0.122756 -2.258648 -6.221018 0.000000 0.000000 0.000000 15.382229 0.941894 6.209014 -0.351382 -3.628505 10.999802 1.525695 0.128084 -6.380448 -1.689795 -8.187625 23.285428 -2.004394 1.869279 10.683603 -0.355991 2.308496 2.109811 0.435979 1.192429 -3.848190 3.505317 2.943328 -26.862148 -2.074956 3.223396 19.098851 -0.785354 1.469565 10.635834 0.000000 0.000000 0.000000 -77.334368 14.406934 48.994009 16.326048 -25.960743 -3.787567 -0.000001 0.000002 13.861363 5.841387 -19.745999 -1.979122 -7.125020 0.000002 0.000000 -14.464146 10.615738 11.950037 0.000000 0.000000 0.000000 78.426176 -0.094332 47.478332 -63.712987 57.220793 -37.447187 0.000002 -0.000001 -22.448924 -22.881134 -28.012765 11.199835 7.125020 -0.000002 0.000000 8.828358 -59.756311 -3.209375
48.823270 17.348020 -1.714429 18.507891 82.405215 11.554261 0.000000 0.000000 0.000000 -17.221536 9.508451 1.039372 1.371284 7.411913 20.936140 0.769228 0.644673 -16.898805 0.045738 -1.380233 -3.795671 0.000000 0.000000 0.000000 15.243341 0.655261 6.435883 -0.326107 -3.501342 10.583571 1.475559 0.559361 -6.389288 -1.677559 -8.159424 23.199362 -2.092071 1.846682 10.586939 -0.328512 2.271419 2.103682 0.522208 1.174609 -3.804862 3.615563 2.993703 -26.790413 -2.057470 3.249516 19.137369 -0.792970 1.492949 10.639955 0.000000 0.000000 0.000000 -77.381154 15.023821 48.102194 16.043515 -25.579611 -3.664730 -0.000001 0.000002 13.961569 5.700337 -19.916388 -1.947519 -7.125020 0.000002 0.000000 -14.549732 10.460397 12.072592 0.000000 0.000000 0.000000 78.188433 1.019380 47.788968 -63.166351 57.096283 -36.987915 0.000002 -0.000001 -21.963749 -21.994632 -28.562041 10.918800 7.125020 -0.000002 0.000000 10.122662 -60.100505 -3.766150
48.849926 17.327274 -1.732566 17.617093 82.271789 10.646287 0.000000 0.000000 0.000000 -17.301920 9.407897 1.703046 1.179059 6.891627 19.394701 0.706918 1.694606 -16.664503 0.003145 -0.362139 -0.995034 0.000000 0.000000 0.000000 15.191124 0.361489 6.719781 -0.300900 -3.368106 10.155589 1.431674 0.979175 -6.465388 -1.645158 -8.084167 22.970020 -2.158479 1.820894 10.529574 -0.267504 2.232469 2.086349 0.629927 1.155878 -3.795179 3.727333 3.049700 -26.675650 -2.047971 3.287709 19.195447 -0.802085 1.521419 10.644410 0.000000 0.000000 0.000000 -77.481556 15.642213 47.135777 15.760502 -25.194836 -3.543392 -0.000001 0.000002 14.073466 5.622198 -20.052373 -1.933357 -7.125020 0.000002 0.000000 -14.596014 10.334211 12.152233 0.000000 0.000000 0.000000 77.966613 2.107640 48.081489 -62.454747 56.929341 -36.391022 0.000002 -0.000001 -21.342553 -21.079813 -28.995656 10.576985 7.125020 -0.000002 0.000000 11.393604 -60.319534 -4.297870
48.876553 17.302513 -1.749384 16.468447 82.150958 9.455843 0.000000 0.000000 0.000000 -17.319064 9.405891 2.354510 1.027473 6.447890 18.089637 0.676815 2.773226 -16.776077 0.010500 0.661632 1.818205 0.000000 0.000000 0.000000 15.193897 0.061182 7.044573 -0.275837 -3.229110 9.713947 1.390180 1.375297 -6.577649 -1.617409 -8.019031 22.771902 -2.223529 1.792046 10.494925 -0.181137 2.189849 2.062928 0.762686 1.135519 -3.804760 3.845991 3.117539 -26.522294 -2.044998 3.343703 19.259428 -0.812073 1.558129 10.645205 0.000000 0.000000 0.000000 -77.631198 16.244722 46.114932 15.472692 -24.800473 -3.421768 -0.000001 0.000002 14.202577 5.616865 -20.157550 -1.941007 -7.125020 0.000002 0.000000 -14.596843 10.232809 12.184318 0.000000 0.000000 0.000000 77.760906 3.175560 48.360293 -61.600693 56.721596 -35.676166 0.000002 -0.000001 -20.641831 -20.259591 -29.259143 10.225357 7.125020 -0.000002 0.000000 12.462248 -60.389403 -4.721212
48.903697 17.273981 -1.766143 15.468495 82.043224 8.399027 0.000000 0.000000 0.000000 -17.433687 9.511439 3.079898 0.915281 6.110035 17.025319 0.744544 3.664672 -17.269470 0.061695 1.602654 4.408752 0.000000 0.000000 0.000000 15.177849 -0.282847 7.377629 -0.250945 -3.085159 9.253372 1.338666 1.765394 -6.656831 -1.615031 -8.013422 22.754856 -2.321849 1.757355 10.456863 -0.089577 2.136278 2.041505 0.920985 1.110142 -3.810760 3.975546 3.200223 -26.342769 -2.047663 3.419064 19.315433 -0.822913 1.604069 10.639521 0.000000 0.000000 0.000000 -77.821774 16.805794 45.065407 15.171596 -24.384611 -3.296462 -0.000001 0.000002 14.351304 5.689604 -20.239446 -1.973531 -7.125020 0.000002 0.000000 -14.548903 10.148332 12.167831 0.000000 0.000000 0.000000 77.579974 4.236163 48.619599 -60.618420 56.472479 -34.856137 0.000002 -0.000001 -19.880440 -19.579417 -29.367847 9.897029 7.125020 -0.000002 0.000000 13.279995 -60.337467 -5.016353
48.931475 17.242511 -1.784280 15.005510 81.955734 7.874154 0.000000 0.000000 0.000000 -17.587594 9.576818 3.705247 0.828157 5.822116 16.179836 0.765358 4.323323 -17.796009 0.140776 2.418120 6.662684 0.000000 0.000000 0.000000 15.066994 -0.713606 7.680350 -0.226760 -2.940047 8.778574 1.264068 2.176916 -6.634377 -1.643508 -8.080314 22.958288 -2.483371 1.713096 10.395715 -0.014556 2.063532 2.028232 1.100953 1.075790 -3.795719 4.121956 3.295304 -26.157041 -2.066104 3.509729 19.358587 -0.839736 1.656321 10.629259 0.000000 0.000000 0.000000 -78.044776 17.297259 44.011957 14.846031 -23.931180 -3.163223 -0.000001 0.000002 14.515488 5.844190 -20.313241 -2.034177 -7.125020 0.000002 0.000000 -14.449673 10.065553 12.104700 0.000000 0.000000 0.000000 77.438331 5.299645 48.849959 -59.518644 56.180291 -33.940881 0.000002 -0.000001 -19.065186 -19.049771 -29.364813 9.613920 7.125020 -0.000002 0.000000 13.859413 -60.209960 -5.196909
48.959208 17.209661 -1.804623 15.224372 81.892005 8.033800 0.000000 0.000000 0.000000 -17.806368 9.548490 4.273190 0.757403 5.563895 15.492753 0.718409 4.753880 -18.250897 0.228185 3.074681 8.486735 0.000000 0.000000 0.000000 14.830773 -1.237070 7.925909 -0.204379 -2.800872 8.310154 1.161983 2.617017 -6.481540 -1.690404 -8.189027 23.289703 -2.712004 1.659708 10.311019 0.031782 1.971630 2.025036 1.292268 1.032378 -3.757114 4.282657 3.393677 -25.993443 -2.107553 3.604771 19.396940 -0.866278 1.708499 10.622086 0.000000 0.000000 0.000000 -78.293904 17.692830 42.967045 14.483899 -23.422243 -3.017798 -0.000001 0.000002 14.697804 6.083562 -20.401578 -2.126752 -7.125020 0.000002 0.000000 -14.297057 9.961986 11.999341 0.000000 0.000000 0.000000 77.354540 6.365993 49.040240 -58.313055 55.843393 -32.941248 0.000002 -0.000001 -18.208294 -18.691002 -29.275554 9.396359 7.125020 -0.000002 0.000000 14.194406 -60.037651 -5.268387
48.985801 17.177701 -1.827199 15.858301 81.845614 8.617340 0.000000 0.000000 0.000000 -18.065477 9.415793 4.806414 0.697928 5.328586 14.912074 0.620394 5.039052 -18.583164 0.305717 3.554852 9.827545 0.000000 0.000000 0.000000 14.514333 -1.817497 8.105004 -0.184935 -2.675444 7.877072 1.040346 3.069753 -6.216405 -1.734703 -8.290125 23.598809 -2.962292 1.603017 10.218134 0.054248 1.873155 2.030240 1.472173 0.985646 -3.704541 4.434981 3.481254 -25.879464 -2.157098 3.688215 19.441720 -0.895844 1.753252 10.625633 0.000000 0.000000 0.000000 -78.564629 17.969627 41.926075 14.072904 -22.838835 -2.856345 -0.000001 0.000002 14.916185 6.400409 -20.527478 -2.251838 -7.125020 0.000002 0.000000 -14.095530 9.815407 11.861760 0.000000 0.000000 0.000000 77.349345 7.422632 49.174057 -57.016148 55.460929 -31.870465 0.000002 -0.000001 -17.315238 -18.524504 -29.108857 9.258874 7.125020 -0.000002 0.000000 14.268786 -59.834451 -5.229619
49.010671 17.149439 -1.851690 16.417386 81.809593 9.142831 0.000000 0.000000 0.000000 -18.302050 9.212293 5.296930 0.648146 5.120767 14.414243 0.504823 5.245618 -18.792236 0.365269 3.882290 10.745745 0.000000 0.000000 0.000000 14.200599 -2.419328 8.214116 -0.168980 -2.568881 7.500857 0.911357 3.525501 -5.876058 -1.763148 -8.354253 23.795341 -3.160032 1.549807 10.123895 0.068635 1.785464 2.044125 1.612728 0.943380 -3.640578 4.541253 3.543681 -25.832630 -2.182812 3.744986 19.494220 -0.913131 1.784753 10.641447 0.000000 0.000000 0.000000 -78.856216 18.103996 40.866960 13.601388 -22.161994 -2.675897 -0.000001 0.000002 15.201929 6.775537 -20.706398 -2.405480 -7.125020 0.000002 0.000000 -13.857372 9.611686 11.706224 0.000000 0.000000 0.000000 77.439075 8.450887 49.228048 -55.647060 55.033778 -30.745570 0.000002 -0.000001 -16.367667 -18.538749 -28.885571 9.200950 7.125020 -0.000002 0.000000 14.110952 -59.617913 -5.099221
49.033950 17.127741 -1.877345 16.610839 81.781709 9.326581 0.000000 0.000000 0.000000 -18.474137 8.992533 5.716183 0.608375 4.949253 14.001470 0.400623 5.398039 -18.905819 0.408175 4.101384 11.362070 0.000000 0.000000 0.000000 13.941873 -3.022487 8.254880 -0.156266 -2.481487 7.185185 0.782499 3.984024 -5.497764 -1.778204 -8.387951 23.898759 -3.266905 1.505945 10.018887 0.088299 1.721087 2.068906 1.704811 0.911284 -3.557637 4.566867 3.570599 -25.852802 -2.157675 3.766243 19.543448 -0.904263 1.799748 10.663811 0.000000 0.000000 0.000000 -79.173289 18.077321 39.752193 13.061072 -21.376632 -2.475503 -0.000001 0.000002 15.600513 7.192402 -20.943813 -2.583907 -7.125020 0.000002 0.000000 -13.593540 9.346097 11.542752 0.000000 0.000000 0.000000 77.628598 9.426928 49.177204 -54.228507 54.564799 -29.586388 0.000002 -0.000001 -15.326470 -18.677278 -28.648344 9.204303 7.125020 -0.000002 0.000000 13.811370 -59.416485 -4.922591
49.055761 17.114927 -1.902490 16.479694 81.759545 9.211062 0.000000 0.000000 0.000000 -18.583868 8.805539 6.036682 0.579108 4.821167 13.684204 0.325931 5.502920 -18.957009 0.436365 4.238892 11.749737 0.000000 0.000000 0.000000 13.746238 -3.590573 8.247030 -0.145972 -2.408840 6.918214 0.657990 4.420844 -5.125769 -1.791386 -8.417318 23.988969 -3.309011 1.478009 9.896181 0.119424 1.686012 2.100201 1.768904 0.892695 -3.457825 4.493830 3.557203 -25.913678 -2.071962 3.750701 19.573042 -0.863314 1.797713 10.681449 0.000000 0.000000 0.000000 -79.521813 17.891888 38.534406 12.449606 -20.475479 -2.257102 -0.000001 0.000002 16.178260 7.651265 -21.236556 -2.788480 -7.125020 0.000002 0.000000 -13.304608 9.021016 11.369921 0.000000 0.000000 0.000000 77.911495 10.314621 49.003226 -52.780134 54.057030 -28.409995 0.000002 -0.000001 -14.152733 -18.857977 -28.440518 9.237867 7.125020 -0.000002 0.000000 13.486701 -59.253637 -4.751297
49.075962 17.112387 -1.925030 16.203630 81.739348 8.974312 0.000000 0.000000 0.000000 -18.653264 8.679078 6.250077 0.559286 4.735424 13.456983 0.288945 5.568198 -18.968890 0.450241 4.304879 11.936009 0.000000 0.000000 0.000000 13.605497 -4.063294 8.222969 -0.137199 -2.344679 6.683808 0.543424 4.784166 -4.807103 -1.812136 -8.463289 24.130335 -3.341709 1.471286 9.754656 0.162988 1.680946 2.126567 1.837014 0.888768 -3.354262 4.326313 3.504332 -25.972766 -1.932524 3.702150 19.571306 -0.793252 1.780159 10.683053 0.000000 0.000000 0.000000 -79.904457 17.570499 37.151924 11.770888 -19.460150 -2.025313 -0.000001 0.000002 17.030499 8.162586 -21.573872 -3.023154 -7.125020 0.000002 0.000000 -12.984665 8.645594 11.178922 0.000000 0.000000 0.000000 78.277953 11.073642 48.699072 -51.312207 53.511211 -27.225641 0.000002 -0.000001 -12.833724 -19.008185 -28.279760 9.268743 7.125020 -0.000002 0.000000 13.225902 -59.129977 -4.617553
49.094559 17.120421 -1.943605 15.930695 81.719186 8.764964 0.000000 0.000000 0.000000 -18.702545 8.619493 6.371760 0.545401 4.678649 13.284095 0.288495 5.605741 -18.947540 0.452774 4.316810 11.969708 0.000000 0.000000 0.000000 13.510095 -4.389207 8.206584 -0.129394 -2.284665 6.471947 0.445680 5.030922 -4.571313 -1.841909 -8.528714 24.331855 -3.406253 1.485988 9.585820 0.214541 1.701751 2.137961 1.928407 0.897924 -3.253669 4.089165 3.416700 -25.997304 -1.756395 3.624188 19.540609 -0.703979 1.748727 10.664951 0.000000 0.000000 0.000000 -80.319166 17.140603 35.516105 11.035365 -18.342438 -1.787035 -0.000001 0.000002 18.284231 8.716859 -21.935823 -3.282688 -7.125020 0.000002 0.000000 -12.639948 8.240086 10.969729 0.000000 0.000000 0.000000 78.722949 11.677938 48.267103 -49.827306 52.925606 -26.036309 0.000002 -0.000001 -11.400363 -19.096668 -28.154018 9.277160 7.125020 -0.000002 0.000000 13.054770 -59.026352 -4.523978
49.111981 17.138055 -1.958122 15.719644 81.701511 8.643156 0.000000 0.000000 0.000000 -18.741909 8.620897 6.436779 0.532117 4.627791 13.105448 0.316362 5.628796 -18.883669 0.450260 4.304971 11.936270 0.000000 0.000000 0.000000 13.451412 -4.556176 8.204131 -0.122398 -2.227706 6.280662 0.370107 5.153407 -4.419878 -1.876541 -8.604039 24.564352 -3.510731 1.517374 9.376878 0.265106 1.741538 2.128723 2.039516 0.916728 -3.154518 3.815297 3.300062 -25.971694 -1.559022 3.517317 19.495661 -0.606428 1.704359 10.631108 0.000000 0.000000 0.000000 -80.757555 16.626633 33.523003 10.261350 -17.147344 -1.551115 -0.000001 0.000002 20.077367 9.260090 -22.292305 -3.542403 -7.125020 0.000002 0.000000 -12.303935 7.839219 10.764290 0.000000 0.000000 0.000000 79.246297 12.117717 47.714114 -48.328021 52.298493 -24.845021 0.000002 -0.000001 -9.922911 -19.146062 -28.041720 9.268446 7.125020 -0.000002 0.000000 12.935472 -58.926519 -4.451622
49.128928 17.162937 -1.969612 15.533632 81.695235 8.569333 0.000000 0.000000 0.000000 -18.768446 8.671453 6.491255 0.513957 4.557393 12.857101 0.360071 5.647682 -18.762337 0.448987 4.298960 11.919295 0.000000 0.000000 0.000000 13.424101 -4.602242 8.207695 -0.116261 -2.174919 6.112008 0.317782 5.180720 -4.329403 -1.912263 -8.680881 24.802073 -3.630389 1.558003 9.126223 0.305600 1.792861 2.095199 2.148035 0.941274 -3.058297 3.533234 3.161417 -25.887255 -1.347274 3.382495 19.451901 -0.507559 1.648927 10.586656 0.000000 0.000000 0.000000 -81.201568 16.050634 31.101692 9.475329 -15.914719 -1.327449 -0.000001 0.000002 22.506240 9.705219 -22.608901 -3.762420 -7.125020 0.000002 0.000000 -12.030126 7.485623 10.601751 0.000000 0.000000 0.000000 79.845796 12.389809 47.048187 -46.822869 51.630877 -23.659471 0.000002 -0.000001 -8.486937 -19.220310 -27.933524 9.272878 7.125020 -0.000002 0.000000 12.792986 -58.835749 -4.375291
49.145968 17.191702 -1.979776 15.257249 81.713760 8.421262 0.000000 0.000000 0.000000 -18.767143 8.756291 6.577140 0.487275 4.447814 12.494289 0.405717 5.665415 -18.574324 0.452734 4.316621 11.969175 0.000000 0.000000 0.000000 13.428866 -4.601852 8.200927 -0.111076 -2.128191 5.968587 0.285491 5.163861 -4.262895 -1.946033 -8.752748 25.024902 -3.718972 1.600271 8.847138 0.331054 1.849515 2.036622 2.223373 0.968279 -2.971187 3.267856 3.011080 -25.744330 -1.129322 3.226250 19.420889 -0.413195 1.586328 10.536852 0.000000 0.000000 0.000000 -81.622587 15.429645 28.266840 8.710523 -14.697899 -1.125542 -0.000001 0.000002 25.568665 9.966426 -22.855217 -3.902251 -7.125020 0.000002 0.000000 -11.870826 7.218298 10.521743 0.000000 0.000000 0.000000 80.511401 12.496161 46.277691 -45.329158 50.928715 -22.494016 0.000002 -0.000000 -7.170188 -19.397519 -27.838612 9.333682 7.125020 -0.000002 0.000000 12.547613 -58.780949 -4.274690
49.163150 17.220837 -1.990279 14.737532 81.764330 8.038046 0.000000 0.000000 0.000000 -18.717824 8.863645 6.717191 0.451573 4.291578 12.005453 0.443318 5.679328 -18.323090 0.463000 4.364630 12.104821 0.000000 0.000000 0.000000 13.473400 -4.622424 8.169126 -0.106940 -2.089448 5.853445 0.269668 5.148702 -4.189923 -1.972036 -8.807583 25.195255 -3.729959 1.640327 8.559971 0.341965 1.909792 1.958056 2.239823 0.996733 -2.897594 3.042912 2.861940 -25.561858 -0.924627 3.061221 19.412509 -0.331855 1.521561 10.489796 0.000000 0.000000 0.000000 -81.988850 14.775690 25.134481 8.004275 -13.559799 -0.953134 -0.000001 0.000002 29.143029 9.983901 -23.007184 -3.932198 -7.125020 0.000002 0.000000 -11.862075 7.067439 10.551263 0.000000 0.000000 0.000000 81.224744 12.447587 45.412582 -43.875403 50.205490 -21.371134 0.000002 -0.000000 -6.035743 -19.739548 -27.781090 9.490820 7.125020 -0.000002 0.000000 12.144855 -58.800580 -4.140811
49.179779 17.247638 -2.002048 13.881722 81.837912 7.320824 0.000000 0.000000 0.000000 -18.611833 8.987282 6.908879 0.409357 4.094628 11.411858 0.470539 5.687235 -18.025598 0.480257 4.444096 12.329537 0.000000 0.000000 0.000000 13.563795 -4.680103 8.107349 -0.104012 -2.060936 5.772137 0.269501 5.150223 -4.104689 -1.983626 -8.831886 25.270846 -3.646007 1.680086 8.287803 0.341943 1.976567 1.866397 2.190656 1.028145 -2.842806 2.876602 2.726228 -25.372752 -0.758742 2.902644 19.436950 -0.272801 1.459511 10.456045 0.000000 0.000000 0.000000 -82.279013 14.108128 21.898957 7.394255 -12.566262 -0.815249 -0.000001 0.000002 33.007533 9.733220 -23.046826 -3.838753 -7.125020 0.000002 0.000000 -12.018236 7.053106 10.699305 0.000000 0.000000 0.000000 81.963306 12.259192 44.470203 -42.499263 49.482845 -20.319318 0.000002 -0.000000 -5.137461 -20.263499 -27.796427 9.766140 7.125020 -0.000002 0.000000 11.583440 -58.935197 -3.981421
49.194846 17.270628 -2.015201 12.760205 81.914741 6.337360 0.000000 0.000000 0.000000 -18.466683 9.120301 7.133532 0.364341 3.870055 10.751414 0.488661 5.689884 -17.704571 0.503853 4.550378 12.630460 0.000000 0.000000 0.000000 13.689065 -4.746759 8.017672 -0.102454 -2.044801 5.730427 0.284131 5.155417 -4.019771 -1.979529 -8.823305 25.244148 -3.492638 1.723270 8.052776 0.333320 2.051281 1.763637 2.091932 1.063665 -2.817938 2.777442 2.611859 -25.212485 -0.653514 2.762925 19.508623 -0.242833 1.403540 10.447729 0.000000 0.000000 0.000000 -82.490607 13.464085 18.804310 6.913185 -11.776277 -0.713819 -0.000001 0.000002 36.869836 9.227489 -22.965879 -3.627088 -7.125020 0.000002 0.000000 -12.331078 7.181138 10.956498 0.000000 0.000000 0.000000 82.704592 11.944341 43.482562 -41.235459 48.785054 -19.363543 0.000002 -0.000001 -4.527105 -20.936347 -27.925435 10.159321 7.125020 -0.000002 0.000000 10.918097 -59.220276 -3.819371
49.207877 17.289275 -2.029531 11.635301 81.980356 5.348665 0.000000 0.000000 0.000000 -18.326953 9.250698 7.375053 0.319446 3.629083 10.057047 0.495051 5.690969 -17.374981 0.529811 4.664339 12.953620 0.000000 0.000000 0.000000 13.811156 -4.799482 7.902393 -0.102259 -2.041632 5.728024 0.307088 5.151602 -3.942995 -1.965578 -8.794005 25.153043 -3.325569 1.770072 7.864905 0.313546 2.128972 1.650444 1.972555 1.101285 -2.829257 2.741294 2.519933 -25.113643 -0.618715 2.647068 19.643814 -0.243622 1.354246 10.476577 0.000000 0.000000 0.000000 -82.636319 12.885773 16.120607 6.582946 -11.230847 -0.647959 -0.000001 0.000001 40.399617 8.511488 -22.770494 -3.319175 -7.125020 0.000002 0.000000 -12.773534 7.439407 11.299532 0.000000 0.000000 0.000000 83.425920 11.523517 42.497644 -40.100704 48.129440 -18.514196 0.000002 -0.000001 -4.256076 -21.706848 -28.199663 10.659221 7.125020 -0.000002 0.000000 10.218667 -59.678229 -3.677536
49.219062 17.303539 -2.044660 10.868812 82.029125 4.712716 0.000000 0.000000 0.000000 -18.248807 9.367874 7.629072 0.276237 3.377959 9.347064 0.483851 5.701057 -17.037028 0.548577 4.744913 13.182419 0.000000 0.000000 0.000000 13.876759 -4.836218 7.766263 -0.103197 -2.049854 5.757038 0.327315 5.137125 -3.872655 -1.950626 -8.762466 25.055068 -3.208949 1.818749 7.717322 0.276224 2.202656 1.534010 1.862894 1.137754 -2.867043 2.749640 2.446017 -25.098722 -0.646158 2.553356 19.846605 -0.269347 1.310321 10.547493 0.000000 0.000000 0.000000 -82.732595 12.397479 14.103619 6.410080 -10.944359 -0.614715 -0.000000 0.000001 43.282468 7.652074 -22.483217 -2.948656 -7.125020 0.000002 0.000000 -13.305351 7.797626 11.697086 0.000000 0.000000 0.000000 84.103528 11.034463 41.570118 -39.090177 47.521524 -17.765271 0.000002 -0.000001 -4.366812 -22.533307 -28.626857 11.252043 7.125020 -0.000002 0.000000 9.534071 -60.309440 -3.566543
49.228557 17.313628 -2.059769 10.699742 82.053734 4.660459 0.000000 0.000000 0.000000 -18.266618 9.472145 7.897834 0.235758 3.122349 8.633602 0.455606 5.737760 -16.685559 0.547383 4.739828 13.167972 0.000000 0.000000 0.000000 13.855235 -4.841997 7.627535 -0.104880 -2.065863 5.805288 0.337986 5.102012 -3.815998 -1.943034 -8.746398 25.005189 -3.189397 1.870934 7.599526 0.218976 2.271870 1.426758 1.787046 1.172916 -2.914199 2.775504 2.384756 -25.168364 -0.714703 2.478928 20.098330 -0.308688 1.270907 10.652890 0.000000 0.000000 0.000000 -82.791441 11.999226 12.937174 6.385170 -10.903023 -0.609995 -0.000000 0.000001 45.285156 6.732198 -22.141102 -2.555967 -7.125020 0.000002 0.000000 -13.876190 8.210727 12.112840 0.000000 0.000000 0.000000 84.716233 10.522669 40.747160 -38.186021 46.957694 -17.101424 0.000002 -0.000001 -4.876529 -23.368723 -29.194596 11.912758 7.125020 -0.000002 0.000000 8.912255 -61.091700 -3.494819
49.235981 17.319891 -2.073696 11.061515 82.045104 5.115067 0.000000 0.000000 0.000000 -18.366712 9.571829 8.180891 0.199216 2.871652 7.934956 0.422983 5.815637 -16.324547 0.519020 4.617324 12.820235 0.000000 0.000000 0.000000 13.767301 -4.774439 7.519304 -0.106843 -2.084722 5.860213 0.342021 5.015558 -3.802192 -1.948694 -8.758380 25.042383 -3.272894 1.930370 7.512044 0.150659 2.342045 1.339283 1.756922 1.209431 -2.961081 2.794449 2.333111 -25.300170 -0.802624 2.423485 20.363165 -0.350366 1.236607 10.774896 0.000000 0.000000 0.000000 -82.821065 11.677004 12.690573 6.487858 -11.073340 -0.629568 -0.000000 0.000001 46.293811 5.841471 -21.788219 -2.181887 -7.125020 0.000002 0.000000 -14.430911 8.627658 12.508884 0.000000 0.000000 0.000000 85.249100 10.024839 40.063479 -37.365080 46.428962 -16.504020 0.000002 -0.000001 -5.767006 -24.141737 -29.889696 12.599696 7.125020 -0.000002 0.000000 8.433933 -61.994252 -3.487630
49.240797 17.322775 -2.085598 11.675810 82.005369 5.789025 0.000000 0.000000 0.000000 -18.503295 9.673882 8.472821 0.167646 2.636724 7.274694 0.403724 5.934079 -15.971574 0.469045 4.392639 12.183996 0.000000 0.000000 0.000000 13.663976 -4.597335 7.474639 -0.108679 -2.101861 5.912033 0.347330 4.846403 -3.869794 -1.968770 -8.800721 25.173916 -3.430043 1.997240 7.464775 0.086920 2.416154 1.276817 1.771534 1.248591 -3.007677 2.789122 2.289810 -25.461849 -0.891135 2.387555 20.602915 -0.385162 1.208634 10.893139 0.000000 0.000000 0.000000 -82.829015 11.415209 13.317031 6.695352 -11.416776 -0.670031 -0.000000 0.000001 46.310654 5.059068 -21.466515 -1.859423 -7.125020 0.000002 0.000000 -14.919953 9.001820 12.852875 0.000000 0.000000 0.000000 85.692904 9.562934 39.545781 -36.600794 45.921940 -15.952606 0.000002 -0.000001 -6.987094 -24.781957 -30.704089 13.269501 7.125020 -0.000002 0.000000 8.189189 -62.989306 -3.583064
49.243195 17.322761 -2.095554 12.344728 81.952804 6.478074 0.000000 0.000000 0.000000 -18.642790 9.780974 8.770128 0.141197 2.423334 6.668467 0.406441 6.073611 -15.650801 0.411975 4.120203 11.415084 0.000000 0.000000 0.000000 13.574171 -4.324088 7.507340 -0.110187 -2.115144 5.955946 0.357603 4.598558 -4.033665 -2.000453 -8.867020 25.380225 -3.626159 2.066343 7.464081 0.036868 2.489935 1.240415 1.821046 1.288032 -3.055382 2.747104 2.253920 -25.625322 -0.962081 2.370389 20.789045 -0.404882 1.188001 10.991567 0.000000 0.000000 0.000000 -82.820559 11.203028 14.686663 6.989084 -11.901278 -0.729391 -0.000000 0.000001 45.426359 4.440137 -21.211599 -1.609204 -7.125020 0.000002 0.000000 -15.307927 9.295830 13.124431 0.000000 0.000000 0.000000 86.044136 9.145912 39.209889 -35.865181 45.420127 -15.426384 0.000002 -0.000001 -8.459955 -25.262243 -31.610166 13.892434 7.125020 -0.000002 0.000000 8.212323 -64.038296 -3.801491
49.244166 17.320350 -2.104532 13.079769 81.913853 7.193332 0.000000 0.000000 0.000000 -18.784372 9.889161 9.074377 0.119098 2.229386 6.115712 0.424085 6.205911 -15.382353 0.360706 3.858223 10.678140 0.000000 0.000000 0.000000 13.484153 -4.022201 7.601184 -0.111470 -2.126035 5.993980 0.368669 4.320324 -4.265911 -2.039829 -8.948550 25.634516 -3.839668 2.128991 7.505851 -0.003021 2.553235 1.228036 1.890862 1.322493 -3.102455 2.663627 2.224839 -25.776588 -1.006251 2.370913 20.910722 -0.405637 1.175064 11.063392 0.000000 0.000000 0.000000 -82.795961 11.033108 16.626766 7.356379 -12.504266 -0.807028 -0.000000 0.000001 43.784939 4.013055 -21.050917 -1.440091 -7.125020 0.000002 0.000000 -15.575772 9.482737 13.315974 0.000000 0.000000 0.000000 86.307367 8.772383 39.048350 -35.136347 44.909243 -14.909534 0.000002 -0.000001 -10.089054 -25.596181 -32.537215 14.443840 7.125020 -0.000002 0.000000 8.460261 -65.068979 -4.125187
49.244639 17.316102 -2.113581 14.008891 81.908818 8.071176 0.000000 0.000000 0.000000 -18.947242 9.986261 9.386922 0.100230 2.048142 5.603580 0.441303 6.311749 -15.175586 0.320415 3.638516 10.061838 0.000000 0.000000 0.000000 13.360983 -3.765831 7.720151 -0.112883 -2.138540 6.034100 0.372811 4.069644 -4.519041 -2.081430 -9.033671 25.900709 -4.065409 2.176996 7.579356 -0.043123 2.595243 1.234261 1.968760 1.346532 -3.147154 2.549223 2.202541 -25.919859 -1.034310 2.387999 20.977308 -0.393093 1.168791 11.113083 0.000000 0.000000 0.000000 -82.752091 10.897099 18.949795 7.787881 -13.208440 -0.903043 -0.000000 0.000001 41.552332 3.786348 -21.001085 -1.353280 -7.125020 0.000002 0.000000 -15.717030 9.547368 13.427879 0.000000 0.000000 0.000000 86.495964 8.433267 39.025680 -34.408010 44.384755 -14.397696 0.000002 -0.000002 -11.762873 -25.785406 -33.395472 14.883324 7.125020 -0.000002 0.000000 8.879215 -65.987024 -4.523372
49.244971 17.310586 -2.122992 15.281109 81.940207 9.274294 0.000000 0.000000 0.000000 -19.154727 10.060453 9.704826 0.083652 1.872752 5.115633 0.445648 6.388895 -15.024445 0.289958 3.462821 9.570061 0.000000 0.000000 0.000000 13.176729 -3.587098 7.833317 -0.114782 -2.156381 6.084763 0.364631 3.876927 -4.763634 -2.115422 -9.102468 26.116383 -4.316660 2.206911 7.672106 -0.093593 2.610078 1.252193 2.052608 1.357389 -3.189305 2.427382 2.187184 -26.067699 -1.069236 2.418947 21.007771 -0.379733 1.166887 11.150508 0.000000 0.000000 0.000000 -82.686180 10.783465 21.472212 8.273724 -13.995591 -1.017305 -0.000001 0.000002 38.896511 3.760594 -21.067846 -1.347818 -7.125020 0.000002 0.000000 -15.730886 9.485003 13.461598 0.000000 0.000000 0.000000 86.629427 8.115464 39.089056 -33.690812 43.854334 -13.898404 0.000002 -0.000002 -13.361005 -25.776249 -34.133105 15.150270 7.125020 -0.000002 0.000000 9.497309 -66.721476 -5.004604
49.245143 17.304308 -2.132358 16.985742 81.996102 10.905030 0.000000 0.000000 0.000000 -19.418957 10.111678 10.019921 0.068826 1.699187 4.639560 0.433290 6.442422 -14.904559 0.266527 3.321103 9.174039 0.000000 0.000000 0.000000 12.921193 -3.475683 7.927895 -0.117334 -2.180983 6.150011 0.343792 3.741812 -4.997488 -2.127898 -9.127552 26.195140 -4.611504 2.220329 7.774212 -0.159846 2.598181 1.274422 2.147112 1.355574 -3.231528 2.316950 2.177980 -26.221070 -1.122672 2.458645 21.013740 -0.373651 1.167173 11.180422 0.000000 0.000000 0.000000 -82.598127 10.681612 24.036538 8.801860 -14.844091 -1.148829 -0.000001 0.000002 35.974651 3.936489 -21.248529 -1.424246 -7.125020 0.000002 0.000000 -15.617318 9.298167 13.415724 0.000000 0.000000 0.000000 86.727133 7.802518 39.185944 -33.002485 43.331940 -13.423772 0.000002 -0.000002 -14.769291 -25.474735 -34.755900 15.181267 7.125020 -0.000002 0.000000 10.431268 -67.248102 -5.628880
49.245034 17.297756 -2.141189 19.059170 82.063780 12.912557 0.000000 0.000000 0.000000 -19.726283 10.152245 10.317050 0.055578 1.526711 4.170158 0.408676 6.471911 -14.779918 0.248855 3.209946 8.863806 0.000000 0.000000 0.000000 12.610561 -3.408639 7.999747 -0.120501 -2.211509 6.229064 0.314551 3.651595 -5.228653 -2.106796 -9.085073 26.061804 -4.947352 2.221265 7.879872 -0.239659 2.564814 1.291321 2.252598 1.343892 -3.280851 2.217169 2.171247 -26.364076 -1.181319 2.499069 20.995424 -0.371245 1.167962 11.199581 0.000000 0.000000 0.000000 -82.490230 10.585975 26.532057 9.359098 -15.730879 -1.295757 -0.000001 0.000002 32.921516 4.316745 -21.534693 -1.585506 -7.125020 0.000002 0.000000 -15.375861 8.993904 13.285700 0.000000 0.000000 0.000000 86.800630 7.474830 39.277814 -32.354502 42.827977 -12.981180 0.000002 -0.000001 -15.903258 -24.803361 -35.282638 14.931270 7.125020 -0.000002 0.000000 11.781921 -67.561851 -6.447275
49.244489 17.291492 -2.149294 21.259131 82.138888 15.070383 0.000000 0.000000 0.000000 -20.036013 10.198226 10.575243 0.043884 1.356298 3.706823 0.381300 6.469022 -14.618238 0.237361 3.135471 8.656137 0.000000 0.000000 0.000000 12.287583 -3.367016 8.040688 -0.124132 -2.245913 6.318669 0.284022 3.593416 -5.464156 -2.050309 -8.970091 25.701812 -5.290539 2.214298 7.979944 -0.323766 2.519085 1.294248 2.358991 1.326643 -3.340764 2.113395 2.159024 -26.484710 -1.220634 2.528543 20.953601 -0.363142 1.166209 11.205259 0.000000 0.000000 0.000000 -82.365743 10.488523 28.897352 9.932765 -16.634337 -1.455643 -0.000001 0.000002 29.839574 4.901637 -21.914894 -1.835119 -7.125020 0.000002 0.000000 -15.008086 8.581601 13.067244 0.000000 0.000000 0.000000 86.851062 7.118420 39.345290 -31.744249 42.342328 -12.568224 0.000002 -0.000001 -16.722388 -23.749714 -35.691544 14.387538 7.125020 -0.000002 0.000000 13.517334 -67.640200 -7.424534
49.243309 17.286061 -2.156695 23.265506 82.226450 17.074047 0.000000 0.000000 0.000000 -20.297590 10.260354 10.774784 0.033760 1.189531 3.251699 0.361945 6.422901 -14.403030 0.232883 3.105956 8.573874 0.000000 0.000000 0.000000 12.006812 -3.331218 8.039555 -0.128132 -2.282647 6.417406 0.260070 3.552059 -5.715537 -1.969363 -8.801968 25.177793 -5.593034 2.203313 8.058312 -0.400307 2.471485 1.281248 2.451084 1.308326 -3.403579 1.995401 2.131844 -26.590958 -1.229881 2.535018 20.897838 -0.345708 1.157038 11.201945 0.000000 0.000000 0.000000 -82.229161 10.370617 31.104901 10.512039 -17.536484 -1.625839 -0.000001 0.000002 26.790312 5.671815 -22.372802 -2.169797 -7.125020 0.000002 0.000000 -14.527924 8.076437 12.765644 0.000000 0.000000 0.000000 86.874244 6.730947 39.386097 -31.158902 41.866253 -12.175754 0.000002 -0.000001 -17.223070 -22.378446 -35.916958 13.578176 7.125020 -0.000002 0.000000 15.450250 -67.445529 -8.421831
49.241258 17.281844 -2.163467 24.869884 82.335373 18.723898 0.000000 0.000000 0.000000 -20.479670 10.338203 10.904435 0.025228 1.028621 2.810329 0.357935 6.327192 -14.135325 0.235607 3.123944 8.624007 0.000000 0.000000 0.000000 11.806147 -3.279949 7.987816 -0.132692 -2.322818 6.530553 0.247685 3.508411 -6.000565 -1.879858 -8.611212 24.586518 -5.824214 2.190199 8.100479 -0.461161 2.428816 1.256201 2.520003 1.291589 -3.456733 1.868637 2.085543 -26.698216 -1.222293 2.514033 20.838172 -0.325354 1.136991 11.196417 0.000000 0.000000 0.000000 -82.087671 10.209462 33.143547 11.089278 -18.424966 -1.804038 -0.000001 0.000002 23.796526 6.573601 -22.882017 -2.571985 -7.125020 0.000002 0.000000 -13.970439 7.506007 12.402673 0.000000 0.000000 0.000000 86.867543 6.313669 39.408361 -30.588097 41.392172 -11.796559 0.000002 -0.000001 -17.420159 -20.809817 -35.890918 12.572125 7.125020 -0.000002 0.000000 17.322284 -66.958506 -9.258419
49.238213 17.278965 -2.169731 26.059140 82.471730 20.006057 0.000000 0.000000 0.000000 -20.582635 10.420615 10.964926 0.018259 0.875669 2.389401 0.369845 6.185019 -13.828065 0.244496 3.181910 8.785611 0.000000 0.000000 0.000000 11.691583 -3.201781 7.881092 -0.138248 -2.369903 6.668236 0.246737 3.446467 -6.329450 -1.793056 -8.421028 24.000370 -5.983422 2.174531 8.101817 -0.504737 2.391547 1.223869 2.567243 1.276374 -3.492725 1.753354 2.025551 -26.808537 -1.226997 2.472974 20.772872 -0.314835 1.107131 11.189321 0.000000 0.000000 0.000000 -81.951108 9.991850 35.006802 11.661222 -19.294635 -1.988927 -0.000001 0.000002 20.867294 7.537303 -23.410538 -3.015567 -7.125020 0.000002 0.000000 -13.380140 6.905061 12.007679 0.000000 0.000000 0.000000 86.832780 5.862709 39.423435 -30.031818 40.920650 -11.430458 0.000002 -0.000001 -17.336800 -19.188487 -35.581921 11.467351 7.125020 -0.000002 0.000000 18.910071 -66.201652 -9.794712
49.234353 17.277299 -2.175704 26.938930 82.636360 21.018169 0.000000 0.000000 0.000000 -20.626226 10.493846 10.968131 0.012710 0.731272 1.991916 0.392694 6.008895 -13.498888 0.257134 3.262501 9.010443 0.000000 0.000000 0.000000 11.646670 -3.101823 7.721674 -0.145074 -2.425908 6.834987 0.253848 3.358498 -6.691629 -1.713083 -8.240975 23.448424 -6.086634 2.154820 8.066950 -0.533927 2.356345 1.187339 2.599019 1.261134 -3.511169 1.675778 1.964829 -26.905238 -1.272778 2.427132 20.685741 -0.326528 1.072779 11.172718 0.000000 0.000000 0.000000 -81.830512 9.721653 36.685143 12.229635 -20.148131 -2.180743 -0.000001 0.000002 18.029564 8.516893 -23.934220 -3.482075 -7.125020 0.000002 0.000000 -12.786290 6.299413 11.599219 0.000000 0.000000 0.000000 86.774830 5.371463 39.442524 -29.495992 40.457451 -11.081120 0.000002 -0.000001 -17.008737 -17.662417 -35.001079 10.372615 7.125020 -0.000002 0.000000 20.069117 -65.233641 -9.968686
49.230180 17.276541 -2.181651 27.707786 82.822040 21.946673 0.000000 0.000000 0.000000 -20.644177 10.551720 10.931304 0.008379 0.594331 1.615933 0.418845 5.815382 -13.163883 0.270025 3.342654 9.234224 0.000000 0.000000 0.000000 11.637093 -2.995619 7.521537 -0.152892 -2.488302 7.021633 0.264305 3.244539 -7.058162 -1.639882 -8.071835 22.932478 -6.161089 2.130756 8.003305 -0.555846 2.320051 1.149777 2.623328 1.244616 -3.513460 1.653963 1.917014 -26.965563 -1.371170 2.390990 20.553479 -0.365287 1.040615 11.134532 0.000000 0.000000 0.000000 -81.736256 9.414544 38.163116 12.800631 -20.994397 -2.381382 -0.000001 0.000002 15.339376 9.504946 -24.441992 -3.968056 -7.125020 0.000002 0.000000 -12.193748 5.699464 11.178266 0.000000 0.000000 0.000000 86.699754 4.839774 39.473666 -28.984254 40.006689 -10.750592 0.000002 -0.000001 -16.487877 -16.362615 -34.192761 9.386441 7.125020 -0.000002 0.000000 20.735128 -64.131738 -9.791946
49.226226 17.276279 -2.187701 28.685054 83.008386 23.096613 0.000000 0.000000 0.000000 -20.686703 10.599959 10.870653 0.005083 0.463304 1.257685 0.441153 5.618619 -12.836682 0.280616 3.407046 9.414133 0.000000 0.000000 0.000000 11.609894 -2.894730 7.302177 -0.160916 -2.550864 7.207860 0.272460 3.108049 -7.397883 -1.572640 -7.912576 22.448859 -6.250599 2.105430 7.917497 -0.582807 2.282681 1.116608 2.651733 1.227298 -3.498895 1.687224 1.889425 -26.978944 -1.509537 2.370944 20.359178 -0.425261 1.015314 11.066546 0.000000 0.000000 0.000000 -81.674599 9.085946 39.427523 13.382372 -21.844899 -2.593839 -0.000001 0.000002 12.865497 10.508467 -24.925751 -4.474843 -7.125020 0.000002 0.000000 -11.597729 5.112191 10.739122 0.000000 0.000000 0.000000 86.615571 4.277951 39.515934 -28.495669 39.568564 -10.437922 0.000002 -0.000001 -15.830339 -15.370404 -33.235794 8.575261 7.125020 -0.000002 0.000000 20.937319 -62.984908 -9.344456
49.222631 17.276054 -2.193670 30.135692 83.167240 24.718888 0.000000 0.000000 0.000000 -20.795011 10.650591 10.799019 0.002692 0.337401 0.914783 0.457682 5.426780 -12.535164 0.291243 3.470415 9.591295 0.000000 0.000000 0.000000 11.522012 -2.796046 7.089610 -0.168189 -2.606612 7.371714 0.274354 2.950209 -7.692927 -1.511635 -7.764669 22.001552 -6.395343 2.084903 7.818215 -0.625902 2.248530 1.093338 2.694471 1.211768 -3.468143 1.757719 1.880486 -26.953453 -1.660751 2.364183 20.103876 -0.493881 0.997795 10.970016 0.000000 0.000000 0.000000 -81.644061 8.745020 40.481970 13.982206 -22.709265 -2.821236 -0.000001 0.000002 10.660064 11.518073 -25.368039 -4.993923 -7.125020 0.000002 0.000000 -11.002381 4.556302 10.283334 0.000000 0.000000 0.000000 86.532900 3.700665 39.558753 -28.027009 39.141091 -10.140732 0.000002 -0.000000 -15.077115 -14.688430 -32.247740 7.959755 7.125020 -0.000002 0.000000 20.808978 -61.894854 -8.763347
49.219152 17.275484 -2.199182 31.997752 83.283277 26.739836 0.000000 0.000000 0.000000 -20.963014 10.712863 10.727540 0.001112 0.217019 0.587762 0.473599 5.239400 -12.281226 0.309701 3.577732 9.891596 0.000000 0.000000 0.000000 11.377664 -2.692633 6.904559 -0.174040 -2.650974 7.499999 0.270506 2.773982 -7.939803 -1.458867 -7.633961 21.607691 -6.595442 2.073403 7.717867 -0.685275 2.222736 1.083171 2.750508 1.200602 -3.425312 1.841315 1.882423 -26.907887 -1.798876 2.362656 19.806079 -0.558857 0.985800 10.854459 0.000000 0.000000 0.000000 -81.636795 8.395672 41.349744 14.604538 -23.592324 -3.065917 -0.000001 0.000002 8.740987 12.504250 -25.743368 -5.504988 -7.125020 0.000002 0.000000 -10.423119 4.061438 9.821873 0.000000 0.000000 0.000000 86.461367 3.120686 39.591932 -27.574123 38.721208 -9.856142 0.000002 -0.000000 -14.249632 -14.240703 -31.372830 7.518230 7.125020 -0.000002 0.000000 20.560441 -60.970572 -8.210644
49.215651 17.274397 -2.203990 33.917561 83.369449 28.795422 0.000000 0.000000 0.000000 -21.138648 10.790603 10.667901 0.000253 0.103736 0.280607 0.496250 5.046101 -12.083702 0.343005 3.763345 10.411809 0.000000 0.000000 0.000000 11.222293 -2.595884 6.754730 -0.178480 -2.684415 7.595215 0.264029 2.596286 -8.140631 -1.417490 -7.529574 21.294087 -6.808256 2.069039 7.628891 -0.750007 2.205842 1.088384 2.806951 1.193507 -3.373856 1.919725 1.887573 -26.859686 -1.905709 2.358629 19.489983 -0.611747 0.976596 10.731391 0.000000 0.000000 0.000000 -81.644507 8.038879 42.062720 15.249863 -24.493036 -3.328844 -0.000001 0.000002 7.096666 13.435888 -26.030023 -5.985990 -7.125020 0.000002 0.000000 -9.875948 3.654422 9.367580 0.000000 0.000000 0.000000 86.403490 2.550127 39.620914 -27.129702 38.302601 -9.579408 0.000002 -0.000001 -13.372214 -13.913415 -30.744563 7.207135 7.125020 -0.000002 0.000000 20.405991 -60.306414 -7.824514
49.212318 17.272884 -2.208108 35.545736 83.457653 30.527516 0.000000 0.000000 0.000000 -21.262834 10.881406 10.630835 -0.000001 0.000103 0.000278 0.528450 4.834317 -11.927010 0.391222 4.016313 11.122566 0.000000 0.000000 0.000000 11.104527 -2.535356 6.635171 -0.182197 -2.712259 7.673578 0.256976 2.445854 -8.299094 -1.389544 -7.458092 21.079809 -6.981626 2.065539 7.560750 -0.806859 2.193223 1.110133 2.848694 1.187516 -3.315969 1.980253 1.890577 -26.822649 -1.965069 2.346104 19.180104 -0.645601 0.968392 10.611789 0.000000 0.000000 0.000000 -81.662523 7.675743 42.651656 15.914756 -25.404929 -3.609315 -0.000002 0.000002 5.700926 14.292802 -26.217288 -6.420825 -7.125020 0.000002 0.000000 -9.370547 3.350400 8.929933 0.000000 0.000000 0.000000 86.351085 2.002411 39.676299 -26.680043 37.872359 -9.302027 0.000002 -0.000001 -12.501335 -13.620109 -30.426658 6.986114 7.125020 -0.000002 0.000000 20.466425 -59.941104 -7.668128
49.209433 17.271229 -2.211727 36.756990 83.573698 31.806698 0.000000 0.000000 0.000000 -21.307607 10.973443 10.622342 0.000194 -0.090898 -0.245111 0.565761 4.602041 -11.783797 0.447936 4.293991 11.905263 0.000000 0.000000 0.000000 11.045517 -2.536116 6.536089 -0.186022 -2.740741 7.753048 0.249067 2.344252 -8.422145 -1.374770 -7.419975 20.965703 -7.087957 2.057480 7.519895 -0.848692 2.179076 1.145620 2.868164 1.179600 -3.256854 2.005255 1.882748 -26.813038 -1.959680 2.316324 18.905474 -0.652794 0.957834 10.508449 0.000000 0.000000 0.000000 -81.689721 7.310386 43.143457 16.593298 -26.318502 -3.905307 -0.000002 0.000002 4.524354 15.061330 -26.303868 -6.798041 -7.125020 0.000002 0.000000 -8.913229 3.154670 8.517137 0.000000 0.000000 0.000000 86.288618 1.487022 39.803293 -26.209459 37.414797 -9.014616 0.000002 -0.000001 -11.721958 -13.335977 -30.374055 6.827540 7.125020 -0.000002 0.000000 20.721908 -59.826445 -7.708664
49.207247 17.269743 -2.215178 37.695701 83.720190 32.778208 0.000000 0.000000 0.000000 -21.290847 11.050757 10.642506 0.000653 -0.166813 -0.449226 0.598137 4.361643 -11.631957 0.503410 4.548408 12.624878 0.000000 0.000000 0.000000 11.027721 -2.605916 6.452665 -0.190256 -2.772192 7.839453 0.237937 2.295151 -8.517918 -1.371770 -7.412207 20.942461 -7.137402 2.043165 7.508170 -0.877955 2.159574 1.188907 2.868741 1.168344 -3.203639 1.980157 1.852741 -26.840360 -1.886324 2.259327 18.688819 -0.631540 0.939466 10.430899 0.000000 0.000000 0.000000 -81.726885 6.949558 43.560986 17.280194 -27.225673 -4.214727 -0.000002 0.000002 3.538520 15.728173 -26.293577 -7.107882 -7.125020 0.000002 0.000000 -8.510735 3.067457 8.138446 0.000000 0.000000 0.000000 86.203367 1.002120 40.031485 -25.710958 36.921857 -8.713438 0.000002 -0.000001 -11.107635 -13.075753 -30.465029 6.711113 7.125020 -0.000002 0.000000 21.062588 -59.851445 -7.851230
49.205983 17.268614 -2.218870 38.670113 83.879215 33.753892 0.000000 0.000000 0.000000 -21.260569 11.105624 10.686233 0.001202 -0.226323 -0.609122 0.615147 4.133387 -11.458909 0.545775 4.732974 13.148498 0.000000 0.000000 0.000000 11.008274 -2.737911 6.389318 -0.194444 -2.803505 7.922581 0.220508 2.288442 -8.592117 -1.378777 -7.430335 20.996706 -7.165452 2.024003 7.521573 -0.903527 2.133588 1.235064 2.861165 1.153862 -3.160078 1.914498 1.798200 -26.890000 -1.769846 2.175007 18.526833 -0.592525 0.910794 10.375907 0.000000 0.000000 0.000000 -81.775181 6.599208 43.923467 17.973178 -28.122807 -4.536592 -0.000002 0.000002 2.715922 16.287224 -26.194495 -7.345883 -7.125020 0.000002 0.000000 -8.166284 3.083445 7.799984 0.000000 0.000000 0.000000 86.095311 0.535105 40.349605 -25.190247 36.397807 -8.402537 0.000002 -0.000001 -10.684895 -12.863296 -30.583109 6.624552 7.125020 -0.000002 0.000000 21.375190 -59.912575 -8.002230
49.205534 17.267880 -2.223023 39.930684 84.029257 34.989674 0.000000 0.000000 0.000000 -21.258740 11.139574 10.744115 0.001699 -0.268987 -0.724128 0.612417 3.937244 -11.262328 0.564876 4.813729 13.378043 0.000000 0.000000 0.000000 10.953352 -2.911090 6.356031 -0.197731 -2.828711 7.985018 0.196076 2.304499 -8.651377 -1.393706 -7.468790 21.111853 -7.205020 2.002626 7.555007 -0.932651 2.102124 1.281528 2.856298 1.137144 -3.127029 1.834595 1.728934 -26.932839 -1.647766 2.076171 18.396452 -0.551607 0.875076 10.331137 0.000000 0.000000 0.000000 -81.835114 6.261970 44.245651 18.672683 -29.009934 -4.871092 -0.000002 0.000002 2.029521 16.746986 -26.021356 -7.517310 -7.125020 0.000002 0.000000 -7.875334 3.188035 7.501006 0.000000 0.000000 0.000000 85.978879 0.069559 40.706851 -24.661183 35.855665 -8.090611 0.000002 -0.000001 -10.431434 -12.723085 -30.671894 6.569385 7.125020 -0.000002 0.000000 21.590428 -59.962973 -8.111024
49.205248 17.267553 -2.227476 41.465027 84.163608 36.482250 0.000000 0.000000 0.000000 -21.290463 11.150576 10.804524 0.002049 -0.295320 -0.795711 0.593806 3.787350 -11.052258 0.560187 4.794041 13.322055 0.000000 0.000000 0.000000 10.868090 -3.093043 6.359439 -0.199386 -2.842452 8.013429 0.168909 2.318681 -8.706542 -1.414319 -7.521504 21.269876 -7.260886 1.980851 7.607120 -0.964232 2.067060 1.325417 2.857778 1.119307 -3.107200 1.754451 1.655863 -26.951662 -1.543868 1.978087 18.279668 -0.517209 0.837484 10.287800 0.000000 0.000000 0.000000 -81.905950 5.938786 44.535548 19.380835 -29.889145 -5.219273 -0.000002 0.000002 1.453575 17.119134 -25.792571 -7.631032 -7.125020 0.000002 0.000000 -7.632140 3.362001 7.239610 0.000000 0.000000 0.000000 85.874509 -0.408638 41.040833 -24.138815 35.310704 -7.786649 0.000002 -0.000001 -10.304748 -12.671096 -30.729164 6.553912 7.125020 -0.000002 0.000000 21.689360 -60.004340 -8.170394
49.204263 17.267740 -2.231840 43.042955 84.293984 38.015387 0.000000 0.000000 0.000000 -21.328895 11.125376 10.855748 0.002222 -0.307297 -0.828949 0.566637 3.687529 -10.847797 0.543476 4.723156 13.120610 0.000000 0.000000 0.000000 10.788451 -3.256388 6.394369 -0.199068 -2.841853 8.002853 0.145959 2.312693 -8.765906 -1.437441 -7.580121 21.445839 -7.311199 1.958542 7.677659 -0.991049 2.029570 1.361228 2.860753 1.100911 -3.105879 1.669325 1.583887 -26.949877 -1.462984 1.890188 18.175026 -0.488744 0.801386 10.246051 0.000000 0.000000 0.000000 -81.984795 5.632684 44.795919 20.100992 -30.763823 -5.582914 -0.000002 0.000002 0.965256 17.403569 -25.522123 -7.690170 -7.125020 0.000002 0.000000 -7.438016 3.591974 7.019293 0.000000 0.000000 0.000000 85.797115 -0.907581 41.310088 -23.632586 34.773306 -7.495979 0.000002 -0.000001 -10.273638 -12.703270 -30.772538 6.579809 7.125020 -0.000002 0.000000 21.689699 -60.052167 -8.194699
49.202060 17.268592 -2.235793 44.527343 84.432030 39.467576 0.000000 0.000000 0.000000 -21.355554 11.049678 10.885229 0.002226 -0.307363 -0.830253 0.535083 3.626938 -10.667451 0.531564 4.671927 12.975156 0.000000 0.000000 0.000000 10.736355 -3.396950 6.442254 -0.196882 -2.827428 7.955870 0.129740 2.285680 -8.825552 -1.457672 -7.630971 21.598696 -7.341688 1.934422 7.762184 -1.009870 1.989030 1.382449 2.860727 1.081696 -3.126949 1.580281 1.517576 -26.939962 -1.407389 1.818588 18.089405 -0.466129 0.769287 10.210547 0.000000 0.000000 0.000000 -82.066091 5.349166 45.030332 20.835841 -31.636226 -5.963600 -0.000002 0.000002 0.545749 17.596956 -25.220528 -7.696140 -7.125020 0.000002 0.000000 -7.296158 3.868195 6.844386 0.000000 0.000000 0.000000 85.752005 -1.427944 41.502539 -23.143425 34.245276 -7.218846 0.000002 -0.000001 -10.322786 -12.798047 -30.811856 6.637935 7.125020 -0.000002 0.000000 21.621458 -60.110745 -8.197514
49.198715 17.270197 -2.239189 46.036835 84.574091 40.969909 0.000000 0.000000 0.000000 -21.381868 10.924289 10.877821 0.002075 -0.296493 -0.802205 0.499405 3.581689 -10.519392 0.535614 4.689412 13.024790 0.000000 0.000000 0.000000 10.696423 -3.536496 6.476237 -0.193387 -2.803462 7.882076 0.114718 2.255776 -8.870453 -1.467847 -7.656391 21.675187 -7.365647 1.907428 7.850217 -1.025563 1.943571 1.385188 2.860479 1.060900 -3.168636 1.516076 1.468117 -26.927054 -1.396056 1.771914 18.021652 -0.459368 0.744764 10.182245 0.000000 0.000000 0.000000 -82.143709 5.092031 45.247147 21.584033 -32.503721 -6.360872 -0.000002 0.000002 0.179672 17.713736 -24.905612 -7.661140 -7.125020 0.000002 0.000000 -7.199621 4.170385 6.710672 0.000000 0.000000 0.000000 85.738661 -1.964606 41.618562 -22.666897 33.722539 -6.952482 0.000002 -0.000001 -10.433558 -12.925529 -30.837729 6.710874 7.125020 -0.000002 0.000000 21.508190 -60.164634 -8.179807
49.194789 17.272541 -2.242019 47.783581 84.707815 42.741645 0.000000 0.000000 0.000000 -21.429291 10.768022 10.818666 0.001775 -0.273988 -0.742778 0.459719 3.524752 -10.399050 0.555377 4.773750 13.264372 0.000000 0.000000 0.000000 10.639230 -3.707853 6.469920 -0.189439 -2.776709 7.796426 0.091196 2.249509 -8.887360 -1.462086 -7.642011 21.631910 -7.405958 1.877262 7.926563 -1.044714 1.892268 1.370475 2.866439 1.038042 -3.221734 1.514880 1.446922 -26.907014 -1.456373 1.757505 17.958729 -0.483254 0.730488 10.156395 0.000000 0.000000 0.000000 -82.214041 4.858713 45.458573 22.338400 -33.357356 -6.770978 -0.000002 0.000002 -0.147309 17.790247 -24.606725 -7.610801 -7.125020 0.000002 0.000000 -7.128883 4.462960 6.603982 0.000000 0.000000 0.000000 85.754334 -2.509505 41.655264 -22.199044 33.201246 -6.694512 0.000002 -0.000001 -10.569092 -13.050044 -30.833284 6.776415 7.125020 -0.000002 0.000000 21.373718 -60.189958 -8.138698
49.190930 17.275446 -2.244261 49.914317 84.819664 44.930957 0.000000 0.000000 0.000000 -21.512688 10.605835 10.699502 0.001353 -0.238945 -0.649230 0.417163 3.436998 -10.295318 0.581161 4.881449 13.570748 0.000000 0.000000 0.000000 10.544129 -3.931655 6.407765 -0.185823 -2.753461 7.713428 0.050783 2.282567 -8.876441 -1.439456 -7.585202 21.461106 -7.479824 1.844905 7.975385 -1.071036 1.836769 1.344401 2.884672 1.013604 -3.271585 1.579133 1.451290 -26.882703 -1.586164 1.769844 17.890619 -0.538261 0.724415 10.129751 0.000000 0.000000 0.000000 -82.276358 4.638475 45.677917 23.087629 -34.184494 -7.187470 -0.000002 0.000001 -0.452466 17.867127 -24.355672 -7.573181 -7.125020 0.000002 0.000000 -7.061694 4.707120 6.508113 0.000000 0.000000 0.000000 85.793869 -3.053484 41.608233 -21.741786 32.683977 -6.445852 0.000002 -0.000001 -10.678711 -13.128800 -30.808277 6.813471 7.125020 -0.000002 0.000000 21.270981 -60.185495 -8.095138
49.187303 17.278551 -2.245775 52.420543 84.901644 47.526277 0.000000 0.000000 0.000000 -21.632401 10.453756 10.521130 0.000868 -0.191150 -0.520599 0.373676 3.315202 -10.197219 0.599798 4.957740 13.788074 0.000000 0.000000 0.000000 10.412116 -4.198030 6.290313 -0.182997 -2.737272 7.642710 -0.008390 2.345011 -8.852220 -1.405573 -7.499191 21.202964 -7.590951 1.812368 7.986767 -1.103716 1.781014 1.316283 2.918062 0.988974 -3.303471 1.663717 1.463367 -26.871637 -1.737665 1.789770 17.818629 -0.603003 0.720542 10.104552 0.000000 0.000000 0.000000 -82.330587 4.413185 45.918251 23.820200 -34.973541 -7.603249 -0.000002 0.000001 -0.760942 17.966584 -24.172317 -7.564373 -7.125020 0.000002 0.000000 -6.985928 4.879061 6.414515 0.000000 0.000000 0.000000 85.849271 -3.586369 41.479113 -21.304905 32.182528 -6.211542 0.000002 -0.000001 -10.714276 -13.116958 -30.820091 6.809036 7.125020 -0.000002 0.000000 21.293310 -60.193345 -8.108734
49.183152 17.281463 -2.246322 55.012076 84.970470 50.233367 0.000000 0.000000 0.000000 -21.754642 10.309655 10.289054 0.000405 -0.130510 -0.356207 0.334569 3.175406 -10.097965 0.600620 4.961075 13.797578 0.000000 0.000000 0.000000 10.286584 -4.463701 6.129097 -0.181164 -2.728966 7.590922 -0.076657 2.402810 -8.838173 -1.370973 -7.410139 20.936277 -7.709597 1.781024 7.962009 -1.132921 1.730077 1.295404 2.959812 0.965815 -3.308439 1.706594 1.462882 -26.895863 -1.841993 1.796174 17.747566 -0.646134 0.713403 10.084611 0.000000 0.000000 0.000000 -82.375731 4.159269 46.192684 24.527743 -35.717372 -8.012578 -0.000002 0.000001 -1.105374 18.083937 -24.055493 -7.582302 -7.125020 0.000002 0.000000 -6.904296 4.980537 6.325215 0.000000 0.000000 0.000000 85.912283 -4.095658 41.273357 -20.900539 31.712070 -5.997574 0.000002 -0.000001 -10.642347 -12.979072 -30.944855 6.758426 7.125020 -0.000002 0.000000 21.539674 -60.274900 -8.251916
49.177028 17.283970 -2.245659 57.207544 85.072283 52.568956 0.000000 0.000000 0.000000 -21.814902 10.154399 10.007717 0.000075 -0.056300 -0.153872 0.309102 3.046759 -10.001014 0.580946 4.880560 13.568216 0.000000 0.000000 0.000000 10.246490 -4.668434 5.938528 -0.180338 -2.727282 7.562410 -0.135140 2.412293 -8.859009 -1.345546 -7.343887 20.738246 -7.774894 1.751095 7.912501 -1.140921 1.688991 1.287753 2.993675 0.945664 -3.285987 1.656296 1.436049 -26.974874 -1.835765 1.774392 17.682343 -0.638997 0.700528 10.073561 0.000000 0.000000 0.000000 -82.410606 3.852668 46.513045 25.206228 -36.414030 -8.412022 -0.000002 0.000001 -1.514464 18.201923 -23.987791 -7.614545 -7.125020 0.000002 0.000000 -6.826049 5.031819 6.245943 0.000000 0.000000 0.000000 85.977974 -4.567264 40.993586 -20.533120 31.279297 -5.805619 0.000002 -0.000001 -10.445482 -12.694860 -31.224197 6.657422 7.125020 -0.000002 0.000000 22.068213 -60.462685 -8.568669
49.167812 17.286043 -2.243698 58.651983 85.252406 54.176671 0.000000 0.000000 0.000000 -21.760372 9.964795 9.681857 0.000024 0.032082 0.087698 0.304731 2.955544 -9.921381 0.547399 4.739895 13.168165 0.000000 0.000000 0.000000 10.355460 -4.768643 5.732673 -0.180240 -2.728897 7.554550 -0.167146 2.340688 -8.927484 -1.332523 -7.309681 20.636128 -7.735297 1.722716 7.852457 -1.113574 1.661039 1.294668 3.004911 0.929629 -3.242029 1.483427 1.377436 -27.124328 -1.675811 1.718357 17.632610 -0.562377 0.682360 10.076723 0.000000 0.000000 0.000000 -82.435680 3.478699 46.885139 25.856679 -37.066835 -8.801125 -0.000002 0.000001 -1.999157 18.312311 -23.951107 -7.652393 -7.125020 0.000002 0.000000 -6.754875 5.052556 6.177381 0.000000 0.000000 0.000000 86.045537 -4.992091 40.642110 -20.195240 30.876848 -5.631202 0.000002 -0.000001 -10.121871 -12.258493 -31.646184 6.498262 7.125020 -0.000002 0.000000 22.882191 -60.742664 -9.060157
49.155618 17.287723 -2.240686 59.314299 85.521798 55.020446 0.000000 0.000000 0.000000 -21.586124 9.731196 9.321680 0.000423 0.133312 0.364086 0.320699 2.909042 -9.871889 0.509461 4.575252 12.700952 0.000000 0.000000 0.000000 10.616709 -4.766812 5.522410 -0.180397 -2.730028 7.557989 -0.168710 2.186091 -9.034522 -1.328753 -7.299743 20.606475 -7.583495 1.695869 7.791989 -1.050592 1.645428 1.313568 2.989510 0.917580 -3.184676 1.191647 1.290308 -27.346545 -1.358278 1.631575 17.608097 -0.414916 0.661142 10.098201 0.000000 0.000000 0.000000 -82.454089 3.041528 47.303661 26.487624 -37.686171 -9.184149 -0.000002 0.000000 -2.549137 18.420217 -23.934836 -7.695146 -7.125020 0.000002 0.000000 -6.686823 5.052753 6.114431 0.000000 0.000000 0.000000 86.116087 -5.374634 40.230503 -19.873334 30.489429 -5.466935 0.000002 -0.000001 -9.690867 -11.685488 -32.167059 6.278628 7.125020 -0.000002 0.000000 23.936721 -61.076846 -9.695734
49.141675 17.289150 -2.237149 59.491140 85.849766 55.388315 0.000000 0.000000 0.000000 -21.337127 9.466775 8.942506 0.001402 0.242720 0.661881 0.348403 2.891586 -9.845719 0.472332 4.407792 12.226844 0.000000 0.000000 0.000000 10.970673 -4.706583 5.312061 -0.180508 -2.729267 7.564251 -0.150089 1.980443 -9.158861 -1.329422 -7.301508 20.611740 -7.360480 1.669824 7.734474 -0.965946 1.636795 1.339179 2.956196 0.907797 -3.121477 0.825238 1.185375 -27.616828 -0.937757 1.526389 17.603994 -0.221322 0.638829 10.133442 0.000000 0.000000 0.000000 -82.471287 2.565048 47.751022 27.117171 -38.290700 -9.571644 -0.000002 -0.000000 -3.138488 18.531245 -23.928996 -7.742416 -7.125020 0.000002 0.000000 -6.617677 5.041750 6.051888 0.000000 0.000000 0.000000 86.190139 -5.735099 39.784426 -19.555450 30.103018 -5.306571 0.000002 -0.000002 -9.197675 -11.025935 -32.735675 6.014907 7.125020 -0.000002 0.000000 25.140765 -61.429854 -10.423325
