HIERARCHY
ROOT root
{
	OFFSET	0.000000	0.000000	0.000000
	CHANNELS 6 Xposition Yposition Zposition Zrotation Yrotation Xrotation
	JOINT lhipjoint
	{
		OFFSET	0.000000	0.000000	0.000000
		CHANNELS 3 Zrotation Yrotation Xrotation
		JOINT lfemur
		{
			OFFSET	1.353236	-1.813930	0.866763
			CHANNELS 3 Zrotation Yrotation Xrotation
			JOINT ltibia
			{
				OFFSET	2.443961	-6.714734	0.000000
				CHANNELS 3 Zrotation Yrotation Xrotation
				JOINT lfoot
				{
					OFFSET	2.783891	-7.648685	0.000000
					CHANNELS 3 Zrotation Yrotation Xrotation
					JOINT ltoes
					{
						OFFSET	0.158369	-0.435115	1.947038
						CHANNELS 3 Zrotation Yrotation Xrotation
						End Site
						{
							OFFSET	0.000000	-0.000000	1.007350
						}
					}
				}
			}
		}
	}
	JOINT rhipjoint
	{
		OFFSET	0.000000	0.000000	0.000000
		CHANNELS 3 Zrotation Yrotation Xrotation
		JOINT rfemur
		{
			OFFSET	-1.149565	-1.813929	0.866764
			CHANNELS 3 Zrotation Yrotation Xrotation
			JOINT rtibia
			{
				OFFSET	-2.556315	-7.023424	0.000000
				CHANNELS 3 Zrotation Yrotation Xrotation
				JOINT rfoot
				{
					OFFSET	-2.630376	-7.226904	0.000000
					CHANNELS 3 Zrotation Yrotation Xrotation
					JOINT rtoes
					{
						OFFSET	-0.222768	-0.612051	2.060874
						CHANNELS 3 Zrotation Yrotation Xrotation
						End Site
						{
							OFFSET	-0.000000	-0.000000	1.078670
						}
					}
				}
			}
		}
	}
	JOINT lowerback
	{
		OFFSET	0.000000	0.000000	0.000000
		CHANNELS 3 Zrotation Yrotation Xrotation
		JOINT upperback
		{
			OFFSET	-0.056819	2.182658	-0.216649
			CHANNELS 3 Zrotation Yrotation Xrotation
			JOINT thorax
			{
				OFFSET	0.087914	2.182669	0.007005
				CHANNELS 3 Zrotation Yrotation Xrotation
				JOINT lowerneck
				{
					OFFSET	0.115035	2.209145	0.109981
					CHANNELS 3 Zrotation Yrotation Xrotation
					JOINT upperneck
					{
						OFFSET	-0.148511	1.584946	0.253901
						CHANNELS 3 Zrotation Yrotation Xrotation
						JOINT head
						{
							OFFSET	0.135660	1.622373	-0.284756
							CHANNELS 3 Zrotation Yrotation Xrotation
							End Site
							{
								OFFSET	0.056008	1.658180	-0.129214
							}
						}
					}
				}
				JOINT lclavicle
				{
					OFFSET	0.115035	2.209145	0.109981
					CHANNELS 3 Zrotation Yrotation Xrotation
					JOINT lhumerus
					{
						OFFSET	3.233367	0.971137	-0.510723
						CHANNELS 3 Zrotation Yrotation Xrotation
						JOINT lradius
						{
							OFFSET	5.199640	-0.000677	-0.000510
							CHANNELS 3 Zrotation Yrotation Xrotation
							JOINT lwrist
							{
								OFFSET	3.321890	-0.000000	0.000000
								CHANNELS 3 Zrotation Yrotation Xrotation
								JOINT lhand
								{
									OFFSET	1.660950	-0.000000	0.000000
									CHANNELS 3 Zrotation Yrotation Xrotation
									JOINT lfingers
									{
										OFFSET	0.645616	-0.000000	0.000000
										CHANNELS 3 Zrotation Yrotation Xrotation
										End Site
										{
											OFFSET	0.520512	-0.000000	0.000000
										}
									}
								}
								JOINT lthumb
								{
									OFFSET	1.660950	-0.000000	0.000000
									CHANNELS 3 Zrotation Yrotation Xrotation
									End Site
									{
										OFFSET	0.528459	-0.000000	0.528459
									}
								}
							}
						}
					}
				}
				JOINT rclavicle
				{
					OFFSET	0.115035	2.209145	0.109981
					CHANNELS 3 Zrotation Yrotation Xrotation
					JOINT rhumerus
					{
						OFFSET	-2.957120	1.246968	-0.523881
						CHANNELS 3 Zrotation Yrotation Xrotation
						JOINT rradius
						{
							OFFSET	-5.659500	-0.000000	-0.000000
							CHANNELS 3 Zrotation Yrotation Xrotation
							JOINT rwrist
							{
								OFFSET	-3.376040	-0.000000	-0.000000
								CHANNELS 3 Zrotation Yrotation Xrotation
								JOINT rhand
								{
									OFFSET	-1.688020	-0.000000	-0.000000
									CHANNELS 3 Zrotation Yrotation Xrotation
									JOINT rfingers
									{
										OFFSET	-0.824702	-0.000000	-0.000000
										CHANNELS 3 Zrotation Yrotation Xrotation
										End Site
										{
											OFFSET	-0.664896	-0.000000	-0.000000
										}
									}
								}
								JOINT rthumb
								{
									OFFSET	-1.688020	-0.000000	-0.000000
									CHANNELS 3 Zrotation Yrotation Xrotation
									End Site
									{
										OFFSET	-0.675048	-0.000000	0.675048
									}
								}
							}
						}
					}
				}
			}
		}
	}
}
MOTION
Frames:	801
Frame Time:	0.008333
9.523410 17.753395 -14.114186 -5.554298 -37.477155 3.525980 0.000000 0.000000 0.000000 -17.081469 -2.525117 -6.555607 3.338759 11.224230 33.039877 1.835334 4.902311 -27.736065 0.004573 0.436610 1.199686 0.000000 0.000000 0.000000 16.142511 11.737324 -9.741555 -3.358251 -11.253569 33.139893 -0.955607 -0.314792 -18.595198 -0.128497 -2.310664 6.365025 -1.707239 -0.731254 1.857059 4.137141 -0.958864 -1.311043 5.277486 -0.426377 -2.294237 -19.587160 -8.311369 -7.872163 13.116631 -11.789224 22.902251 6.506762 -6.014999 10.602021 0.000000 0.000000 0.000000 -87.355946 1.220341 25.606170 13.973695 -22.697088 -2.817952 -0.000001 0.000002 15.097929 -0.587555 31.272089 -0.305013 -7.125020 0.000002 0.000000 -35.367275 57.527213 -11.830169 0.000000 0.000000 0.000000 83.139446 -5.149793 3.365917 -14.501040 23.446449 -3.024616 0.000002 0.000000 -9.799057 -10.333254 16.695523 -2.998464 7.125020 -0.000002 0.000000 11.613543 -13.273924 8.823805
9.524606 17.751313 -14.109992 -5.470606 -37.501300 3.441904 0.000000 0.000000 0.000000 -17.180139 -2.484866 -6.491512 3.330952 11.212446 32.999747 1.834304 4.927013 -27.741908 0.004863 0.450249 1.237170 0.000000 0.000000 0.000000 16.044618 11.738241 -9.710970 -3.362793 -11.258843 33.167372 -0.962646 -0.178134 -18.648656 -0.150077 -2.496382 6.879616 -1.758090 -0.745918 1.801474 4.105004 -0.981510 -1.261277 5.271500 -0.439476 -2.208907 -19.219939 -8.349037 -8.181922 12.680002 -11.748037 23.062996 6.279367 -5.993738 10.659579 0.000000 0.000000 0.000000 -87.366863 1.178573 25.716409 13.947821 -22.660064 -2.807976 -0.000001 0.000002 14.824158 -0.244450 31.197461 -0.127123 -7.125020 0.000002 0.000000 -34.973504 57.538618 -11.685663 0.000000 0.000000 0.000000 83.087907 -5.087174 3.353088 -14.535392 23.494909 -3.038297 0.000002 -0.000000 -9.923534 -10.423600 16.676008 -3.021750 7.125020 -0.000002 0.000000 11.554082 -13.286280 8.773665
9.525991 17.749393 -14.105645 -5.394120 -37.522849 3.364167 0.000000 0.000000 0.000000 -17.276557 -2.465563 -6.425057 3.323975 11.201900 32.963849 1.834019 4.955682 -27.754877 0.005418 0.475306 1.306035 0.000000 0.000000 0.000000 15.954460 11.734197 -9.680499 -3.366482 -11.263452 33.188780 -0.969964 -0.060410 -18.694611 -0.168480 -2.644295 7.289957 -1.797598 -0.759489 1.746210 4.078215 -1.002081 -1.219178 5.264736 -0.451421 -2.131984 -18.890062 -8.383025 -8.478190 12.264396 -11.705646 23.232105 6.066956 -5.974411 10.721695 0.000000 0.000000 0.000000 -87.392173 1.152070 25.800446 13.925399 -22.627959 -2.799344 -0.000001 0.000002 14.577214 0.096980 31.121167 0.049441 -7.125020 0.000002 0.000000 -34.579832 57.548494 -11.540255 0.000000 0.000000 0.000000 83.036498 -5.025136 3.298176 -14.562979 23.533792 -3.049303 0.000002 -0.000001 -10.014900 -10.504357 16.660288 -3.042858 7.125020 -0.000002 0.000000 11.500916 -13.295619 8.729260
9.527640 17.747794 -14.101139 -5.328525 -37.541048 3.296792 0.000000 0.000000 0.000000 -17.368477 -2.474481 -6.357979 3.318357 11.193397 32.934921 1.834823 4.988085 -27.777222 0.006357 0.514825 1.414650 0.000000 0.000000 0.000000 15.876024 11.722000 -9.651196 -3.368955 -11.267280 33.201103 -0.977961 0.029454 -18.730097 -0.180297 -2.734987 7.541788 -1.821337 -0.769306 1.693264 4.058998 -1.016806 -1.189454 5.257001 -0.460180 -2.069881 -18.634975 -8.412231 -8.735584 11.909600 -11.667455 23.399243 5.890666 -5.959937 10.785870 0.000000 0.000000 0.000000 -87.437030 1.147441 25.845543 13.906802 -22.601316 -2.792193 -0.000001 0.000002 14.381166 0.420797 31.048557 0.216430 -7.125020 0.000002 0.000000 -34.206162 57.557756 -11.402516 0.000000 0.000000 0.000000 82.986528 -4.963703 3.175812 -14.578891 23.556207 -3.055659 0.000002 -0.000001 -10.052144 -10.574973 16.653837 -3.062620 7.125020 -0.000002 0.000000 11.454355 -13.296533 8.692155
9.529487 17.746641 -14.096671 -5.274197 -37.555583 3.241805 0.000000 0.000000 0.000000 -17.452431 -2.503815 -6.297346 3.314348 11.187324 32.914265 1.836716 5.017575 -27.805505 0.007586 0.562425 1.545487 0.000000 0.000000 0.000000 15.809669 11.700103 -9.626231 -3.370332 -11.270572 33.204804 -0.986806 0.092436 -18.755677 -0.184585 -2.767144 7.631125 -1.832732 -0.773222 1.645866 4.046867 -1.022917 -1.172768 5.249722 -0.464243 -2.025342 -18.481794 -8.436017 -8.925802 11.661521 -11.641922 23.540421 5.771541 -5.952837 10.844036 0.000000 0.000000 0.000000 -87.496553 1.160686 25.855566 13.889937 -22.577145 -2.785715 -0.000001 0.000002 14.243746 0.696505 30.991408 0.358286 -7.125020 0.000002 0.000000 -33.892046 57.569561 -11.290399 0.000000 0.000000 0.000000 82.940778 -4.898447 2.979299 -14.578768 23.556033 -3.055610 0.000002 -0.000001 -10.023839 -10.644728 16.663077 -3.084960 7.125020 -0.000002 0.000000 11.408206 -13.281904 8.659174
9.531402 17.745955 -14.092636 -5.231173 -37.563981 3.201172 0.000000 0.000000 0.000000 -17.522628 -2.538805 -6.252946 3.312025 11.183802 32.902287 1.839334 5.033853 -27.831832 0.008816 0.606279 1.666035 0.000000 0.000000 0.000000 15.755256 11.669594 -9.610022 -3.371018 -11.273544 33.203018 -0.995577 0.132414 -18.771752 -0.182189 -2.749228 7.581347 -1.839131 -0.772414 1.607182 4.040882 -1.022252 -1.166804 5.246189 -0.464474 -1.997462 -18.431396 -8.455249 -9.041887 11.540274 -11.634805 23.640887 5.716411 -5.953709 10.891597 0.000000 0.000000 0.000000 -87.561463 1.181101 25.842424 13.872180 -22.551683 -2.778901 -0.000001 0.000002 14.146789 0.891227 30.962642 0.458429 -7.125020 0.000002 0.000000 -33.680351 57.587546 -11.223350 0.000000 0.000000 0.000000 82.902463 -4.819263 2.713374 -14.557973 23.526734 -3.047304 0.000002 -0.000001 -9.923370 -10.721884 16.692390 -3.113156 7.125020 -0.000002 0.000000 11.356975 -13.246727 8.627168
9.533258 17.745598 -14.089496 -5.198277 -37.562432 3.175432 0.000000 0.000000 0.000000 -17.574628 -2.566009 -6.232127 3.311301 11.182704 32.898554 1.841845 5.029908 -27.846797 0.009619 0.633293 1.740297 0.000000 0.000000 0.000000 15.711542 11.635646 -9.605979 -3.371521 -11.276216 33.200365 -1.002313 0.153912 -18.777220 -0.175674 -2.699881 7.444285 -1.848979 -0.770741 1.578862 4.039719 -1.020290 -1.167607 5.249971 -0.463633 -1.982402 -18.454036 -8.473019 -9.107708 11.526247 -11.646798 23.706393 5.712142 -5.961083 10.931985 0.000000 0.000000 0.000000 -87.622503 1.195307 25.816913 13.850599 -22.520723 -2.770629 -0.000001 0.000002 14.055483 0.981724 30.969408 0.505235 -7.125020 0.000002 0.000000 -33.599695 57.612659 -11.213026 0.000000 0.000000 0.000000 82.873643 -4.716909 2.394708 -14.514748 23.465782 -3.030071 0.000002 -0.000001 -9.755404 -10.802729 16.742440 -3.146282 7.125020 -0.000002 0.000000 11.303125 -13.190627 8.598142
9.534967 17.745314 -14.087562 -5.169598 -37.548165 3.159871 0.000000 0.000000 0.000000 -17.610729 -2.577808 -6.235311 3.311909 11.183627 32.901693 1.843285 5.005864 -27.843879 0.009679 0.635269 1.745728 0.000000 0.000000 0.000000 15.673088 11.605205 -9.614020 -3.372362 -11.278614 33.201570 -1.005380 0.163879 -18.773354 -0.168907 -2.647632 7.299218 -1.871476 -0.771500 1.561166 4.040824 -1.021769 -1.171132 5.263725 -0.464119 -1.975537 -18.505273 -8.493593 -9.163933 11.576506 -11.675153 23.756442 5.734559 -5.972507 10.973959 0.000000 0.000000 0.000000 -87.673406 1.192085 25.785508 13.821917 -22.479549 -2.759652 -0.000001 0.000002 13.940567 0.962790 31.006616 0.496087 -7.125020 0.000002 0.000000 -33.650734 57.639583 -11.255236 0.000000 0.000000 0.000000 82.853223 -4.593571 2.058940 -14.455284 23.381821 -3.006433 0.000002 -0.000001 -9.549825 -10.874794 16.809306 -3.179960 7.125020 -0.000002 0.000000 11.254956 -13.118474 8.577449
9.536515 17.744875 -14.086870 -5.136643 -37.520283 3.145392 0.000000 0.000000 0.000000 -17.638697 -2.573180 -6.255692 3.313392 11.185876 32.909341 1.843044 4.967504 -27.822050 0.009062 0.614682 1.689134 0.000000 0.000000 0.000000 15.632537 11.583074 -9.629800 -3.374024 -11.281044 33.210230 -1.004557 0.168176 -18.766571 -0.164643 -2.614166 7.206333 -1.913390 -0.774981 1.554744 4.041558 -1.027305 -1.175404 5.288549 -0.466210 -1.975074 -18.550609 -8.520486 -9.244326 11.650934 -11.716242 23.810845 5.762568 -5.986064 11.025835 0.000000 0.000000 0.000000 -87.714138 1.169746 25.751217 13.784696 -22.426075 -2.745437 -0.000001 0.000002 13.796471 0.856133 31.056420 0.441909 -7.125020 0.000002 0.000000 -33.797079 57.658233 -11.327580 0.000000 0.000000 0.000000 82.836635 -4.467428 1.753893 -14.394591 23.295992 -2.982388 0.000002 -0.000001 -9.361889 -10.928871 16.882722 -3.209573 7.125020 -0.000002 0.000000 11.218657 -13.041198 8.567328
9.537982 17.744201 -14.087155 -5.092950 -37.480411 3.123255 0.000000 0.000000 0.000000 -17.667421 -2.555497 -6.283106 3.315182 11.188589 32.918567 1.840845 4.924604 -27.784687 0.008091 0.580835 1.596094 0.000000 0.000000 0.000000 15.584686 11.570338 -9.646833 -3.376848 -11.284115 33.227813 -1.000818 0.166256 -18.763629 -0.162227 -2.595006 7.153168 -1.975048 -0.778173 1.560345 4.040373 -1.032883 -1.181201 5.322917 -0.467833 -1.982690 -18.579929 -8.555276 -9.355297 11.726756 -11.767507 23.875974 5.786114 -6.001664 11.088627 0.000000 0.000000 0.000000 -87.750897 1.138589 25.716878 13.741148 -22.363447 -2.728845 -0.000001 0.000002 13.638701 0.713833 31.098190 0.369234 -7.125020 0.000002 0.000000 -33.970625 57.662745 -11.398736 0.000000 0.000000 0.000000 82.818668 -4.364969 1.516404 -14.350338 23.233327 -2.964909 0.000002 -0.000001 -9.248655 -10.965093 16.948654 -3.232547 7.125020 -0.000002 0.000000 11.194248 -12.972744 8.564446
9.539486 17.743332 -14.087898 -5.035866 -37.434077 3.089046 0.000000 0.000000 0.000000 -17.704684 -2.530019 -6.308711 3.316806 11.191049 32.926935 1.836517 4.890693 -27.737763 0.006953 0.538455 1.479603 0.000000 0.000000 0.000000 15.527216 11.564952 -9.660270 -3.380872 -11.288449 33.252971 -0.995612 0.153455 -18.764901 -0.158341 -2.563884 7.066822 -2.050102 -0.776221 1.575591 4.036605 -1.031850 -1.190299 5.362286 -0.465682 -1.999706 -18.605465 -8.597148 -9.471231 11.798832 -11.827583 23.939361 5.805951 -6.020980 11.152981 0.000000 0.000000 0.000000 -87.790862 1.112961 25.690161 13.695399 -22.297580 -2.711463 -0.000001 0.000002 13.482267 0.593351 31.123632 0.307554 -7.125020 0.000002 0.000000 -34.108936 57.658489 -11.448918 0.000000 0.000000 0.000000 82.796230 -4.306593 1.357018 -14.334024 23.210207 -2.958476 0.000002 -0.000001 -9.240512 -10.986445 16.999912 -3.248408 7.125020 -0.000002 0.000000 11.179794 -12.920045 8.565628
9.541122 17.742363 -14.088474 -4.969191 -37.388776 3.045875 0.000000 0.000000 0.000000 -17.753256 -2.504174 -6.327522 3.318056 11.192942 32.933373 1.830227 4.879355 -27.689416 0.005627 0.484378 1.330970 0.000000 0.000000 0.000000 15.462603 11.563038 -9.669451 -3.385738 -11.294251 33.281825 -0.990533 0.127320 -18.766256 -0.150573 -2.500485 6.890991 -2.126769 -0.765487 1.593881 4.030722 -1.019061 -1.203627 5.400143 -0.457369 -2.024097 -18.647897 -8.642940 -9.556246 11.872364 -11.894233 23.983188 5.828536 -6.045410 11.206644 0.000000 0.000000 0.000000 -87.836399 1.100732 25.682972 13.650479 -22.232834 -2.694443 -0.000001 0.000002 13.326933 0.507838 31.145704 0.263558 -7.125020 0.000002 0.000000 -34.210832 57.658655 -11.489029 0.000000 0.000000 0.000000 82.768745 -4.297656 1.270259 -14.347401 23.229165 -2.963750 0.000002 -0.000001 -9.335093 -10.991220 17.041007 -3.257430 7.125020 -0.000002 0.000000 11.176373 -12.878778 8.572800
9.542925 17.741443 -14.088428 -4.905425 -37.347958 3.004763 0.000000 0.000000 0.000000 -17.806383 -2.488440 -6.338373 3.318970 11.194325 32.938081 1.822881 4.896277 -27.648552 0.004155 0.416245 1.143720 0.000000 0.000000 0.000000 15.400877 11.560528 -9.677209 -3.390774 -11.301039 33.309531 -0.987131 0.090125 -18.767316 -0.140557 -2.416238 6.657470 -2.189636 -0.746706 1.608073 4.024616 -0.995116 -1.220879 5.429530 -0.443517 -2.051668 -18.719056 -8.687969 -9.596587 11.953596 -11.962466 24.005105 5.859437 -6.073686 11.246431 0.000000 0.000000 0.000000 -87.884032 1.100992 25.701383 13.607549 -22.170889 -2.678221 -0.000001 0.000002 13.168025 0.401529 31.193868 0.208192 -7.125020 0.000002 0.000000 -34.355723 57.675076 -11.560641 0.000000 0.000000 0.000000 82.737697 -4.331110 1.259918 -14.386743 23.284885 -2.979285 0.000002 -0.000001 -9.516619 -10.980682 17.076164 -3.260749 7.125020 -0.000002 0.000000 11.183112 -12.844657 8.586316
9.544861 17.740783 -14.087732 -4.859647 -37.307724 2.978222 0.000000 0.000000 0.000000 -17.850928 -2.492508 -6.343032 3.319665 11.195377 32.941659 1.815985 4.933154 -27.620972 0.002788 0.340957 0.936825 0.000000 0.000000 0.000000 15.355042 11.554939 -9.687008 -3.395262 -11.307754 33.332374 -0.986339 0.048075 -18.773756 -0.133446 -2.354570 6.486622 -2.226155 -0.725263 1.615185 4.020287 -0.966905 -1.241016 5.445499 -0.427868 -2.079068 -18.813318 -8.727913 -9.609446 12.042832 -12.025667 24.020701 5.898826 -6.101947 11.279980 0.000000 0.000000 0.000000 -87.928052 1.109911 25.738484 13.566895 -22.112168 -2.662899 -0.000001 0.000002 13.016803 0.177638 31.297635 0.090830 -7.125020 0.000002 0.000000 -34.662361 57.710667 -11.713664 0.000000 0.000000 0.000000 82.705808 -4.395863 1.347820 -14.447960 23.371473 -3.003526 0.000002 -0.000001 -9.771007 -10.971146 17.098012 -3.261931 7.125020 -0.000002 0.000000 11.189293 -12.823692 8.596207
9.546833 17.740562 -14.086808 -4.837742 -37.260075 2.971197 0.000000 0.000000 0.000000 -17.877517 -2.518875 -6.345555 3.320130 11.196082 32.944058 1.811094 4.968922 -27.606310 0.001819 0.275387 0.756646 0.000000 0.000000 0.000000 15.330551 11.546416 -9.700824 -3.398733 -11.313237 33.349224 -0.987798 0.008784 -18.790962 -0.134290 -2.361976 6.507135 -2.235809 -0.708038 1.617341 4.018235 -0.943640 -1.262679 5.448571 -0.415111 -2.105074 -18.912473 -8.761392 -9.622501 12.131522 -12.079448 24.045576 5.940665 -6.126606 11.315828 0.000000 0.000000 0.000000 -87.965002 1.125359 25.779444 13.528415 -22.056531 -2.648432 -0.000001 0.000002 12.903257 -0.248457 31.467481 -0.133495 -7.125020 0.000002 0.000000 -35.221083 57.755391 -11.976593 0.000000 0.000000 0.000000 82.675674 -4.480617 1.550812 -14.526230 23.481983 -3.034645 0.000002 -0.000001 -10.076710 -10.985737 17.094968 -3.265841 7.125020 -0.000002 0.000000 11.179730 -12.825521 8.588079
9.548715 17.740798 -14.086162 -4.831833 -37.199224 2.977996 0.000000 0.000000 0.000000 -17.887169 -2.560596 -6.350378 3.320152 11.196115 32.944168 1.809288 4.979489 -27.599453 0.001363 0.238361 0.654909 0.000000 0.000000 0.000000 15.320678 11.537131 -9.718221 -3.401131 -11.316811 33.361445 -0.990065 -0.022852 -18.818660 -0.144911 -2.453225 6.759976 -2.231755 -0.699680 1.618125 4.017491 -0.931916 -1.283689 5.445482 -0.408418 -2.128549 -18.997055 -8.791049 -9.650800 12.205195 -12.124378 24.079223 5.975508 -6.146912 11.354337 0.000000 0.000000 0.000000 -87.996443 1.145476 25.807361 13.491081 -22.002503 -2.634428 -0.000001 0.000002 12.861864 -0.898973 31.681787 -0.477716 -7.125020 0.000002 0.000000 -36.033740 57.787006 -12.332577 0.000000 0.000000 0.000000 82.648815 -4.572354 1.855315 -14.614005 23.605647 -3.069706 0.000002 -0.000001 -10.396126 -11.032420 17.064028 -3.274298 7.125020 -0.000002 0.000000 11.149171 -12.852490 8.557228
9.550391 17.741304 -14.085900 -4.827668 -37.126396 2.986742 0.000000 0.000000 0.000000 -17.889109 -2.605621 -6.358203 3.319494 11.195119 32.940780 1.810799 4.952466 -27.595584 0.001346 0.236840 0.650731 0.000000 0.000000 0.000000 15.312874 11.529289 -9.735215 -3.402732 -11.318598 33.371225 -0.991851 -0.046728 -18.852430 -0.163101 -2.601950 7.172436 -2.231535 -0.701083 1.618450 4.017228 -0.933439 -1.300487 5.445407 -0.408510 -2.145899 -19.056725 -8.820845 -9.690010 12.252154 -12.163843 24.105490 5.996178 -6.164393 11.387526 0.000000 0.000000 0.000000 -88.029671 1.166880 25.801524 13.453071 -21.947444 -2.620204 -0.000001 0.000002 12.916737 -1.697536 31.888119 -0.902256 -7.125020 0.000002 0.000000 -36.979595 57.780544 -12.711328 0.000000 0.000000 0.000000 82.624652 -4.656941 2.222620 -14.702680 23.730292 -3.105304 0.000002 -0.000001 -10.691576 -11.098004 17.009473 -3.284004 7.125020 -0.000002 0.000000 11.106258 -12.901436 8.511377
9.551794 17.741802 -14.085648 -4.816442 -37.049334 2.987252 0.000000 0.000000 0.000000 -17.892812 -2.645325 -6.363962 3.318267 11.193262 32.934461 1.814890 4.895800 -27.593898 0.001624 0.260211 0.714948 0.000000 0.000000 0.000000 15.299793 11.524055 -9.744454 -3.403848 -11.319298 33.379528 -0.993064 -0.067613 -18.888494 -0.183678 -2.760380 7.612330 -2.244631 -0.710314 1.616437 4.018028 -0.945911 -1.309285 5.454206 -0.414249 -2.152264 -19.093276 -8.851969 -9.724443 12.270319 -12.199539 24.106139 6.001843 -6.180429 11.405640 0.000000 0.000000 0.000000 -88.074077 1.186085 25.740293 13.413341 -21.889839 -2.605373 -0.000001 0.000002 13.069751 -2.474380 32.025336 -1.315893 -7.125020 0.000002 0.000000 -37.840543 57.724644 -13.011668 0.000000 0.000000 0.000000 82.601065 -4.723659 2.612775 -14.786011 23.847162 -3.138916 0.000002 -0.000001 -10.946680 -11.164732 16.932337 -3.289670 7.125020 -0.000002 0.000000 11.062665 -12.972803 8.459810
9.552949 17.742100 -14.085034 -4.800823 -36.975083 2.977797 0.000000 0.000000 0.000000 -17.899819 -2.678963 -6.362628 3.317127 11.191534 32.928586 1.820170 4.828953 -27.595088 0.002016 0.289877 0.796464 0.000000 0.000000 0.000000 15.285234 11.522114 -9.739588 -3.404546 -11.319530 33.385286 -0.994440 -0.095879 -18.925930 -0.200975 -2.886694 7.963458 -2.266832 -0.724515 1.610253 4.020968 -0.965412 -1.308764 5.470422 -0.423799 -2.145724 -19.114991 -8.881965 -9.739320 12.267740 -12.230702 24.074429 5.997442 -6.195148 11.404188 0.000000 0.000000 0.000000 -88.133320 1.200334 25.615748 13.372490 -21.830551 -2.590163 -0.000001 0.000002 13.293794 -3.038512 32.056386 -1.614484 -7.125020 0.000002 0.000000 -38.401163 57.630910 -13.152803 0.000000 0.000000 0.000000 82.578692 -4.768596 2.996635 -14.861348 23.952600 -3.169438 0.000002 -0.000001 -11.168336 -11.226336 16.828125 -3.288475 7.125020 -0.000002 0.000000 11.022552 -13.071588 8.404705
9.553978 17.742182 -14.084196 -4.790046 -36.902174 2.965273 0.000000 0.000000 0.000000 -17.902534 -2.709143 -6.357807 3.317079 11.191461 32.928337 1.825193 4.763852 -27.595527 0.002321 0.311095 0.854767 0.000000 0.000000 0.000000 15.278966 11.522309 -9.721332 -3.404585 -11.319236 33.386440 -0.996259 -0.143670 -18.964742 -0.211813 -2.963040 8.175868 -2.286417 -0.741492 1.600355 4.025984 -0.988655 -1.301682 5.487233 -0.435581 -2.129915 -19.130855 -8.907493 -9.728509 12.260060 -12.257349 24.017962 5.991024 -6.208340 11.386574 0.000000 0.000000 0.000000 -88.201685 1.206647 25.444839 13.331698 -21.771288 -2.575013 -0.000001 0.000002 13.539935 -3.275968 31.987247 -1.736152 -7.125020 0.000002 0.000000 -38.560111 57.527390 -13.118319 0.000000 0.000000 0.000000 82.563315 -4.793992 3.352463 -14.927891 24.045559 -3.196503 0.000002 -0.000001 -11.371689 -11.286007 16.697710 -3.281502 7.125020 -0.000002 0.000000 10.983851 -13.196674 8.344675
9.555036 17.742139 -14.083697 -4.789746 -36.821804 2.957742 0.000000 0.000000 0.000000 -17.892080 -2.735745 -6.360538 3.318950 11.194296 32.937981 1.829134 4.696282 -27.587490 0.002445 0.319303 0.877321 0.000000 0.000000 0.000000 15.286082 11.519363 -9.697844 -3.403659 -11.317790 33.381913 -0.997688 -0.215302 -19.002773 -0.216679 -2.996668 8.269473 -2.296003 -0.759533 1.589770 4.031627 -1.013094 -1.292773 5.498962 -0.448208 -2.111834 -19.148772 -8.928212 -9.697861 12.265188 -12.283210 23.952251 5.990519 -6.220821 11.362396 0.000000 0.000000 0.000000 -88.268300 1.200431 25.265860 13.291402 -21.712688 -2.560086 -0.000001 0.000002 13.753920 -3.186010 31.858174 -1.682191 -7.125020 0.000002 0.000000 -38.355220 57.444953 -12.954687 0.000000 0.000000 0.000000 82.562131 -4.803919 3.660268 -14.983855 24.123612 -3.219342 0.000002 -0.000001 -11.561891 -11.346668 16.556782 -3.272591 7.125020 -0.000002 0.000000 10.944595 -13.332202 8.281860
9.556209 17.742029 -14.084025 -4.796858 -36.727578 2.956548 0.000000 0.000000 0.000000 -17.867137 -2.755028 -6.378740 3.322828 11.200165 32.957948 1.832165 4.613673 -27.565832 0.002520 0.324208 0.890799 0.000000 0.000000 0.000000 15.302284 11.506630 -9.677735 -3.401792 -11.314812 33.372934 -0.997512 -0.303331 -19.035836 -0.217903 -3.005063 8.292844 -2.297798 -0.775185 1.581904 4.035272 -1.034165 -1.283661 5.504095 -0.459242 -2.095590 -19.173573 -8.949504 -9.665987 12.295343 -12.316696 23.893267 5.999858 -6.235210 11.344260 0.000000 0.000000 0.000000 -88.321854 1.173260 25.126926 13.250606 -21.653304 -2.545014 -0.000001 0.000002 13.889609 -2.832971 31.714856 -1.489800 -7.125020 0.000002 0.000000 -37.889929 57.405718 -12.727379 0.000000 0.000000 0.000000 82.580122 -4.798662 3.900013 -15.025510 24.181632 -3.236385 0.000002 -0.000001 -11.725207 -11.410491 16.430147 -3.267131 7.125020 -0.000002 0.000000 10.903194 -13.453282 8.220850
9.557480 17.741832 -14.085199 -4.802090 -36.622269 2.955182 0.000000 0.000000 0.000000 -17.836086 -2.763576 -6.409680 3.327837 11.207740 32.983729 1.835026 4.508706 -27.532072 0.002863 0.345549 0.949443 0.000000 0.000000 0.000000 15.317376 11.481692 -9.663565 -3.399493 -11.310822 33.362763 -0.995369 -0.394705 -19.061700 -0.217187 -3.000157 8.279186 -2.298751 -0.781877 1.576194 4.032392 -1.043362 -1.269534 5.501557 -0.464501 -2.076812 -19.203625 -8.981840 -9.657606 12.351423 -12.369682 23.851367 6.016466 -6.255758 11.343246 0.000000 0.000000 0.000000 -88.351386 1.112110 25.071247 13.206461 -21.588976 -2.528748 -0.000001 0.000002 13.921247 -2.285918 31.580123 -1.197665 -7.125020 0.000002 0.000000 -37.250073 57.413415 -12.475842 0.000000 0.000000 0.000000 82.621271 -4.772692 4.055815 -15.049683 24.215274 -3.246294 0.000002 -0.000001 -11.839225 -11.481835 16.338892 -3.270496 7.125020 -0.000002 0.000000 10.856572 -13.538531 8.164270
9.558768 17.741533 -14.086741 -4.795858 -36.514898 2.944969 0.000000 0.000000 0.000000 -17.812630 -2.764829 -6.441455 3.332496 11.214779 33.007693 1.838110 4.388638 -27.492765 0.003784 0.397250 1.091519 0.000000 0.000000 0.000000 15.321187 11.447511 -9.652336 -3.397519 -11.306991 33.355119 -0.992075 -0.478002 -19.082978 -0.214972 -2.984915 8.236754 -2.302078 -0.772140 1.565190 4.016147 -1.030959 -1.241651 5.485488 -0.459494 -2.043410 -19.228957 -9.035988 -9.687994 12.422678 -12.453421 23.825755 6.031935 -6.286949 11.362736 0.000000 0.000000 0.000000 -88.346303 1.004209 25.120529 13.154645 -21.513382 -2.509714 -0.000001 0.000002 13.856652 -1.607132 31.446379 -0.839303 -7.125020 0.000002 0.000000 -36.486867 57.449188 -12.203421 0.000000 0.000000 0.000000 82.691153 -4.719920 4.126198 -15.058116 24.227005 -3.249754 0.000002 -0.000001 -11.898679 -11.560547 16.293200 -3.284690 7.125020 -0.000002 0.000000 10.804709 -13.577781 8.114481
9.559998 17.741177 -14.087985 -4.772444 -36.413246 2.920926 0.000000 0.000000 0.000000 -17.809191 -2.770083 -6.460744 3.335476 11.219277 33.023009 1.841100 4.272494 -27.455338 0.005419 0.475381 1.306241 0.000000 0.000000 0.000000 15.307109 11.408797 -9.640120 -3.396393 -11.304277 33.352203 -0.988933 -0.545874 -19.104984 -0.211387 -2.960077 8.167621 -2.303958 -0.742042 1.537591 3.978932 -0.991728 -1.193928 5.445297 -0.442040 -1.983462 -19.234536 -9.116977 -9.750795 12.492348 -12.573253 23.803893 6.036113 -6.331431 11.395377 0.000000 0.000000 0.000000 -88.299187 0.846490 25.263961 13.091819 -21.421600 -2.486721 -0.000001 0.000002 13.737805 -0.866995 31.291334 -0.451822 -7.125020 0.000002 0.000000 -35.646132 57.480322 -11.898954 0.000000 0.000000 0.000000 82.797185 -4.641132 4.127903 -15.058858 24.228036 -3.250058 0.000002 -0.000001 -11.930356 -11.632758 16.289813 -3.305128 7.125020 -0.000002 0.000000 10.756808 -13.575357 8.077637
9.561142 17.740821 -14.088488 -4.731203 -36.319328 2.882779 0.000000 0.000000 0.000000 -17.831019 -2.789179 -6.460839 3.336308 11.220532 33.027284 1.843403 4.177099 -27.423912 0.007561 0.561516 1.542987 0.000000 0.000000 0.000000 15.273557 11.367655 -9.624577 -3.396072 -11.302789 33.353313 -0.987022 -0.594829 -19.131398 -0.207267 -2.931260 8.087433 -2.297247 -0.694130 1.486666 3.916161 -0.928873 -1.127591 5.372095 -0.413862 -1.894194 -19.209657 -9.220928 -9.823008 12.548213 -12.725173 23.770016 6.023464 -6.388303 11.428116 0.000000 0.000000 0.000000 -88.211458 0.652736 25.459668 13.019427 -21.315670 -2.460344 -0.000001 0.000002 13.621264 -0.136917 31.099058 -0.072897 -7.125020 0.000002 0.000000 -34.781259 57.478309 -11.559279 0.000000 0.000000 0.000000 82.945979 -4.543431 4.079609 -15.060545 24.230382 -3.250750 0.000002 -0.000001 -11.970335 -11.671393 16.315686 -3.321418 7.125020 -0.000002 0.000000 10.730926 -13.546410 8.064284
9.562223 17.740481 -14.088230 -4.679924 -36.230345 2.834792 0.000000 0.000000 0.000000 -17.870677 -2.821656 -6.443816 3.335619 11.219492 33.023743 1.844602 4.107184 -27.397731 0.009619 0.633305 1.740331 0.000000 0.000000 0.000000 15.227814 11.321718 -9.604094 -3.395935 -11.301761 33.354866 -0.986864 -0.625280 -19.161966 -0.204003 -2.908224 8.023346 -2.274301 -0.636779 1.417354 3.831294 -0.853258 -1.051031 5.265683 -0.380054 -1.785804 -19.157857 -9.335861 -9.882084 12.590612 -12.895137 23.717360 5.997736 -6.452429 11.451496 0.000000 0.000000 0.000000 -88.097582 0.452581 25.649053 12.944984 -21.206547 -2.433349 -0.000001 0.000002 13.553669 0.530208 30.869490 0.269650 -7.125020 0.000002 0.000000 -33.943352 57.431115 -11.195556 0.000000 0.000000 0.000000 83.137376 -4.433941 3.983705 -15.064202 24.235469 -3.252251 0.000002 -0.000001 -12.022496 -11.646389 16.360419 -3.322712 7.125020 -0.000002 0.000000 10.747089 -13.503724 8.087090
9.563279 17.740133 -14.087490 -4.637735 -36.142557 2.786400 0.000000 0.000000 0.000000 -17.906887 -2.858090 -6.416562 3.334744 11.218171 33.019244 1.844560 4.057786 -27.373251 0.010875 0.673354 1.850430 0.000000 0.000000 0.000000 15.188928 11.267003 -9.576261 -3.395063 -11.299882 33.351994 -0.988112 -0.642206 -19.192831 -0.202630 -2.898482 7.996245 -2.226563 -0.580492 1.345381 3.737786 -0.778552 -0.976250 5.136131 -0.346845 -1.677887 -19.098075 -9.445724 -9.916785 12.630336 -13.062192 23.652036 5.970543 -6.515704 11.463898 0.000000 0.000000 0.000000 -87.982335 0.282035 25.777400 12.879047 -21.109733 -2.409550 -0.000001 0.000002 13.562133 1.093469 30.617550 0.555068 -7.125020 0.000002 0.000000 -33.185971 57.341832 -10.832305 0.000000 0.000000 0.000000 83.358521 -4.319080 3.836890 -15.063173 24.234037 -3.251828 0.000002 -0.000001 -12.050910 -11.542213 16.423321 -3.304228 7.125020 -0.000002 0.000000 10.815611 -13.449267 8.153699
9.564310 17.739734 -14.086575 -4.626085 -36.054041 2.747854 0.000000 0.000000 0.000000 -17.915883 -2.887664 -6.385203 3.334961 11.218499 33.020362 1.843411 4.021555 -27.347711 0.010947 0.675580 1.856551 0.000000 0.000000 0.000000 15.178935 11.203115 -9.537537 -3.392638 -11.295832 33.340809 -0.989639 -0.654253 -19.219574 -0.203547 -2.904991 8.014350 -2.148858 -0.533352 1.287949 3.653117 -0.715332 -0.913129 4.999553 -0.318995 -1.588995 -19.053490 -9.536860 -9.924926 12.679608 -13.206814 23.583651 5.954327 -6.570544 11.467593 0.000000 0.000000 0.000000 -87.890529 0.168967 25.811950 12.830724 -21.038684 -2.392174 -0.000001 0.000002 13.656739 1.504022 30.371574 0.759799 -7.125020 0.000002 0.000000 -32.581566 57.223604 -10.507864 0.000000 0.000000 0.000000 83.586266 -4.208128 3.657766 -15.052307 24.218924 -3.247370 0.000002 -0.000001 -12.018156 -11.375389 16.505064 -3.270799 7.125020 -0.000002 0.000000 10.925530 -13.381113 8.256044
9.565256 17.739256 -14.085618 -4.651689 -35.965187 2.721959 0.000000 0.000000 0.000000 -17.889486 -2.904709 -6.351631 3.336811 11.221291 33.029871 1.841549 3.994223 -27.321685 0.009999 0.645679 1.774346 0.000000 0.000000 0.000000 15.206109 11.134079 -9.485098 -3.388359 -11.289024 33.320119 -0.990629 -0.669424 -19.241582 -0.206907 -2.928724 8.080377 -2.047818 -0.498590 1.253108 3.589159 -0.668017 -0.864631 4.872479 -0.298480 -1.526076 -19.037921 -9.603144 -9.907230 12.744443 -13.318991 23.514601 5.955595 -6.613106 11.463316 0.000000 0.000000 0.000000 -87.836009 0.121427 25.754581 12.803832 -20.999109 -2.382529 -0.000001 0.000002 13.826981 1.712184 30.172741 0.861068 -7.125020 0.000002 0.000000 -32.213048 57.100789 -10.271292 0.000000 0.000000 0.000000 83.797093 -4.112899 3.495156 -15.035488 24.195522 -3.240474 0.000002 -0.000000 -11.925361 -11.193838 16.597036 -3.234741 7.125020 -0.000002 0.000000 11.045146 -13.304059 8.368199
9.566021 17.738711 -14.084533 -4.701315 -35.878950 2.702749 0.000000 0.000000 0.000000 -17.840662 -2.911099 -6.314038 3.339876 11.225914 33.045619 1.839649 3.975840 -27.299779 0.008519 0.595996 1.637767 0.000000 0.000000 0.000000 15.258930 11.064375 -9.420451 -3.382654 -11.280166 33.291904 -0.991563 -0.690145 -19.262608 -0.212635 -2.968737 8.191724 -1.942944 -0.475177 1.236843 3.548862 -0.635596 -0.827956 4.768973 -0.284782 -1.483925 -19.053160 -9.645850 -9.865708 12.821961 -13.398476 23.441985 5.973454 -6.643532 11.450260 0.000000 0.000000 0.000000 -87.818717 0.128247 25.644373 12.794138 -20.984837 -2.379056 -0.000001 0.000002 14.036699 1.699894 30.064306 0.852370 -7.125020 0.000002 0.000000 -32.133266 57.006734 -10.166139 0.000000 0.000000 0.000000 83.973838 -4.044470 3.409102 -15.023508 24.178847 -3.235565 0.000002 -0.000000 -11.815355 -11.051423 16.682142 -3.208703 7.125020 -0.000002 0.000000 11.138904 -13.230803 8.459226
9.566511 17.738161 -14.083193 -4.754222 -35.800930 2.683369 0.000000 0.000000 0.000000 -17.791010 -2.914855 -6.270469 3.343127 11.230813 33.062311 1.838556 3.968320 -27.288670 0.007029 0.541384 1.487651 0.000000 0.000000 0.000000 15.317239 10.997132 -9.350994 -3.376470 -11.270918 33.260304 -0.993572 -0.713634 -19.285773 -0.219761 -3.017757 8.328190 -1.856863 -0.459343 1.229428 3.530281 -0.613442 -0.799911 4.699535 -0.275592 -1.454114 -19.095873 -9.670290 -9.805467 12.903395 -13.450179 23.366283 6.002904 -6.664291 11.429635 0.000000 0.000000 0.000000 -87.831321 0.170974 25.537962 12.790601 -20.979630 -2.377790 -0.000001 0.000002 14.244491 1.507638 30.062776 0.755187 -7.125020 0.000002 0.000000 -32.316136 56.964604 -10.199533 0.000000 0.000000 0.000000 84.106882 -4.009498 3.439700 -15.025577 24.181729 -3.236413 0.000002 -0.000001 -11.742260 -10.979351 16.743174 -3.198830 7.125020 -0.000002 0.000000 11.186267 -13.175912 8.509437
9.566693 17.737678 -14.081657 -4.796425 -35.736728 2.662500 0.000000 0.000000 0.000000 -17.755603 -2.925796 -6.221797 3.345570 11.234494 33.074854 1.838702 3.973265 -27.292057 0.005880 0.495152 1.360580 0.000000 0.000000 0.000000 15.366308 10.935305 -9.286761 -3.370721 -11.262785 33.229606 -0.996884 -0.737038 -19.309086 -0.226001 -3.060023 8.445900 -1.803893 -0.445982 1.223387 3.530057 -0.594988 -0.779222 4.668451 -0.267609 -1.431721 -19.162313 -9.683900 -9.737152 12.980692 -13.482143 23.293982 6.038533 -6.679000 11.406655 0.000000 0.000000 0.000000 -87.867674 0.234642 25.472124 12.781855 -20.966751 -2.374660 -0.000001 0.000002 14.446332 1.234222 30.131895 0.618007 -7.125020 0.000002 0.000000 -32.636463 56.964762 -10.318173 0.000000 0.000000 0.000000 84.195935 -4.005167 3.583161 -15.042756 24.205639 -3.243454 0.000002 -0.000001 -11.736724 -10.978712 16.768438 -3.203423 7.125020 -0.000002 0.000000 11.186591 -13.150875 8.515523
9.566634 17.737269 -14.080133 -4.824636 -35.687972 2.642740 0.000000 0.000000 0.000000 -17.737900 -2.949068 -6.171431 3.346770 11.236301 33.081010 1.839563 3.990929 -27.306521 0.005153 0.463578 1.273801 0.000000 0.000000 0.000000 15.401383 10.880224 -9.234799 -3.365836 -11.256272 33.202387 -1.000433 -0.758999 -19.326455 -0.228829 -3.078984 8.498723 -1.784389 -0.430438 1.216093 3.543063 -0.574056 -0.764236 4.670300 -0.257826 -1.414254 -19.246443 -9.695924 -9.677989 13.049138 -13.505619 23.235125 6.075116 -6.691985 11.389863 0.000000 0.000000 0.000000 -87.924910 0.309931 25.441394 12.762114 -20.937670 -2.367601 -0.000001 0.000002 14.693431 1.002120 30.193448 0.500323 -7.125020 0.000002 0.000000 -32.911607 56.966736 -10.423278 0.000000 0.000000 0.000000 84.251957 -4.017243 3.793394 -15.067995 24.240747 -3.253809 0.000002 -0.000001 -11.792849 -11.031675 16.752130 -3.216163 7.125020 -0.000002 0.000000 11.151709 -13.162883 8.485074
9.566455 17.736852 -14.078684 -4.843292 -35.651739 2.625856 0.000000 0.000000 0.000000 -17.732662 -2.981162 -6.122232 3.346976 11.236611 33.082067 1.840088 4.019211 -27.323887 0.004726 0.443951 1.219862 0.000000 0.000000 0.000000 15.425003 10.828530 -9.195490 -3.361689 -11.250915 33.178791 -1.002919 -0.775293 -19.331482 -0.227608 -3.070816 8.475968 -1.785835 -0.410138 1.207680 3.562316 -0.547077 -0.751293 4.690503 -0.244713 -1.398567 -19.337730 -9.715132 -9.645247 13.104048 -13.531808 23.198185 6.106662 -6.707150 11.386808 0.000000 0.000000 0.000000 -87.999855 0.391319 25.413608 12.731653 -20.892768 -2.356727 -0.000001 0.000002 15.051998 0.905539 30.172775 0.448245 -7.125020 0.000002 0.000000 -32.988510 56.927205 -10.423328 0.000000 0.000000 0.000000 84.293605 -4.026477 4.008324 -15.091091 24.272852 -3.263298 0.000002 -0.000001 -11.879242 -11.113755 16.695183 -3.229903 7.125020 -0.000002 0.000000 11.097833 -13.212998 8.430617
9.566241 17.736339 -14.077115 -4.861041 -35.623368 2.611919 0.000000 0.000000 0.000000 -17.730050 -3.013258 -6.075102 3.346922 11.236530 33.081791 1.839648 4.053416 -27.337596 0.004395 0.428107 1.176318 0.000000 0.000000 0.000000 15.443892 10.774273 -9.163459 -3.357786 -11.245719 33.156985 -1.003728 -0.777721 -19.320905 -0.224452 -3.049589 8.416839 -1.789594 -0.385131 1.198606 3.581603 -0.513890 -0.736543 4.711898 -0.228516 -1.381205 -19.424584 -9.745180 -9.644424 13.140664 -13.565712 23.182203 6.128279 -6.725920 11.397804 0.000000 0.000000 0.000000 -88.086110 0.475567 25.365030 12.696149 -20.840392 -2.344080 -0.000001 0.000002 15.526494 0.968872 30.049729 0.474007 -7.125020 0.000002 0.000000 -32.827124 56.834277 -10.293892 0.000000 0.000000 0.000000 84.339182 -4.017727 4.177573 -15.103406 24.289962 -3.268362 0.000002 -0.000001 -11.958330 -11.200641 16.609521 -3.239587 7.125020 -0.000002 0.000000 11.041004 -13.291336 8.367140
9.566018 17.735756 -14.075317 -4.888551 -35.598466 2.603010 0.000000 0.000000 0.000000 -17.717503 -3.038827 -6.032075 3.347500 11.237401 33.084761 1.838500 4.085626 -27.345514 0.004032 0.410026 1.126631 0.000000 0.000000 0.000000 15.467896 10.715823 -9.132422 -3.353488 -11.239508 33.134276 -1.002819 -0.761806 -19.297591 -0.222542 -3.036675 8.380872 -1.779638 -0.357494 1.189766 3.598500 -0.477034 -0.719000 4.722868 -0.210701 -1.361574 -19.499794 -9.782685 -9.668900 13.158786 -13.603735 23.177207 6.139340 -6.746219 11.416382 0.000000 0.000000 0.000000 -88.175165 0.559564 25.299069 12.669564 -20.801144 -2.334631 -0.000001 0.000002 16.006981 1.123469 29.896486 0.544919 -7.125020 0.000002 0.000000 -32.553953 56.734743 -10.119247 0.000000 0.000000 0.000000 84.400226 -3.983943 4.274903 -15.099859 24.285033 -3.266903 0.000002 -0.000001 -12.000676 -11.272401 16.519798 -3.243938 7.125020 -0.000002 0.000000 10.994275 -13.374957 8.310340
9.565773 17.735270 -14.073589 -4.935668 -35.573122 2.605206 0.000000 0.000000 0.000000 -17.682150 -3.056850 -5.999285 3.349480 11.240381 33.094918 1.837536 4.104185 -27.348010 0.003674 0.391442 1.075558 0.000000 0.000000 0.000000 15.507922 10.658789 -9.099727 -3.348253 -11.231266 33.108410 -1.000163 -0.734053 -19.269840 -0.223458 -3.042878 8.398148 -1.749218 -0.330362 1.184595 3.615322 -0.440512 -0.701972 4.722132 -0.193207 -1.344662 -19.561198 -9.820850 -9.712697 13.162581 -13.637916 23.176745 6.142627 -6.764084 11.437455 0.000000 0.000000 0.000000 -88.260867 0.640662 25.234817 12.670724 -20.802856 -2.335042 -0.000001 0.000002 16.321151 1.240034 29.848536 0.600082 -7.125020 0.000002 0.000000 -32.404108 56.716940 -10.053891 0.000000 0.000000 0.000000 84.478410 -3.926988 4.300898 -15.080025 24.257469 -3.258750 0.000002 -0.000001 -11.991629 -11.313237 16.457355 -3.244286 7.125020 -0.000002 0.000000 10.967860 -13.433885 8.275347
9.565491 17.735047 -14.072424 -5.005916 -35.544992 2.624261 0.000000 0.000000 0.000000 -17.617506 -3.067725 -5.984545 3.353299 11.246126 33.114509 1.837671 4.097921 -27.345885 0.003424 0.377856 1.038224 0.000000 0.000000 0.000000 15.569609 10.610778 -9.067115 -3.341887 -11.220628 33.078592 -0.995609 -0.707583 -19.244694 -0.226051 -3.060359 8.446838 -1.703427 -0.306734 1.188798 3.636965 -0.408267 -0.691666 4.717901 -0.177702 -1.339622 -19.609135 -9.854518 -9.774400 13.155432 -13.662426 23.184139 6.140745 -6.776766 11.461120 0.000000 0.000000 0.000000 -88.342677 0.721893 25.186008 12.703687 -20.851512 -2.346762 -0.000001 0.000002 16.395542 1.251816 29.966803 0.608290 -7.125020 0.000002 0.000000 -32.491020 56.818937 -10.167723 0.000000 0.000000 0.000000 84.565560 -3.859330 4.281468 -15.049716 24.215317 -3.246308 0.000002 -0.000001 -11.933684 -11.307051 16.448289 -3.240890 7.125020 -0.000002 0.000000 10.972147 -13.443373 8.276251
9.565141 17.735115 -14.072023 -5.092388 -35.514707 2.659602 0.000000 0.000000 0.000000 -17.529504 -3.068867 -5.991766 3.358925 11.254581 33.143343 1.839317 4.063124 -27.340172 0.003310 0.371529 1.020837 0.000000 0.000000 0.000000 15.647777 10.574239 -9.038392 -3.334687 -11.208257 33.045723 -0.989410 -0.691515 -19.222739 -0.227700 -3.071431 8.477680 -1.655384 -0.288115 1.205572 3.666447 -0.382371 -0.693647 4.720926 -0.164892 -1.353670 -19.645065 -9.881898 -9.846056 13.137336 -13.676666 23.203241 6.134468 -6.784592 11.487251 0.000000 0.000000 0.000000 -88.422365 0.812216 25.157089 12.743704 -20.910533 -2.361025 -0.000001 0.000002 16.343283 1.243560 30.136986 0.608806 -7.125020 0.000002 0.000000 -32.640308 56.961117 -10.335536 0.000000 0.000000 0.000000 84.649045 -3.802612 4.257362 -15.020413 24.174534 -3.234298 0.000002 -0.000001 -11.845070 -11.239256 16.502129 -3.231138 7.125020 -0.000002 0.000000 11.016614 -13.395091 8.322673
9.564658 17.735350 -14.072133 -5.180986 -35.484512 2.703607 0.000000 0.000000 0.000000 -17.434008 -3.057655 -6.016961 3.365811 11.264917 33.178611 1.842300 4.006326 -27.332944 0.003324 0.372299 1.022952 0.000000 0.000000 0.000000 15.729533 10.545376 -9.015984 -3.327330 -11.195679 33.011880 -0.982790 -0.687649 -19.201746 -0.226668 -3.064506 8.458388 -1.616974 -0.273981 1.231375 3.701606 -0.362273 -0.709447 4.735687 -0.154369 -1.386383 -19.671353 -9.902898 -9.906214 13.107117 -13.683516 23.228280 6.123854 -6.790084 11.510069 0.000000 0.000000 0.000000 -88.496626 0.915901 25.153642 12.753923 -20.925594 -2.364674 -0.000001 0.000002 16.346561 1.363680 30.167515 0.671018 -7.125020 0.000002 0.000000 -32.549838 57.012389 -10.342304 0.000000 0.000000 0.000000 84.720685 -3.778142 4.264316 -15.003646 24.151183 -3.227435 0.000002 -0.000001 -11.747877 -11.105659 16.611280 -3.211935 7.125020 -0.000002 0.000000 11.103948 -13.297008 8.415233
9.563967 17.735573 -14.072314 -5.258952 -35.455380 2.745923 0.000000 0.000000 0.000000 -17.347920 -3.039525 -6.047845 3.373064 11.275788 33.215722 1.846138 3.942677 -27.328326 0.003486 0.381255 1.047566 0.000000 0.000000 0.000000 15.803471 10.519328 -8.998246 -3.320558 -11.184537 32.979474 -0.977598 -0.694713 -19.183115 -0.223572 -3.043646 8.400286 -1.591148 -0.261981 1.258074 3.736008 -0.344972 -0.736055 4.756960 -0.144772 -1.430389 -19.693758 -9.917003 -9.924683 13.069345 -13.686535 23.243005 6.111678 -6.796033 11.518992 0.000000 0.000000 0.000000 -88.555105 1.025004 25.185082 12.716083 -20.869800 -2.351177 -0.000001 0.000002 16.490512 1.657182 29.969844 0.814593 -7.125020 0.000002 0.000000 -32.102290 56.907376 -10.093433 0.000000 0.000000 0.000000 84.781904 -3.795321 4.310740 -15.003001 24.150286 -3.227171 0.000002 -0.000002 -11.642996 -10.912751 16.765449 -3.182590 7.125020 -0.000002 0.000000 11.229729 -13.158981 8.548699
9.563051 17.735653 -14.072301 -5.320367 -35.425805 2.778273 0.000000 0.000000 0.000000 -17.281927 -3.029248 -6.069124 3.379793 11.285859 33.250117 1.850226 3.890645 -27.331075 0.003810 0.398577 1.095167 0.000000 0.000000 0.000000 15.864888 10.494169 -8.980460 -3.314864 -11.175784 32.950496 -0.975137 -0.710854 -19.171437 -0.220817 -3.024955 8.348232 -1.573020 -0.248413 1.279938 3.763634 -0.325560 -0.769327 4.775460 -0.133875 -1.478724 -19.726487 -9.922926 -9.870662 13.039776 -13.689054 23.226305 6.106399 -6.804732 11.503085 0.000000 0.000000 0.000000 -88.589118 1.126653 25.252726 12.644223 -20.763708 -2.325639 -0.000001 0.000002 16.725963 2.009220 29.622677 0.982413 -7.125020 0.000002 0.000000 -31.477550 56.687701 -9.692933 0.000000 0.000000 0.000000 84.839813 -3.849615 4.366780 -15.010892 24.161277 -3.230400 0.000002 -0.000002 -11.489842 -10.669466 16.966490 -3.145306 7.125020 -0.000002 0.000000 11.387839 -12.978627 8.719453
9.561967 17.735585 -14.072175 -5.366071 -35.392776 2.797665 0.000000 0.000000 0.000000 -17.237211 -3.039128 -6.072428 3.385440 11.294301 33.278964 1.853855 3.861375 -27.341679 0.004231 0.420048 1.154173 0.000000 0.000000 0.000000 15.914786 10.469877 -8.959414 -3.310392 -11.169490 32.926114 -0.975430 -0.733211 -19.169176 -0.220556 -3.023177 8.343283 -1.557165 -0.229818 1.297916 3.783556 -0.299348 -0.808000 4.787001 -0.119414 -1.531109 -19.789512 -9.919614 -9.723672 13.038478 -13.693335 23.161609 6.119031 -6.817669 11.455852 0.000000 0.000000 0.000000 -88.602037 1.214399 25.340566 12.571473 -20.656119 -2.299912 -0.000001 0.000002 16.938865 2.241464 29.292289 1.090085 -7.125020 0.000002 0.000000 -30.986027 56.456669 -9.336039 0.000000 0.000000 0.000000 84.898500 -3.930118 4.382048 -15.013961 24.165551 -3.231656 0.000002 -0.000002 -11.223270 -10.389546 17.222976 -3.105024 7.125020 -0.000002 0.000000 11.569128 -12.746532 8.922886
9.560772 17.735470 -14.072256 -5.401644 -35.353770 2.807267 0.000000 0.000000 0.000000 -17.205453 -3.066942 -6.061772 3.389862 11.300905 33.301536 1.856402 3.850508 -27.353779 0.004622 0.438996 1.206245 0.000000 0.000000 0.000000 15.957891 10.446519 -8.936155 -3.307088 -11.165291 32.906848 -0.977544 -0.759600 -19.174605 -0.222977 -3.039617 8.389066 -1.541262 -0.205373 1.316743 3.799609 -0.265148 -0.852793 4.794297 -0.100743 -1.591056 -19.892372 -9.907515 -9.488672 13.074313 -13.699485 23.046141 6.154312 -6.834577 11.378863 0.000000 0.000000 0.000000 -88.607859 1.289747 25.421556 12.524385 -20.586383 -2.283328 -0.000001 0.000002 17.033829 2.254933 29.107794 1.093951 -7.125020 0.000002 0.000000 -30.824304 56.304292 -9.158065 0.000000 0.000000 0.000000 84.956922 -4.024370 4.324660 -15.002928 24.150185 -3.227140 0.000002 -0.000002 -10.809764 -10.103895 17.526689 -3.069226 7.125020 -0.000002 0.000000 11.753583 -12.468550 9.141451
9.559477 17.735426 -14.072866 -5.432778 -35.307784 2.812191 0.000000 0.000000 0.000000 -17.175585 -3.099389 -6.047521 3.393170 11.305840 33.318412 1.857643 3.843241 -27.358764 0.004860 0.450176 1.236969 0.000000 0.000000 0.000000 15.999013 10.423495 -8.913822 -3.304886 -11.162846 32.893039 -0.980285 -0.790329 -19.184081 -0.226180 -3.061227 8.449257 -1.525726 -0.178497 1.339116 3.814658 -0.227601 -0.900253 4.800708 -0.080270 -1.656072 -20.019144 -9.889766 -9.206210 13.138519 -13.706396 22.893782 6.205273 -6.852780 11.283154 0.000000 0.000000 0.000000 -88.621061 1.357261 25.464336 12.511464 -20.567235 -2.278787 -0.000001 0.000002 16.980151 2.083692 29.103664 1.012385 -7.125020 0.000002 0.000000 -30.983844 56.267633 -9.181163 0.000000 0.000000 0.000000 85.016333 -4.112869 4.204391 -14.977358 24.114556 -3.216687 0.000002 -0.000002 -10.286831 -9.860041 17.839269 -3.046031 7.125020 -0.000002 0.000000 11.910678 -12.178908 9.341568
9.558082 17.735485 -14.074102 -5.458230 -35.255380 2.812317 0.000000 0.000000 0.000000 -17.144818 -3.125004 -6.035863 3.395526 11.309354 33.330426 1.857868 3.827350 -27.352729 0.004883 0.451225 1.239852 0.000000 0.000000 0.000000 16.036631 10.398668 -8.894011 -3.303799 -11.162023 32.885176 -0.982775 -0.825646 -19.194742 -0.227682 -3.071313 8.477352 -1.515338 -0.156456 1.363084 3.825827 -0.196832 -0.938370 4.806124 -0.063434 -1.711721 -20.132584 -9.872315 -8.945699 13.213678 -13.713775 22.730163 6.257163 -6.867874 11.187449 0.000000 0.000000 0.000000 -88.650503 1.421685 25.431332 12.531649 -20.597147 -2.285883 -0.000001 0.000002 16.815779 1.833162 29.248905 0.895267 -7.125020 0.000002 0.000000 -31.338760 56.341594 -9.358907 0.000000 0.000000 0.000000 85.085675 -4.163195 4.061287 -14.941945 24.065170 -3.202232 0.000002 -0.000002 -9.740435 -9.699341 18.107909 -3.040191 7.125020 -0.000002 0.000000 12.013928 -11.926361 9.488980
9.556636 17.735566 -14.075797 -5.470225 -35.199213 2.802342 0.000000 0.000000 0.000000 -17.119980 -3.139042 -6.026675 3.396978 11.311519 33.337833 1.857552 3.799232 -27.337193 0.004705 0.442940 1.217084 0.000000 0.000000 0.000000 16.062827 10.370057 -8.876453 -3.303946 -11.162940 32.884044 -0.984786 -0.862980 -19.206001 -0.226221 -3.061507 8.450036 -1.518521 -0.146793 1.383524 3.826889 -0.183536 -0.951522 4.808959 -0.056073 -1.738006 -20.194335 -9.862175 -8.778197 13.282973 -13.722537 22.583453 6.295048 -6.875832 11.111860 0.000000 0.000000 0.000000 -88.699393 1.487418 25.288515 12.583517 -20.673944 -2.304162 -0.000001 0.000002 16.619982 1.591828 29.496202 0.783695 -7.125020 0.000002 0.000000 -31.768681 56.503166 -9.634818 0.000000 0.000000 0.000000 85.175437 -4.142106 3.943975 -14.902757 24.010466 -3.186269 0.000002 -0.000002 -9.257562 -9.630708 18.292814 -3.048931 7.125020 -0.000002 0.000000 12.057726 -11.749270 9.569071
9.555212 17.735578 -14.077660 -5.463099 -35.143710 2.780236 0.000000 0.000000 0.000000 -17.107870 -3.139988 -6.019926 3.397381 11.312119 33.339886 1.856827 3.760827 -27.313994 0.004411 0.428871 1.178419 0.000000 0.000000 0.000000 16.071034 10.338923 -8.862625 -3.305548 -11.165956 32.890721 -0.986712 -0.898050 -19.219687 -0.222340 -3.035307 8.377061 -1.541058 -0.151851 1.395016 3.814845 -0.191174 -0.932708 4.809368 -0.060148 -1.724328 -20.184830 -9.865049 -8.740354 13.329454 -13.734319 22.473988 6.307962 -6.875956 11.068476 0.000000 0.000000 0.000000 -88.766087 1.557972 25.032894 12.664079 -20.793041 -2.332683 -0.000001 0.000002 16.465788 1.394765 29.807053 0.693595 -7.125020 0.000002 0.000000 -32.211593 56.726113 -9.969190 0.000000 0.000000 0.000000 85.286986 -4.042001 3.897284 -14.868897 23.963154 -3.172504 0.000002 -0.000002 -8.906816 -9.626431 18.379376 -3.061745 7.125020 -0.000002 0.000000 12.060081 -11.664134 9.592298
9.553838 17.735518 -14.079417 -5.435343 -35.092496 2.750513 0.000000 0.000000 0.000000 -17.112271 -3.129925 -6.018668 3.396485 11.310784 33.335319 1.855344 3.717560 -27.283360 0.004097 0.413285 1.135584 0.000000 0.000000 0.000000 16.057936 10.307876 -8.858577 -3.308836 -11.171517 32.906124 -0.989385 -0.925713 -19.238905 -0.217842 -3.004642 8.291674 -1.583705 -0.166468 1.393397 3.791852 -0.212640 -0.890389 4.809888 -0.071852 -1.677727 -20.112658 -9.884026 -8.816219 13.338401 -13.752095 22.406726 6.291757 -6.872401 11.056133 0.000000 0.000000 0.000000 -88.844110 1.634674 24.707425 12.764115 -20.940615 -2.368315 -0.000001 0.000002 16.380222 1.239534 30.156297 0.623259 -7.125020 0.000002 0.000000 -32.651437 56.988237 -10.340233 0.000000 0.000000 0.000000 85.411022 -3.891430 3.950954 -14.852649 23.940438 -3.165908 0.000002 -0.000001 -8.739290 -9.642990 18.372632 -3.065809 7.125020 -0.000002 0.000000 12.049233 -11.669441 9.582222
9.552486 17.735476 -14.080850 -5.383849 -35.046074 2.717894 0.000000 0.000000 0.000000 -17.139348 -3.117068 -6.025085 3.394184 11.307352 33.323582 1.852746 3.677739 -27.246823 0.003829 0.399517 1.097749 0.000000 0.000000 0.000000 16.018493 10.276016 -8.872133 -3.313838 -11.179754 32.930146 -0.993660 -0.939053 -19.266206 -0.215010 -2.985170 8.237464 -1.646104 -0.181958 1.375855 3.761386 -0.235845 -0.842012 4.813741 -0.084588 -1.615730 -20.008934 -9.919278 -8.956940 13.308913 -13.779883 22.373956 6.252046 -6.871724 11.065719 0.000000 0.000000 0.000000 -88.923637 1.715369 24.380441 12.868881 -21.094793 -2.405890 -0.000001 0.000002 16.339731 1.111642 30.527006 0.565282 -7.125020 0.000002 0.000000 -33.089586 57.272076 -10.735290 0.000000 0.000000 0.000000 85.535672 -3.734705 4.110154 -14.863553 23.955683 -3.170334 0.000002 -0.000001 -8.783973 -9.644590 18.288723 -3.052378 7.125020 -0.000002 0.000000 12.048443 -11.752110 9.561212
9.551142 17.735551 -14.081847 -5.305634 -35.002119 2.683323 0.000000 0.000000 0.000000 -17.194426 -3.111001 -6.038101 3.390715 11.302177 33.305886 1.849237 3.646033 -27.207910 0.003678 0.391559 1.075880 0.000000 0.000000 0.000000 15.948642 10.239799 -8.906410 -3.320157 -11.189965 32.960959 -0.999535 -0.932562 -19.301434 -0.215682 -2.989802 8.250359 -1.727159 -0.192377 1.342538 3.726024 -0.252417 -0.802148 4.822877 -0.093690 -1.554220 -19.908850 -9.968025 -9.120448 13.257159 -13.819533 22.367217 6.201838 -6.878032 11.090468 0.000000 0.000000 0.000000 -88.995631 1.795078 24.107976 12.964100 -21.234587 -2.440269 -0.000001 0.000002 16.294818 0.990517 30.905843 0.509091 -7.125020 0.000002 0.000000 -33.535385 57.562013 -11.145676 0.000000 0.000000 0.000000 85.653070 -3.602937 4.356410 -14.901743 24.009051 -3.185857 0.000002 -0.000001 -9.035812 -9.605371 18.157109 -3.018111 7.125020 -0.000002 0.000000 12.074486 -11.885053 9.549782
9.549852 17.735781 -14.082531 -5.208711 -34.957120 2.648623 0.000000 0.000000 0.000000 -17.269631 -3.115656 -6.055832 3.386666 11.296131 33.285219 1.845567 3.617226 -27.169204 0.003732 0.394465 1.083864 0.000000 0.000000 0.000000 15.856771 10.199325 -8.956216 -3.326954 -11.200564 32.995092 -1.005523 -0.910457 -19.340605 -0.219948 -3.019034 8.331746 -1.819195 -0.196839 1.300025 3.689558 -0.260806 -0.777598 4.836939 -0.098170 -1.504057 -19.835111 -10.025115 -9.288788 13.204202 -13.868368 22.383429 6.154058 -6.890914 11.128790 0.000000 0.000000 0.000000 -89.055704 1.868982 23.913626 13.040680 -21.346788 -2.468076 -0.000001 0.000002 16.198973 0.846120 31.283822 0.439051 -7.125020 0.000002 0.000000 -34.010177 57.844071 -11.568404 0.000000 0.000000 0.000000 85.759386 -3.504213 4.652499 -14.956660 24.085697 -3.208235 0.000002 -0.000001 -9.444161 -9.495010 18.029900 -2.962027 7.125020 -0.000002 0.000000 12.146800 -12.019148 9.576288
9.548686 17.736133 -14.083213 -5.115011 -34.907076 2.620273 0.000000 0.000000 0.000000 -17.341612 -3.129515 -6.077071 3.382760 11.290296 33.265279 1.842409 3.581221 -27.130533 0.003996 0.408171 1.121532 0.000000 0.000000 0.000000 15.766488 10.160095 -9.010325 -3.333271 -11.209768 33.028509 -1.009336 -0.888951 -19.377923 -0.225704 -3.058024 8.440332 -1.906046 -0.197470 1.261306 3.657950 -0.263506 -0.769715 4.853120 -0.099260 -1.473731 -19.794302 -10.084311 -9.452822 13.163441 -13.920874 22.418012 6.116218 -6.907599 11.177709 0.000000 0.000000 0.000000 -89.103516 1.934396 23.796515 13.093903 -21.424645 -2.487483 -0.000001 0.000002 16.026528 0.651459 31.652923 0.340859 -7.125020 0.000002 0.000000 -34.532405 58.105781 -12.000437 0.000000 0.000000 0.000000 85.852358 -3.434033 4.949957 -15.012328 24.163280 -3.230987 0.000002 -0.000000 -9.912900 -9.288278 17.967969 -2.886111 7.125020 -0.000002 0.000000 12.281259 -12.096286 9.668602
9.547658 17.736522 -14.084117 -5.044774 -34.847724 2.602880 0.000000 0.000000 0.000000 -17.388634 -3.149222 -6.099261 3.379512 11.285438 33.248682 1.839829 3.532331 -27.089727 0.004315 0.424146 1.165432 0.000000 0.000000 0.000000 15.700053 10.126240 -9.056977 -3.338465 -11.216481 33.058265 -1.009479 -0.884140 -19.409424 -0.230462 -3.089872 8.529058 -1.973386 -0.197106 1.239227 3.635584 -0.264147 -0.776492 4.868021 -0.098850 -1.468076 -19.782593 -10.139007 -9.594988 13.139248 -13.971068 22.457233 6.090868 -6.925283 11.227452 0.000000 0.000000 0.000000 -89.139359 1.989232 23.747790 13.120170 -21.463034 -2.497086 -0.000001 0.000002 15.778312 0.404392 31.996241 0.213023 -7.125020 0.000002 0.000000 -35.087612 58.332918 -12.423475 0.000000 0.000000 0.000000 85.929742 -3.388229 5.207778 -15.055920 24.223952 -3.248852 0.000002 -0.000000 -10.327914 -9.009344 17.996074 -2.801791 7.125020 -0.000002 0.000000 12.461870 -12.090294 9.820280
9.546698 17.736836 -14.085187 -4.998726 -34.776093 2.591129 0.000000 0.000000 0.000000 -17.408747 -3.170190 -6.117902 3.376914 11.281551 33.235405 1.837430 3.470519 -27.044172 0.004508 0.433561 1.191308 0.000000 0.000000 0.000000 15.659532 10.094845 -9.089091 -3.342463 -11.220727 33.083655 -1.006193 -0.898416 -19.434349 -0.233673 -3.111181 8.588437 -2.021749 -0.198357 1.239180 3.621905 -0.266405 -0.793514 4.881479 -0.098858 -1.485219 -19.794211 -10.182364 -9.692739 13.133312 -14.012788 22.482984 6.079331 -6.941313 11.265219 0.000000 0.000000 0.000000 -89.164763 2.031885 23.752198 13.117392 -21.458975 -2.496070 -0.000001 0.000002 15.484391 0.127767 32.287568 0.067425 -7.125020 0.000002 0.000000 -35.627406 58.509453 -12.802341 0.000000 0.000000 0.000000 85.988876 -3.367295 5.414263 -15.084123 24.263169 -3.260433 0.000002 -0.000000 -10.611491 -8.744097 18.080379 -2.730547 7.125020 -0.000002 0.000000 12.633186 -12.028000 9.978584
9.545705 17.736987 -14.086154 -4.960879 -34.693461 2.573491 0.000000 0.000000 0.000000 -17.417584 -3.187604 -6.128776 3.374460 11.277878 33.222862 1.834917 3.398963 -26.993501 0.004544 0.435260 1.195976 0.000000 0.000000 0.000000 15.629320 10.059813 -9.105955 -3.345677 -11.223476 33.105866 -1.001121 -0.922551 -19.454108 -0.236454 -3.129516 8.639540 -2.065105 -0.202638 1.258262 3.613519 -0.272558 -0.816461 4.897915 -0.100452 -1.518821 -19.825777 -10.209054 -9.734036 13.146984 -14.040535 22.485720 6.082868 -6.953212 11.283805 0.000000 0.000000 0.000000 -89.187004 2.065791 23.777451 13.089253 -21.417849 -2.485785 -0.000001 0.000002 15.204334 -0.152661 32.506045 -0.081972 -7.125020 0.000002 0.000000 -36.104611 58.624728 -13.105482 0.000000 0.000000 0.000000 86.027837 -3.373438 5.587710 -15.102722 24.289015 -3.268080 0.000002 -0.000000 -10.759200 -8.581545 18.162473 -2.691523 7.125020 -0.000002 0.000000 12.738056 -11.960016 10.082965
9.544606 17.736917 -14.086736 -4.916178 -34.606923 2.542005 0.000000 0.000000 0.000000 -17.432209 -3.199591 -6.128482 3.371535 11.273496 33.207898 1.832455 3.325364 -26.942596 0.004470 0.431702 1.186198 0.000000 0.000000 0.000000 15.594307 10.018760 -9.109928 -3.348641 -11.226046 33.126235 -0.996478 -0.947721 -19.471354 -0.239300 -3.148162 8.691516 -2.116668 -0.208975 1.289630 3.607672 -0.281621 -0.842318 4.921885 -0.103158 -1.562004 -19.871450 -10.218836 -9.726557 13.176011 -14.052979 22.470035 6.098964 -6.959999 11.285340 0.000000 0.000000 0.000000 -89.218149 2.099853 23.774412 13.046797 -21.355743 -2.470302 -0.000001 0.000002 15.008822 -0.424812 32.650884 -0.228162 -7.125020 0.000002 0.000000 -36.504447 58.681440 -13.326396 0.000000 0.000000 0.000000 86.049519 -3.402962 5.748080 -15.119189 24.311887 -3.274857 0.000002 -0.000000 -10.817227 -8.552174 18.203443 -2.688724 7.125020 -0.000002 0.000000 12.757070 -11.922159 10.107938
9.543381 17.736600 -14.086761 -4.862048 -34.526067 2.496688 0.000000 0.000000 0.000000 -17.459242 -3.206864 -6.114257 3.367839 11.267956 33.188987 1.830442 3.261172 -26.899431 0.004229 0.419914 1.153804 0.000000 0.000000 0.000000 15.551690 9.973046 -9.102642 -3.351591 -11.229331 33.144516 -0.994263 -0.970994 -19.489172 -0.241092 -3.159847 8.724092 -2.177451 -0.214339 1.325794 3.602149 -0.289640 -0.867472 4.951458 -0.105178 -1.607239 -19.917191 -10.218335 -9.693874 13.208812 -14.056089 22.448234 6.119146 -6.963350 11.278084 0.000000 0.000000 0.000000 -89.266423 2.140271 23.696794 13.003903 -21.292932 -2.454704 -0.000001 0.000002 14.942506 -0.690202 32.744480 -0.371586 -7.125020 0.000002 0.000000 -36.848631 58.697761 -13.488882 0.000000 0.000000 0.000000 86.065433 -3.440367 5.888633 -15.135355 24.334332 -3.281515 0.000002 -0.000000 -10.829761 -8.624278 18.194690 -2.710854 7.125020 -0.000002 0.000000 12.710808 -11.925285 10.067857
9.542058 17.736063 -14.086181 -4.806854 -34.456359 2.443578 0.000000 0.000000 0.000000 -17.493858 -3.210218 -6.085273 3.363518 11.261475 33.166868 1.829076 3.214382 -26.868844 0.003707 0.393149 1.080248 0.000000 0.000000 0.000000 15.508852 9.922009 -9.085144 -3.354288 -11.233261 33.158689 -0.995445 -0.991270 -19.509003 -0.240351 -3.155019 8.710632 -2.236244 -0.216077 1.359805 3.594212 -0.292936 -0.887118 4.977184 -0.105046 -1.646087 -19.946194 -10.217699 -9.663778 13.233895 -14.060571 22.432415 6.133470 -6.966643 11.271749 0.000000 0.000000 0.000000 -89.330268 2.185507 23.525163 12.971635 -21.245639 -2.442998 -0.000001 0.000002 14.994644 -0.958470 32.828841 -0.517628 -7.125020 0.000002 0.000000 -37.186916 58.705436 -13.642511 0.000000 0.000000 0.000000 86.090802 -3.465705 5.986019 -15.148538 24.352627 -3.286949 0.000002 -0.000000 -10.817947 -8.736517 18.148167 -2.740050 7.125020 -0.000002 0.000000 12.638877 -11.962417 9.997609
9.540711 17.735394 -14.085009 -4.760434 -34.396250 2.389588 0.000000 0.000000 0.000000 -17.527640 -3.212435 -6.042590 3.358987 11.254672 33.143657 1.828540 3.182715 -26.850900 0.003037 0.355852 0.977757 0.000000 0.000000 0.000000 15.473762 9.860469 -9.059512 -3.356219 -11.236970 33.166386 -0.999639 -1.005418 -19.529509 -0.236530 -3.130020 8.640942 -2.279737 -0.214222 1.387008 3.581710 -0.291328 -0.898022 4.989156 -0.103020 -1.672667 -19.950683 -10.224307 -9.656874 13.246868 -14.074309 22.431580 6.136920 -6.972368 11.274286 0.000000 0.000000 0.000000 -89.401301 2.231712 23.277547 12.956503 -21.223449 -2.437518 -0.000001 0.000002 15.099467 -1.244940 32.959301 -0.675571 -7.125020 0.000002 0.000000 -37.588558 58.745141 -13.855126 0.000000 0.000000 0.000000 86.132216 -3.471225 6.040846 -15.159347 24.367622 -3.291408 0.000002 -0.000000 -10.801008 -8.831486 18.083740 -2.760918 7.125020 -0.000002 0.000000 12.578289 -12.018487 9.931966
9.539422 17.734700 -14.083313 -4.726344 -34.341389 2.339209 0.000000 0.000000 0.000000 -17.556664 -3.221323 -5.988646 3.354685 11.248207 33.121608 1.829395 3.155411 -26.844532 0.002619 0.330456 0.907967 0.000000 0.000000 0.000000 15.448466 9.785650 -9.029009 -3.356984 -11.239513 33.166500 -1.005695 -1.011335 -19.549134 -0.230111 -3.087544 8.522571 -2.302929 -0.210978 1.406192 3.564491 -0.287619 -0.900777 4.984432 -0.100583 -1.686635 -19.935316 -10.239361 -9.680134 13.250402 -14.097812 22.449059 6.130983 -6.980618 11.289049 0.000000 0.000000 0.000000 -89.470076 2.278828 23.001036 12.961373 -21.230591 -2.439281 -0.000001 0.000002 15.166162 -1.566022 33.188741 -0.856072 -7.125020 0.000002 0.000000 -38.123049 58.854677 -14.194424 0.000000 0.000000 0.000000 86.182942 -3.466218 6.092209 -15.174590 24.388763 -3.297699 0.000002 -0.000001 -10.811285 -8.879210 18.018463 -2.766518 7.125020 -0.000002 0.000000 12.548325 -12.079037 9.890705
9.538265 17.734072 -14.081306 -4.702767 -34.289889 2.296360 0.000000 0.000000 0.000000 -17.581453 -3.247522 -5.928680 3.350943 11.242581 33.102424 1.832145 3.123920 -26.849344 0.002748 0.338510 0.930099 0.000000 0.000000 0.000000 15.430810 9.704637 -8.998154 -3.356487 -11.240341 33.159656 -1.012388 -1.011331 -19.568572 -0.222410 -3.035783 8.378387 -2.309480 -0.207980 1.418311 3.544115 -0.283977 -0.899182 4.966828 -0.098633 -1.692201 -19.909826 -10.259643 -9.725436 13.250085 -14.126865 22.478526 6.120330 -6.990055 11.312543 0.000000 0.000000 0.000000 -89.529000 2.329183 22.749137 12.986294 -21.267129 -2.448313 -0.000001 0.000002 15.119338 -1.929556 33.545161 -1.065485 -7.125020 0.000002 0.000000 -38.829884 59.053020 -14.700822 0.000000 0.000000 0.000000 86.231473 -3.465021 6.184305 -15.200940 24.425288 -3.308588 0.000002 -0.000001 -10.876431 -8.886152 17.961574 -2.760370 7.125020 -0.000002 0.000000 12.544695 -12.134475 9.872743
9.537296 17.733576 -14.079299 -4.688183 -34.241672 2.266392 0.000000 0.000000 0.000000 -17.601573 -3.297045 -5.871147 3.347995 11.238145 33.087300 1.836417 3.089543 -26.863335 0.003378 0.375311 1.031227 0.000000 0.000000 0.000000 15.419090 9.628863 -8.972653 -3.354813 -11.239171 33.147406 -1.018526 -1.008015 -19.588562 -0.215310 -2.987242 8.243234 -2.304622 -0.204791 1.425552 3.523298 -0.279802 -0.898993 4.942220 -0.096564 -1.696567 -19.882112 -10.281026 -9.771706 13.249285 -14.157255 22.505006 6.108773 -6.999858 11.335126 0.000000 0.000000 0.000000 -89.574211 2.383949 22.558562 13.028425 -21.328850 -2.463616 -0.000001 0.000002 14.925204 -2.327263 34.017774 -1.300976 -7.125020 0.000002 0.000000 -39.696967 59.331209 -15.368334 0.000000 0.000000 0.000000 86.270094 -3.476641 6.328071 -15.237860 24.476422 -3.323870 0.000002 -0.000001 -10.996485 -8.883731 17.915583 -2.752823 7.125020 -0.000002 0.000000 12.546964 -12.179913 9.862414
9.536544 17.733196 -14.077444 -4.684394 -34.194601 2.253597 0.000000 0.000000 0.000000 -17.612427 -3.363738 -5.824278 3.346018 11.235168 33.077155 1.841052 3.057864 -26.881025 0.004042 0.410548 1.128063 0.000000 0.000000 0.000000 15.414078 9.561851 -8.956671 -3.352050 -11.235810 33.131075 -1.023133 -0.999002 -19.607128 -0.210577 -2.954433 8.151916 -2.290258 -0.200080 1.433324 3.506500 -0.273211 -0.908247 4.916416 -0.093043 -1.711244 -19.859683 -10.299760 -9.789577 13.246399 -14.185716 22.513368 6.098282 -7.010450 11.345211 0.000000 0.000000 0.000000 -89.607645 2.444616 22.441149 13.079775 -21.403991 -2.482325 -0.000001 0.000002 14.596632 -2.729479 34.555039 -1.546542 -7.125020 0.000002 0.000000 -40.649590 59.653160 -16.135815 0.000000 0.000000 0.000000 86.293225 -3.508958 6.498454 -15.277886 24.531799 -3.340471 0.000002 -0.000001 -11.143813 -8.900378 17.880491 -2.752841 7.125020 -0.000002 0.000000 12.536651 -12.213176 9.845001
9.535996 17.732808 -14.075605 -4.695140 -34.143466 2.257689 0.000000 0.000000 0.000000 -17.607203 -3.431440 -5.791326 3.345094 11.233778 33.072414 1.844997 3.029013 -26.895246 0.004118 0.414349 1.138508 0.000000 0.000000 0.000000 15.418519 9.496226 -8.949737 -3.348348 -11.230440 33.111541 -1.026048 -0.979769 -19.620988 -0.209267 -2.945284 8.126457 -2.265286 -0.193528 1.452026 3.499844 -0.263581 -0.937982 4.895355 -0.087246 -1.753526 -19.855949 -10.311056 -9.746598 13.239118 -14.207934 22.497072 6.092048 -7.022647 11.334107 0.000000 0.000000 0.000000 -89.636450 2.517755 22.392124 13.122920 -21.467053 -2.498092 -0.000001 0.000002 14.192477 -3.068173 35.062235 -1.761939 -7.125020 0.000002 0.000000 -41.524929 59.959727 -16.871431 0.000000 0.000000 0.000000 86.292179 -3.579401 6.664775 -15.314051 24.581783 -3.355500 0.000002 -0.000001 -11.289383 -8.941033 17.854711 -2.761735 7.125020 -0.000002 0.000000 12.510568 -12.235447 9.817548
9.535624 17.732280 -14.073635 -4.721530 -34.081435 2.274284 0.000000 0.000000 0.000000 -17.582466 -3.488496 -5.770390 3.345135 11.233840 33.072625 1.847778 2.997062 -26.900098 0.003448 0.379132 1.041730 0.000000 0.000000 0.000000 15.434077 9.421315 -8.949142 -3.344114 -11.223926 33.090187 -1.027876 -0.951305 -19.628079 -0.211278 -2.959315 8.165503 -2.229155 -0.186165 1.493385 3.508247 -0.252072 -1.000357 4.884086 -0.079196 -1.842435 -19.891929 -10.308699 -9.614502 13.232307 -14.218713 22.460383 6.097564 -7.036847 11.299126 0.000000 0.000000 0.000000 -89.668397 2.615253 22.402959 13.128163 -21.474712 -2.500012 -0.000001 0.000002 13.826464 -3.207080 35.389485 -1.863782 -7.125020 0.000002 0.000000 -42.024479 60.168626 -17.342278 0.000000 0.000000 0.000000 86.256942 -3.714050 6.815465 -15.345728 24.625525 -3.368688 0.000002 -0.000001 -11.425655 -8.988466 17.834453 -2.773537 7.125020 -0.000002 0.000000 12.479977 -12.251771 9.788004
9.535414 17.731648 -14.071822 -4.757719 -34.002542 2.298777 0.000000 0.000000 0.000000 -17.542516 -3.539061 -5.760450 3.345909 11.235004 33.076595 1.849233 2.956136 -26.891816 0.002476 0.321287 0.882774 0.000000 0.000000 0.000000 15.457477 9.333714 -8.955823 -3.340043 -11.217617 33.069759 -1.029018 -0.924417 -19.628124 -0.214835 -2.983967 8.234116 -2.185820 -0.178535 1.561656 3.531409 -0.239330 -1.102346 4.884650 -0.068876 -1.987490 -19.987185 -10.288817 -9.382181 13.239367 -14.216474 22.413863 6.124224 -7.053475 11.244631 0.000000 0.000000 0.000000 -89.705684 2.745363 22.470570 13.056749 -21.370306 -2.473928 -0.000001 0.000002 13.675047 -2.948726 35.332281 -1.730327 -7.125020 0.000002 0.000000 -41.723629 60.172936 -17.220501 0.000000 0.000000 0.000000 86.184902 -3.928379 6.949072 -15.375762 24.666964 -3.381213 0.000002 -0.000001 -11.557365 -9.017707 17.818266 -2.780215 7.125020 -0.000002 0.000000 12.461147 -12.265485 9.768896
9.535346 17.731140 -14.070948 -4.792828 -33.905722 2.329122 0.000000 0.000000 0.000000 -17.496720 -3.595557 -5.766138 3.347180 11.236919 33.083122 1.849166 2.903915 -26.868015 0.001724 0.268105 0.736638 0.000000 0.000000 0.000000 15.481879 9.244377 -8.974210 -3.336882 -11.212759 33.053768 -1.029125 -0.917258 -19.623199 -0.216931 -2.998391 8.274270 -2.143368 -0.169049 1.646614 3.562310 -0.223459 -1.236439 4.894092 -0.055618 -2.175375 -20.141986 -10.254737 -9.070915 13.273458 -14.207003 22.365967 6.175505 -7.073097 11.180271 0.000000 0.000000 0.000000 -89.741209 2.898562 22.594331 12.877633 -21.107656 -2.409042 -0.000001 0.000002 13.927711 -2.150026 34.708103 -1.277794 -7.125020 0.000002 0.000000 -40.290288 59.864884 -16.245419 0.000000 0.000000 0.000000 86.087806 -4.204143 7.058049 -15.404906 24.707143 -3.393385 0.000002 -0.000001 -11.684290 -9.012758 17.809257 -2.777233 7.125020 -0.000002 0.000000 12.464444 -12.274749 9.769261
9.535330 17.730966 -14.071737 -4.819884 -33.796722 2.364953 0.000000 0.000000 0.000000 -17.450640 -3.660901 -5.793474 3.348832 11.239405 33.091595 1.847453 2.839701 -26.827596 0.001365 0.238567 0.655475 0.000000 0.000000 0.000000 15.504231 9.174097 -9.004649 -3.335051 -11.209878 33.044677 -1.027699 -0.944739 -19.618930 -0.215815 -2.990719 8.252912 -2.106987 -0.155978 1.725124 3.589827 -0.202710 -1.375382 4.903263 -0.039736 -2.365117 -20.324341 -10.217466 -8.740991 13.335694 -14.200648 22.318476 6.242401 -7.094754 11.117856 0.000000 0.000000 0.000000 -89.761352 3.039769 22.757208 12.596495 -20.693144 -2.308746 -0.000001 0.000002 14.650413 -0.894984 33.517658 -0.570474 -7.125020 0.000002 0.000000 -37.854839 59.210522 -14.510305 0.000000 0.000000 0.000000 85.989525 -4.485203 7.139516 -15.432644 24.745354 -3.404988 0.000002 -0.000001 -11.806703 -8.976877 17.806853 -2.765528 7.125020 -0.000002 0.000000 12.487751 -12.279872 9.787276
9.535201 17.731115 -14.074173 -4.842447 -33.683322 2.404692 0.000000 0.000000 0.000000 -17.400577 -3.722368 -5.840664 3.350783 11.242342 33.101607 1.844452 2.760494 -26.771854 0.001273 0.230441 0.633146 0.000000 0.000000 0.000000 15.529475 9.135995 -9.038744 -3.334407 -11.208507 33.042461 -1.024937 -1.005788 -19.623264 -0.213228 -2.972849 8.203171 -2.071620 -0.140977 1.771518 3.603829 -0.179912 -1.480338 4.898255 -0.024490 -2.501906 -20.480803 -10.191532 -8.474505 13.412216 -14.206602 22.270576 6.305851 -7.115454 11.069121 0.000000 0.000000 0.000000 -89.754280 3.119287 22.918328 12.267245 -20.204218 -2.193715 -0.000001 0.000002 15.687115 0.486515 32.031578 0.183812 -7.125020 0.000002 0.000000 -35.081679 58.327168 -12.513657 0.000000 0.000000 0.000000 85.915296 -4.701489 7.211082 -15.461323 24.784832 -3.417001 0.000002 -0.000000 -11.935611 -8.930696 17.797512 -2.749522 7.125020 -0.000002 0.000000 12.517831 -12.292611 9.808912
9.534821 17.731369 -14.077388 -4.868522 -33.568093 2.442713 0.000000 0.000000 0.000000 -17.340228 -3.762158 -5.895313 3.352764 11.245321 33.111767 1.841042 2.660670 -26.704664 0.001224 0.225977 0.620882 0.000000 0.000000 0.000000 15.563563 9.120297 -9.064369 -3.334400 -11.207632 33.044777 -1.021811 -1.081872 -19.641518 -0.212771 -2.969689 8.194375 -2.025382 -0.128695 1.769615 3.598528 -0.161629 -1.519881 4.866072 -0.014747 -2.543540 -20.567185 -10.189661 -8.336543 13.483906 -14.231218 22.223557 6.347461 -7.133023 11.043098 0.000000 0.000000 0.000000 -89.716287 3.098072 23.037698 11.963534 -19.749929 -2.089953 -0.000001 0.000002 16.739930 1.615722 30.657117 0.775753 -7.125020 0.000002 0.000000 -32.747317 57.452974 -10.819702 0.000000 0.000000 0.000000 85.881768 -4.800888 7.288049 -15.492588 24.827833 -3.430118 0.000002 -0.000000 -12.070357 -8.896943 17.762490 -2.733538 7.125020 -0.000002 0.000000 12.540172 -12.329676 9.817741
9.534165 17.731469 -14.080198 -4.896086 -33.448342 2.468131 0.000000 0.000000 0.000000 -17.274647 -3.771294 -5.940869 3.354192 11.247468 33.119086 1.838108 2.537671 -26.631369 0.001070 0.211253 0.580424 0.000000 0.000000 0.000000 15.600865 9.099298 -9.074168 -3.334516 -11.206615 33.048626 -1.019526 -1.149625 -19.671897 -0.215916 -2.991415 8.254851 -1.964345 -0.122679 1.718693 3.572354 -0.152775 -1.484945 4.802932 -0.013321 -2.479758 -20.571533 -10.218140 -8.345274 13.538716 -14.278119 22.179936 6.359221 -7.148361 11.042982 0.000000 0.000000 0.000000 -89.652787 2.967346 23.101639 11.739101 -19.412218 -2.014736 -0.000001 0.000002 17.541719 2.259124 29.711191 1.102032 -7.125020 0.000002 0.000000 -31.316140 56.810483 -9.742229 0.000000 0.000000 0.000000 85.894279 -4.761930 7.335686 -15.515497 24.859319 -3.439743 0.000002 -0.000000 -12.152267 -8.876997 17.704639 -2.718435 7.125020 -0.000002 0.000000 12.553843 -12.388141 9.813770
9.533295 17.731269 -14.081765 -4.909719 -33.323233 2.469181 0.000000 0.000000 0.000000 -17.222976 -3.755820 -5.965164 3.354338 11.247688 33.119836 1.836049 2.398592 -26.558090 0.000870 0.190483 0.523358 0.000000 0.000000 0.000000 15.623713 9.050534 -9.068366 -3.334658 -11.205744 33.052312 -1.018940 -1.197083 -19.707795 -0.220309 -3.021499 8.338609 -1.901211 -0.122340 1.633174 3.528152 -0.152666 -1.392249 4.719301 -0.018713 -2.335997 -20.515909 -10.273507 -8.467958 13.575617 -14.345454 22.140970 6.345978 -7.164143 11.064321 0.000000 0.000000 0.000000 -89.577866 2.754418 23.118931 11.614416 -19.223872 -1.973489 -0.000001 0.000002 17.949484 2.365560 29.315133 1.157698 -7.125020 0.000002 0.000000 -30.882499 56.506188 -9.331134 0.000000 0.000000 0.000000 85.946636 -4.593483 7.263378 -15.503236 24.842470 -3.434591 0.000002 -0.000000 -12.062125 -8.841658 17.664329 -2.701118 7.125020 -0.000002 0.000000 12.577229 -12.430481 9.822189
9.532306 17.730823 -14.082005 -4.895104 -33.196300 2.442412 0.000000 0.000000 0.000000 -17.202974 -3.734317 -5.965317 3.352693 11.245215 33.111402 1.834711 2.259334 -26.490569 0.000805 0.183211 0.503376 0.000000 0.000000 0.000000 15.618293 8.974530 -9.051955 -3.335127 -11.205864 33.056328 -1.020211 -1.231476 -19.745746 -0.222026 -3.033176 8.371128 -1.856314 -0.124598 1.538286 3.474615 -0.157004 -1.276704 4.636203 -0.026775 -2.162906 -20.439422 -10.343339 -8.639692 13.597858 -14.423618 22.106448 6.319728 -7.182087 11.096084 0.000000 0.000000 0.000000 -89.511444 2.513433 23.099758 11.585754 -19.180502 -1.964061 -0.000001 0.000002 17.944932 2.008342 29.423820 0.987296 -7.125020 0.000002 0.000000 -31.309948 56.526256 -9.492233 0.000000 0.000000 0.000000 86.020780 -4.335393 6.991548 -15.430837 24.742864 -3.404231 0.000002 -0.000001 -11.703227 -8.757023 17.693130 -2.678680 7.125020 -0.000002 0.000000 12.631577 -12.408512 9.873414
9.531294 17.730366 -14.081543 -4.850900 -33.067761 2.395965 0.000000 0.000000 0.000000 -17.217352 -3.730265 -5.947763 3.349336 11.240163 33.094180 1.833594 2.134802 -26.431304 0.001046 0.208837 0.573787 0.000000 0.000000 0.000000 15.585281 8.887968 -9.032118 -3.336238 -11.207410 33.062393 -1.022723 -1.270902 -19.789434 -0.219510 -3.016054 8.323448 -1.844015 -0.129353 1.459934 3.423219 -0.165202 -1.173681 4.574263 -0.035508 -2.011645 -20.369924 -10.412597 -8.802210 13.604087 -14.498336 22.076891 6.289495 -7.200981 11.126462 0.000000 0.000000 0.000000 -89.469352 2.298304 23.043970 11.634172 -19.253749 -1.979998 -0.000001 0.000002 17.613922 1.333860 29.885246 0.659232 -7.125020 0.000002 0.000000 -32.335216 56.774061 -10.058696 0.000000 0.000000 0.000000 86.092592 -4.049149 6.536236 -15.300230 24.562686 -3.349753 0.000002 -0.000001 -11.106404 -8.624868 17.803067 -2.653299 7.125020 -0.000002 0.000000 12.715602 -12.310343 9.969548
9.530323 17.730193 -14.081234 -4.785256 -32.927621 2.343072 0.000000 0.000000 0.000000 -17.255829 -3.761724 -5.924742 3.345094 11.233777 33.072412 1.832153 2.027410 -26.377131 0.001773 0.271919 0.747117 0.000000 0.000000 0.000000 15.533848 8.803442 -9.016834 -3.337865 -11.209644 33.071357 -1.025206 -1.327459 -19.845022 -0.215357 -2.987571 8.244150 -1.866978 -0.141689 1.412119 3.380992 -0.183676 -1.102413 4.542788 -0.047426 -1.909357 -20.310731 -10.470790 -8.932601 13.591415 -14.558111 22.053390 6.257823 -7.217302 11.149029 0.000000 0.000000 0.000000 -89.453075 2.137343 22.953432 11.729203 -19.397285 -2.011447 -0.000001 0.000002 17.115467 0.535009 30.492144 0.262482 -7.125020 0.000002 0.000000 -33.613183 57.113706 -10.811493 0.000000 0.000000 0.000000 86.142835 -3.797580 6.024645 -15.146755 24.350152 -3.286214 0.000002 -0.000001 -10.443835 -8.489218 17.948364 -2.631829 7.125020 -0.000002 0.000000 12.801517 -12.177750 10.076344
9.529382 17.730510 -14.081688 -4.710586 -32.761304 2.296039 0.000000 0.000000 0.000000 -17.300507 -3.830217 -5.910856 3.341300 11.228059 33.052929 1.830081 1.922909 -26.319826 0.003057 0.357014 0.980950 0.000000 0.000000 0.000000 15.475441 8.721289 -9.012336 -3.339343 -11.210818 33.081828 -1.025923 -1.400950 -19.913282 -0.213879 -2.977362 8.215731 -1.915261 -0.166926 1.392999 3.348422 -0.219308 -1.064110 4.536835 -0.066209 -1.855622 -20.256216 -10.514554 -9.033070 13.566683 -14.600003 22.032842 6.226872 -7.228527 11.162522 0.000000 0.000000 0.000000 -89.451481 2.032146 22.848345 11.836630 -19.559179 -2.047269 -0.000001 0.000002 16.620972 -0.194901 31.046796 -0.107623 -7.125020 0.000002 0.000000 -34.794131 57.420219 -11.521180 0.000000 0.000000 0.000000 86.163123 -3.627228 5.620032 -15.018614 24.172035 -3.233562 0.000002 -0.000002 -9.927315 -8.399902 18.062314 -2.620298 7.125020 -0.000002 0.000000 12.857999 -12.072532 10.151179
9.528393 17.731352 -14.083159 -4.643369 -32.562186 2.265410 0.000000 0.000000 0.000000 -17.328288 -3.917030 -5.920225 3.339192 11.224882 33.042103 1.827387 1.798394 -26.250260 0.004526 0.434443 1.193731 0.000000 0.000000 0.000000 15.424845 8.636698 -9.020889 -3.339829 -11.209264 33.090566 -1.023317 -1.486793 -19.986327 -0.216869 -2.997971 8.273103 -1.970350 -0.205363 1.393138 3.324632 -0.272264 -1.051378 4.544836 -0.092559 -1.837484 -20.209835 -10.545702 -9.107397 13.546891 -14.628593 22.007150 6.202580 -7.235204 11.167379 0.000000 0.000000 0.000000 -89.452608 1.971655 22.757451 11.931310 -19.701543 -2.079077 -0.000001 0.000002 16.251494 -0.734755 31.428196 -0.385756 -7.125020 0.000002 0.000000 -35.649470 57.620866 -12.028251 0.000000 0.000000 0.000000 86.153680 -3.556116 5.425047 -14.947213 24.072523 -3.204381 0.000002 -0.000002 -9.687547 -8.376394 18.106532 -2.619553 7.125020 -0.000002 0.000000 12.872892 -12.030863 10.174227
9.527251 17.732602 -14.085649 -4.599146 -32.335808 2.258016 0.000000 0.000000 0.000000 -17.319567 -3.995276 -5.961275 3.339341 11.225106 33.042867 1.824212 1.638216 -26.163734 0.005417 0.475280 1.305964 0.000000 0.000000 0.000000 15.396836 8.546404 -9.040881 -3.338797 -11.204482 33.094076 -1.017169 -1.583493 -20.052955 -0.222235 -3.034596 8.375081 -2.016212 -0.252719 1.406291 3.311707 -0.336595 -1.057824 4.559584 -0.123955 -1.845368 -20.185755 -10.567563 -9.152033 13.548323 -14.650211 21.969878 6.192318 -7.239965 11.164518 0.000000 0.000000 0.000000 -89.452750 1.944492 22.697999 12.004112 -19.810803 -2.103685 -0.000001 0.000002 16.052554 -1.068319 31.613492 -0.559060 -7.125020 0.000002 0.000000 -36.134559 57.702763 -12.291380 0.000000 0.000000 0.000000 86.117238 -3.573305 5.441683 -14.933174 24.052935 -3.198657 0.000002 -0.000002 -9.727583 -8.401688 18.088776 -2.625381 7.125020 -0.000002 0.000000 12.857024 -12.046375 10.156298
9.525859 17.734050 -14.088890 -4.582281 -32.094396 2.271871 0.000000 0.000000 0.000000 -17.271682 -4.048559 -6.030051 3.341419 11.228239 33.053542 1.820610 1.446363 -26.063131 0.005229 0.466947 1.283064 0.000000 0.000000 0.000000 15.396219 8.448523 -9.067458 -3.336262 -11.197321 33.090162 -1.009351 -1.689602 -20.107841 -0.226800 -3.065400 8.460878 -2.048869 -0.303039 1.431857 3.312631 -0.404289 -1.080862 4.581674 -0.156482 -1.876967 -20.200496 -10.582490 -9.158489 13.578904 -14.669030 21.921378 6.201366 -7.245738 11.155492 0.000000 0.000000 0.000000 -89.455562 1.943720 22.673938 12.058404 -19.892168 -2.122122 -0.000001 0.000002 16.003830 -1.243769 31.644714 -0.650101 -7.125020 0.000002 0.000000 -36.329092 57.691589 -12.357883 0.000000 0.000000 0.000000 86.055167 -3.652654 5.597055 -14.953756 24.081651 -3.207050 0.000002 -0.000002 -9.952656 -8.436987 18.049841 -2.631224 7.125020 -0.000002 0.000000 12.834895 -12.081938 10.127925
9.524128 17.735446 -14.092238 -4.582825 -31.852628 2.294374 0.000000 0.000000 0.000000 -17.202655 -4.077438 -6.108257 3.344411 11.232747 33.068903 1.816637 1.246487 -25.958748 0.004154 0.416189 1.143566 0.000000 0.000000 0.000000 15.413446 8.340952 -9.092563 -3.332687 -11.189394 33.078707 -1.003166 -1.796091 -20.153498 -0.229404 -3.082824 8.509420 -2.074291 -0.349700 1.468378 3.325683 -0.466696 -1.116359 4.612378 -0.185846 -1.927977 -20.259674 -10.592314 -9.122545 13.637499 -14.687889 21.866756 6.229958 -7.254636 11.142412 0.000000 0.000000 0.000000 -89.463978 1.963017 22.683745 12.103014 -19.958947 -2.137325 -0.000001 0.000002 16.046482 -1.316069 31.582633 -0.686878 -7.125020 0.000002 0.000000 -36.340266 57.625856 -12.302892 0.000000 0.000000 0.000000 85.971282 -3.762728 5.790495 -14.978376 24.115977 -3.217102 0.000002 -0.000002 -10.230555 -8.443573 18.036032 -2.631373 7.125020 -0.000002 0.000000 12.830862 -12.094990 10.120984
9.522029 17.736539 -14.094855 -4.586889 -31.625940 2.309559 0.000000 0.000000 0.000000 -17.137096 -4.090664 -6.171502 3.347075 11.236760 33.082579 1.812603 1.067785 -25.863753 0.002767 0.339670 0.933289 0.000000 0.000000 0.000000 15.433999 8.223298 -9.106702 -3.328747 -11.182261 33.061668 -1.001265 -1.888286 -20.193914 -0.230639 -3.091059 8.532365 -2.096348 -0.385838 1.508575 3.342649 -0.514919 -1.153999 4.644870 -0.207968 -1.984555 -20.349039 -10.600170 -9.051518 13.715574 -14.710779 21.810096 6.271589 -7.267787 11.127032 0.000000 0.000000 0.000000 -89.473943 1.992608 22.723426 12.147230 -20.025071 -2.152442 -0.000001 0.000002 16.117893 -1.323571 31.479852 -0.689532 -7.125020 0.000002 0.000000 -36.253156 57.540492 -12.191562 0.000000 0.000000 0.000000 85.878927 -3.868754 5.928550 -14.981167 24.119866 -3.218243 0.000002 -0.000002 -10.445023 -8.401329 18.073225 -2.623128 7.125020 -0.000002 0.000000 12.857542 -12.061631 10.152499
9.519641 17.737168 -14.096194 -4.588382 -31.425934 2.308477 0.000000 0.000000 0.000000 -17.088056 -4.094786 -6.203446 3.348427 11.238794 33.089513 1.809010 0.926317 -25.786823 0.001563 0.255302 0.701460 0.000000 0.000000 0.000000 15.450791 8.100553 -9.103280 -3.325081 -11.176813 33.042550 -1.003841 -1.957547 -20.230203 -0.231085 -3.094025 8.540628 -2.109739 -0.406284 1.543547 3.353514 -0.542158 -1.182116 4.665257 -0.220048 -2.030461 -20.441756 -10.610713 -8.959703 13.799940 -14.742954 21.751365 6.315316 -7.285889 11.109627 0.000000 0.000000 0.000000 -89.476731 2.023121 22.787199 12.197731 -20.100513 -2.169766 -0.000001 0.000002 16.176834 -1.293497 31.374062 -0.672594 -7.125020 0.000002 0.000000 -36.128270 57.460523 -12.070533 0.000000 0.000000 0.000000 85.798604 -3.943461 5.952257 -14.950475 24.077070 -3.205711 0.000002 -0.000002 -10.530326 -8.314155 18.157883 -2.607136 7.125020 -0.000002 0.000000 12.912490 -11.985067 10.219567
9.517135 17.737326 -14.096266 -4.585715 -31.255813 2.290729 0.000000 0.000000 0.000000 -17.057229 -4.092886 -6.203234 3.348061 11.238243 33.087634 1.806290 0.818705 -25.728905 0.000769 0.179083 0.492035 0.000000 0.000000 0.000000 15.461800 7.981724 -9.082642 -3.322186 -11.173248 33.025419 -1.009049 -2.005895 -20.262298 -0.231071 -3.093934 8.540376 -2.108878 -0.409214 1.569586 3.351542 -0.545959 -1.196184 4.663167 -0.221183 -2.059294 -20.516407 -10.628195 -8.858659 13.879040 -14.788657 21.688173 6.351916 -7.309571 11.089505 0.000000 0.000000 0.000000 -89.466541 2.051511 22.869538 12.257395 -20.189531 -2.190315 -0.000001 0.000002 16.206630 -1.253672 31.292414 -0.650930 -7.125020 0.000002 0.000000 -36.016512 57.402225 -11.974467 0.000000 0.000000 0.000000 85.745136 -3.984727 5.860304 -14.894478 23.998901 -3.182901 0.000002 -0.000001 -10.488603 -8.204560 18.266091 -2.587067 7.125020 -0.000002 0.000000 12.981556 -11.887120 10.304413
9.514685 17.737151 -14.095498 -4.571511 -31.110205 2.258874 0.000000 0.000000 0.000000 -17.047493 -4.089653 -6.182110 3.346303 11.235597 33.078613 1.804663 0.731375 -25.686175 0.000357 0.121876 0.334854 0.000000 0.000000 0.000000 15.459806 7.873685 -9.052521 -3.320328 -11.171389 33.013242 -1.014869 -2.039943 -20.291192 -0.231390 -3.096053 8.546281 -2.100504 -0.396006 1.588689 3.334505 -0.528287 -1.200670 4.640231 -0.212112 -2.076572 -20.569082 -10.653801 -8.751132 13.951413 -14.848847 21.617249 6.379822 -7.338920 11.065748 0.000000 0.000000 0.000000 -89.444368 2.080728 22.968502 12.326317 -20.292209 -2.214159 -0.000001 0.000002 16.204744 -1.236311 31.256849 -0.641665 -7.125020 0.000002 0.000000 -35.967932 57.376660 -11.932802 0.000000 0.000000 0.000000 85.718609 -4.017081 5.707187 -14.836208 23.917437 -3.159239 0.000002 -0.000001 -10.381250 -8.106086 18.367895 -2.569439 7.125020 -0.000002 0.000000 13.043539 -11.794669 10.381911
9.512367 17.736868 -14.094542 -4.537519 -30.978732 2.217986 0.000000 0.000000 0.000000 -17.061309 -4.092830 -6.156962 3.344194 11.232421 33.067789 1.803980 0.652433 -25.653167 0.000173 0.084894 0.233245 0.000000 0.000000 0.000000 15.437339 7.779830 -9.023534 -3.319272 -11.170495 33.005883 -1.019879 -2.067950 -20.318747 -0.233213 -3.108142 8.579968 -2.099133 -0.370527 1.603923 3.305066 -0.494527 -1.203524 4.607764 -0.195009 -2.091560 -20.609845 -10.683710 -8.630542 14.026408 -14.919167 21.532735 6.405202 -7.372222 11.035797 0.000000 0.000000 0.000000 -89.414555 2.113071 23.088709 12.402762 -20.405907 -2.240742 -0.000001 0.000002 16.172426 -1.269036 31.283009 -0.659481 -7.125020 0.000002 0.000000 -36.022632 57.390670 -11.967390 0.000000 0.000000 0.000000 85.708112 -4.069297 5.567001 -14.797700 23.863533 -3.143643 0.000002 -0.000001 -10.288072 -8.054730 18.437018 -2.562305 7.125020 -0.000002 0.000000 13.075586 -11.730744 10.426507
9.510141 17.736699 -14.094036 -4.493234 -30.852134 2.180977 0.000000 0.000000 0.000000 -17.084368 -4.108981 -6.144530 3.343287 11.231055 33.063134 1.803701 0.577469 -25.624545 0.000086 0.059882 0.164523 0.000000 0.000000 0.000000 15.405314 7.705043 -9.001824 -3.318042 -11.168789 32.999115 -1.022797 -2.101443 -20.347215 -0.237442 -3.135999 8.657608 -2.106917 -0.338009 1.614997 3.271987 -0.451554 -1.209178 4.576403 -0.173114 -2.107886 -20.647474 -10.709738 -8.487957 14.111351 -14.988724 21.426356 6.434505 -7.404944 10.994075 0.000000 0.000000 0.000000 -89.379574 2.143158 23.239823 12.482890 -20.524865 -2.268758 -0.000001 0.000002 16.108943 -1.357330 31.373808 -0.707453 -7.125020 0.000002 0.000000 -36.188698 57.445336 -12.082803 0.000000 0.000000 0.000000 85.701533 -4.148860 5.489870 -14.785969 23.847101 -3.138899 0.000002 -0.000000 -10.261545 -8.075179 18.456294 -2.571434 7.125020 -0.000002 0.000000 13.062015 -11.710273 10.420842
9.507879 17.736818 -14.094322 -4.472547 -30.727364 2.168121 0.000000 0.000000 0.000000 -17.080997 -4.141034 -6.154480 3.345150 11.233861 33.072697 1.803406 0.509022 -25.598318 0.000032 0.036474 0.100210 0.000000 0.000000 0.000000 15.399205 7.657602 -8.984600 -3.315214 -11.163897 32.986195 -1.022643 -2.153017 -20.379945 -0.244362 -3.181046 8.783204 -2.102839 -0.302480 1.618660 3.248669 -0.404087 -1.215714 4.548293 -0.149155 -2.121281 -20.678288 -10.724106 -8.324147 14.198500 -15.043849 21.294237 6.466589 -7.431152 10.935441 0.000000 0.000000 0.000000 -89.339498 2.157748 23.429143 12.561435 -20.641261 -2.296372 -0.000001 0.000002 16.013351 -1.476145 31.515780 -0.772546 -7.125020 0.000002 0.000000 -36.430902 57.534838 -12.260734 0.000000 0.000000 0.000000 85.691458 -4.238170 5.480564 -14.792151 23.855763 -3.141399 0.000002 -0.000000 -10.308711 -8.165026 18.423917 -2.595859 7.125020 -0.000002 0.000000 13.004420 -11.735207 10.365674
9.505410 17.737354 -14.095484 -4.512710 -30.606422 2.195630 0.000000 0.000000 0.000000 -17.015160 -4.189923 -6.185495 3.350558 11.242003 33.100449 1.803209 0.451143 -25.576733 0.000003 0.009644 0.026495 0.000000 0.000000 0.000000 15.458069 7.644948 -8.963251 -3.309811 -11.154368 32.961992 -1.019465 -2.232680 -20.421437 -0.253407 -3.238951 8.944727 -2.058847 -0.263827 1.613991 3.246145 -0.351230 -1.217318 4.518928 -0.123258 -2.125365 -20.689142 -10.726649 -8.159828 14.267865 -15.078071 21.147131 6.492232 -7.447638 10.863525 0.000000 0.000000 0.000000 -89.293356 2.141594 23.657133 12.633751 -20.748235 -2.321928 -0.000001 0.000002 15.892732 -1.585600 31.682750 -0.833571 -7.125020 0.000002 0.000000 -36.688333 57.646269 -12.465988 0.000000 0.000000 0.000000 85.676837 -4.311240 5.500207 -14.800682 23.867710 -3.144850 0.000002 -0.000000 -10.396673 -8.290460 18.359260 -2.627263 7.125020 -0.000002 0.000000 12.924367 -11.789134 10.283640
9.502562 17.738339 -14.097521 -4.619888 -30.490898 2.261393 0.000000 0.000000 0.000000 -16.882392 -4.255047 -6.228182 3.358817 11.254418 33.142789 1.803426 0.403798 -25.561930 0.000010 -0.019516 -0.053621 0.000000 0.000000 0.000000 15.589912 7.666399 -8.931944 -3.302135 -11.141004 32.927061 -1.014469 -2.344073 -20.474237 -0.262994 -3.299187 9.112845 -1.969317 -0.217577 1.603850 3.263729 -0.286999 -1.207893 4.484213 -0.092665 -2.116040 -20.665240 -10.728232 -8.037552 14.298831 -15.099043 21.014223 6.498566 -7.456669 10.795655 0.000000 0.000000 0.000000 -89.237339 2.082594 23.923015 12.697149 -20.841868 -2.344436 -0.000001 0.000002 15.762358 -1.655304 31.842833 -0.873836 -7.125020 0.000002 0.000000 -36.903107 57.760324 -12.657759 0.000000 0.000000 0.000000 85.663759 -4.349668 5.484340 -14.798874 23.865179 -3.144119 0.000002 -0.000000 -10.472129 -8.403723 18.296519 -2.654947 7.125020 -0.000002 0.000000 12.852190 -11.842140 10.208443
9.499230 17.739627 -14.100194 -4.754732 -30.378871 2.341726 0.000000 0.000000 0.000000 -16.722537 -4.332506 -6.270818 3.367808 11.267911 33.188831 1.804078 0.361213 -25.551946 0.000050 -0.045242 -0.124303 0.000000 0.000000 0.000000 15.755465 7.707065 -8.894028 -3.293835 -11.126852 32.888371 -1.009571 -2.478743 -20.535284 -0.271024 -3.348777 9.251328 -1.862397 -0.158608 1.588979 3.286036 -0.205546 -1.182702 4.443922 -0.054202 -2.089339 -20.593152 -10.744890 -8.008125 14.277149 -15.122845 20.931800 6.473621 -7.463606 10.755764 0.000000 0.000000 0.000000 -89.163925 1.975164 24.229404 12.752289 -20.923190 -2.364090 -0.000001 0.000002 15.628637 -1.675857 31.969625 -0.887566 -7.125020 0.000002 0.000000 -37.041389 57.857901 -12.804152 0.000000 0.000000 0.000000 85.663906 -4.344548 5.369973 -14.780101 23.838881 -3.136527 0.000002 -0.000000 -10.488027 -8.471457 18.265197 -2.672369 7.125020 -0.000002 0.000000 12.808971 -11.867775 10.165023
9.495439 17.740948 -14.102964 -4.857777 -30.265112 2.405706 0.000000 0.000000 0.000000 -16.594146 -4.415580 -6.304319 3.374898 11.278533 33.225099 1.804777 0.312828 -25.540317 0.000076 -0.055968 -0.153772 0.000000 0.000000 0.000000 15.892606 7.741213 -8.860437 -3.287064 -11.115663 32.855757 -1.006593 -2.617838 -20.597418 -0.275769 -3.377730 9.332211 -1.779881 -0.086307 1.565792 3.292298 -0.107371 -1.139924 4.400132 -0.007652 -2.041255 -20.466747 -10.785836 -8.100656 14.202046 -15.160558 20.919035 6.413247 -7.471886 10.758130 0.000000 0.000000 0.000000 -89.067067 1.824417 24.574354 12.804823 -21.000570 -2.382885 -0.000001 0.000002 15.473609 -1.659208 32.057802 -0.880763 -7.125020 0.000002 0.000000 -37.108842 57.932349 -12.900610 0.000000 0.000000 0.000000 85.688481 -4.290684 5.116798 -14.740075 23.782767 -3.120368 0.000002 -0.000000 -10.414958 -8.490762 18.275485 -2.680100 7.125020 -0.000002 0.000000 12.796409 -11.856225 10.157488
9.491319 17.742075 -14.105377 -4.892017 -30.142108 2.434640 0.000000 0.000000 0.000000 -16.532052 -4.497163 -6.324754 3.378220 11.283505 33.242078 1.804857 0.246757 -25.518262 0.000038 -0.039540 -0.108636 0.000000 0.000000 0.000000 15.960645 7.744637 -8.841190 -3.283263 -11.109739 32.836439 -1.006273 -2.743342 -20.654810 -0.276675 -3.383232 9.347583 -1.746659 -0.007318 1.533821 3.271459 -0.001994 -1.083941 4.355748 0.042668 -1.975138 -20.300279 -10.844961 -8.293319 14.094939 -15.209556 20.959345 6.329017 -7.480558 10.795120 0.000000 0.000000 0.000000 -88.949672 1.650466 24.940175 12.863606 -21.087040 -2.403993 -0.000001 0.000002 15.266120 -1.631452 32.125396 -0.867612 -7.125020 0.000002 0.000000 -37.146718 57.992614 -12.972005 0.000000 0.000000 0.000000 85.738612 -4.191183 4.726829 -14.676087 23.692939 -3.094609 0.000002 -0.000000 -10.244606 -8.484957 18.316310 -2.684063 7.125020 -0.000002 0.000000 12.799593 -11.816575 10.170858
9.487050 17.742889 -14.107337 -4.861406 -30.002297 2.428597 0.000000 0.000000 0.000000 -16.529775 -4.570202 -6.332865 3.377589 11.282560 33.238852 1.803652 0.156821 -25.479136 0.000001 -0.000113 -0.000312 0.000000 0.000000 0.000000 15.961027 7.705019 -8.837646 -3.282397 -11.108670 32.831268 -1.007882 -2.846486 -20.706071 -0.274924 -3.372599 9.317876 -1.759108 0.066442 1.502367 3.229128 0.095071 -1.027086 4.315127 0.089394 -1.907542 -20.130246 -10.902919 -8.515380 13.992831 -15.254658 21.008909 6.245876 -7.485478 10.840560 0.000000 0.000000 0.000000 -88.825280 1.487379 25.295030 12.935141 -21.192107 -2.429791 -0.000001 0.000002 14.992767 -1.617335 32.193559 -0.861743 -7.125020 0.000002 0.000000 -37.198299 58.050315 -13.046938 0.000000 0.000000 0.000000 85.799016 -4.073229 4.265534 -14.595138 23.579086 -3.062154 0.000002 -0.000001 -10.007922 -8.485247 18.362164 -2.690659 7.125020 -0.000002 0.000000 12.798741 -11.771500 10.182365
9.482801 17.743375 -14.109006 -4.798391 -29.842744 2.401140 0.000000 0.000000 0.000000 -16.553522 -4.628038 -6.333417 3.374510 11.277951 33.223110 1.800834 0.048864 -25.422924 0.000026 0.032447 0.089147 0.000000 0.000000 0.000000 15.925739 7.626973 -8.842563 -3.283159 -11.109861 32.835128 -1.009762 -2.929612 -20.753794 -0.272937 -3.360489 9.284043 -1.794497 0.123712 1.486053 3.181851 0.169763 -0.985256 4.283176 0.125805 -1.861863 -19.993849 -10.937982 -8.689241 13.924465 -15.276141 21.027660 6.186920 -7.481559 10.866743 0.000000 0.000000 0.000000 -88.711559 1.371592 25.605836 13.020145 -21.316723 -2.460606 -0.000001 0.000002 14.676000 -1.625026 32.264835 -0.867582 -7.125020 0.000002 0.000000 -37.273707 58.105689 -13.129892 0.000000 0.000000 0.000000 85.844033 -3.988130 3.851856 -14.518679 23.471329 -3.031635 0.000002 -0.000001 -9.782274 -8.508498 18.387770 -2.701754 7.125020 -0.000002 0.000000 12.783323 -11.744540 10.176768
9.478687 17.743655 -14.110667 -4.742785 -29.669489 2.372949 0.000000 0.000000 0.000000 -16.564179 -4.667907 -6.335702 3.371302 11.273146 33.206703 1.796561 -0.060457 -25.356550 0.000010 0.019302 0.053032 0.000000 0.000000 0.000000 15.895980 7.532852 -8.847149 -3.283904 -11.110331 32.840811 -1.010240 -3.004982 -20.802741 -0.272762 -3.359422 9.281062 -1.825017 0.159677 1.493461 3.146553 0.216581 -0.969496 4.262004 0.149219 -1.853856 -19.906896 -10.936489 -8.774722 13.896486 -15.259035 21.000694 6.161382 -7.464494 10.859453 0.000000 0.000000 0.000000 -88.621877 1.325308 25.849652 13.115370 -21.456021 -2.495330 -0.000001 0.000002 14.358576 -1.637538 32.320179 -0.875654 -7.125020 0.000002 0.000000 -37.338604 58.147180 -13.195764 0.000000 0.000000 0.000000 85.852935 -3.982603 3.599683 -14.471764 23.405104 -3.012975 0.000002 -0.000001 -9.652275 -8.548119 18.383857 -2.713926 7.125020 -0.000002 0.000000 12.757731 -11.745315 10.155133
9.474772 17.743992 -14.112715 -4.723285 -29.494762 2.363862 0.000000 0.000000 0.000000 -16.534995 -4.693763 -6.351980 3.369986 11.271173 33.199970 1.791270 -0.153959 -25.288674 0.000085 -0.059375 -0.163131 0.000000 0.000000 0.000000 15.902740 7.452928 -8.847872 -3.283572 -11.108346 32.843130 -1.008374 -3.088874 -20.857366 -0.275002 -3.373074 9.319200 -1.829937 0.177588 1.521001 3.132463 0.240416 -0.980695 4.249297 0.161834 -1.882857 -19.864883 -10.896545 -8.776034 13.904038 -15.199529 20.932895 6.167245 -7.432432 10.819673 0.000000 0.000000 0.000000 -88.560588 1.346856 26.021007 13.216958 -21.604276 -2.532612 -0.000001 0.000002 14.068420 -1.613738 32.332967 -0.863382 -7.125020 0.000002 0.000000 -37.328358 58.162484 -13.205808 0.000000 0.000000 0.000000 85.821558 -4.065729 3.549692 -14.464431 23.394746 -3.010062 0.000002 -0.000001 -9.648704 -8.588930 18.360548 -2.723712 7.125020 -0.000002 0.000000 12.731644 -11.765058 10.127951
9.471072 17.744617 -14.115532 -4.745180 -29.327466 2.382418 0.000000 0.000000 0.000000 -16.462317 -4.714051 -6.391561 3.371593 11.273582 33.208194 1.785427 -0.226232 -25.224021 0.000882 -0.191735 -0.526798 0.000000 0.000000 0.000000 15.953054 7.406130 -8.846860 -3.281892 -11.103690 32.840161 -1.004169 -3.191665 -20.919153 -0.278985 -3.397213 9.386653 -1.804004 0.185682 1.556226 3.138254 0.252315 -1.010528 4.240278 0.168745 -1.934267 -19.856344 -10.825209 -8.721573 13.944247 -15.104645 20.835619 6.199177 -7.386569 10.757153 0.000000 0.000000 0.000000 -88.522676 1.413552 26.135971 13.321476 -21.756427 -2.571224 -0.000001 0.000002 13.801214 -1.508811 32.288466 -0.806572 -7.125020 0.000002 0.000000 -37.186333 58.149568 -13.134308 0.000000 0.000000 0.000000 85.762950 -4.202001 3.648970 -14.484204 23.422673 -3.017918 0.000002 -0.000001 -9.728885 -8.632133 18.330171 -2.733202 7.125020 -0.000002 0.000000 12.704081 -11.791564 10.097768
9.467541 17.745575 -14.119183 -4.793391 -29.168236 2.422522 0.000000 0.000000 0.000000 -16.362407 -4.737847 -6.454053 3.376046 11.280250 33.230964 1.779629 -0.286545 -25.163601 0.002785 -0.340748 -0.936252 0.000000 0.000000 0.000000 16.032005 7.389374 -8.846929 -3.278963 -11.096801 32.831621 -0.998148 -3.312257 -20.984999 -0.283199 -3.422561 9.457498 -1.755666 0.192013 1.584320 3.155928 0.262649 -1.046246 4.231009 0.174709 -1.987540 -19.868468 -10.731323 -8.646990 14.013204 -14.983060 20.723947 6.250701 -7.328519 10.684533 0.000000 0.000000 0.000000 -88.497582 1.493948 26.226983 13.424874 -21.906566 -2.609675 -0.000001 0.000002 13.533627 -1.304613 32.195131 -0.696042 -7.125020 0.000002 0.000000 -36.903652 58.119030 -12.987891 0.000000 0.000000 0.000000 85.697871 -4.334371 3.790819 -14.506258 23.453806 -3.026691 0.000002 -0.000001 -9.811021 -8.699049 18.286672 -2.748254 7.125020 -0.000002 0.000000 12.661256 -11.829146 10.052032
9.464062 17.746762 -14.123205 -4.848770 -29.013369 2.470894 0.000000 0.000000 0.000000 -16.256564 -4.774261 -6.527419 3.382371 11.289713 33.263289 1.774699 -0.349404 -25.108668 0.005086 -0.460513 -1.265378 0.000000 0.000000 0.000000 16.119089 7.384104 -8.847241 -3.274820 -11.087991 32.816957 -0.990899 -3.441116 -21.047891 -0.285504 -3.436342 9.496023 -1.696131 0.200993 1.592875 3.177981 0.276802 -1.075560 4.219820 0.182067 -2.023521 -19.884812 -10.619263 -8.587140 14.096723 -14.835466 20.615610 6.312457 -7.256936 10.612476 0.000000 0.000000 0.000000 -88.474639 1.560074 26.330019 13.521030 -22.045848 -2.645659 -0.000001 0.000002 13.243013 -1.018955 32.078685 -0.542279 -7.125020 0.000002 0.000000 -36.522017 58.087485 -12.800106 0.000000 0.000000 0.000000 85.642214 -4.415359 3.871836 -14.509252 23.458031 -3.027883 0.000002 -0.000001 -9.818381 -8.806482 18.210220 -2.771227 7.125020 -0.000002 0.000000 12.592507 -11.896026 9.977074
9.460498 17.748028 -14.126692 -4.899590 -28.859296 2.514839 0.000000 0.000000 0.000000 -16.160154 -4.831722 -6.592262 3.389049 11.299690 33.297387 1.771317 -0.423544 -25.061445 0.006382 -0.515842 -1.417446 0.000000 0.000000 0.000000 16.200443 7.367554 -8.842914 -3.269403 -11.077423 32.795134 -0.983148 -3.566024 -21.100437 -0.283746 -3.425834 9.466648 -1.631299 0.213666 1.576228 3.200370 0.295802 -1.089496 4.205791 0.191087 -2.029868 -19.882485 -10.489896 -8.572314 14.169304 -14.656144 20.524711 6.371119 -7.168233 10.546685 0.000000 0.000000 0.000000 -88.445870 1.593013 26.470535 13.602061 -22.162966 -2.676150 -0.000001 0.000002 12.920406 -0.692660 31.965563 -0.367769 -7.125020 0.000002 0.000000 -36.105299 58.067294 -12.609225 0.000000 0.000000 0.000000 85.600473 -4.426019 3.831621 -14.485288 23.424204 -3.018350 0.000002 -0.000001 -9.715742 -8.945529 18.091750 -2.797762 7.125020 -0.000002 0.000000 12.503746 -12.001861 9.875295
9.456762 17.749188 -14.128698 -4.938340 -28.703523 2.543279 0.000000 0.000000 0.000000 -16.084153 -4.913368 -6.629948 3.394470 11.307779 33.325042 1.769602 -0.508949 -25.022895 0.005920 -0.496808 -1.365133 0.000000 0.000000 0.000000 16.266591 7.320255 -8.827855 -3.262784 -11.065465 32.765804 -0.976032 -3.675668 -21.139222 -0.276891 -3.384539 9.351236 -1.565120 0.229823 1.539206 3.219792 0.319098 -1.084024 4.187732 0.201474 -2.005081 -19.832254 -10.345827 -8.629425 14.200758 -14.442040 20.460543 6.410180 -7.060112 10.490153 0.000000 0.000000 0.000000 -88.406282 1.585261 26.650067 13.662325 -22.249915 -2.698927 -0.000001 0.000002 12.580225 -0.379258 31.872392 -0.201091 -7.125020 0.000002 0.000000 -35.719890 58.060314 -12.444200 0.000000 0.000000 0.000000 85.567362 -4.379319 3.671480 -14.441804 23.362772 -3.001085 0.000002 -0.000001 -9.531304 -9.084502 17.950808 -2.820542 7.125020 -0.000002 0.000000 12.415338 -12.129907 9.768072
9.452818 17.750042 -14.128768 -4.955833 -28.544897 2.547360 0.000000 0.000000 0.000000 -16.038838 -5.013896 -6.630927 3.397494 11.312288 33.340462 1.769197 -0.600341 -24.992144 0.004224 -0.419650 -1.153076 0.000000 0.000000 0.000000 16.307480 7.232638 -8.799035 -3.255315 -11.052819 32.730292 -0.970799 -3.762551 -21.166458 -0.265791 -3.316546 9.161312 -1.505886 0.249343 1.495467 3.231322 0.346275 -1.061250 4.165243 0.213319 -1.958971 -19.706067 -10.192982 -8.779886 14.166840 -14.197630 20.430975 6.414454 -6.933641 10.446566 0.000000 0.000000 0.000000 -88.353499 1.543002 26.842941 13.704039 -22.310025 -2.714742 -0.000001 0.000002 12.256650 -0.139918 31.808245 -0.074319 -7.125020 0.000002 0.000000 -35.432297 58.060651 -12.326574 0.000000 0.000000 0.000000 85.534886 -4.309368 3.441251 -14.395248 23.296921 -2.982648 0.000002 -0.000001 -9.332992 -9.184884 17.833235 -2.834341 7.125020 -0.000002 0.000000 12.351711 -12.237986 9.686789
9.448634 17.750499 -14.127284 -4.946955 -28.382924 2.526445 0.000000 0.000000 0.000000 -16.026675 -5.122479 -6.600004 3.397919 11.312922 33.342629 1.769539 -0.693266 -24.966492 0.002380 -0.314991 -0.865472 0.000000 0.000000 0.000000 16.318819 7.109886 -8.759643 -3.247564 -11.040303 32.691690 -0.968087 -3.826966 -21.189339 -0.252877 -3.235588 8.935343 -1.461215 0.272742 1.459487 3.230509 0.377953 -1.028664 4.138006 0.227375 -1.907435 -19.491067 -10.038136 -9.028568 14.059158 -13.933621 20.441178 6.376731 -6.793422 10.419465 0.000000 0.000000 0.000000 -88.286435 1.483726 27.013504 13.738731 -22.359969 -2.727926 -0.000001 0.000002 11.983850 -0.027339 31.775870 -0.014819 -7.125020 0.000002 0.000000 -35.295140 58.059059 -12.269147 0.000000 0.000000 0.000000 85.500764 -4.251469 3.192284 -14.360788 23.248130 -2.969032 0.000002 -0.000001 -9.169738 -9.216627 17.788162 -2.837418 7.125020 -0.000002 0.000000 12.331683 -12.279946 9.659165
9.444199 17.750688 -14.125379 -4.921473 -28.215881 2.493217 0.000000 0.000000 0.000000 -16.031509 -5.227953 -6.555909 3.396487 11.310788 33.335330 1.769849 -0.788723 -24.940032 0.001100 -0.214089 -0.588218 0.000000 0.000000 0.000000 16.312913 6.970629 -8.718793 -3.240231 -11.028691 32.654452 -0.967535 -3.879766 -21.218505 -0.241090 -3.159824 8.724028 -1.426706 0.301013 1.439452 3.217678 0.415782 -0.996135 4.103825 0.244766 -1.865321 -19.198702 -9.885741 -9.357111 13.887216 -13.661916 20.491102 6.301144 -6.646036 10.409884 0.000000 0.000000 0.000000 -88.204382 1.427889 27.141146 13.781613 -22.421643 -2.744261 -0.000001 0.000002 11.778255 -0.059769 31.762309 -0.031841 -7.125020 0.000002 0.000000 -35.313683 58.041021 -12.260916 0.000000 0.000000 0.000000 85.470145 -4.228250 2.941980 -14.347745 23.229651 -2.963886 0.000002 -0.000001 -9.042253 -9.167926 17.837197 -2.829509 7.125020 -0.000002 0.000000 12.362599 -12.235370 9.696638
9.439571 17.750897 -14.124430 -4.899852 -28.041610 2.467726 0.000000 0.000000 0.000000 -16.025212 -5.321578 -6.523437 3.394321 11.307558 33.324284 1.769103 -0.890656 -24.904256 0.000484 -0.141974 -0.390073 0.000000 0.000000 0.000000 16.313171 6.838040 -8.688544 -3.234164 -11.018911 32.624052 -0.968138 -3.936470 -21.262764 -0.233031 -3.106930 8.576591 -1.388612 0.334023 1.436598 3.199168 0.460150 -0.972776 4.061491 0.265786 -1.842685 -18.860316 -9.734454 -9.731911 13.672443 -13.387540 20.576338 6.201309 -6.496071 10.415605 0.000000 0.000000 0.000000 -88.108287 1.390888 27.229735 13.843149 -22.510032 -2.767776 -0.000001 0.000002 11.631522 -0.211132 31.737958 -0.111388 -7.125020 0.000002 0.000000 -35.435489 57.988246 -12.264097 0.000000 0.000000 0.000000 85.447552 -4.250440 2.689811 -14.362871 23.251081 -2.969855 0.000002 -0.000001 -8.931150 -9.050384 17.959480 -2.810908 7.125020 -0.000002 0.000000 12.437254 -12.123972 9.788055
9.434885 17.751348 -14.125319 -4.890185 -27.861812 2.461490 0.000000 0.000000 0.000000 -15.995374 -5.397407 -6.520738 3.392176 11.304359 33.313343 1.766381 -0.998268 -24.853010 0.000313 -0.114091 -0.313463 0.000000 0.000000 0.000000 16.328277 6.727050 -8.680378 -3.230375 -11.012316 32.606371 -0.969157 -4.001818 -21.321657 -0.230700 -3.091461 8.533487 -1.344808 0.368932 1.447805 3.182621 0.507517 -0.964778 4.017860 0.288789 -1.843960 -18.511984 -9.575609 -10.120592 13.438982 -13.103267 20.690248 6.094673 -6.342491 10.431950 0.000000 0.000000 0.000000 -88.001993 1.380080 27.296730 13.924529 -22.626714 -2.799008 -0.000001 0.000002 11.513644 -0.431579 31.675259 -0.226851 -7.125020 0.000002 0.000000 -35.587455 57.889388 -12.238433 0.000000 0.000000 0.000000 85.429158 -4.320701 2.451110 -14.412084 23.320744 -2.989310 0.000002 -0.000001 -8.834836 -8.899009 18.105331 -2.784852 7.125020 -0.000002 0.000000 12.533638 -11.992070 9.902972
9.430291 17.752055 -14.127948 -4.872635 -27.684772 2.467226 0.000000 0.000000 0.000000 -15.964272 -5.453311 -6.549794 3.390117 11.301286 33.302837 1.761494 -1.102650 -24.787746 0.000404 -0.129828 -0.356702 0.000000 0.000000 0.000000 16.335388 6.637627 -8.701072 -3.229803 -11.010445 32.606107 -0.970740 -4.062518 -21.384674 -0.234795 -3.118589 8.609084 -1.318319 0.401319 1.467014 3.170798 0.551525 -0.973165 3.989072 0.310867 -1.866586 -18.179391 -9.397259 -10.506964 13.206610 -12.794014 20.826390 5.996037 -6.179429 10.454555 0.000000 0.000000 0.000000 -87.890666 1.394195 27.356387 14.018935 -22.761773 -2.835431 -0.000001 0.000002 11.390963 -0.681110 31.565961 -0.356698 -7.125020 0.000002 0.000000 -35.724015 57.746610 -12.166785 0.000000 0.000000 0.000000 85.404836 -4.429643 2.255404 -14.495907 23.439197 -3.022573 0.000002 -0.000001 -8.769771 -8.760483 18.224772 -2.758613 7.125020 -0.000002 0.000000 12.622091 -11.885271 10.004697
9.425873 17.752862 -14.131452 -4.817430 -27.522349 2.466931 0.000000 0.000000 0.000000 -15.969242 -5.492015 -6.597418 3.387821 11.297858 33.291122 1.755140 -1.192079 -24.716810 0.000695 -0.170183 -0.467580 0.000000 0.000000 0.000000 16.300902 6.561071 -8.747994 -3.232792 -11.014056 32.624426 -0.973229 -4.101839 -21.439651 -0.243448 -3.175132 8.766712 -1.338904 0.428723 1.487018 3.161621 0.588076 -0.992314 3.989979 0.330157 -1.900722 -17.873790 -9.191499 -10.893948 12.991248 -12.448339 20.977840 5.914937 -6.000956 10.481560 0.000000 0.000000 0.000000 -87.776851 1.422653 27.414390 14.116023 -22.900333 -2.873103 -0.000001 0.000002 11.247718 -0.951834 31.422946 -0.496382 -7.125020 0.000002 0.000000 -35.849777 57.572199 -12.061453 0.000000 0.000000 0.000000 85.365951 -4.553691 2.117170 -14.606404 23.594950 -3.066664 0.000002 -0.000001 -8.748140 -8.669799 18.288318 -2.739187 7.125020 -0.000002 0.000000 12.680243 -11.829811 10.067606
9.421628 17.753595 -14.134957 -4.719701 -27.382832 2.449665 0.000000 0.000000 0.000000 -16.021708 -5.518344 -6.645741 3.385152 11.293871 33.277495 1.748231 -1.260883 -24.647999 0.001049 -0.209161 -0.574677 0.000000 0.000000 0.000000 16.219502 6.492786 -8.807127 -3.238584 -11.021979 32.657333 -0.975788 -4.119500 -21.482285 -0.252722 -3.234604 8.932599 -1.409564 0.452819 1.504299 3.154088 0.619126 -1.013264 4.021160 0.347434 -1.935359 -17.598618 -8.958817 -11.287591 12.807993 -12.067029 21.131326 5.856850 -5.805880 10.510724 0.000000 0.000000 0.000000 -87.657530 1.450986 27.475741 14.207290 -23.030273 -2.908713 -0.000001 0.000002 11.088649 -1.259677 31.268351 -0.654015 -7.125020 0.000002 0.000000 -36.000180 57.380891 -11.949216 0.000000 0.000000 0.000000 85.309879 -4.667721 2.020752 -14.731386 23.770582 -3.116865 0.000002 -0.000001 -8.767570 -8.633422 18.291834 -2.728250 7.125020 -0.000002 0.000000 12.703921 -11.829188 10.087235
9.417454 17.754154 -14.138062 -4.608083 -27.265395 2.418696 0.000000 0.000000 0.000000 -16.094086 -5.535273 -6.682396 3.382479 11.289876 33.263842 1.741166 -1.314139 -24.582386 0.001258 -0.229017 -0.629235 0.000000 0.000000 0.000000 16.123395 6.436092 -8.857871 -3.245356 -11.031055 32.696261 -0.976449 -4.132299 -21.517685 -0.259513 -3.277450 9.052166 -1.498868 0.477585 1.522398 3.151254 0.650614 -1.030735 4.067730 0.365158 -1.967212 -17.355313 -8.707001 -11.679205 12.666388 -11.662455 21.266817 5.823205 -5.599120 10.535860 0.000000 0.000000 0.000000 -87.525392 1.472990 27.549792 14.289983 -23.147745 -2.941142 -0.000001 0.000002 10.926617 -1.610876 31.113765 -0.832643 -7.125020 0.000002 0.000000 -36.191487 57.181037 -11.843328 0.000000 0.000000 0.000000 85.238874 -4.765019 1.936390 -14.862705 23.954501 -3.169990 0.000002 -0.000001 -8.818498 -8.636124 18.250025 -2.723153 7.125020 -0.000002 0.000000 12.702813 -11.870096 10.075180
9.413228 17.754501 -14.140644 -4.517085 -27.161194 2.382234 0.000000 0.000000 0.000000 -16.149431 -5.544178 -6.702146 3.380547 11.286987 33.253974 1.734031 -1.364433 -24.516964 0.001202 -0.223885 -0.615134 0.000000 0.000000 0.000000 16.051016 6.391822 -8.883043 -3.251044 -11.037852 32.731166 -0.974053 -4.156670 -21.553150 -0.263340 -3.301339 9.118855 -1.567509 0.505789 1.548277 3.155944 0.687175 -1.045679 4.110123 0.385192 -2.001118 -17.142723 -8.446290 -12.051282 12.565187 -11.250446 21.369312 5.810882 -5.388373 10.550453 0.000000 0.000000 0.000000 -87.372827 1.495015 27.643822 14.366989 -23.256915 -2.971481 -0.000001 0.000002 10.775756 -1.990071 30.956054 -1.023982 -7.125020 0.000002 0.000000 -36.406134 56.973540 -11.737139 0.000000 0.000000 0.000000 85.156857 -4.863852 1.848132 -15.002167 24.149129 -3.226829 0.000002 -0.000001 -8.896515 -8.658935 18.188232 -2.721506 7.125020 -0.000002 0.000000 12.688911 -11.929094 10.047687
9.408909 17.754583 -14.142484 -4.460770 -27.061159 2.343395 0.000000 0.000000 0.000000 -16.172518 -5.546441 -6.703452 3.380062 11.286263 33.251500 1.727286 -1.424227 -24.451811 0.000897 -0.193373 -0.531298 0.000000 0.000000 0.000000 16.017347 6.350588 -8.876320 -3.254436 -11.040876 32.754789 -0.969816 -4.195709 -21.590965 -0.265000 -3.311650 9.147643 -1.594789 0.537856 1.585547 3.166443 0.729886 -1.060662 4.134746 0.407857 -2.041537 -16.955980 -8.183969 -12.398565 12.498304 -10.841667 21.439432 5.815298 -5.178817 10.554476 0.000000 0.000000 0.000000 -87.194803 1.526190 27.754655 14.443900 -23.365736 -3.001917 -0.000001 0.000002 10.651739 -2.386216 30.796957 -1.222273 -7.125020 0.000002 0.000000 -36.635081 56.762158 -11.630240 0.000000 0.000000 0.000000 85.067612 -4.990615 1.760149 -15.158364 24.366260 -3.291001 0.000002 -0.000001 -9.003772 -8.685748 18.136679 -2.722557 7.125020 -0.000002 0.000000 12.672258 -11.977718 10.020743
9.404559 17.754329 -14.143420 -4.437355 -26.963766 2.303336 0.000000 0.000000 0.000000 -16.165677 -5.541066 -6.689263 3.381308 11.288126 33.257864 1.721788 -1.501943 -24.391114 0.000448 -0.136684 -0.375540 0.000000 0.000000 0.000000 16.019259 6.302747 -8.842734 -3.255703 -11.041219 32.765762 -0.966429 -4.244339 -21.628922 -0.264691 -3.309734 9.142293 -1.579018 0.573456 1.632082 3.179571 0.778355 -1.075266 4.137347 0.432854 -2.086717 -16.787684 -7.922317 -12.733633 12.460030 -10.438717 21.491746 5.832749 -4.971161 10.554904 0.000000 0.000000 0.000000 -86.990809 1.567191 27.866325 14.525953 -23.481593 -3.034535 -0.000001 0.000002 10.570016 -2.803957 30.651116 -1.430406 -7.125020 0.000002 0.000000 -36.895501 56.557836 -11.539071 0.000000 0.000000 0.000000 84.974089 -5.155076 1.678306 -15.336312 24.612529 -3.364766 0.000002 -0.000001 -9.136911 -8.702152 18.120559 -2.725406 7.125020 -0.000002 0.000000 12.661836 -11.992303 10.008178
9.400253 17.753754 -14.143779 -4.444821 -26.875464 2.268455 0.000000 0.000000 0.000000 -16.130213 -5.522553 -6.669946 3.384003 11.292154 33.271628 1.718122 -1.602140 -24.338162 0.000068 -0.053202 -0.146173 0.000000 0.000000 0.000000 16.053540 6.251851 -8.795116 -3.256084 -11.041402 32.768843 -0.965897 -4.298908 -21.665228 -0.262214 -3.294334 9.099297 -1.526598 0.613174 1.682912 3.195868 0.833255 -1.087154 4.122117 0.460479 -2.131572 -16.628475 -7.660407 -13.067987 12.437282 -10.038986 21.545358 5.857250 -4.764399 10.558812 0.000000 0.000000 0.000000 -86.766092 1.607948 27.955970 14.613656 -23.605157 -3.069567 -0.000001 0.000002 10.541441 -3.236564 30.526366 -1.645377 -7.125020 0.000002 0.000000 -37.187859 56.368484 -11.471049 0.000000 0.000000 0.000000 84.876949 -5.344525 1.599369 -15.532529 24.882719 -3.446907 0.000002 -0.000001 -9.282876 -8.698687 18.147301 -2.728155 7.125020 -0.000002 0.000000 12.663672 -11.966272 10.016766
9.396045 17.752982 -14.144312 -4.477500 -26.804546 2.245748 0.000000 0.000000 0.000000 -16.070151 -5.486537 -6.657984 3.387404 11.297235 33.288993 1.716328 -1.721870 -24.294223 0.000064 0.051414 0.141260 0.000000 0.000000 0.000000 16.113425 6.210534 -8.749241 -3.257186 -11.043922 32.772290 -0.968832 -4.353872 -21.700074 -0.258720 -3.272479 9.038290 -1.451828 0.658553 1.733807 3.217544 0.896372 -1.095248 4.099428 0.491780 -2.172986 -16.469004 -7.396614 -13.389952 12.406518 -9.639362 21.611071 5.879074 -4.559161 10.565247 0.000000 0.000000 0.000000 -86.528284 1.631569 28.008917 14.698043 -23.723781 -3.103439 -0.000001 0.000002 10.565051 -3.643750 30.409104 -1.846242 -7.125020 0.000002 0.000000 -37.462776 56.191478 -11.405455 0.000000 0.000000 0.000000 84.773835 -5.539356 1.521463 -15.740447 25.167458 -3.534860 0.000002 -0.000001 -9.434798 -8.676082 18.203425 -2.729073 7.125020 -0.000002 0.000000 12.677511 -11.912828 10.042714
9.392006 17.752118 -14.145617 -4.514346 -26.754015 2.232238 0.000000 0.000000 0.000000 -16.007241 -5.438080 -6.657413 3.390565 11.301955 33.305127 1.716185 -1.846611 -24.261513 0.000633 0.162436 0.446294 0.000000 0.000000 0.000000 16.175458 6.184344 -8.718106 -3.260315 -11.050426 32.783863 -0.975255 -4.395491 -21.733390 -0.257041 -3.261924 9.008832 -1.379178 0.710593 1.781180 3.241697 0.968388 -1.099186 4.080162 0.527431 -2.208936 -16.304945 -7.130620 -13.668497 12.350762 -9.240419 21.681472 5.891089 -4.358100 10.564353 0.000000 0.000000 0.000000 -86.279996 1.619368 28.030029 14.763463 -23.815562 -3.129806 -0.000001 0.000002 10.621600 -3.968553 30.280305 -2.003380 -7.125020 0.000002 0.000000 -37.651194 56.022795 -11.313660 0.000000 0.000000 0.000000 84.662746 -5.726318 1.451709 -15.956678 25.461871 -3.627318 0.000002 -0.000001 -9.604657 -8.644975 18.264184 -2.727948 7.125020 -0.000002 0.000000 12.696830 -11.855489 10.074238
9.388213 17.751169 -14.147698 -4.527559 -26.718039 2.216488 0.000000 0.000000 0.000000 -15.972216 -5.391311 -6.661951 3.392724 11.305176 33.316140 1.717313 -1.956617 -24.242128 0.001658 0.262894 0.722322 0.000000 0.000000 0.000000 16.208900 6.165718 -8.707094 -3.265962 -11.061179 32.807390 -0.984738 -4.409749 -21.764087 -0.259494 -3.277333 9.051840 -1.329938 0.768162 1.818935 3.259074 1.046997 -1.096463 4.066949 0.566449 -2.233352 -16.137116 -6.865539 -13.883166 12.274908 -8.848708 21.735386 5.893858 -4.164319 10.545977 0.000000 0.000000 0.000000 -86.015496 1.557012 28.035473 14.800142 -23.866953 -3.144632 -0.000001 0.000002 10.679795 -4.178944 30.148804 -2.101623 -7.125020 0.000002 0.000000 -37.731713 55.875343 -11.201502 0.000000 0.000000 0.000000 84.548222 -5.896886 1.391651 -16.180020 25.764131 -3.723867 0.000002 -0.000001 -9.808563 -8.616091 18.310407 -2.725410 7.125020 -0.000002 0.000000 12.714931 -11.812278 10.100932
9.384653 17.750159 -14.150123 -4.507618 -26.686439 2.192474 0.000000 0.000000 0.000000 -15.976086 -5.361006 -6.663956 3.393757 11.306717 33.321409 1.719041 -2.037854 -24.234447 0.002825 0.343227 0.943062 0.000000 0.000000 0.000000 16.203570 6.147411 -8.712323 -3.273515 -11.074618 32.841385 -0.995525 -4.397358 -21.792674 -0.265949 -3.317528 9.164056 -1.303235 0.828682 1.839208 3.261239 1.128485 -1.083592 4.050772 0.606757 -2.237642 -15.963156 -6.608859 -14.044155 12.193591 -8.475470 21.753375 5.889992 -3.980686 10.507770 0.000000 0.000000 0.000000 -85.726067 1.441908 28.033951 14.813656 -23.885874 -3.150102 -0.000001 0.000002 10.714101 -4.292420 30.065623 -2.153751 -7.125020 0.000002 0.000000 -37.764807 55.785929 -11.127731 0.000000 0.000000 0.000000 84.442072 -6.043606 1.322629 -16.406926 26.069297 -3.823040 0.000002 -0.000001 -10.043817 -8.589303 18.341725 -2.721321 7.125020 -0.000002 0.000000 12.731845 -11.783567 10.122816
9.381132 17.749267 -14.152546 -4.473492 -26.654792 2.168716 0.000000 0.000000 0.000000 -15.997809 -5.355230 -6.663658 3.394414 11.307697 33.324759 1.720573 -2.084775 -24.233893 0.003915 0.404018 1.110120 0.000000 0.000000 0.000000 16.181666 6.139148 -8.724085 -3.281489 -11.087709 32.880182 -1.004513 -4.377217 -21.823695 -0.274534 -3.370226 9.311247 -1.277238 0.890497 1.839676 3.248342 1.211202 -1.062105 4.019494 0.647206 -2.221453 -15.772433 -6.369617 -14.179841 12.106679 -8.130943 21.728879 5.875414 -3.809888 10.454277 0.000000 0.000000 0.000000 -85.409516 1.287599 28.015997 14.819647 -23.894261 -3.152528 -0.000001 0.000002 10.719099 -4.361817 30.095993 -2.191334 -7.125020 0.000002 0.000000 -37.855297 55.795952 -11.171074 0.000000 0.000000 0.000000 84.353721 -6.165803 1.222402 -16.630909 26.368633 -3.921997 0.000002 -0.000001 -10.291610 -8.555128 18.374943 -2.714973 7.125020 -0.000002 0.000000 12.753407 -11.753580 10.149153
9.377328 17.748780 -14.155012 -4.455211 -26.628007 2.162339 0.000000 0.000000 0.000000 -16.003000 -5.373202 -6.670381 3.396021 11.310092 33.332950 1.721394 -2.097328 -24.236670 0.004866 0.450421 1.237644 0.000000 0.000000 0.000000 16.178568 6.163889 -8.734476 -3.288285 -11.097470 32.917002 -1.008935 -4.373938 -21.863816 -0.283631 -3.425148 9.464731 -1.230572 0.953319 1.827678 3.228820 1.295650 -1.041061 3.969637 0.688065 -2.198007 -15.552870 -6.152686 -14.314151 11.996866 -7.817738 21.669698 5.841057 -3.653120 10.392190 0.000000 0.000000 0.000000 -85.074432 1.118263 27.955945 14.829817 -23.908494 -3.156649 -0.000001 0.000002 10.710589 -4.442100 30.268751 -2.244544 -7.125020 0.000002 0.000000 -38.079711 55.917129 -11.372092 0.000000 0.000000 0.000000 84.280441 -6.272765 1.090130 -16.844373 26.652155 -4.017279 0.000002 -0.000001 -10.533333 -8.501814 18.434053 -2.705914 7.125020 -0.000002 0.000000 12.786833 -11.699663 10.192228
9.372996 17.748911 -14.157782 -4.468941 -26.613090 2.185276 0.000000 0.000000 0.000000 -15.971527 -5.406668 -6.695962 3.399764 11.315672 33.352034 1.721469 -2.080262 -24.241334 0.005625 0.484304 1.330768 0.000000 0.000000 0.000000 16.214039 6.236286 -8.742834 -3.292998 -11.102521 32.947206 -1.007824 -4.401620 -21.915256 -0.292428 -3.477412 9.610866 -1.159135 1.016328 1.813133 3.211633 1.381190 -1.030022 3.908093 0.729339 -2.182820 -15.301906 -5.955793 -14.463284 11.852516 -7.529811 21.595183 5.783563 -3.508298 10.330049 0.000000 0.000000 0.000000 -84.734391 0.953012 27.824101 14.842982 -23.926913 -3.161986 -0.000001 0.000002 10.714392 -4.559682 30.545149 -2.324683 -7.125020 0.000002 0.000000 -38.431419 56.112476 -11.695428 0.000000 0.000000 0.000000 84.210102 -6.371321 0.939747 -17.038031 26.907883 -4.104535 0.000002 -0.000001 -10.751024 -8.418784 18.539831 -2.693559 7.125020 -0.000002 0.000000 12.838673 -11.602245 10.262895
9.368124 17.749660 -14.160995 -4.509229 -26.610938 2.236492 0.000000 0.000000 0.000000 -15.907039 -5.443114 -6.746777 3.406052 11.325034 33.384067 1.721083 -2.043981 -24.247406 0.006042 0.501943 1.379246 0.000000 0.000000 0.000000 16.282205 6.348568 -8.754084 -3.295640 -11.103362 32.969590 -1.001717 -4.458126 -21.970878 -0.299983 -3.521653 9.734631 -1.073956 1.076820 1.798722 3.200320 1.463997 -1.030216 3.844976 0.769352 -2.178730 -15.029699 -5.771826 -14.647253 11.684754 -7.257097 21.534043 5.711354 -3.370252 10.281291 0.000000 0.000000 0.000000 -84.399402 0.794917 27.602296 14.846802 -23.932258 -3.163536 -0.000001 0.000002 10.755125 -4.690356 30.830549 -2.413230 -7.125020 0.000002 0.000000 -38.806751 56.311075 -12.035229 0.000000 0.000000 0.000000 84.130767 -6.453423 0.781816 -17.202236 27.123609 -4.179123 0.000002 -0.000001 -10.926538 -8.305434 18.692615 -2.677621 7.125020 -0.000002 0.000000 12.909413 -11.461085 10.361565
9.362942 17.750828 -14.164516 -4.560930 -26.615226 2.305065 0.000000 0.000000 0.000000 -15.825443 -5.471047 -6.819631 3.414328 11.337338 33.426188 1.720580 -2.001388 -24.254237 0.005951 0.498117 1.368732 0.000000 0.000000 0.000000 16.364660 6.475050 -8.772828 -3.296810 -11.101597 32.985362 -0.991856 -4.531774 -22.018106 -0.304765 -3.549364 9.812182 -0.987348 1.130612 1.779570 3.194662 1.537971 -1.034721 3.787443 0.805032 -2.175715 -14.754344 -5.592210 -14.890300 11.519726 -6.988977 21.520010 5.640085 -3.232611 10.262756 0.000000 0.000000 0.000000 -84.075087 0.638446 27.290189 14.826678 -23.904103 -3.155377 -0.000001 0.000002 10.856585 -4.760361 31.022738 -2.464595 -7.125020 0.000002 0.000000 -39.045181 56.447466 -12.264267 0.000000 0.000000 0.000000 84.034040 -6.504833 0.627553 -17.333782 27.295694 -4.239272 0.000002 -0.000001 -11.059582 -8.182091 18.859488 -2.660063 7.125020 -0.000002 0.000000 12.986529 -11.306958 10.469142
9.357790 17.752137 -14.167938 -4.612330 -26.617606 2.376849 0.000000 0.000000 0.000000 -15.741624 -5.484541 -6.902182 3.423409 11.350815 33.472354 1.720264 -1.960560 -24.262032 0.005293 0.469779 1.290845 0.000000 0.000000 0.000000 16.446272 6.584956 -8.798943 -3.297276 -11.099184 32.996351 -0.980236 -4.610341 -22.048098 -0.305058 -3.551051 9.816904 -0.903938 1.173898 1.750222 3.194959 1.597693 -1.035745 3.738783 0.833522 -2.162429 -14.498961 -5.409057 -15.200808 11.382812 -6.715793 21.578054 5.585600 -3.090337 10.285298 0.000000 0.000000 0.000000 -83.768032 0.483563 26.896774 14.776827 -23.834294 -3.135205 -0.000001 0.000002 11.032925 -4.696209 31.078566 -2.436432 -7.125020 0.000002 0.000000 -39.037079 56.503856 -12.318586 0.000000 0.000000 0.000000 83.912824 -6.523384 0.496187 -17.439281 27.433232 -4.287765 0.000002 -0.000001 -11.177265 -8.083868 18.990622 -2.645661 7.125020 -0.000002 0.000000 13.048102 -11.186000 10.554362
9.352919 17.753336 -14.170744 -4.655662 -26.613048 2.438328 0.000000 0.000000 0.000000 -15.667624 -5.482502 -6.978780 3.432089 11.363675 33.516430 1.720346 -1.921923 -24.272236 0.004116 0.414287 1.138339 0.000000 0.000000 0.000000 16.517246 6.653871 -8.827977 -3.297709 -11.097906 33.003918 -0.969574 -4.684535 -22.059901 -0.299585 -3.519337 9.728150 -0.825202 1.205242 1.709650 3.202371 1.641121 -1.030057 3.701131 0.853762 -2.134944 -14.290343 -5.218363 -15.554233 11.291740 -6.432863 21.708156 5.560100 -2.942478 10.344963 0.000000 0.000000 0.000000 -83.486713 0.336055 26.428701 14.706506 -23.735663 -3.106844 -0.000001 0.000002 11.257423 -4.493020 31.052341 -2.329123 -7.125020 0.000002 0.000000 -38.825542 56.525028 -12.256995 0.000000 0.000000 0.000000 83.761511 -6.521870 0.403477 -17.528436 27.549133 -4.328919 0.000002 -0.000001 -11.311897 -8.038200 19.054799 -2.639455 7.125020 -0.000002 0.000000 13.076815 -11.126624 10.594715
9.348367 17.754249 -14.172695 -4.683695 -26.599650 2.480212 0.000000 0.000000 0.000000 -15.612927 -5.465501 -7.040299 3.439626 11.374824 33.554665 1.720777 -1.884795 -24.284652 0.002570 0.327346 0.899422 0.000000 0.000000 0.000000 16.570006 6.672586 -8.855168 -3.298471 -11.098721 33.008798 -0.962090 -4.749375 -22.057878 -0.288472 -3.454008 9.545417 -0.757157 1.225414 1.662588 3.217226 1.669228 -1.019974 3.678046 0.866419 -2.098627 -14.148096 -5.022364 -15.903222 11.251601 -6.143567 21.883756 5.567817 -2.792843 10.424262 0.000000 0.000000 0.000000 -83.235662 0.198724 25.891603 14.631905 -23.630832 -3.076878 -0.000001 0.000002 11.466958 -4.203039 31.036744 -2.176269 -7.125020 0.000002 0.000000 -38.542472 56.573568 -12.192468 0.000000 0.000000 0.000000 83.579084 -6.514457 0.346666 -17.604286 27.647502 -4.364058 0.000002 -0.000001 -11.471615 -8.048469 19.056466 -2.643302 7.125020 -0.000002 0.000000 13.070361 -11.124161 10.589550
9.343992 17.754821 -14.174141 -4.693707 -26.574689 2.501773 0.000000 0.000000 0.000000 -15.578242 -5.436420 -7.089463 3.445882 11.384066 33.586376 1.721078 -1.855172 -24.294266 0.001059 0.210100 0.577256 0.000000 0.000000 0.000000 16.603161 6.649246 -8.878775 -3.299531 -11.101369 33.011422 -0.958192 -4.806792 -22.048100 -0.273639 -3.364769 9.295999 -0.708054 1.235391 1.619255 3.239314 1.683380 -1.011728 3.673637 0.872489 -2.066027 -14.070068 -4.827028 -16.201974 11.249469 -5.856047 22.063522 5.601134 -2.647210 10.499920 0.000000 0.000000 0.000000 -83.011025 0.069687 25.299853 14.561482 -23.531683 -3.048706 -0.000001 0.000002 11.614939 -3.863527 31.064156 -2.000015 -7.125020 0.000002 0.000000 -38.251806 56.667024 -12.167663 0.000000 0.000000 0.000000 83.371084 -6.503949 0.302185 -17.659834 27.719405 -4.389865 0.000002 -0.000000 -11.632661 -8.098914 19.021857 -2.655482 7.125020 -0.000002 0.000000 13.038489 -11.154120 10.553957
9.339607 17.755170 -14.175811 -4.691418 -26.532975 2.510026 0.000000 0.000000 0.000000 -15.553225 -5.403101 -7.135676 3.451141 11.391825 33.613006 1.720482 -1.845359 -24.292302 0.000155 0.080277 0.220559 0.000000 0.000000 0.000000 16.624467 6.598869 -8.900410 -3.300649 -11.104848 33.012313 -0.956686 -4.863068 -22.035663 -0.257728 -3.266248 9.020900 -0.680653 1.235162 1.591264 3.268216 1.683799 -1.010968 3.688719 0.872292 -2.049616 -14.030953 -4.637988 -16.421649 11.257717 -5.578070 22.203936 5.642646 -2.510201 10.549814 0.000000 0.000000 0.000000 -82.802057 -0.054746 24.676308 14.494003 -23.436510 -3.021816 -0.000001 0.000002 11.691877 -3.489638 31.109801 -1.807134 -7.125020 0.000002 0.000000 -37.945512 56.782331 -12.157397 0.000000 0.000000 0.000000 83.148343 -6.481760 0.239829 -17.684306 27.751044 -4.401254 0.000002 -0.000000 -11.758506 -8.174877 18.974843 -2.674277 7.125020 -0.000002 0.000000 12.990286 -11.194240 10.501855
9.335117 17.755503 -14.178220 -4.686019 -26.470127 2.512221 0.000000 0.000000 0.000000 -15.525640 -5.376508 -7.184685 3.455733 11.398594 33.636249 1.718338 -1.864480 -24.271697 0.000027 -0.033151 -0.091082 0.000000 0.000000 0.000000 16.644138 6.530986 -8.922042 -3.301629 -11.108154 33.012382 -0.955903 -4.920986 -22.023263 -0.243035 -3.172461 8.759263 -0.670348 1.224818 1.584690 3.301904 1.670788 -1.017344 3.718440 0.865921 -2.052286 -13.994908 -4.460184 -16.557492 11.245024 -5.316326 22.273412 5.672136 -2.384853 10.560316 0.000000 0.000000 0.000000 -82.596121 -0.180991 24.042817 14.425861 -23.340232 -2.994766 -0.000001 0.000002 11.706478 -3.116475 31.165359 -1.615194 -7.125020 0.000002 0.000000 -37.648720 56.905691 -12.157897 0.000000 0.000000 0.000000 82.922484 -6.438370 0.145829 -17.674077 27.737823 -4.396492 0.000002 -0.000000 -11.829854 -8.277480 18.922728 -2.700973 7.125020 -0.000002 0.000000 12.924906 -11.237271 10.434579
9.330595 17.755924 -14.181332 -4.682613 -26.388050 2.510171 0.000000 0.000000 0.000000 -15.491378 -5.364212 -7.233792 3.459664 11.404383 33.656132 1.714443 -1.907695 -24.232353 0.000312 -0.113888 -0.312906 0.000000 0.000000 0.000000 16.666616 6.450965 -8.942541 -3.302424 -11.110594 33.013096 -0.954340 -4.976461 -22.012151 -0.231748 -3.098430 8.552904 -0.669623 1.207045 1.597585 3.336509 1.647905 -1.024962 3.754492 0.854894 -2.066785 -13.931768 -4.299567 -16.629023 11.187441 -5.078273 22.266414 5.673936 -2.273894 10.532669 0.000000 0.000000 0.000000 -82.384795 -0.317478 23.415209 14.353982 -23.238492 -2.966347 -0.000001 0.000002 11.678439 -2.794962 31.260784 -1.451564 -7.125020 0.000002 0.000000 -37.436047 57.050500 -12.210647 0.000000 0.000000 0.000000 82.701139 -6.373403 0.028094 -17.636382 27.689064 -4.378962 0.000002 -0.000000 -11.853912 -8.415426 18.859099 -2.737501 7.125020 -0.000002 0.000000 12.836822 -11.288829 10.345937
9.326249 17.756373 -14.184752 -4.680257 -26.296970 2.502749 0.000000 0.000000 0.000000 -15.455367 -5.366140 -7.276565 3.462455 11.408491 33.670244 1.709052 -1.956047 -24.181091 0.000694 -0.170038 -0.467181 0.000000 0.000000 0.000000 16.688658 6.365389 -8.960666 -3.303214 -11.112024 33.016550 -0.951194 -5.019048 -22.002583 -0.226256 -3.061741 8.450688 -0.672737 1.187871 1.623106 3.368313 1.623094 -1.029178 3.789658 0.842953 -2.084767 -13.827435 -4.162071 -16.665957 11.074417 -4.871008 22.201482 5.641192 -2.179871 10.479789 0.000000 0.000000 0.000000 -82.168548 -0.468172 22.801196 14.275872 -23.127717 -2.935597 -0.000001 0.000002 11.638833 -2.546518 31.423531 -1.328071 -7.125020 0.000002 0.000000 -37.353080 57.234031 -12.349991 0.000000 0.000000 0.000000 82.486189 -6.296739 -0.101846 -17.582504 27.619278 -4.353955 0.000002 -0.000001 -11.847562 -8.581698 18.779420 -2.780849 7.125020 -0.000002 0.000000 12.730629 -11.353949 10.238458
9.322321 17.756757 -14.188096 -4.675528 -26.212376 2.490970 0.000000 0.000000 0.000000 -15.425731 -5.376715 -7.308688 3.463300 11.409734 33.674516 1.702694 -1.987737 -24.127222 0.001118 -0.215809 -0.592943 0.000000 0.000000 0.000000 16.703321 6.279247 -8.980600 -3.304501 -11.113248 33.025194 -0.947222 -5.033346 -21.993255 -0.228193 -3.074737 8.486889 -0.676911 1.173806 1.653221 3.395864 1.605013 -1.030528 3.820700 0.834348 -2.102768 -13.685321 -4.049163 -16.689800 10.910645 -4.696018 22.103024 5.576909 -2.102929 10.415240 0.000000 0.000000 0.000000 -81.957218 -0.627867 22.192831 14.191082 -23.007220 -2.902375 -0.000001 0.000002 11.623332 -2.338999 31.635032 -1.227020 -7.125020 0.000002 0.000000 -37.353984 57.447763 -12.550643 0.000000 0.000000 0.000000 82.274463 -6.221266 -0.238034 -17.520900 27.539351 -4.325434 0.000002 -0.000001 -11.824170 -8.743854 18.692076 -2.821498 7.125020 -0.000002 0.000000 12.627153 -11.426986 10.131289
9.318970 17.757056 -14.191147 -4.665515 -26.151210 2.477209 0.000000 0.000000 0.000000 -15.410184 -5.390249 -7.326845 3.461410 11.406951 33.664958 1.696160 -1.987281 -24.080105 0.001491 -0.249255 -0.684844 0.000000 0.000000 0.000000 16.704605 6.194716 -9.008895 -3.307003 -11.115973 33.041056 -0.944918 -5.005385 -21.983043 -0.237184 -3.134306 8.652890 -0.682183 1.168569 1.681002 3.420524 1.598624 -1.031496 3.848994 0.831586 -2.119866 -13.524505 -3.954556 -16.709590 10.718721 -4.545190 21.989465 5.494740 -2.038455 10.347367 0.000000 0.000000 0.000000 -81.766803 -0.784922 21.561415 14.101705 -22.879920 -2.867533 -0.000001 0.000002 11.661967 -2.108493 31.833031 -1.112718 -7.125020 0.000002 0.000000 -37.321842 57.655189 -12.731941 0.000000 0.000000 0.000000 82.059076 -6.154054 -0.369951 -17.456084 27.455100 -4.295508 0.000002 -0.000001 -11.796317 -8.861911 18.613369 -2.848734 7.125020 -0.000002 0.000000 12.551997 -11.495074 10.049488
9.316268 17.757289 -14.193828 -4.646022 -26.130390 2.461036 0.000000 0.000000 0.000000 -15.418732 -5.405846 -7.325173 3.456392 11.399563 33.639582 1.690747 -1.945053 -24.051260 0.001537 -0.253111 -0.695438 0.000000 0.000000 0.000000 16.686774 6.115645 -9.047873 -3.311353 -11.122090 33.064827 -0.947396 -4.927740 -21.970989 -0.250754 -3.222081 8.897659 -0.692439 1.173190 1.700542 3.444605 1.605153 -1.031563 3.879219 0.835309 -2.132508 -13.374179 -3.866445 -16.731422 10.536039 -4.403422 21.875504 5.416523 -1.977901 10.282067 0.000000 0.000000 0.000000 -81.613705 -0.929495 20.868766 14.010036 -22.749056 -2.831989 -0.000001 0.000002 11.768663 -1.794040 31.953449 -0.951100 -7.125020 0.000002 0.000000 -37.138349 57.818313 -12.809407 0.000000 0.000000 0.000000 81.832509 -6.090098 -0.481779 -17.388212 27.366707 -4.264262 0.000002 -0.000001 -11.775676 -8.914422 18.557135 -2.857700 7.125020 -0.000002 0.000000 12.518843 -11.546266 10.007735
9.314259 17.757475 -14.196174 -4.611210 -26.166174 2.439899 0.000000 0.000000 0.000000 -15.463666 -5.429145 -7.297054 3.448517 11.387952 33.599717 1.688195 -1.853574 -24.055184 0.001078 -0.212032 -0.582566 0.000000 0.000000 0.000000 16.643781 6.052282 -9.095040 -3.317793 -11.132789 33.095438 -0.956565 -4.800525 -21.952880 -0.265269 -3.313316 9.152293 -0.713668 1.188590 1.706200 3.468882 1.625518 -1.026545 3.915679 0.845947 -2.133511 -13.257564 -3.773888 -16.768400 10.395681 -4.256252 21.776776 5.361372 -1.912850 10.226664 0.000000 0.000000 0.000000 -81.506150 -1.061646 20.091749 13.915856 -22.614291 -2.795672 -0.000001 0.000002 11.937778 -1.362929 31.969714 -0.724522 -7.125020 0.000002 0.000000 -36.745879 57.923396 -12.745639 0.000000 0.000000 0.000000 81.592696 -6.010205 -0.576554 -17.310459 27.265231 -4.228581 0.000002 -0.000001 -11.756824 -8.906906 18.531534 -2.851530 7.125020 -0.000002 0.000000 12.524042 -11.572069 10.005155
9.312925 17.757610 -14.198371 -4.558877 -26.270376 2.413680 0.000000 0.000000 0.000000 -15.550889 -5.467525 -7.241109 3.438717 11.373478 33.550053 1.689755 -1.707121 -24.103048 0.000396 -0.128433 -0.352871 0.000000 0.000000 0.000000 16.575313 6.022622 -9.145323 -3.325997 -11.147939 33.130174 -0.971798 -4.635675 -21.921838 -0.276889 -3.384531 9.351213 -0.748796 1.217055 1.696041 3.492212 1.662579 -1.013214 3.958784 0.864883 -2.118757 -13.176473 -3.672238 -16.839100 10.306502 -4.097203 21.709814 5.334485 -1.839318 10.189865 0.000000 0.000000 0.000000 -81.436344 -1.191210 19.244081 13.816098 -22.471195 -2.757428 -0.000001 0.000002 12.149050 -0.834366 31.909271 -0.444489 -7.125020 0.000002 0.000000 -36.187539 57.988700 -12.575432 0.000000 0.000000 0.000000 81.348149 -5.890775 -0.691865 -17.211263 27.135438 -4.183239 0.000002 -0.000001 -11.710119 -8.861961 18.537317 -2.837757 7.125020 -0.000002 0.000000 12.553006 -11.569948 10.030094
9.312073 17.757687 -14.200691 -4.494925 -26.441489 2.385880 0.000000 0.000000 0.000000 -15.671451 -5.521665 -7.164105 3.428349 11.358136 33.497447 1.695096 -1.506743 -24.193655 0.000016 -0.026164 -0.071886 0.000000 0.000000 0.000000 16.491934 6.042575 -9.192350 -3.335056 -11.165870 33.165109 -0.990089 -4.457595 -21.873966 -0.282703 -3.419587 9.449184 -0.794164 1.260063 1.676343 3.512879 1.718538 -0.994331 4.004419 0.893238 -2.094638 -13.114858 -3.563835 -16.952232 10.255793 -3.930349 21.686193 5.328170 -1.759243 10.177270 0.000000 0.000000 0.000000 -81.381233 -1.326774 18.378644 13.707358 -22.314808 -2.716002 -0.000001 0.000002 12.372489 -0.278164 31.840294 -0.149537 -7.125020 0.000002 0.000000 -35.593369 58.054222 -12.389111 0.000000 0.000000 0.000000 81.115622 -5.726585 -0.868357 -17.086777 26.972030 -4.126620 0.000002 -0.000001 -11.614302 -8.807791 18.561721 -2.823687 7.125020 -0.000002 0.000000 12.587691 -11.550235 10.064573
9.311344 17.757717 -14.203236 -4.431991 -26.658298 2.360417 0.000000 0.000000 0.000000 -15.802955 -5.583271 -7.076785 3.418873 11.344086 33.449302 1.702530 -1.267304 -24.312486 0.000091 0.061852 0.169938 0.000000 0.000000 0.000000 16.411905 6.111331 -9.228920 -3.343617 -11.183617 33.195823 -1.007528 -4.292479 -21.813292 -0.282355 -3.417502 9.443359 -0.838846 1.314239 1.658741 3.529634 1.789472 -0.977735 4.044924 0.929116 -2.075083 -13.053746 -3.453882 -17.093420 10.225707 -3.765774 21.704635 5.330927 -1.678032 10.186143 0.000000 0.000000 0.000000 -81.313645 -1.464793 17.563830 13.589399 -22.144684 -2.671376 -0.000001 0.000002 12.571150 0.228453 31.830367 0.119176 -7.125020 0.000002 0.000000 -35.099872 58.157948 -12.276135 0.000000 0.000000 0.000000 80.911855 -5.541395 -1.106630 -16.949167 26.790712 -4.064400 0.000002 -0.000001 -11.488482 -8.770604 18.580261 -2.814265 7.125020 -0.000002 0.000000 12.611471 -11.534946 10.088709
9.310454 17.757721 -14.205778 -4.383588 -26.887865 2.338632 0.000000 0.000000 0.000000 -15.920337 -5.640419 -6.987795 3.411557 11.333220 33.412093 1.710385 -1.016445 -24.440706 0.000306 0.112977 0.310405 0.000000 0.000000 0.000000 16.352481 6.210819 -9.247790 -3.350289 -11.197951 33.218307 -1.021168 -4.156802 -21.750851 -0.278305 -3.393103 9.375167 -0.866896 1.371048 1.651197 3.541785 1.864584 -0.969863 4.070748 0.967059 -2.069806 -12.979129 -3.346020 -17.229718 10.199479 -3.611830 21.748949 5.332171 -1.600800 10.204825 0.000000 0.000000 0.000000 -81.214580 -1.593452 16.850819 13.464757 -21.964381 -2.624574 -0.000001 0.000002 12.707244 0.644416 31.907319 0.340635 -7.125020 0.000002 0.000000 -34.772619 58.313396 -12.274605 0.000000 0.000000 0.000000 80.746931 -5.368245 -1.373338 -16.816703 26.615500 -4.004876 0.000002 -0.000001 -11.369372 -8.764433 18.572864 -2.811139 7.125020 -0.000002 0.000000 12.615515 -11.542714 10.090098
9.309402 17.757717 -14.207964 -4.359140 -27.103462 2.320378 0.000000 0.000000 0.000000 -16.005376 -5.680959 -6.904057 3.407244 11.326807 33.390141 1.717805 -0.784182 -24.563310 0.000372 0.124493 0.342046 0.000000 0.000000 0.000000 16.323965 6.319249 -9.244967 -3.354208 -11.206951 33.229891 -1.030090 -4.056110 -21.696809 -0.273409 -3.363367 9.292085 -0.862601 1.421653 1.652793 3.549533 1.932422 -0.971265 4.073682 1.001093 -2.077417 -12.885006 -3.241992 -17.325434 10.160623 -3.471731 21.794846 5.323219 -1.530841 10.217782 0.000000 0.000000 0.000000 -81.078295 -1.707728 16.255530 13.333451 -21.773839 -2.575664 -0.000001 0.000002 12.755533 0.969160 32.053462 0.515014 -7.125020 0.000002 0.000000 -34.597097 58.505655 -12.365965 0.000000 0.000000 0.000000 80.621927 -5.224444 -1.636402 -16.699927 26.460491 -3.952701 0.000002 -0.000001 -11.271402 -8.784431 18.535976 -2.812196 7.125020 -0.000002 0.000000 12.602988 -11.577419 10.070385
9.308427 17.757738 -14.209692 -4.363655 -27.293919 2.308042 0.000000 0.000000 0.000000 -16.047729 -5.693562 -6.835034 3.406164 11.325201 33.384642 1.724432 -0.592941 -24.670008 0.000283 0.108607 0.298397 0.000000 0.000000 0.000000 16.330141 6.422046 -9.224068 -3.355338 -11.210652 33.230195 -1.034663 -3.989921 -21.652653 -0.268391 -3.332610 9.206174 -0.815840 1.461418 1.657215 3.554949 1.986914 -0.979022 4.050573 1.027910 -2.090568 -12.778379 -3.143587 -17.357630 10.100635 -3.345586 21.824607 5.301332 -1.469986 10.214295 0.000000 0.000000 0.000000 -80.911694 -1.815997 15.758533 13.190630 -21.565893 -2.522926 -0.000001 0.000002 12.720145 1.213346 32.233247 0.647777 -7.125020 0.000002 0.000000 -34.531394 58.707667 -12.510657 0.000000 0.000000 0.000000 80.530254 -5.109217 -1.881021 -16.600695 26.328365 -3.908588 0.000002 -0.000001 -11.183840 -8.814665 18.478872 -2.813572 7.125020 -0.000002 0.000000 12.584074 -11.631206 10.040254
9.307816 17.757818 -14.211169 -4.396983 -27.458236 2.307599 0.000000 0.000000 0.000000 -16.045506 -5.674587 -6.791416 3.407847 11.327704 33.393209 1.729960 -0.452455 -24.754278 0.000166 0.083240 0.228701 0.000000 0.000000 0.000000 16.367875 6.510580 -9.197775 -3.354293 -11.210246 33.221650 -1.034902 -3.952438 -21.610403 -0.261621 -3.290638 9.088980 -0.726887 1.490028 1.658911 3.561553 2.027602 -0.992026 4.005391 1.047229 -2.105066 -12.676878 -3.052767 -17.326675 10.026437 -3.232642 21.840017 5.272311 -1.418590 10.195434 0.000000 0.000000 0.000000 -80.731939 -1.930995 15.315285 13.030773 -21.332288 -2.464470 -0.000001 0.000002 12.642050 1.372519 32.422337 0.736046 -7.125020 0.000002 0.000000 -34.557871 58.898279 -12.684319 0.000000 0.000000 0.000000 80.461769 -5.016249 -2.108234 -16.518215 26.218263 -3.872078 0.000002 -0.000001 -11.089589 -8.838560 18.419271 -2.812474 7.125020 -0.000002 0.000000 12.569284 -11.687955 10.012833
9.307790 17.757976 -14.212640 -4.448618 -27.596588 2.323892 0.000000 0.000000 0.000000 -16.011053 -5.634348 -6.779143 3.411217 11.332714 33.410359 1.734123 -0.359721 -24.814059 0.000107 0.066704 0.183269 0.000000 0.000000 0.000000 16.421908 6.574929 -9.184791 -3.352003 -11.207176 33.208882 -1.030211 -3.930411 -21.558213 -0.250705 -3.221775 8.896804 -0.610483 1.508895 1.655169 3.571742 2.056112 -1.012878 3.948935 1.060137 -2.122794 -12.594797 -2.970059 -17.255017 9.952159 -3.131047 21.858368 5.244901 -1.375145 10.171922 0.000000 0.000000 0.000000 -80.561928 -2.057552 14.874430 12.851588 -21.069372 -2.399670 -0.000001 0.000002 12.587536 1.437134 32.604080 0.774022 -7.125020 0.000002 0.000000 -34.670213 59.061489 -12.871572 0.000000 0.000000 0.000000 80.406422 -4.942840 -2.330017 -16.452452 26.130293 -3.843070 0.000002 -0.000001 -10.977265 -8.837565 18.385491 -2.807108 7.125020 -0.000002 0.000000 12.570282 -11.721256 10.004911
9.308480 17.758177 -14.214115 -4.496555 -27.709122 2.354494 0.000000 0.000000 0.000000 -15.971622 -5.590107 -6.795494 3.414918 11.338213 33.429188 1.736842 -0.302066 -24.852207 0.000124 0.071755 0.197147 0.000000 0.000000 0.000000 16.465146 6.603404 -9.201549 -3.349511 -11.203069 33.197082 -1.020990 -3.904928 -21.488027 -0.234665 -3.117735 8.606704 -0.492933 1.519602 1.645798 3.584756 2.074023 -1.045098 3.895187 1.067901 -2.148314 -12.532880 -2.894246 -17.174494 9.885526 -3.037649 21.896738 5.223348 -1.336908 10.155648 0.000000 0.000000 0.000000 -80.422377 -2.189464 14.399945 12.654508 -20.778903 -2.329286 -0.000001 0.000002 12.617890 1.421257 32.749110 0.768214 -7.125020 0.000002 0.000000 -34.826151 59.176314 -13.036912 0.000000 0.000000 0.000000 80.356066 -4.891509 -2.558798 -16.405406 26.067259 -3.822373 0.000002 -0.000001 -10.847445 -8.792565 18.405740 -2.795503 7.125020 -0.000002 0.000000 12.599094 -11.704851 10.033526
9.309872 17.758339 -14.215352 -4.517896 -27.801883 2.388772 0.000000 0.000000 0.000000 -15.957147 -5.551864 -6.828938 3.417791 11.342480 33.443802 1.738295 -0.258487 -24.876587 0.000216 0.094820 0.260517 0.000000 0.000000 0.000000 16.471569 6.591281 -9.252165 -3.347822 -11.199814 33.190362 -1.009884 -3.856222 -21.400414 -0.215394 -2.987823 8.244851 -0.399582 1.524736 1.633736 3.597762 2.084214 -1.088916 3.855338 1.072363 -2.184551 -12.482607 -2.824506 -17.113067 9.825415 -2.950261 21.962772 5.206506 -1.301742 10.154198 0.000000 0.000000 0.000000 -80.324802 -2.314960 13.884356 12.446482 -20.470841 -2.256009 -0.000001 0.000002 12.754688 1.365351 32.824064 0.739455 -7.125020 0.000002 0.000000 -34.953177 59.224729 -13.133380 0.000000 0.000000 0.000000 80.305853 -4.867472 -2.795106 -16.382141 26.036056 -3.812155 0.000002 -0.000000 -10.718034 -8.700976 18.481278 -2.776956 7.125020 -0.000002 0.000000 12.657407 -11.637727 10.100338
9.311789 17.758410 -14.216111 -4.502506 -27.888930 2.414730 0.000000 0.000000 0.000000 -15.984251 -5.517840 -6.864470 3.419310 11.344735 33.451524 1.738912 -0.202377 -24.898923 0.000297 0.111171 0.305441 0.000000 0.000000 0.000000 16.431283 6.548014 -9.326951 -3.347663 -11.199110 33.190815 -1.000793 -3.770653 -21.303664 -0.196780 -2.856588 7.879736 -0.343676 1.528502 1.625001 3.609230 2.091979 -1.140746 3.834958 1.076350 -2.232030 -12.436345 -2.762355 -17.084726 9.766951 -2.869965 22.053086 5.191051 -1.269674 10.168950 0.000000 0.000000 0.000000 -80.271909 -2.421893 13.342642 12.242360 -20.167112 -2.185128 -0.000001 0.000002 12.971259 1.309837 32.825741 0.709447 -7.125020 0.000002 0.000000 -35.008360 59.213421 -13.147606 0.000000 0.000000 0.000000 80.254437 -4.875177 -3.023452 -16.389502 26.045928 -3.815386 0.000002 -0.000000 -10.623093 -8.588006 18.576157 -2.754228 7.125020 -0.000002 0.000000 12.729381 -11.553294 10.183171
9.313950 17.758473 -14.216559 -4.456712 -27.986253 2.428110 0.000000 0.000000 0.000000 -16.049656 -5.482216 -6.893501 3.419709 11.345326 33.453548 1.739176 -0.110862 -24.930342 0.000188 0.088348 0.242735 0.000000 0.000000 0.000000 16.354490 6.495258 -9.412346 -3.349342 -11.201974 33.198513 -0.996601 -3.650463 -21.208832 -0.181848 -2.746667 7.574233 -0.325865 1.535223 1.626022 3.620739 2.103115 -1.196724 3.835696 1.082770 -2.290924 -12.390692 -2.711086 -17.084445 9.704170 -2.800727 22.154010 5.173103 -1.242809 10.194428 0.000000 0.000000 0.000000 -80.261590 -2.500819 12.795983 12.060781 -19.895731 -2.122931 -0.000001 0.000002 13.219492 1.266853 32.794447 0.685531 -7.125020 0.000002 0.000000 -35.019316 59.178039 -13.122075 0.000000 0.000000 0.000000 80.202941 -4.914558 -3.218315 -16.431701 26.102494 -3.833934 0.000002 -0.000000 -10.600343 -8.494772 18.639505 -2.733210 7.125020 -0.000002 0.000000 12.788983 -11.498338 10.247770
9.316085 17.758733 -14.217434 -4.397349 -28.106064 2.435285 0.000000 0.000000 0.000000 -16.134885 -5.441791 -6.919383 3.419698 11.345310 33.453496 1.739345 0.024893 -24.976054 0.000002 0.008786 0.024140 0.000000 0.000000 0.000000 16.264630 6.460042 -9.500520 -3.352864 -11.208818 33.212347 -0.998015 -3.517344 -21.124689 -0.170954 -2.663552 7.343414 -0.338793 1.547801 1.639697 3.635652 2.121701 -1.254381 3.856684 1.093571 -2.360515 -12.342974 -2.673579 -17.095273 9.630611 -2.746856 22.247104 5.148438 -1.223717 10.221232 0.000000 0.000000 0.000000 -80.286598 -2.550504 12.264780 11.914127 -19.675729 -2.073288 -0.000001 0.000002 13.458963 1.214361 32.786786 0.656841 -7.125020 0.000002 0.000000 -35.062632 59.159748 -13.125362 0.000000 0.000000 0.000000 80.154121 -4.977133 -3.352697 -16.507057 26.203342 -3.867149 0.000002 -0.000001 -10.676596 -8.462205 18.632698 -2.721647 7.125020 -0.000002 0.000000 12.810084 -11.507565 10.263072
9.318033 17.759366 -14.219649 -4.343486 -28.257523 2.448166 0.000000 0.000000 0.000000 -16.216763 -5.394342 -6.952709 3.419963 11.345703 33.454841 1.739460 0.197390 -25.034482 0.000330 -0.117200 -0.322006 0.000000 0.000000 0.000000 16.187118 6.468918 -9.589381 -3.358105 -11.219673 33.231065 -1.004154 -3.399442 -21.054820 -0.162831 -2.599813 7.166506 -0.370682 1.567163 1.662902 3.657667 2.149149 -1.310868 3.895172 1.109255 -2.435955 -12.290020 -2.649173 -17.102340 9.542095 -2.708308 22.317350 5.114346 -1.212651 10.241030 0.000000 0.000000 0.000000 -80.334134 -2.580471 11.770034 11.802077 -19.507151 -2.035717 -0.000001 0.000002 13.664848 1.123539 32.829551 0.608276 -7.125020 0.000002 0.000000 -35.192218 59.173885 -13.194001 0.000000 0.000000 0.000000 80.109607 -5.046861 -3.398895 -16.610368 26.341256 -3.912878 0.000002 -0.000001 -10.869882 -8.523633 18.538357 -2.727692 7.125020 -0.000002 0.000000 12.771224 -11.595436 10.207436
9.319763 17.760380 -14.223546 -4.308772 -28.448903 2.475922 0.000000 0.000000 0.000000 -16.279272 -5.336460 -7.000808 3.420778 11.346912 33.458982 1.739741 0.389783 -25.102038 0.001540 -0.253315 -0.695997 0.000000 0.000000 0.000000 16.137459 6.541572 -9.677012 -3.364756 -11.233909 33.253503 -1.013610 -3.307953 -20.996961 -0.157110 -2.553947 7.039257 -0.409598 1.591552 1.687546 3.690501 2.183192 -1.362467 3.948647 1.128418 -2.508424 -12.230917 -2.630862 -17.099818 9.439732 -2.676157 22.359176 5.072095 -1.205307 10.249535 0.000000 0.000000 0.000000 -80.391172 -2.603047 11.329314 11.714243 -19.374710 -2.006482 -0.000001 0.000002 13.825657 0.993523 32.895020 0.538874 -7.125020 0.000002 0.000000 -35.381876 59.197661 -13.297121 0.000000 0.000000 0.000000 80.065500 -5.109477 -3.324523 -16.738482 26.511723 -3.969895 0.000002 -0.000001 -11.205237 -8.693395 18.359238 -2.755774 7.125020 -0.000002 0.000000 12.663024 -11.758233 10.074372
9.321325 17.761610 -14.228487 -4.296773 -28.684257 2.519306 0.000000 0.000000 0.000000 -16.320546 -5.267172 -7.060049 3.421964 11.348671 33.465010 1.740799 0.586023 -25.177844 0.002967 -0.351675 -0.966277 0.000000 0.000000 0.000000 16.114836 6.681506 -9.758378 -3.372119 -11.249804 33.277909 -1.025031 -3.225213 -20.944914 -0.155587 -2.541590 7.004981 -0.447039 1.616167 1.704846 3.736380 2.217431 -1.406979 4.015171 1.147637 -2.570025 -12.166622 -2.606888 -17.088421 9.328438 -2.635084 22.379186 5.026039 -1.194227 10.247325 0.000000 0.000000 0.000000 -80.449514 -2.622480 10.949957 11.637551 -19.258858 -1.981113 -0.000001 0.000002 13.941974 0.852770 32.922564 0.463144 -7.125020 0.000002 0.000000 -35.544585 59.188258 -13.359663 0.000000 0.000000 0.000000 80.013221 -5.162895 -3.103138 -16.891963 26.715128 -4.038650 0.000002 -0.000001 -11.708323 -8.955331 18.116240 -2.802779 7.125020 -0.000002 0.000000 12.495666 -11.976883 9.877953
9.322790 17.762823 -14.233190 -4.302702 -28.955230 2.571265 0.000000 0.000000 0.000000 -16.348901 -5.191792 -7.117444 3.423111 11.350373 33.470843 1.743147 0.775717 -25.262122 0.003402 -0.376566 -1.034676 0.000000 0.000000 0.000000 16.107158 6.869720 -9.826784 -3.379058 -11.264675 33.301134 -1.037025 -3.119954 -20.892637 -0.160537 -2.581514 7.115734 -0.476975 1.634188 1.709999 3.793450 2.242846 -1.445773 4.089925 1.162247 -2.618477 -12.096956 -2.567386 -17.068843 9.214220 -2.573541 22.392300 4.980498 -1.173636 10.238444 0.000000 0.000000 0.000000 -80.504560 -2.633113 10.630653 11.561969 -19.144491 -1.956254 -0.000001 0.000002 14.023030 0.733316 32.863525 0.397950 -7.125020 0.000002 0.000000 -35.601584 59.113484 -13.318964 0.000000 0.000000 0.000000 79.947458 -5.217688 -2.744342 -17.070152 26.950163 -4.119082 0.000002 -0.000001 -12.361069 -9.266644 17.845167 -2.859553 7.125020 -0.000002 0.000000 12.296476 -12.219688 9.649679
9.324212 17.763848 -14.236562 -4.318893 -29.236884 2.622333 0.000000 0.000000 0.000000 -16.372451 -5.119843 -7.160437 3.423928 11.351584 33.474992 1.746592 0.950772 -25.350636 0.002510 -0.323435 -0.888676 0.000000 0.000000 0.000000 16.102211 7.069587 -9.877670 -3.384150 -11.275487 33.318412 -1.047502 -2.976639 -20.836648 -0.171611 -2.668635 7.357525 -0.493845 1.638648 1.704698 3.855497 2.250351 -1.483606 4.163624 1.167607 -2.658451 -12.023481 -2.510171 -17.035158 9.106894 -2.491997 22.411120 4.939688 -1.143141 10.226436 0.000000 0.000000 0.000000 -80.552392 -2.624477 10.371251 11.484041 -19.026378 -1.930773 -0.000001 0.000002 14.076694 0.655420 32.707166 0.354278 -7.125020 0.000002 0.000000 -35.523900 58.969052 -13.159166 0.000000 0.000000 0.000000 79.872020 -5.287527 -2.313336 -17.264596 27.205271 -4.207594 0.000002 -0.000001 -13.066319 -9.570815 17.593047 -2.915308 7.125020 -0.000002 0.000000 12.101648 -12.444757 9.430497
9.325651 17.764641 -14.238321 -4.339454 -29.494411 2.666276 0.000000 0.000000 0.000000 -16.392178 -5.060354 -7.185668 3.424502 11.352435 33.477906 1.750339 1.100261 -25.433362 0.001124 -0.216461 -0.594733 0.000000 0.000000 0.000000 16.095098 7.241185 -9.911328 -3.385980 -11.279541 33.324155 -1.053437 -2.809633 -20.774873 -0.184561 -2.766965 7.630627 -0.493119 1.623995 1.696687 3.915419 2.232869 -1.526848 4.226379 1.160160 -2.699836 -11.956195 -2.440936 -16.972714 9.023214 -2.401833 22.436734 4.909859 -1.107293 10.210601 0.000000 0.000000 0.000000 -80.591555 -2.584603 10.179652 11.409811 -18.913681 -1.906643 -0.000001 0.000002 14.100259 0.629170 32.478495 0.337787 -7.125020 0.000002 0.000000 -35.328339 58.777104 -12.908457 0.000000 0.000000 0.000000 79.797062 -5.378330 -1.908658 -17.458619 27.458401 -4.296678 0.000002 -0.000001 -13.680500 -9.814240 17.407046 -2.961373 7.125020 -0.000002 0.000000 11.945528 -12.609569 9.259390
9.327237 17.765277 -14.238944 -4.364477 -29.697270 2.703369 0.000000 0.000000 0.000000 -16.400483 -5.019606 -7.199244 3.425234 11.353520 33.481624 1.753612 1.211468 -25.499221 0.000186 -0.087813 -0.241263 0.000000 0.000000 0.000000 16.090416 7.355513 -9.932792 -3.383616 -11.275295 33.314029 -1.051995 -2.651013 -20.705505 -0.193411 -2.832157 7.811810 -0.470232 1.587411 1.696319 3.969353 2.187052 -1.580634 4.271426 1.138245 -2.753156 -11.911118 -2.369894 -16.864412 8.979906 -2.318657 22.456886 4.897229 -1.072896 10.185578 0.000000 0.000000 0.000000 -80.625935 -2.503826 10.066898 11.352715 -18.826873 -1.888176 -0.000001 0.000002 14.085621 0.653905 32.222458 0.348326 -7.125020 0.000002 0.000000 -35.060600 58.573635 -12.619328 0.000000 0.000000 0.000000 79.733689 -5.483162 -1.611895 -17.635763 27.688266 -4.378676 0.000002 -0.000001 -14.098879 -9.968183 17.311482 -2.993722 7.125020 -0.000002 0.000000 11.846541 -12.692091 9.156703
9.329179 17.765864 -14.239145 -4.399301 -29.833398 2.739095 0.000000 0.000000 0.000000 -16.387125 -4.998904 -7.210509 3.426399 11.355247 33.487541 1.756025 1.277930 -25.542186 0.000039 0.040207 0.110470 0.000000 0.000000 0.000000 16.096963 7.402072 -9.950061 -3.377170 -11.263246 33.287673 -1.042507 -2.524102 -20.627320 -0.194481 -2.839942 7.833454 -0.420092 1.530474 1.710457 4.016889 2.115321 -1.645722 4.295142 1.102998 -2.823036 -11.898148 -2.307844 -16.703624 8.982065 -2.256097 22.453283 4.902830 -1.046282 10.145394 0.000000 0.000000 0.000000 -80.661586 -2.383753 10.035778 11.323094 -18.781795 -1.878629 -0.000001 0.000002 14.035244 0.712617 31.983576 0.376999 -7.125020 0.000002 0.000000 -34.779565 58.391071 -12.345201 0.000000 0.000000 0.000000 79.692046 -5.585828 -1.453014 -17.790297 27.887820 -4.450720 0.000002 -0.000001 -14.311117 -10.037387 17.294378 -3.012531 7.125020 -0.000002 0.000000 11.801765 -12.703629 9.116807
9.331680 17.766454 -14.239378 -4.441296 -29.916639 2.776939 0.000000 0.000000 0.000000 -16.355738 -4.991149 -7.226923 3.427709 11.357189 33.494196 1.757616 1.307400 -25.564980 0.000574 0.154656 0.424920 0.000000 0.000000 0.000000 16.111361 7.388810 -9.973425 -3.368106 -11.246447 33.250113 -1.027754 -2.423821 -20.539026 -0.188485 -2.796064 7.711489 -0.346532 1.459762 1.735653 4.056644 2.026143 -1.716723 4.297947 1.058577 -2.902710 -11.915039 -2.262104 -16.505825 9.023338 -2.221182 22.417405 4.922802 -1.030736 10.090721 0.000000 0.000000 0.000000 -80.700433 -2.243741 10.073339 11.318345 -18.774565 -1.877100 -0.000001 0.000002 13.970153 0.775624 31.787046 0.408211 -7.125020 0.000002 0.000000 -34.536356 58.243660 -12.118943 0.000000 0.000000 0.000000 79.680425 -5.669001 -1.411841 -17.929750 28.067124 -4.516141 0.000002 -0.000001 -14.382787 -10.045463 17.320350 -3.019475 7.125020 -0.000002 0.000000 11.796274 -12.677304 9.118861
9.334829 17.767036 -14.239777 -4.468009 -29.980057 2.812589 0.000000 0.000000 0.000000 -16.334609 -4.982943 -7.253322 3.428317 11.358090 33.497283 1.758690 1.321714 -25.578090 0.001388 0.240539 0.660894 0.000000 0.000000 0.000000 16.107000 7.336548 -10.015266 -3.358916 -11.229881 33.210632 -1.013113 -2.319839 -20.438951 -0.179402 -2.728229 7.523014 -0.271922 1.384490 1.756484 4.082502 1.930460 -1.783130 4.286024 1.010585 -2.974040 -11.953167 -2.234685 -16.308071 9.097450 -2.213638 22.361458 4.954100 -1.025599 10.032794 0.000000 0.000000 0.000000 -80.738325 -2.116420 10.151016 11.325225 -18.785039 -1.879315 -0.000001 0.000002 13.919964 0.816280 31.632038 0.427936 -7.125020 0.000002 0.000000 -34.354569 58.125116 -11.943841 0.000000 0.000000 0.000000 79.704386 -5.717952 -1.443703 -18.067536 28.243559 -4.581157 0.000002 -0.000001 -14.399120 -10.020342 17.352083 -3.016998 7.125020 -0.000002 0.000000 11.812311 -12.647863 9.139445
9.338547 17.767635 -14.240452 -4.449981 -30.058024 2.838568 0.000000 0.000000 0.000000 -16.359996 -4.963630 -7.292468 3.427304 11.356589 33.492139 1.759417 1.349437 -25.593882 0.001856 0.278198 0.764373 0.000000 0.000000 0.000000 16.050607 7.272573 -10.086487 -3.352207 -11.218543 33.179666 -1.003804 -2.179284 -20.327744 -0.172297 -2.673935 7.372238 -0.227281 1.312778 1.755366 4.086969 1.837334 -1.834700 4.269171 0.963906 -3.018021 -12.004312 -2.224573 -16.149206 9.203649 -2.230506 22.309057 4.996576 -1.028584 9.987002 0.000000 0.000000 0.000000 -80.768594 -2.032168 10.235430 11.331751 -18.794972 -1.881417 -0.000001 0.000002 13.901308 0.819877 31.506141 0.428420 -7.125020 0.000002 0.000000 -34.236071 58.022189 -11.808548 0.000000 0.000000 0.000000 79.766423 -5.722855 -1.506366 -18.213374 28.429521 -4.650379 0.000002 -0.000000 -14.419453 -9.994266 17.361636 -3.010378 7.125020 -0.000002 0.000000 11.829113 -12.640432 9.155276
9.342593 17.768350 -14.241777 -4.377583 -30.171744 2.853976 0.000000 0.000000 0.000000 -16.445303 -4.929990 -7.345895 3.424344 11.352201 33.477103 1.759345 1.415360 -25.619033 0.001560 0.255024 0.700694 0.000000 0.000000 0.000000 15.932644 7.225616 -10.190557 -3.349670 -11.215355 33.164944 -1.002260 -1.990042 -20.211174 -0.171352 -2.666632 7.351963 -0.232088 1.249409 1.729224 4.070109 1.752423 -1.869979 4.258367 0.921822 -3.032507 -12.063579 -2.230368 -16.041710 9.341025 -2.270127 22.274780 5.049930 -1.038689 9.960708 0.000000 0.000000 0.000000 -80.788731 -1.999696 10.306365 11.335981 -18.801411 -1.882781 -0.000001 0.000002 13.904111 0.775437 31.410732 0.404063 -7.125020 0.000002 0.000000 -34.192064 57.933760 -11.715994 0.000000 0.000000 0.000000 79.862857 -5.688282 -1.571326 -18.369818 28.628109 -4.725097 0.000002 -0.000000 -14.459954 -10.005228 17.334081 -3.008805 7.125020 -0.000002 0.000000 11.821956 -12.666781 9.143328
9.346674 17.769268 -14.244368 -4.269357 -30.326591 2.867107 0.000000 0.000000 0.000000 -16.570507 -4.881746 -7.416461 3.420070 11.345862 33.455385 1.757509 1.528244 -25.650546 0.000779 0.180105 0.494844 0.000000 0.000000 0.000000 15.776019 7.219773 -10.321758 -3.351480 -11.220200 33.168422 -1.007509 -1.766877 -20.098586 -0.178493 -2.721348 7.503903 -0.287210 1.195508 1.695385 4.043506 1.678168 -1.899494 4.265753 0.886028 -3.038769 -12.131153 -2.250548 -15.963576 9.503466 -2.331376 22.255543 5.111879 -1.056559 9.948528 0.000000 0.000000 0.000000 -80.804741 -2.001337 10.363080 11.343427 -18.812741 -1.885181 -0.000001 0.000002 13.903220 0.669360 31.366643 0.348086 -7.125020 0.000002 0.000000 -34.253902 57.874204 -11.690341 0.000000 0.000000 0.000000 79.980959 -5.638290 -1.623226 -18.534759 28.836481 -4.804387 0.000002 -0.000000 -14.503418 -10.084877 17.269555 -3.021951 7.125020 -0.000002 0.000000 11.770107 -12.724291 9.087502
9.350611 17.770408 -14.248705 -4.156915 -30.517891 2.890231 0.000000 0.000000 0.000000 -16.699349 -4.818766 -7.508450 3.415761 11.339467 33.433480 1.753310 1.676682 -25.680053 0.000183 0.087127 0.239380 0.000000 0.000000 0.000000 15.617607 7.267469 -10.469884 -3.356433 -11.230519 33.185976 -1.016492 -1.537250 -19.997243 -0.193224 -2.830807 7.808056 -0.379385 1.149583 1.676625 4.022946 1.614216 -1.937167 4.299822 0.856621 -3.064121 -12.209314 -2.283431 -15.880841 9.679688 -2.412003 22.237777 5.178282 -1.083113 9.938925 0.000000 0.000000 0.000000 -80.826228 -2.014510 10.410267 11.356641 -18.832846 -1.889445 -0.000001 0.000002 13.884111 0.496842 31.389199 0.258079 -7.125020 0.000002 0.000000 -34.439605 57.855238 -11.748455 0.000000 0.000000 0.000000 80.104292 -5.601817 -1.657860 -18.704775 29.050185 -4.886665 0.000002 -0.000000 -14.524601 -10.235986 17.184062 -3.053223 7.125020 -0.000002 0.000000 11.671597 -12.796952 8.990279
9.354447 17.771716 -14.254604 -4.065801 -30.738277 2.932510 0.000000 0.000000 0.000000 -16.804563 -4.746649 -7.620620 3.412478 11.334588 33.416776 1.747300 1.842827 -25.704428 0.000009 0.017940 0.049288 0.000000 0.000000 0.000000 15.485143 7.365558 -10.625639 -3.362753 -11.242960 33.210304 -1.025991 -1.321497 -19.907538 -0.213370 -2.973840 8.205926 -0.486449 1.109014 1.680339 4.017161 1.558135 -1.987926 4.357039 0.832120 -3.117213 -12.293556 -2.327889 -15.773699 9.852090 -2.508839 22.206043 5.241652 -1.118603 9.922140 0.000000 0.000000 0.000000 -80.856976 -2.035222 10.443589 11.369907 -18.853023 -1.893729 -0.000001 0.000002 13.852769 0.277381 31.463715 0.143863 -7.125020 0.000002 0.000000 -34.717228 57.868979 -11.871220 0.000000 0.000000 0.000000 80.221860 -5.591872 -1.675699 -18.877084 29.265653 -4.970617 0.000002 -0.000000 -14.516978 -10.420545 17.106015 -3.095782 7.125020 -0.000002 0.000000 11.551085 -12.859676 8.877854
9.358380 17.773064 -14.261043 -4.003713 -30.981670 2.993710 0.000000 0.000000 0.000000 -16.883867 -4.682402 -7.738336 3.410375 11.331464 33.406079 1.741123 2.021255 -25.733077 0.000001 -0.000910 -0.002502 0.000000 0.000000 0.000000 15.384562 7.496939 -10.781817 -3.368971 -11.254996 33.234740 -1.034066 -1.123129 -19.823790 -0.235964 -3.126291 8.630547 -0.586503 1.071053 1.694102 4.023740 1.506321 -2.044874 4.422817 0.809975 -3.182824 -12.369943 -2.383861 -15.637968 9.996606 -2.618958 22.143831 5.290530 -1.162949 9.890840 0.000000 0.000000 0.000000 -80.893906 -2.073747 10.453769 11.375979 -18.862256 -1.895692 -0.000001 0.000002 13.824457 0.052255 31.549335 0.026562 -7.125020 0.000002 0.000000 -35.010400 57.890681 -12.007335 0.000000 0.000000 0.000000 80.329745 -5.601550 -1.674582 -19.049617 29.480276 -5.055243 0.000002 -0.000001 -14.504785 -10.574306 17.066127 -3.135512 7.125020 -0.000002 0.000000 11.450453 -12.887085 8.790199
9.362580 17.774297 -14.266690 -3.961222 -31.245655 3.063674 0.000000 0.000000 0.000000 -16.956472 -4.647808 -7.837259 3.408813 11.329141 33.398127 1.736766 2.221327 -25.784221 0.000027 0.032648 0.089697 0.000000 0.000000 0.000000 15.303142 7.640232 -10.932175 -3.374362 -11.265619 33.255369 -1.040489 -0.932411 -19.738649 -0.258144 -3.268862 9.028194 -0.668452 1.034202 1.699468 4.034429 1.456262 -2.097084 4.482666 0.788201 -3.238417 -12.426918 -2.452785 -15.470776 10.093103 -2.741497 22.032937 5.314973 -1.216756 9.837658 0.000000 0.000000 0.000000 -80.933066 -2.134786 10.442550 11.374684 -18.860287 -1.895273 -0.000001 0.000002 13.806516 -0.137154 31.602175 -0.072261 -7.125020 0.000002 0.000000 -35.239482 57.893279 -12.101336 0.000000 0.000000 0.000000 80.426527 -5.616290 -1.653399 -19.219176 29.690102 -5.138958 0.000002 -0.000001 -14.525236 -10.641167 17.084043 -3.159020 7.125020 -0.000002 0.000000 11.406381 -12.864075 8.760428
9.367051 17.775327 -14.270838 -3.927902 -31.534539 3.131802 0.000000 0.000000 0.000000 -17.039353 -4.650579 -7.899596 3.407041 11.326505 33.389106 1.735599 2.451870 -25.872292 0.000265 0.104839 0.288043 0.000000 0.000000 0.000000 15.228717 7.785876 -11.071046 -3.378861 -11.275048 33.271014 -1.046062 -0.738333 -19.646449 -0.278027 -3.391419 9.370460 -0.730800 0.999786 1.688816 4.043699 1.409371 -2.138227 4.530043 0.767176 -3.273068 -12.469145 -2.537121 -15.268624 10.142682 -2.878743 21.864400 5.315548 -1.281318 9.759190 0.000000 0.000000 0.000000 -80.970542 -2.211985 10.432943 11.372037 -18.856261 -1.894418 -0.000001 0.000002 13.782078 -0.269629 31.599506 -0.141304 -7.125020 0.000002 0.000000 -35.363225 57.862773 -12.124018 0.000000 0.000000 0.000000 80.512088 -5.625535 -1.620406 -19.380102 29.888240 -5.218908 0.000002 -0.000001 -14.592339 -10.604737 17.159952 -3.161365 7.125020 -0.000002 0.000000 11.429654 -12.791740 8.796919
9.371672 17.776190 -14.273912 -3.909327 -31.857197 3.198358 0.000000 0.000000 0.000000 -17.124849 -4.672780 -7.927856 3.404779 11.323140 33.377588 1.737695 2.706344 -25.996623 0.000950 0.198932 0.546571 0.000000 0.000000 0.000000 15.167667 7.943808 -11.194575 -3.382720 -11.283905 33.282315 -1.051430 -0.539413 -19.545006 -0.294918 -3.492057 9.651831 -0.770941 0.970807 1.670468 4.052894 1.369948 -2.169046 4.564576 0.749041 -3.292641 -12.515522 -2.638082 -15.040405 10.172356 -3.034244 21.656041 5.305656 -1.357059 9.664450 0.000000 0.000000 0.000000 -80.998254 -2.296943 10.464546 11.374175 -18.859512 -1.895109 -0.000001 0.000002 13.706436 -0.346125 31.554003 -0.180982 -7.125020 0.000002 0.000000 -35.394293 57.809271 -12.089265 0.000000 0.000000 0.000000 80.591099 -5.624399 -1.592329 -19.525588 30.066526 -5.291601 0.000002 -0.000001 -14.680191 -10.493724 17.277422 -3.148122 7.125020 -0.000002 0.000000 11.501557 -12.684157 8.881293
9.376323 17.777021 -14.277048 -3.922556 -32.216799 3.274607 0.000000 0.000000 0.000000 -17.186273 -4.683079 -7.943277 3.402214 11.319320 33.364519 1.741873 2.963870 -26.140882 0.002156 0.299792 0.823706 0.000000 0.000000 0.000000 15.138662 8.130479 -11.304207 -3.386205 -11.292531 33.290803 -1.056426 -0.343276 -19.435870 -0.308455 -3.570592 9.871608 -0.782632 0.948280 1.657195 4.066313 1.339950 -2.193747 4.586936 0.734840 -3.308893 -12.582179 -2.753863 -14.811157 10.217642 -3.209768 21.450515 5.302547 -1.442484 9.574088 0.000000 0.000000 0.000000 -81.003808 -2.386482 10.577676 11.384527 -18.875251 -1.898456 -0.000001 0.000002 13.530726 -0.378580 31.505983 -0.197725 -7.125020 0.000002 0.000000 -35.381224 57.763057 -12.043383 0.000000 0.000000 0.000000 80.673942 -5.608990 -1.584131 -19.650896 30.219444 -5.354526 0.000002 -0.000000 -14.745849 -10.358136 17.414544 -3.130439 7.125020 -0.000002 0.000000 11.589422 -12.559127 8.983022
9.380938 17.777985 -14.281105 -3.972375 -32.603000 3.369953 0.000000 0.000000 0.000000 -17.208129 -4.662406 -7.969930 3.399550 11.315352 33.350943 1.746407 3.205674 -26.284179 0.003677 0.391512 1.075750 0.000000 0.000000 0.000000 15.146612 8.346828 -11.408668 -3.389489 -11.300905 33.298113 -1.060441 -0.155255 -19.321836 -0.317583 -3.622550 10.017110 -0.767454 0.928994 1.649961 4.083846 1.315100 -2.214169 4.598044 0.722510 -3.323953 -12.669609 -2.880453 -14.606830 10.300633 -3.404276 21.287032 5.316104 -1.534864 9.506980 0.000000 0.000000 0.000000 -80.977032 -2.483260 10.794466 11.404590 -18.905745 -1.904952 -0.000001 0.000002 13.237103 -0.384239 31.497943 -0.200804 -7.125020 0.000002 0.000000 -35.379284 57.755123 -12.035828 0.000000 0.000000 0.000000 80.771029 -5.572582 -1.599320 -19.755516 30.346663 -5.407283 0.000002 -0.000000 -14.765417 -10.240443 17.552652 -3.118020 7.125020 -0.000002 0.000000 11.665527 -12.431760 9.076064
9.385468 17.779154 -14.285975 -4.037849 -32.997198 3.478728 0.000000 0.000000 0.000000 -17.206475 -4.616462 -8.016040 3.396624 11.310992 33.336030 1.749882 3.430834 -26.414854 0.005090 0.460660 1.265783 0.000000 0.000000 0.000000 15.169035 8.570828 -11.518130 -3.392674 -11.308981 33.305318 -1.063279 0.031482 -19.204115 -0.320522 -3.639119 10.063529 -0.743771 0.906601 1.636724 4.099724 1.285987 -2.227666 4.602826 0.707588 -3.327742 -12.768359 -3.013091 -14.434378 10.425312 -3.614041 21.173876 5.347077 -1.631271 9.466873 0.000000 0.000000 0.000000 -80.919879 -2.589281 11.100012 11.436538 -18.954276 -1.915316 -0.000001 0.000002 12.855381 -0.390197 31.554795 -0.204516 -7.125020 0.000002 0.000000 -35.437069 57.799998 -12.098873 0.000000 0.000000 0.000000 80.884558 -5.508268 -1.628237 -19.842384 30.451980 -5.451240 0.000002 -0.000000 -14.743932 -10.166928 17.675185 -3.116271 7.125020 -0.000002 0.000000 11.712793 -12.316297 9.142985
9.389828 17.780435 -14.290817 -4.087850 -33.384936 3.581816 0.000000 0.000000 0.000000 -17.214658 -4.563090 -8.069238 3.392977 11.305553 33.317428 1.751730 3.652858 -26.534229 0.006146 0.506213 1.390983 0.000000 0.000000 0.000000 15.173567 8.771698 -11.634672 -3.395781 -11.316812 33.312472 -1.065414 0.232148 -19.082163 -0.315488 -3.610693 9.983900 -0.737404 0.874542 1.607806 4.109097 1.242737 -2.231200 4.611408 0.685598 -3.311270 -12.873248 -3.146536 -14.273800 10.586870 -3.832563 21.085264 5.392822 -1.728908 9.440136 0.000000 0.000000 0.000000 -80.851493 -2.696197 11.434926 11.485275 -19.028246 -1.931176 -0.000001 0.000002 12.452388 -0.425641 31.676283 -0.224115 -7.125020 0.000002 0.000000 -35.582660 57.891120 -12.238419 0.000000 0.000000 0.000000 81.005523 -5.418472 -1.650410 -19.916572 30.541699 -5.488890 0.000002 -0.000000 -14.701224 -10.155335 17.762807 -3.127679 7.125020 -0.000002 0.000000 11.719787 -12.230385 9.169940
9.393914 17.781647 -14.294953 -4.106372 -33.761707 3.661868 0.000000 0.000000 0.000000 -17.252673 -4.511313 -8.111342 3.388327 11.298613 33.293703 1.752154 3.881085 -26.648076 0.007018 0.540964 1.486497 0.000000 0.000000 0.000000 15.144955 8.930415 -11.751063 -3.398663 -11.324302 33.318469 -1.067343 0.456695 -18.954965 -0.301658 -3.531386 9.761868 -0.762838 0.828798 1.566788 4.112209 1.179656 -2.224874 4.632455 0.654076 -3.276532 -12.984482 -3.276277 -14.092840 10.776844 -4.052578 20.979698 5.449748 -1.825548 9.405273 0.000000 0.000000 0.000000 -80.797157 -2.788648 11.721093 11.555136 -19.134140 -1.954014 -0.000001 0.000002 12.099016 -0.493023 31.834280 -0.260756 -7.125020 0.000002 0.000000 -35.793281 58.004903 -12.425148 0.000000 0.000000 0.000000 81.120555 -5.318745 -1.637174 -19.985111 30.624402 -5.523763 0.000002 -0.000000 -14.664074 -10.211953 17.798905 -3.151622 7.125020 -0.000002 0.000000 11.682535 -12.189921 9.149589
9.397674 17.782686 -14.298470 -4.098348 -34.130417 3.715133 0.000000 0.000000 0.000000 -17.316254 -4.455492 -8.136614 3.383014 11.290675 33.266576 1.751625 4.111632 -26.758142 0.008039 0.578976 1.590982 0.000000 0.000000 0.000000 15.090364 9.048763 -11.859467 -3.401006 -11.331105 33.321410 -1.069198 0.702552 -18.822422 -0.280239 -3.404775 9.407786 -0.815554 0.769344 1.523159 4.110032 1.097090 -2.208794 4.664218 0.613132 -3.228969 -13.095657 -3.401738 -13.875990 10.980147 -4.270538 20.822721 5.510425 -1.920555 9.346605 0.000000 0.000000 0.000000 -80.766915 -2.863927 11.909622 11.643475 -19.267811 -1.983066 -0.000001 0.000002 11.832666 -0.557809 31.984648 -0.296004 -7.125020 0.000002 0.000000 -35.995421 58.112885 -12.604197 0.000000 0.000000 0.000000 81.223808 -5.224178 -1.564731 -20.054165 30.707546 -5.558983 0.000002 -0.000001 -14.663055 -10.311974 17.785098 -3.180649 7.125020 -0.000002 0.000000 11.617246 -12.195350 9.094993
9.401197 17.783562 -14.301942 -4.076734 -34.498043 3.750060 0.000000 0.000000 0.000000 -17.390665 -4.385365 -8.154785 3.377931 11.283074 33.240607 1.750504 4.336767 -26.863285 0.009329 0.623670 1.713841 0.000000 0.000000 0.000000 15.024590 9.144120 -11.958823 -3.402575 -11.337017 33.319693 -1.071258 0.959262 -18.687258 -0.254446 -3.245532 8.963090 -0.879417 0.699882 1.479196 4.099613 1.000404 -2.179791 4.694060 0.564908 -3.166635 -13.190492 -3.527243 -13.638470 11.176324 -4.488308 20.602636 5.563810 -2.015071 9.262507 0.000000 0.000000 0.000000 -80.747953 -2.941723 12.005516 11.740327 -19.414064 -2.015143 -0.000001 0.000002 11.646379 -0.586798 32.099829 -0.312160 -7.125020 0.000002 0.000000 -36.131384 58.199945 -12.738131 0.000000 0.000000 0.000000 81.321494 -5.132802 -1.439477 -20.122515 30.789664 -5.593928 0.000002 -0.000001 -14.712093 -10.396267 17.747371 -3.200589 7.125020 -0.000002 0.000000 11.562397 -12.225805 9.042728
9.404733 17.784256 -14.305743 -4.051124 -34.873276 3.778513 0.000000 0.000000 0.000000 -17.466023 -4.295662 -8.179808 3.374035 11.277242 33.220689 1.749079 4.555446 -26.964845 0.010706 0.668123 1.836050 0.000000 0.000000 0.000000 14.957630 9.237845 -12.053395 -3.403483 -11.342424 33.313305 -1.074440 1.215144 -18.555804 -0.227406 -3.069456 8.472180 -0.938660 0.626104 1.429319 4.077359 0.897480 -2.135661 4.708885 0.512804 -3.084368 -13.255244 -3.658014 -13.413610 11.348594 -4.709186 20.338742 5.601477 -2.110605 9.165688 0.000000 0.000000 0.000000 -80.719501 -3.047771 12.052051 11.834745 -19.556340 -2.046637 -0.000001 0.000002 11.509558 -0.593769 32.195652 -0.316843 -7.125020 0.000002 0.000000 -36.228906 58.275818 -12.847033 0.000000 0.000000 0.000000 81.423524 -5.028631 -1.309745 -20.178024 30.856227 -5.622370 0.000002 -0.000001 -14.783924 -10.407039 17.723238 -3.199772 7.125020 -0.000002 0.000000 11.555508 -12.248850 9.031433
9.408561 17.784650 -14.309750 -4.025485 -35.262409 3.809093 0.000000 0.000000 0.000000 -17.540472 -4.187272 -8.219676 3.371920 11.274074 33.209872 1.747663 4.771856 -27.067064 0.011830 0.702284 1.929969 0.000000 0.000000 0.000000 14.892616 9.344616 -12.147996 -3.404162 -11.348104 33.304095 -1.079689 1.461035 -18.434571 -0.200171 -2.880946 7.947475 -0.987231 0.552939 1.370532 4.045735 0.795257 -2.082311 4.707606 0.460321 -2.987110 -13.289911 -3.795551 -13.230820 11.487869 -4.932798 20.077641 5.621562 -2.207587 9.077338 0.000000 0.000000 0.000000 -80.673078 -3.190481 12.097811 11.919931 -19.684448 -2.075242 -0.000001 0.000002 11.391906 -0.635577 32.323674 -0.341044 -7.125020 0.000002 0.000000 -36.391239 58.369487 -13.000468 0.000000 0.000000 0.000000 81.530977 -4.900920 -1.240805 -20.203056 30.886205 -5.635213 0.000002 -0.000001 -14.815989 -10.330761 17.741963 -3.179039 7.125020 -0.000002 0.000000 11.605207 -12.236576 9.075062
9.412836 17.784658 -14.313629 -4.002395 -35.665746 3.847667 0.000000 0.000000 0.000000 -17.613532 -4.064983 -8.275942 3.371674 11.273705 33.208612 1.746463 4.988835 -27.172886 0.012381 0.718442 1.974396 0.000000 0.000000 0.000000 14.830126 9.469038 -12.247169 -3.405031 -11.354419 33.294909 -1.086573 1.694558 -18.324563 -0.173032 -2.679604 7.387982 -1.030021 0.482126 1.310324 4.015303 0.696598 -2.035042 4.704062 0.409615 -2.895432 -13.306026 -3.936944 -13.101250 11.587071 -5.153935 19.872983 5.625839 -2.305323 9.017133 0.000000 0.000000 0.000000 -80.620277 -3.353364 12.168534 11.994242 -19.796003 -2.100341 -0.000001 0.000002 11.274937 -0.764855 32.534199 -0.413718 -7.125020 0.000002 0.000000 -36.717701 58.509551 -13.267388 0.000000 0.000000 0.000000 81.631096 -4.759486 -1.265600 -20.187174 30.867187 -5.627063 0.000002 -0.000001 -14.754937 -10.203941 17.810361 -3.150908 7.125020 -0.000002 0.000000 11.687585 -12.179269 9.156567
9.417561 17.784334 -14.317242 -3.989277 -36.079229 3.900809 0.000000 0.000000 0.000000 -17.678616 -3.935772 -8.346404 3.372798 11.275388 33.214359 1.745391 5.206723 -27.281829 0.012200 0.713170 1.959901 0.000000 0.000000 0.000000 14.774458 9.610559 -12.355198 -3.406297 -11.360965 33.288722 -1.092929 1.922739 -18.220094 -0.148290 -2.481532 6.838444 -1.074926 0.412088 1.265925 4.000390 0.600040 -2.011795 4.717960 0.360904 -2.837839 -13.317257 -4.076691 -13.017477 11.639775 -5.364851 19.761238 5.616527 -2.402266 8.995017 0.000000 0.000000 0.000000 -80.584697 -3.505769 12.256087 12.059848 -19.894335 -2.122614 -0.000001 0.000002 11.157041 -0.984034 32.836429 -0.536847 -7.125020 0.000002 0.000000 -37.221982 58.702228 -13.662131 0.000000 0.000000 0.000000 81.703086 -4.634546 -1.349984 -20.137872 30.808091 -5.601791 0.000002 -0.000001 -14.607683 -10.081998 17.909235 -3.129345 7.125020 -0.000002 0.000000 11.766593 -12.091445 9.242941
9.422664 17.783783 -14.320622 -3.994673 -36.500151 3.971115 0.000000 0.000000 0.000000 -17.728614 -3.807987 -8.422209 3.374194 11.277479 33.221498 1.744213 5.428894 -27.393808 0.011328 0.687238 1.888602 0.000000 0.000000 0.000000 14.731378 9.767255 -12.472157 -3.408183 -11.367486 33.288263 -1.096744 2.159599 -18.113410 -0.129715 -2.321546 6.395159 -1.127716 0.340573 1.257004 4.011195 0.503011 -2.023927 4.763533 0.313611 -2.837144 -13.335460 -4.208238 -12.960060 11.650197 -5.558207 19.748794 5.598412 -2.495949 9.008701 0.000000 0.000000 0.000000 -80.586522 -3.620273 12.333317 12.119810 -19.984078 -2.143062 -0.000001 0.000002 11.051162 -1.231683 33.180970 -0.677100 -7.125020 0.000002 0.000000 -37.799984 58.921030 -14.118450 0.000000 0.000000 0.000000 81.729238 -4.563686 -1.408081 -20.078262 30.736516 -5.571293 0.000002 -0.000001 -14.449125 -10.004231 18.004871 -3.120979 7.125020 -0.000002 0.000000 11.816801 -12.003248 9.305907
9.428008 17.783034 -14.323622 -4.015088 -36.931332 4.048212 0.000000 0.000000 0.000000 -17.771296 -3.693445 -8.483910 3.374468 11.277889 33.222898 1.742976 5.667526 -27.515631 0.010046 0.647185 1.778488 0.000000 0.000000 0.000000 14.696978 9.934871 -12.591252 -3.411212 -11.374885 33.295841 -1.098166 2.420766 -17.999300 -0.119435 -2.227994 6.136174 -1.194914 0.267651 1.294945 4.047446 0.405461 -2.071195 4.844370 0.268032 -2.899500 -13.370196 -4.325615 -12.904953 11.636942 -5.729342 19.814984 5.579906 -2.583576 9.046569 0.000000 0.000000 0.000000 -80.631324 -3.684805 12.383018 12.176175 -20.068326 -2.162364 -0.000001 0.000002 10.969434 -1.413184 33.481088 -0.781383 -7.125020 0.000002 0.000000 -38.275549 59.118169 -14.514500 0.000000 0.000000 0.000000 81.704084 -4.572262 -1.362602 -20.031053 30.679737 -5.547184 0.000002 -0.000001 -14.372181 -9.982495 18.068098 -3.124702 7.125020 -0.000002 0.000000 11.830591 -11.942515 9.332360
9.433457 17.782073 -14.325903 -4.034711 -37.378850 4.113939 0.000000 0.000000 0.000000 -17.827743 -3.607184 -8.509937 3.372487 11.274921 33.212763 1.742110 5.937576 -27.659374 0.008867 0.608018 1.670814 0.000000 0.000000 0.000000 14.657373 10.109663 -12.703761 -3.416096 -11.384855 33.313343 -1.098912 2.714690 -17.877044 -0.116556 -2.201063 6.061650 -1.282801 0.195168 1.376045 4.099891 0.309155 -2.143780 4.954428 0.224960 -3.012649 -13.423255 -4.425376 -12.835014 11.618112 -5.876774 19.928424 5.567125 -2.663055 9.094914 0.000000 0.000000 0.000000 -80.710302 -3.704083 12.408612 12.231222 -20.150498 -2.181290 -0.000001 0.000002 10.908043 -1.458082 33.660672 -0.808870 -7.125020 0.000002 0.000000 -38.501662 59.250114 -14.740163 0.000000 0.000000 0.000000 81.636641 -4.656631 -1.196423 -20.002839 30.645763 -5.532796 0.000002 -0.000001 -14.427260 -10.019256 18.080864 -3.138279 7.125020 -0.000002 0.000000 11.806356 -11.926849 9.316728
9.439020 17.780950 -14.327399 -4.042010 -37.843815 4.160152 0.000000 0.000000 0.000000 -17.909549 -3.555597 -8.496373 3.367844 11.267963 33.189010 1.741853 6.237659 -27.827930 0.008279 0.587506 1.614429 0.000000 0.000000 0.000000 14.603330 10.293774 -12.807525 -3.423337 -11.398566 33.342122 -1.100180 3.033590 -17.750586 -0.118256 -2.217000 6.105751 -1.390371 0.122683 1.485701 4.158949 0.212795 -2.230298 5.083293 0.183324 -3.156201 -13.487908 -4.507136 -12.745598 11.598040 -6.000761 20.062360 5.559616 -2.733462 9.143614 0.000000 0.000000 0.000000 -80.811212 -3.690278 12.416619 12.289050 -20.236711 -2.201252 -0.000001 0.000002 10.852083 -1.352068 33.685765 -0.750581 -7.125020 0.000002 0.000000 -38.426581 59.294118 -14.747196 0.000000 0.000000 0.000000 81.544614 -4.785492 -0.953566 -19.982704 30.621499 -5.522536 0.000002 -0.000001 -14.603380 -10.129555 18.030054 -3.164180 7.125020 -0.000002 0.000000 11.734290 -11.967966 9.248181
9.444914 17.779809 -14.328592 -4.038915 -38.316412 4.195891 0.000000 0.000000 0.000000 -18.006439 -3.525944 -8.465318 3.361008 11.257708 33.154013 1.741788 6.540746 -28.004650 0.008482 0.594668 1.634119 0.000000 0.000000 0.000000 14.537803 10.491618 -12.910263 -3.432924 -11.415911 33.382304 -1.101691 3.356653 -17.625356 -0.121747 -2.249381 6.195366 -1.507674 0.045790 1.606330 4.219960 0.110204 -2.323406 5.220745 0.139445 -3.311786 -13.558256 -4.573321 -12.638621 11.573939 -6.103321 20.196693 5.554472 -2.795313 9.186183 0.000000 0.000000 0.000000 -80.928110 -3.653813 12.401274 12.355465 -20.335584 -2.224278 -0.000001 0.000002 10.793821 -1.119505 33.559907 -0.620532 -7.125020 0.000002 0.000000 -38.076286 59.247415 -14.544835 0.000000 0.000000 0.000000 81.447083 -4.917300 -0.706903 -19.953011 30.585690 -5.507420 0.000002 -0.000001 -14.846547 -10.331972 17.911833 -3.207371 7.125020 -0.000002 0.000000 11.602312 -12.068194 9.116325
9.451413 17.778829 -14.330123 -4.033167 -38.779192 4.236549 0.000000 0.000000 0.000000 -18.099108 -3.496497 -8.448569 3.353057 11.245760 33.113262 1.741505 6.809555 -28.164238 0.009539 0.630629 1.732974 0.000000 0.000000 0.000000 14.468180 10.698977 -13.024647 -3.444296 -11.435668 33.432004 -1.102192 3.665261 -17.503171 -0.125392 -2.282682 6.287551 -1.621145 -0.040161 1.720776 4.280281 -0.004784 -2.418199 5.356478 0.089542 -3.463830 -13.635533 -4.629005 -12.517822 11.548822 -6.190143 20.316546 5.551814 -2.850819 9.219221 0.000000 0.000000 0.000000 -81.060508 -3.601759 12.356448 12.437016 -20.456785 -2.252700 -0.000001 0.000002 10.739885 -0.798983 33.313227 -0.441619 -7.125020 0.000002 0.000000 -37.520451 59.124230 -14.181237 0.000000 0.000000 0.000000 81.360859 -5.018262 -0.528328 -19.900194 30.521910 -5.480570 0.000002 -0.000001 -15.083683 -10.614381 17.748522 -3.267416 7.125020 -0.000002 0.000000 11.418308 -12.206586 8.932842
9.458639 17.778150 -14.332179 -4.028948 -39.216512 4.290425 0.000000 0.000000 0.000000 -18.176668 -3.454271 -8.464138 3.345072 11.233743 33.072296 1.741405 7.019984 -28.292545 0.011706 0.698585 1.919802 0.000000 0.000000 0.000000 14.398231 10.899284 -13.159204 -3.456543 -11.456140 33.487496 -1.100434 3.952097 -17.382169 -0.127850 -2.304864 6.348965 -1.720067 -0.136665 1.817380 4.336519 -0.133990 -2.511332 5.480768 0.032091 -3.601978 -13.725176 -4.678756 -12.389696 11.533267 -6.267842 20.419315 5.555459 -2.902245 9.244545 0.000000 0.000000 0.000000 -81.207454 -3.534797 12.297003 12.539030 -20.608075 -2.288480 -0.000001 0.000002 10.699007 -0.444114 33.002839 -0.245026 -7.125020 0.000002 0.000000 -36.871109 58.956809 -13.740374 0.000000 0.000000 0.000000 81.296370 -5.075663 -0.466735 -19.818836 30.423458 -5.439311 0.000002 -0.000001 -15.246136 -10.921065 17.588702 -3.335025 7.125020 -0.000002 0.000000 11.218494 -12.339701 8.737940
9.466443 17.777781 -14.334310 -4.025586 -39.621335 4.354810 0.000000 0.000000 0.000000 -18.240843 -3.398214 -8.508145 3.337598 11.222479 33.033915 1.742079 7.173045 -28.391911 0.015416 0.801639 2.203174 0.000000 0.000000 0.000000 14.328308 11.073255 -13.311748 -3.468780 -11.475962 33.544442 -1.096299 4.217313 -17.262395 -0.127253 -2.299494 6.334096 -1.800386 -0.243076 1.894824 4.385473 -0.276407 -2.601129 5.587763 -0.032711 -3.723847 -13.827026 -4.722959 -12.267135 11.536394 -6.338530 20.516924 5.568681 -2.949385 9.269236 0.000000 0.000000 0.000000 -81.362573 -3.447841 12.258829 12.662810 -20.791164 -2.332232 -0.000001 0.000002 10.667459 -0.121314 32.701071 -0.067878 -7.125020 0.000002 0.000000 -36.265229 58.787562 -13.322923 0.000000 0.000000 0.000000 81.254577 -5.097769 -0.531587 -19.710694 30.292211 -5.384656 0.000002 -0.000001 -15.296662 -11.184928 17.479363 -3.397830 7.125020 -0.000002 0.000000 11.046501 -12.426384 8.577021
9.474415 17.777590 -14.335769 -4.020420 -39.994464 4.420483 0.000000 0.000000 0.000000 -18.299744 -3.331478 -8.563878 3.330576 11.211879 32.997817 1.742918 7.290645 -28.470671 0.020802 0.931142 2.559369 0.000000 0.000000 0.000000 14.258127 11.212840 -13.470183 -3.480446 -11.494596 33.599254 -1.091190 4.463072 -17.148253 -0.123099 -2.261796 6.229729 -1.863295 -0.358012 1.956092 4.423778 -0.430280 -2.682151 5.674203 -0.104245 -3.825743 -13.926402 -4.761429 -12.170679 11.555954 -6.402613 20.619016 5.588181 -2.990878 9.299890 0.000000 0.000000 0.000000 -81.511677 -3.346394 12.275124 12.804828 -21.000574 -2.382886 -0.000001 0.000002 10.633467 0.115335 32.463876 0.060877 -7.125020 0.000002 0.000000 -35.808292 58.649693 -13.002807 0.000000 0.000000 0.000000 81.231522 -5.096530 -0.693023 -19.583079 30.136761 -5.320435 0.000002 -0.000001 -15.247157 -11.371316 17.437276 -3.448567 7.125020 -0.000002 0.000000 10.924889 -12.452675 8.471610
9.482052 17.777404 -14.336009 -4.010035 -40.339810 4.478099 0.000000 0.000000 0.000000 -18.361527 -3.256123 -8.615759 3.323691 11.201471 32.962391 1.742190 7.399622 -28.533602 0.027280 1.066225 2.931048 0.000000 0.000000 0.000000 14.186545 11.325525 -13.620140 -3.491284 -11.512061 33.649579 -1.086899 4.692661 -17.044006 -0.118108 -2.215626 6.101946 -1.910922 -0.478134 1.998428 4.445624 -0.591531 -2.741378 5.734330 -0.181080 -3.893173 -13.999556 -4.800816 -12.119816 11.579362 -6.467681 20.714855 5.603780 -3.028745 9.336304 0.000000 0.000000 0.000000 -81.635830 -3.260099 12.353458 12.959159 -21.227342 -2.438480 -0.000001 0.000002 10.595435 0.246953 32.308022 0.132033 -7.125020 0.000002 0.000000 -35.532386 58.553240 -12.799609 0.000000 0.000000 0.000000 81.226847 -5.073107 -0.902675 -19.447333 29.970732 -5.252452 0.000002 -0.000001 -15.151432 -11.488942 17.445127 -3.487040 7.125020 -0.000002 0.000000 10.847994 -12.434955 8.413138
9.488987 17.777093 -14.334895 -3.990538 -40.662209 4.521869 0.000000 0.000000 0.000000 -18.432230 -3.174052 -8.656110 3.316706 11.190897 32.926415 1.738933 7.515861 -28.584173 0.033990 1.190043 3.271866 0.000000 0.000000 0.000000 14.111115 11.424592 -13.752817 -3.501108 -11.528298 33.693962 -1.084189 4.909235 -16.949505 -0.115799 -2.193939 6.041938 -1.942889 -0.596552 2.012888 4.442649 -0.751360 -2.763690 5.757879 -0.259676 -3.906573 -14.030470 -4.855171 -12.121842 11.595735 -6.550773 20.779196 5.605663 -3.070074 9.372742 0.000000 0.000000 0.000000 -81.717748 -3.233480 12.477973 13.120102 -21.462938 -2.497061 -0.000001 0.000002 10.567164 0.287108 32.217417 0.153662 -7.125020 0.000002 0.000000 -35.407435 58.488806 -12.689915 0.000000 0.000000 0.000000 81.247940 -5.019678 -1.126111 -19.314480 29.807567 -5.186248 0.000002 -0.000001 -15.072521 -11.566906 17.468550 -3.515917 7.125020 -0.000002 0.000000 10.796868 -12.404987 8.378732
9.495139 17.776575 -14.332624 -3.960957 -40.968126 4.550445 0.000000 0.000000 0.000000 -18.513961 -3.090657 -8.682093 3.309519 11.180001 32.889367 1.734468 7.639324 -28.631237 0.040771 1.303228 3.583543 0.000000 0.000000 0.000000 14.031990 11.517731 -13.866099 -3.509696 -11.542910 33.731523 -1.082583 5.112001 -16.862138 -0.116804 -2.203409 6.068139 -1.956589 -0.704598 1.994471 4.409847 -0.898229 -2.742308 5.737073 -0.334727 -3.857610 -14.021494 -4.937290 -12.170439 11.602960 -6.668372 20.797674 5.590880 -3.122927 9.405557 0.000000 0.000000 0.000000 -81.750023 -3.300490 12.629078 13.282612 -21.699900 -2.556836 -0.000001 0.000002 10.561363 0.261698 32.165456 0.140067 -7.125020 0.000002 0.000000 -35.382459 58.440951 -12.637425 0.000000 0.000000 0.000000 81.303122 -4.930866 -1.364781 -19.189083 29.652947 -5.124062 0.000002 -0.000001 -15.043972 -11.627602 17.477853 -3.536550 7.125020 -0.000002 0.000000 10.756944 -12.390505 8.350041
9.500658 17.775791 -14.329616 -3.924302 -41.265225 4.565045 0.000000 0.000000 0.000000 -18.604669 -3.016276 -8.691032 3.302114 11.168760 32.851160 1.731603 7.760804 -28.687893 0.047972 1.413503 3.887337 0.000000 0.000000 0.000000 13.953634 11.608244 -13.960097 -3.516837 -11.555324 33.761962 -1.081153 5.294394 -16.781391 -0.118904 -2.223055 6.122504 -1.954996 -0.797804 1.952284 4.354012 -1.025796 -2.687253 5.680850 -0.402329 -3.762631 -13.993333 -5.047411 -12.247007 11.604595 -6.821184 20.783676 5.564739 -3.189751 9.436923 0.000000 0.000000 0.000000 -81.744609 -3.458193 12.793750 13.442557 -21.932208 -2.616277 -0.000001 0.000002 10.571468 0.197492 32.127656 0.105756 -7.125020 0.000002 0.000000 -35.408251 58.395952 -12.608882 0.000000 0.000000 0.000000 81.386904 -4.815793 -1.647568 -19.066768 29.501553 -5.063687 0.000002 -0.000001 -15.052390 -11.674461 17.463833 -3.548297 7.125020 -0.000002 0.000000 10.726064 -12.400436 8.323101
9.505723 17.774747 -14.326435 -3.881506 -41.559713 4.565731 0.000000 0.000000 0.000000 -18.702802 -2.962492 -8.680927 3.294596 11.157330 32.812330 1.732421 7.872836 -28.763525 0.055210 1.516234 4.170474 0.000000 0.000000 0.000000 13.878862 11.705093 -14.033672 -3.522423 -11.565087 33.785583 -1.079245 5.446759 -16.709931 -0.120239 -2.235455 6.156823 -1.953867 -0.880792 1.907397 4.293270 -1.139842 -2.624173 5.618741 -0.463431 -3.659278 -13.978587 -5.169346 -12.320548 11.608939 -6.988816 20.768935 5.539846 -3.264354 9.470501 0.000000 0.000000 0.000000 -81.732117 -3.658708 12.962780 13.599027 -22.158589 -2.675007 -0.000001 0.000002 10.574103 0.125405 32.081562 0.067279 -7.125020 0.000002 0.000000 -35.433885 58.342489 -12.572856 0.000000 0.000000 0.000000 81.475962 -4.700584 -1.999627 -18.938274 29.341903 -5.000567 0.000002 -0.000001 -15.054120 -11.698669 17.438672 -3.550841 7.125020 -0.000002 0.000000 10.710089 -12.423427 8.305112
9.510408 17.773571 -14.323627 -3.830617 -41.853278 4.551478 0.000000 0.000000 0.000000 -18.807769 -2.933822 -8.653152 3.287282 11.146192 32.774513 1.737015 7.974479 -28.858274 0.061229 1.596603 4.392065 0.000000 0.000000 0.000000 13.806950 11.826490 -14.083477 -3.526472 -11.571987 33.803162 -1.076563 5.560525 -16.651454 -0.121686 -2.248816 6.193801 -1.972620 -0.965483 1.880002 4.245968 -1.256119 -2.580044 5.583118 -0.523971 -3.584822 -14.007228 -5.279007 -12.358526 11.630703 -7.141443 20.779541 5.531887 -3.335324 9.506428 0.000000 0.000000 0.000000 -81.743593 -3.834255 13.130024 13.755200 -22.383667 -2.734195 -0.000001 0.000002 10.551099 0.077599 32.011024 0.041711 -7.125020 0.000002 0.000000 -35.413454 58.274471 -12.504955 0.000000 0.000000 0.000000 81.544447 -4.615460 -2.415146 -18.797314 29.166044 -4.931682 0.000002 -0.000001 -15.011763 -11.698467 17.419242 -3.546970 7.125020 -0.000002 0.000000 10.710207 -12.442810 8.300790
9.514683 17.772492 -14.321490 -3.776074 -42.141418 4.524995 0.000000 0.000000 0.000000 -18.912779 -2.923020 -8.612216 3.280770 11.136261 32.740808 1.744241 8.066577 -28.965005 0.065210 1.647597 4.532711 0.000000 0.000000 0.000000 13.741329 11.990886 -14.104120 -3.529032 -11.575870 33.815552 -1.072801 5.630723 -16.608697 -0.126003 -2.288215 6.302867 -2.015864 -1.063915 1.878767 4.220586 -1.390587 -2.566402 5.586805 -0.591293 -3.554193 -14.088073 -5.358736 -12.347301 11.684394 -7.258295 20.821319 5.550884 -3.392884 9.541885 0.000000 0.000000 0.000000 -81.788250 -3.941640 13.302811 13.912019 -22.608794 -2.794197 -0.000001 0.000002 10.500305 0.078593 31.913776 0.041898 -7.125020 0.000002 0.000000 -35.321659 58.195248 -12.398043 0.000000 0.000000 0.000000 81.581587 -4.576307 -2.857946 -18.645311 28.975565 -4.857825 0.000002 -0.000001 -14.917853 -11.687139 17.409532 -3.541591 7.125020 -0.000002 0.000000 10.717683 -12.453470 8.304296
9.518469 17.771717 -14.319984 -3.733256 -42.414503 4.495781 0.000000 0.000000 0.000000 -19.002106 -2.917449 -8.563854 3.275879 11.128794 32.715477 1.753433 8.144857 -29.076324 0.067628 1.677802 4.616032 0.000000 0.000000 0.000000 13.693843 12.205203 -14.091179 -3.530097 -11.576500 33.823360 -1.067434 5.656375 -16.582673 -0.135359 -2.371325 6.533029 -2.069135 -1.181823 1.899613 4.215244 -1.550678 -2.575595 5.619582 -0.669919 -3.556491 -14.202332 -5.405760 -12.302284 11.772690 -7.337359 20.885405 5.594501 -3.433711 9.575736 0.000000 0.000000 0.000000 -81.847736 -3.987712 13.514657 14.059856 -22.820215 -2.851283 -0.000001 0.000002 10.418606 0.149651 31.795668 0.078737 -7.125020 0.000002 0.000000 -35.143993 58.113941 -12.254849 0.000000 0.000000 0.000000 81.592951 -4.578039 -3.287387 -18.488997 28.778773 -4.782335 0.000002 -0.000001 -14.791081 -11.679218 17.399706 -3.537266 7.125020 -0.000002 0.000000 10.722938 -12.463971 8.306023
9.521694 17.771317 -14.318933 -3.720601 -42.661782 4.477262 0.000000 0.000000 0.000000 -19.058090 -2.907460 -8.515198 3.273358 11.124941 32.702411 1.764969 8.199642 -29.188174 0.069695 1.703199 4.686101 0.000000 0.000000 0.000000 13.678273 12.462659 -14.046087 -3.529783 -11.573893 33.827585 -1.059922 5.640500 -16.572288 -0.150126 -2.496785 6.880732 -2.113495 -1.317593 1.932959 4.224428 -1.733995 -2.591914 5.664086 -0.759929 -3.570495 -14.315102 -5.429287 -12.260474 11.880498 -7.389894 20.966182 5.649127 -3.460325 9.612792 0.000000 0.000000 0.000000 -81.894081 -4.012011 13.810955 14.183076 -22.995828 -2.899247 -0.000001 0.000002 10.295975 0.311915 31.657598 0.162869 -7.125020 0.000002 0.000000 -34.861408 58.035591 -12.072863 0.000000 0.000000 0.000000 81.587472 -4.605899 -3.677373 -18.335471 28.584589 -4.708651 0.000002 -0.000001 -14.663584 -11.680023 17.376699 -3.533046 7.125020 -0.000002 0.000000 10.722445 -12.486882 8.300326
9.524337 17.771183 -14.318243 -3.745128 -42.877567 4.477644 0.000000 0.000000 0.000000 -19.073070 -2.884072 -8.475256 3.273445 11.125075 32.702864 1.779050 8.222983 -29.296369 0.072173 1.733148 4.768739 0.000000 0.000000 0.000000 13.698243 12.748035 -13.977928 -3.528691 -11.569015 33.830998 -1.050100 5.591711 -16.573123 -0.168978 -2.648180 7.300738 -2.143725 -1.465601 1.973065 4.244471 -1.933081 -2.605032 5.712840 -0.858216 -3.582956 -14.391075 -5.440514 -12.264041 11.976570 -7.426710 21.073996 5.695561 -3.476545 9.663755 0.000000 0.000000 0.000000 -81.915148 -4.046404 14.205081 14.277163 -23.129549 -2.936104 -0.000001 0.000002 10.144927 0.567166 31.495278 0.294654 -7.125020 0.000002 0.000000 -34.468606 57.956873 -11.848002 0.000000 0.000000 0.000000 81.567314 -4.651638 -4.014594 -18.190461 28.400357 -4.639475 0.000002 -0.000001 -14.573994 -11.693837 17.333469 -3.528831 7.125020 -0.000002 0.000000 10.713359 -12.528845 8.283470
9.526468 17.771029 -14.317893 -3.792534 -43.067433 4.490947 0.000000 0.000000 0.000000 -19.058468 -2.832619 -8.452251 3.275616 11.128392 32.714115 1.794480 8.216162 -29.393526 0.074760 1.763869 4.853523 0.000000 0.000000 0.000000 13.739477 13.042121 -13.900917 -3.528075 -11.564176 33.838561 -1.038588 5.525312 -16.576847 -0.188653 -2.797305 7.714935 -2.174433 -1.618715 2.020617 4.272962 -2.138985 -2.614101 5.771430 -0.959916 -3.593791 -14.404044 -5.445760 -12.341705 12.021106 -7.450436 21.228746 5.714519 -3.484532 9.738910 0.000000 0.000000 0.000000 -81.921571 -4.093740 14.660848 14.356330 -23.241816 -2.967273 -0.000001 0.000002 10.012801 0.879439 31.310238 0.454813 -7.125020 0.000002 0.000000 -34.001823 57.871158 -11.590022 0.000000 0.000000 0.000000 81.530324 -4.717096 -4.296562 -18.058357 28.231826 -4.576813 0.000002 -0.000001 -14.558342 -11.733663 17.272336 -3.529028 7.125020 -0.000002 0.000000 10.687097 -12.586407 8.249440
9.528268 17.770505 -14.317802 -3.833564 -43.247098 4.499645 0.000000 0.000000 0.000000 -19.040678 -2.737456 -8.449468 3.278673 11.133060 32.729950 1.808892 8.190491 -29.471303 0.076610 1.785509 4.913252 0.000000 0.000000 0.000000 13.775726 13.325070 -13.829987 -3.529500 -11.562458 33.855937 -1.026953 5.459670 -16.575026 -0.204191 -2.909561 8.027063 -2.228230 -1.768169 2.077143 4.305801 -2.340854 -2.622659 5.848216 -1.058807 -3.608062 -14.340354 -5.448570 -12.494245 11.975657 -7.460262 21.438381 5.689734 -3.486609 9.839062 0.000000 0.000000 0.000000 -81.932116 -4.140980 15.127724 14.441917 -23.362932 -3.001131 -0.000001 0.000002 9.945299 1.178716 31.118190 0.606944 -7.125020 0.000002 0.000000 -33.542655 57.776277 -11.329913 0.000000 0.000000 0.000000 81.477919 -4.805629 -4.538652 -17.940801 28.081298 -4.521340 0.000002 -0.000001 -14.634014 -11.819283 17.201796 -3.541306 7.125020 -0.000002 0.000000 10.630602 -12.649380 8.190206
9.530020 17.769375 -14.317722 -3.842096 -43.429757 4.486465 0.000000 0.000000 0.000000 -19.045734 -2.597153 -8.461911 3.281143 11.136829 32.742737 1.819836 8.162440 -29.524477 0.077156 1.791845 4.930744 0.000000 0.000000 0.000000 13.783987 13.579242 -13.775419 -3.534121 -11.566246 33.886979 -1.017092 5.408823 -16.565496 -0.211064 -2.957826 8.161358 -2.317577 -1.905671 2.140525 4.337165 -2.528183 -2.632845 5.943706 -1.149233 -3.627698 -14.196741 -5.454180 -12.694735 11.810410 -7.458988 21.685451 5.608883 -3.487549 9.952140 0.000000 0.000000 0.000000 -81.959712 -4.181699 15.571475 14.548985 -23.514069 -3.043719 -0.000001 0.000002 9.952911 1.374336 30.949127 0.705030 -7.125020 0.000002 0.000000 -33.204746 57.677701 -11.116252 0.000000 0.000000 0.000000 81.416988 -4.916406 -4.772564 -17.835578 27.946118 -4.471919 0.000002 -0.000001 -14.786940 -11.966795 17.129926 -3.572077 7.125020 -0.000002 0.000000 10.533220 -12.708333 8.099521
9.532025 17.767589 -14.317164 -3.807280 -43.614595 4.441959 0.000000 0.000000 0.000000 -19.087929 -2.432986 -8.475330 3.281802 11.137835 32.746151 1.825913 8.148292 -29.554659 0.076337 1.782328 4.904474 0.000000 0.000000 0.000000 13.754463 13.791143 -13.738301 -3.542114 -11.576023 33.931900 -1.010263 5.377825 -16.553799 -0.207668 -2.934076 8.095269 -2.438256 -2.028966 2.207546 4.362453 -2.697949 -2.644410 6.050344 -1.229859 -3.651229 -13.980801 -5.467771 -12.903285 11.516146 -7.452028 21.935898 5.468400 -3.492562 10.059374 0.000000 0.000000 0.000000 -82.008778 -4.221629 15.968848 14.683263 -23.703024 -3.097495 -0.000001 0.000002 10.012765 1.385858 30.832559 0.709046 -7.125020 0.000002 0.000000 -33.090785 57.583066 -10.993642 0.000000 0.000000 0.000000 81.354063 -5.046775 -5.029438 -17.738059 27.820459 -4.426312 0.000002 -0.000001 -14.972559 -12.173765 17.059400 -3.621007 7.125020 -0.000002 0.000000 10.396504 -12.760855 7.979287
9.534493 17.765239 -14.315473 -3.733838 -43.791790 4.365327 0.000000 0.000000 0.000000 -19.168752 -2.278409 -8.470897 3.280062 11.135178 32.737138 1.827546 8.159867 -29.572316 0.074533 1.761195 4.846144 0.000000 0.000000 0.000000 13.690608 13.955483 -13.711021 -3.552738 -11.590530 33.987382 -1.006769 5.364963 -16.547857 -0.195964 -2.850689 7.863334 -2.575029 -2.142898 2.276619 4.380196 -2.856145 -2.655924 6.157962 -1.304209 -3.676186 -13.722585 -5.490610 -13.080100 11.126737 -7.444643 22.153710 5.284620 -3.504327 10.143753 0.000000 0.000000 0.000000 -82.075232 -4.270520 16.306439 14.842465 -23.926194 -3.161777 -0.000001 0.000002 10.083590 1.199618 30.771974 0.612779 -7.125020 0.000002 0.000000 -33.216232 57.492953 -10.966880 0.000000 0.000000 0.000000 81.290718 -5.194063 -5.328541 -17.643465 27.698227 -4.382254 0.000002 -0.000001 -15.132321 -12.405744 16.987379 -3.676917 7.125020 -0.000002 0.000000 10.243160 -12.812817 7.846293
9.537418 17.762463 -14.312048 -3.635782 -43.956768 4.262943 0.000000 0.000000 0.000000 -19.281444 -2.158986 -8.434414 3.276035 11.129030 32.716280 1.826719 8.202064 -29.593498 0.072508 1.737154 4.779796 0.000000 0.000000 0.000000 13.604047 14.078754 -13.682876 -3.564891 -11.607939 34.048457 -1.006493 5.365703 -16.552745 -0.179403 -2.728234 7.523028 -2.709521 -2.252869 2.344251 4.390681 -3.009302 -2.664473 6.256245 -1.376274 -3.697581 -13.476366 -5.521237 -13.194045 10.721590 -7.443708 22.309241 5.094950 -3.523296 10.194953 0.000000 0.000000 0.000000 -82.147645 -4.335491 16.593467 15.018687 -24.172135 -3.233591 -0.000001 0.000002 10.125534 0.896137 30.738481 0.457265 -7.125020 0.000002 0.000000 -33.478177 57.401098 -10.990424 0.000000 0.000000 0.000000 81.225740 -5.354097 -5.680655 -17.548529 27.575211 -4.338216 0.000002 -0.000001 -15.221911 -12.599511 16.912498 -3.720254 7.125020 -0.000002 0.000000 10.114969 -12.871077 7.732091
9.540536 17.759403 -14.306607 -3.528359 -44.114766 4.145066 0.000000 0.000000 0.000000 -19.415902 -2.081931 -8.363080 3.270462 11.120513 32.687397 1.825659 8.273023 -29.631587 0.071072 1.719910 4.732211 0.000000 0.000000 0.000000 13.508479 14.176138 -13.645664 -3.577615 -11.626799 34.110476 -1.009390 5.372892 -16.569928 -0.160196 -2.578782 7.108152 -2.827550 -2.359671 2.402055 4.394340 -3.157856 -2.665235 6.336801 -1.447054 -3.706312 -13.286978 -5.558050 -13.242616 10.374922 -7.455292 22.396434 4.933759 -3.548354 10.215688 0.000000 0.000000 0.000000 -82.214479 -4.420419 16.855044 15.203088 -24.428265 -3.309476 -0.000001 0.000002 10.125253 0.598951 30.696469 0.305350 -7.125020 0.000002 0.000000 -33.727001 57.304376 -11.004137 0.000000 0.000000 0.000000 81.157879 -5.521725 -6.086067 -17.453588 27.451849 -4.294357 0.000002 -0.000001 -15.236840 -12.693979 16.841788 -3.734033 7.125020 -0.000002 0.000000 10.052385 -12.933832 7.668927
9.543507 17.756199 -14.299422 -3.425377 -44.272142 4.023295 0.000000 0.000000 0.000000 -19.558528 -2.040201 -8.265773 3.264701 11.111698 32.657517 1.825808 8.363868 -29.690580 0.070711 1.715552 4.720186 0.000000 0.000000 0.000000 13.417360 14.263629 -13.595585 -3.590098 -11.645901 34.169479 -1.015152 5.377485 -16.597736 -0.139824 -2.409955 6.640057 -2.923840 -2.462317 2.442567 4.393734 -3.300141 -2.653203 6.398579 -1.516246 -3.693404 -13.157439 -5.597983 -13.264858 10.104225 -7.476548 22.446611 4.808889 -3.575593 10.224887 0.000000 0.000000 0.000000 -82.273281 -4.527147 17.105155 15.389670 -24.686143 -3.387020 -0.000001 0.000002 10.106949 0.386924 30.631985 0.197374 -7.125020 0.000002 0.000000 -33.874860 57.207640 -10.978483 0.000000 0.000000 0.000000 81.084971 -5.691855 -6.522983 -17.363754 27.334808 -4.253025 0.000002 -0.000001 -15.209693 -12.669168 16.784632 -3.714365 7.125020 -0.000002 0.000000 10.068669 -12.993322 7.668859
9.546191 17.753006 -14.291340 -3.346742 -44.427207 3.913126 0.000000 0.000000 0.000000 -19.685682 -2.020731 -8.158256 3.260738 11.105629 32.636948 1.828240 8.456323 -29.765981 0.071725 1.727776 4.753917 0.000000 0.000000 0.000000 13.349143 14.352767 -13.530937 -3.601265 -11.663427 34.220911 -1.022425 5.371445 -16.631178 -0.121190 -2.244244 6.181147 -2.997081 -2.563143 2.468069 4.396966 -3.439072 -2.625591 6.449566 -1.585432 -3.656720 -13.073491 -5.635518 -13.306450 9.898180 -7.497562 22.499275 4.715553 -3.599338 10.243079 0.000000 0.000000 0.000000 -82.334298 -4.653855 17.331188 15.576798 -24.943478 -3.465556 -0.000001 0.000002 10.116095 0.251536 30.555754 0.129157 -7.125020 0.000002 0.000000 -33.938681 57.117516 -10.925404 0.000000 0.000000 0.000000 81.003227 -5.859023 -6.944252 -17.287303 27.234963 -4.217979 0.000002 -0.000001 -15.183786 -12.560709 16.735830 -3.671025 7.125020 -0.000002 0.000000 10.140174 -13.051634 7.712853
9.548758 17.749961 -14.283354 -3.328912 -44.571414 3.839113 0.000000 0.000000 0.000000 -19.758611 -2.008099 -8.056466 3.260947 11.105949 32.638033 1.834606 8.524321 -29.851586 0.074675 1.762868 4.850762 0.000000 0.000000 0.000000 13.335119 14.451060 -13.447636 -3.609499 -11.676448 34.258459 -1.028606 5.347806 -16.662487 -0.107992 -2.118923 5.834427 -3.035691 -2.667036 2.491429 4.417171 -3.580583 -2.582741 6.498165 -1.657605 -3.603340 -13.046854 -5.666786 -13.368778 9.774801 -7.514805 22.556918 4.662989 -3.617042 10.272295 0.000000 0.000000 0.000000 -82.415258 -4.791297 17.508283 15.767804 -25.204801 -3.546502 -0.000001 0.000002 10.186282 0.119972 30.485016 0.063626 -7.125020 0.000002 0.000000 -34.001901 57.032448 -10.874863 0.000000 0.000000 0.000000 80.908050 -6.022802 -7.281026 -17.234834 27.166311 -4.193995 0.000002 -0.000001 -15.208815 -12.445424 16.666135 -3.620959 7.125020 -0.000002 0.000000 10.215895 -13.131474 7.755998
9.551562 17.747160 -14.276042 -3.421331 -44.697583 3.832528 0.000000 0.000000 0.000000 -19.731206 -1.985585 -7.971104 3.267430 11.115875 32.671673 1.846569 8.546059 -29.943455 0.079935 1.823761 5.018851 0.000000 0.000000 0.000000 13.416157 14.563418 -13.338215 -3.612971 -11.681608 34.275157 -1.030576 5.300592 -16.682628 -0.102705 -2.066571 5.689668 -3.010904 -2.776150 2.528754 4.466793 -3.726279 -2.527677 6.542428 -1.733800 -3.546565 -13.111657 -5.694514 -13.408100 9.778801 -7.538564 22.584532 4.671917 -3.632599 10.296335 0.000000 0.000000 0.000000 -82.529162 -4.924404 17.627377 15.968182 -25.477482 -3.632266 -0.000001 0.000002 10.317721 -0.110538 30.428649 -0.051726 -7.125020 0.000002 0.000000 -34.168754 56.937556 -10.853023 0.000000 0.000000 0.000000 80.794919 -6.197744 -7.449239 -17.220415 27.147427 -4.187415 0.000002 -0.000001 -15.361209 -12.409171 16.535447 -3.581400 7.125020 -0.000002 0.000000 10.238898 -13.265704 7.746495
9.554906 17.744660 -14.269468 -3.659135 -44.803998 3.914866 0.000000 0.000000 0.000000 -19.574308 -1.940665 -7.904883 3.281039 11.136670 32.742198 1.863589 8.521111 -30.037040 0.085972 1.891208 5.205097 0.000000 0.000000 0.000000 13.620365 14.690242 -13.197474 -3.610662 -11.676958 34.267343 -1.026239 5.228633 -16.685053 -0.106345 -2.102764 5.789740 -2.893627 -2.887437 2.591037 4.550291 -3.870764 -2.465191 6.571287 -1.811520 -3.500005 -13.296891 -5.726911 -13.374116 9.946005 -7.586503 22.542878 4.757845 -3.653986 10.296699 0.000000 0.000000 0.000000 -82.673726 -5.042131 17.708476 16.178717 -25.762368 -3.723301 -0.000001 0.000002 10.484760 -0.560270 30.392739 -0.278718 -7.125020 0.000002 0.000000 -34.557572 56.812105 -10.886197 0.000000 0.000000 0.000000 80.662377 -6.406477 -7.393161 -17.255237 27.193020 -4.203316 0.000002 -0.000001 -15.714001 -12.500038 16.325235 -3.562520 7.125020 -0.000002 0.000000 10.177493 -13.468927 7.656238
9.558836 17.742498 -14.263527 -4.029395 -44.891184 4.077890 0.000000 0.000000 0.000000 -19.301132 -1.872158 -7.853482 3.300487 11.166286 32.842754 1.881686 8.473911 -30.122151 0.088723 1.921150 5.287801 0.000000 0.000000 0.000000 13.936028 14.825695 -13.030264 -3.603521 -11.663928 34.239502 -1.016078 5.137163 -16.671886 -0.118862 -2.222664 6.121423 -2.684800 -2.995758 2.679393 4.660610 -4.006993 -2.401335 6.577963 -1.886822 -3.472003 -13.608971 -5.770798 -13.242377 10.279650 -7.669961 22.416437 4.921372 -3.687431 10.265424 0.000000 0.000000 0.000000 -82.832306 -5.144028 17.791974 16.392058 -26.049355 -3.816509 -0.000001 0.000002 10.654372 -1.327336 30.397865 -0.668919 -7.125020 0.000002 0.000000 -35.278605 56.652923 -11.012957 0.000000 0.000000 0.000000 80.516748 -6.651718 -7.166028 -17.331361 27.292530 -4.238163 0.000002 -0.000001 -16.237451 -12.687917 16.065372 -3.561225 7.125020 -0.000002 0.000000 10.052029 -13.713987 7.506840
9.563032 17.740656 -14.258310 -4.459467 -44.958359 4.278046 0.000000 0.000000 0.000000 -18.971977 -1.786923 -7.811878 3.322109 11.199077 32.954247 1.895401 8.431490 -30.181530 0.084870 1.879080 5.171602 0.000000 0.000000 0.000000 14.302918 14.959859 -12.855057 -3.594871 -11.647914 34.206302 -1.003297 5.033782 -16.656036 -0.138190 -2.395898 6.601108 -2.432527 -3.098455 2.784801 4.781218 -4.133251 -2.343682 6.572079 -1.957470 -3.463518 -14.018950 -5.826140 -13.025202 10.733519 -7.784374 22.224893 5.141262 -3.733432 10.208681 0.000000 0.000000 0.000000 -82.985914 -5.233775 17.914925 16.598309 -26.325180 -3.907529 -0.000001 0.000002 10.800110 -2.393004 30.483244 -1.216620 -7.125020 0.000002 0.000000 -36.348762 56.497600 -11.274358 0.000000 0.000000 0.000000 80.371312 -6.905368 -6.936801 -17.416583 27.403674 -4.277314 0.000002 -0.000001 -16.761551 -12.875727 15.824699 -3.563632 7.125020 -0.000002 0.000000 9.927225 -13.940069 7.361561
9.566841 17.739035 -14.254160 -4.835045 -45.004513 4.448334 0.000000 0.000000 0.000000 -18.676466 -1.688460 -7.780998 3.340688 11.227137 33.049786 1.901712 8.394495 -30.196924 0.076137 1.780005 4.898063 0.000000 0.000000 0.000000 14.627245 15.081565 -12.700644 -3.589505 -11.636767 34.188953 -0.992326 4.926095 -16.654176 -0.158968 -2.568927 7.080811 -2.223053 -3.196833 2.891205 4.890590 -4.255109 -2.300898 6.579460 -2.024122 -3.469305 -14.467384 -5.887500 -12.757675 11.221625 -7.913458 22.010972 5.378344 -3.788041 10.140525 0.000000 0.000000 0.000000 -83.124717 -5.308894 18.083844 16.793279 -26.584447 -3.994387 -0.000001 0.000002 10.918393 -3.560786 30.680990 -1.827488 -7.125020 0.000002 0.000000 -37.613045 56.413132 -11.678277 0.000000 0.000000 0.000000 80.238192 -7.133874 -6.874228 -17.472862 27.476921 -4.303248 0.000002 -0.000001 -17.078713 -12.968159 15.667208 -3.556484 7.125020 -0.000002 0.000000 9.866369 -14.090648 7.281340
9.569531 17.737486 -14.251328 -5.041323 -45.031923 4.521659 0.000000 0.000000 0.000000 -18.503140 -1.573205 -7.765143 3.351146 11.242886 33.103464 1.902166 8.335179 -30.160940 0.068191 1.684750 4.635201 0.000000 0.000000 0.000000 14.814299 15.178835 -12.595680 -3.591829 -11.637789 34.206780 -0.986934 4.825600 -16.676320 -0.173982 -2.686917 7.408283 -2.146982 -3.294397 2.980999 4.968303 -4.381799 -2.280327 6.629421 -2.089304 -3.480777 -14.895632 -5.949012 -12.469280 11.661804 -8.041331 21.811685 5.595044 -3.846894 10.071693 0.000000 0.000000 0.000000 -83.251841 -5.358207 18.265564 16.980660 -26.832271 -4.078606 -0.000001 0.000002 11.038051 -4.516570 30.969907 -2.343701 -7.125020 0.000002 0.000000 -38.761347 56.443211 -12.156364 0.000000 0.000000 0.000000 80.121832 -7.323869 -7.042145 -17.477824 27.483373 -4.305538 0.000002 -0.000001 -17.066155 -12.937390 15.613695 -3.536869 7.125020 -0.000002 0.000000 9.887707 -14.146898 7.284287
9.570661 17.735871 -14.249450 -5.013986 -45.048639 4.458881 0.000000 0.000000 0.000000 -18.505141 -1.439256 -7.761361 3.350412 11.241782 33.099700 1.901155 8.227174 -30.085443 0.065845 1.655581 4.554735 0.000000 0.000000 0.000000 14.809013 15.241238 -12.554637 -3.603940 -11.654586 34.268496 -0.988868 4.750602 -16.721132 -0.178804 -2.723701 7.510437 -2.253938 -3.394031 3.041309 5.002900 -4.520067 -2.284469 6.737348 -2.155391 -3.489387 -15.272532 -6.006599 -12.169217 12.009903 -8.158602 21.641506 5.771399 -3.907173 10.004306 0.000000 0.000000 0.000000 -83.381887 -5.365799 18.405929 17.168927 -27.079932 -4.163949 -0.000001 0.000002 11.204443 -4.941274 31.242393 -2.593369 -7.125020 0.000002 0.000000 -39.402067 56.562405 -12.536767 0.000000 0.000000 0.000000 80.018928 -7.482072 -7.400543 -17.430507 27.421808 -4.283724 0.000002 -0.000001 -16.722901 -12.828879 15.636235 -3.511645 7.125020 -0.000002 0.000000 9.960734 -14.133113 7.342033
9.570296 17.734120 -14.247481 -4.769578 -45.067941 4.267129 0.000000 0.000000 0.000000 -18.679042 -1.297270 -7.754531 3.338620 11.224020 33.039168 1.902250 8.077563 -29.998560 0.070805 1.716679 4.723296 0.000000 0.000000 0.000000 14.621445 15.267861 -12.569717 -3.624659 -11.685382 34.368045 -0.997364 4.719005 -16.778734 -0.175081 -2.695342 7.431678 -2.525339 -3.495341 3.066871 4.995848 -4.668811 -2.308242 6.893295 -2.222633 -3.487994 -15.591771 -6.058236 -11.858568 12.260351 -8.262361 21.499793 5.904717 -3.967264 9.937023 0.000000 0.000000 0.000000 -83.530105 -5.321532 18.464913 17.366580 -27.338499 -4.254324 -0.000001 0.000002 11.443936 -4.597663 31.325993 -2.436175 -7.125020 0.000002 0.000000 -39.158010 56.683149 -12.578839 0.000000 0.000000 0.000000 79.922629 -7.621808 -7.859511 -17.344689 27.309932 -4.244275 0.000002 -0.000001 -16.145578 -12.713792 15.681705 -3.489273 7.125020 -0.000002 0.000000 10.037939 -14.096886 7.408160
9.568905 17.732228 -14.244305 -4.393364 -45.103705 3.996259 0.000000 0.000000 0.000000 -18.969803 -1.169258 -7.727203 3.319106 11.194531 32.938781 1.905845 7.930081 -29.930307 0.081646 1.843133 5.072336 0.000000 0.000000 0.000000 14.319152 15.273182 -12.616237 -3.650078 -11.723966 34.487215 -1.009850 4.734623 -16.836739 -0.168505 -2.644500 7.290526 -2.886559 -3.593242 3.058803 4.958276 -4.817560 -2.339213 7.065431 -2.288138 -3.470247 -15.849428 -6.105427 -11.555570 12.426616 -8.356254 21.389559 5.998604 -4.026362 9.874921 0.000000 0.000000 0.000000 -83.689734 -5.239543 18.450054 17.575322 -27.609966 -4.350627 -0.000001 0.000002 11.731788 -3.478589 31.089790 -1.857488 -7.125020 0.000002 0.000000 -37.903463 56.710677 -12.133911 0.000000 0.000000 0.000000 79.828779 -7.750635 -8.331732 -17.238342 27.170906 -4.195597 0.000002 -0.000000 -15.472971 -12.639791 15.707918 -3.474145 7.125020 -0.000002 0.000000 10.087559 -14.076673 7.450081
9.567096 17.730217 -14.239507 -3.997913 -45.163960 3.717193 0.000000 0.000000 0.000000 -19.295015 -1.072450 -7.675388 3.297130 11.161183 32.825417 1.909654 7.834907 -29.896331 0.093904 1.976304 5.440175 0.000000 0.000000 0.000000 13.994917 15.282253 -12.666712 -3.675304 -11.762640 34.603602 -1.023327 4.780591 -16.885563 -0.164012 -2.609174 7.192481 -3.246619 -3.679258 3.023307 4.905305 -4.950298 -2.362177 7.217015 -2.346664 -3.431751 -16.022016 -6.153710 -11.308385 12.512879 -8.447861 21.330234 6.049230 -4.083901 9.833870 0.000000 0.000000 0.000000 -83.819885 -5.166400 18.424697 17.784630 -27.880514 -4.448069 -0.000001 0.000002 11.988894 -1.938522 30.575854 -1.050184 -7.125020 0.000002 0.000000 -36.012612 56.611853 -11.327014 0.000000 0.000000 0.000000 79.740154 -7.865045 -8.770905 -17.125712 27.023203 -4.144295 0.000002 -0.000000 -14.819989 -12.614268 15.706831 -3.466731 7.125020 -0.000002 0.000000 10.104701 -14.079903 7.462356
9.565371 17.728141 -14.233609 -3.678952 -45.247067 3.494032 0.000000 0.000000 0.000000 -19.574966 -1.003273 -7.614217 3.277906 11.131888 32.725974 1.911153 7.811053 -29.891450 0.101851 2.057988 5.665939 0.000000 0.000000 0.000000 13.730210 15.318960 -12.701955 -3.696392 -11.795255 34.699494 -1.035457 4.826135 -16.921882 -0.163190 -2.602657 7.174397 -3.535965 -3.745512 2.970724 4.850902 -5.052943 -2.366115 7.323068 -2.393123 -3.373270 -16.062383 -6.208931 -11.176333 12.493777 -8.541591 21.352277 6.038278 -4.138478 9.832809 0.000000 0.000000 0.000000 -83.865152 -5.158916 18.477919 17.974880 -28.124987 -4.537394 -0.000001 0.000002 12.122020 -0.501222 29.987378 -0.299604 -7.125020 0.000002 0.000000 -34.161275 56.439488 -10.481250 0.000000 0.000000 0.000000 79.665614 -7.955206 -9.180407 -17.015382 26.878049 -4.094290 0.000002 0.000000 -14.245479 -12.610635 15.696961 -3.463561 7.125020 -0.000002 0.000000 10.107150 -14.090124 7.462027
9.564024 17.726119 -14.227572 -3.485865 -45.343169 3.361270 0.000000 0.000000 0.000000 -19.758823 -0.938227 -7.567976 3.264847 11.111922 32.658274 1.909649 7.835296 -29.896845 0.102258 2.062082 5.677256 0.000000 0.000000 0.000000 13.569403 15.395300 -12.713536 -3.711452 -11.818784 34.766973 -1.045019 4.840763 -16.949404 -0.164534 -2.613299 7.203928 -3.723724 -3.788824 2.912252 4.803039 -5.119818 -2.348695 7.375185 -2.425216 -3.301541 -15.923098 -6.271700 -11.190317 12.327393 -8.634103 21.476640 5.942508 -4.187661 9.879924 0.000000 0.000000 0.000000 -83.791195 -5.248139 18.673712 18.127340 -28.319911 -4.609492 -0.000001 0.000002 12.086941 0.500527 29.513278 0.220402 -7.125020 0.000002 0.000000 -32.823300 56.271221 -9.842575 0.000000 0.000000 0.000000 79.614918 -8.015507 -9.587522 -16.912107 26.741763 -4.047711 0.000002 0.000000 -13.765193 -12.586511 15.697041 -3.456734 7.125020 -0.000002 0.000000 10.123267 -14.091948 7.473959
9.563136 17.724315 -14.222103 -3.416126 -45.439693 3.316089 0.000000 0.000000 0.000000 -19.837291 -0.852623 -7.552515 3.258750 11.102584 32.626629 1.906546 7.865238 -29.895461 0.096331 2.001606 5.510095 0.000000 0.000000 0.000000 13.513705 15.506502 -12.700598 -3.720619 -11.833250 34.807522 -1.051803 4.807232 -16.975234 -0.164968 -2.616725 7.213435 -3.814909 -3.812104 2.856119 4.762191 -5.155254 -2.315353 7.377952 -2.444449 -3.226070 -15.597251 -6.335824 -11.326326 11.999638 -8.717658 21.695744 5.756667 -4.229564 9.965507 0.000000 0.000000 0.000000 -83.611017 -5.420044 19.005587 18.235090 -28.457140 -4.660721 -0.000001 0.000002 11.931231 1.017029 29.208861 0.489004 -7.125020 0.000002 0.000000 -32.087001 56.137696 -9.460074 0.000000 0.000000 0.000000 79.591565 -8.051356 -10.006535 -16.819083 26.618657 -4.005942 0.000002 -0.000000 -13.378199 -12.512524 15.706718 -3.437940 7.125020 -0.000002 0.000000 10.172764 -14.088086 7.512481
9.562639 17.722865 -14.217435 -3.432800 -45.526091 3.329467 0.000000 0.000000 0.000000 -19.835311 -0.740605 -7.564860 3.258086 11.101565 32.623179 1.904083 7.870404 -29.882816 0.087889 1.912131 5.262887 0.000000 0.000000 0.000000 13.534553 15.634320 -12.666880 -3.725255 -11.840567 34.827992 -1.056107 4.727131 -17.003897 -0.161984 -2.593066 7.147783 -3.837122 -3.822550 2.806778 4.725046 -5.170356 -2.274500 7.344827 -2.455166 -3.154758 -15.149965 -6.393406 -11.510615 11.568187 -8.789571 21.966364 5.513642 -4.265283 10.065626 0.000000 0.000000 0.000000 -83.392139 -5.620384 19.378427 18.311275 -28.553903 -4.697080 -0.000001 0.000002 11.788565 1.158936 29.025753 0.565551 -7.125020 0.000002 0.000000 -31.805262 56.021157 -9.259517 0.000000 0.000000 0.000000 79.587842 -8.076250 -10.418836 -16.738851 26.512218 -3.970061 0.000002 -0.000000 -13.086066 -12.389278 15.707124 -3.403391 7.125020 -0.000002 0.000000 10.255339 -14.097406 7.573164
9.562411 17.721827 -14.213536 -3.489955 -45.595727 3.366280 0.000000 0.000000 0.000000 -19.792500 -0.619263 -7.587403 3.259987 11.104479 32.633050 1.903609 7.846959 -29.865209 0.080266 1.827532 5.029264 0.000000 0.000000 0.000000 13.593939 15.755435 -12.619988 -3.727067 -11.843299 34.836327 -1.058491 4.617114 -17.035286 -0.154898 -2.535983 6.989431 -3.825080 -3.827763 2.765735 4.689521 -5.176971 -2.232683 7.294279 -2.462163 -3.090987 -14.714239 -6.442558 -11.648860 11.166908 -8.860123 22.218057 5.284164 -4.300366 10.151851 0.000000 0.000000 0.000000 -83.226206 -5.783835 19.655273 18.383854 -28.645882 -4.731823 -0.000001 0.000002 11.806809 1.092930 28.887654 0.534846 -7.125020 0.000002 0.000000 -31.757865 55.894035 -9.137647 0.000000 0.000000 0.000000 79.585427 -8.101995 -10.783824 -16.671909 26.423223 -3.940225 0.000002 -0.000001 -12.896530 -12.236205 15.677487 -3.354268 7.125020 -0.000002 0.000000 10.358076 -14.139151 7.641894
9.562351 17.721143 -14.210188 -3.547287 -45.646929 3.397557 0.000000 0.000000 0.000000 -19.748706 -0.517010 -7.598369 3.261312 11.106510 32.639931 1.904489 7.816188 -29.851804 0.074621 1.762232 4.849009 0.000000 0.000000 0.000000 13.656645 15.849722 -12.569907 -3.727728 -11.844213 34.839588 -1.060246 4.500103 -17.068213 -0.144442 -2.449270 6.749010 -3.810075 -3.832240 2.731522 4.656692 -5.182487 -2.192962 7.245564 -2.468381 -3.033392 -14.442689 -6.489213 -11.661420 10.951140 -8.948648 22.378618 5.148962 -4.342986 10.201343 0.000000 0.000000 0.000000 -83.161813 -5.877826 19.766258 18.473004 -28.758588 -4.774638 -0.000001 0.000002 12.030765 0.966272 28.745002 0.471217 -7.125020 0.000002 0.000000 -31.765576 55.747342 -9.022827 0.000000 0.000000 0.000000 79.561637 -8.130916 -11.072032 -16.614627 26.346935 -3.914769 0.000002 -0.000001 -12.804294 -12.079570 15.613841 -3.297245 7.125020 -0.000002 0.000000 10.463414 -14.215188 7.704872
9.562379 17.720630 -14.206929 -3.570012 -45.682177 3.399657 0.000000 0.000000 0.000000 -19.740366 -0.457090 -7.579439 3.259358 11.103516 32.629786 1.904511 7.810570 -29.848531 0.070173 1.709027 4.702185 0.000000 0.000000 0.000000 13.691138 15.905046 -12.525824 -3.728982 -11.846454 34.844402 -1.063740 4.398396 -17.103475 -0.132380 -2.345184 6.460620 -3.818377 -3.837603 2.699961 4.628609 -5.190123 -2.156038 7.215590 -2.474996 -2.977484 -14.437358 -6.540767 -11.511801 11.015034 -9.068673 22.405256 5.158294 -4.399054 10.203860 0.000000 0.000000 0.000000 -83.169686 -5.919308 19.765520 18.576128 -28.888584 -4.824356 -0.000001 0.000002 12.358489 0.856079 28.589785 0.414298 -7.125020 0.000002 0.000000 -31.748946 55.592000 -8.894802 0.000000 0.000000 0.000000 79.499778 -8.154720 -11.290767 -16.559936 26.273985 -3.890528 0.000002 -0.000002 -12.768019 -11.956326 15.534885 -3.246578 7.125020 -0.000002 0.000000 10.546503 -14.303894 7.748045
9.562408 17.720059 -14.203244 -3.526773 -45.703920 3.351398 0.000000 0.000000 0.000000 -19.797359 -0.444738 -7.521526 3.252302 11.092693 32.593128 1.901522 7.850228 -29.854103 0.065523 1.651535 4.543575 0.000000 0.000000 0.000000 13.668721 15.916081 -12.494858 -3.732595 -11.853197 34.857498 -1.071340 4.331400 -17.141440 -0.121448 -2.246627 6.187743 -3.872597 -3.845797 2.666403 4.604019 -5.203356 -2.121395 7.215523 -2.483497 -2.917744 -14.699556 -6.600164 -11.223031 11.342168 -9.218036 22.303685 5.306295 -4.468584 10.165434 0.000000 0.000000 0.000000 -83.187797 -5.944032 19.753459 18.679306 -29.018245 -4.874305 -0.000001 0.000002 12.646357 0.777212 28.434324 0.372714 -7.125020 0.000002 0.000000 -31.703425 55.442617 -8.762456 0.000000 0.000000 0.000000 79.398857 -8.159010 -11.479466 -16.501696 26.196175 -3.864783 0.000002 -0.000002 -12.718475 -11.904354 15.470168 -3.218785 7.125020 -0.000002 0.000000 10.581761 -14.372777 7.759336
9.562382 17.719317 -14.198968 -3.396850 -45.710981 3.239518 0.000000 0.000000 0.000000 -19.933936 -0.466380 -7.428972 3.239550 11.073096 32.526794 1.894550 7.929281 -29.858857 0.059737 1.577067 4.338196 0.000000 0.000000 0.000000 13.569812 15.880777 -12.483308 -3.739830 -11.866435 34.884387 -1.083657 4.313830 -17.178425 -0.114368 -2.180388 6.004443 -3.987356 -3.860393 2.629289 4.576910 -5.227560 -2.088943 7.247259 -2.496412 -2.851631 -15.132826 -6.665943 -10.868778 11.820765 -9.382248 22.124526 5.536736 -4.546149 10.106316 0.000000 0.000000 0.000000 -83.179532 -5.973410 19.772755 18.773209 -29.135897 -4.919940 -0.000001 0.000002 12.827622 0.723839 28.291367 0.344250 -7.125020 0.000002 0.000000 -31.644188 55.309317 -8.638308 0.000000 0.000000 0.000000 79.273736 -8.133670 -11.679876 -16.439688 26.113194 -3.837449 0.000002 -0.000002 -12.598965 -11.934517 15.440828 -3.221062 7.125020 -0.000002 0.000000 10.561721 -14.399870 7.738102
9.562304 17.718535 -14.194448 -3.188592 -45.700891 3.072555 0.000000 0.000000 0.000000 -20.135774 -0.501603 -7.317023 3.221787 11.045710 32.434194 1.883557 8.026438 -29.849406 0.052638 1.480556 4.072129 0.000000 0.000000 0.000000 13.399740 15.805160 -12.494835 -3.750893 -11.885961 34.927321 -1.098946 4.347904 -17.209584 -0.112550 -2.163043 5.956459 -4.157142 -3.884031 2.592179 4.542047 -5.266058 -2.061032 7.302616 -2.515347 -2.784021 -15.600014 -6.734232 -10.532428 12.308549 -9.543350 21.936091 5.775985 -4.623905 10.050180 0.000000 0.000000 0.000000 -83.137499 -6.013466 19.805788 18.852458 -29.234931 -4.958585 -0.000001 0.000002 12.906820 0.701730 28.175269 0.331694 -7.125020 0.000002 0.000000 -31.576497 55.205439 -8.534668 0.000000 0.000000 0.000000 79.143479 -8.083103 -11.905843 -16.380727 26.034156 -3.811534 0.000002 -0.000002 -12.398064 -12.024242 15.449274 -3.247630 7.125020 -0.000002 0.000000 10.501478 -14.384503 7.695957
9.562198 17.718020 -14.190246 -2.945752 -45.674187 2.883969 0.000000 0.000000 0.000000 -20.359825 -0.535147 -7.202745 3.200649 11.012991 32.323704 1.869248 8.120685 -29.816886 0.044850 1.366804 3.758671 0.000000 0.000000 0.000000 13.195146 15.707976 -12.525696 -3.764839 -11.909485 34.984169 -1.114314 4.417413 -17.235200 -0.115726 -2.193244 6.040014 -4.352179 -3.915695 2.561576 4.501166 -5.316316 -2.041289 7.367228 -2.539217 -2.725153 -15.995106 -6.799938 -10.262754 12.703654 -9.687376 21.788677 5.970627 -4.695088 10.011175 0.000000 0.000000 0.000000 -83.064663 -6.063784 19.829201 18.911704 -29.308814 -4.987554 -0.000001 0.000002 12.902750 0.733572 28.103964 0.345631 -7.125020 0.000002 0.000000 -31.492215 55.150482 -8.464672 0.000000 0.000000 0.000000 79.020222 -8.023321 -12.140140 -16.334541 25.972152 -3.791284 0.000002 -0.000002 -12.143813 -12.141389 15.482847 -3.287078 7.125020 -0.000002 0.000000 10.422683 -14.341797 7.645860
9.562041 17.717951 -14.186761 -2.710964 -45.630851 2.704145 0.000000 0.000000 0.000000 -20.566915 -0.561083 -7.096996 3.178261 10.978179 32.206324 1.853640 8.192436 -29.761541 0.037761 1.254261 3.448686 0.000000 0.000000 0.000000 12.993875 15.603975 -12.566949 -3.780064 -11.934134 35.048748 -1.128107 4.499631 -17.260079 -0.122494 -2.256248 6.214373 -4.543506 -3.952244 2.542236 4.459146 -5.373040 -2.031476 7.430205 -2.565631 -2.682382 -16.279366 -6.858396 -10.060295 12.976007 -9.808405 21.695169 6.104309 -4.756501 9.989007 0.000000 0.000000 0.000000 -82.972610 -6.116322 19.834164 18.950037 -29.356546 -5.006332 -0.000001 0.000002 12.842790 0.833477 28.086263 0.392516 -7.125020 0.000002 0.000000 -31.384393 55.154547 -8.434257 0.000000 0.000000 0.000000 78.908603 -7.967261 -12.361728 -16.308035 25.936532 -3.779684 0.000002 -0.000002 -11.873199 -12.263983 15.524410 -3.329843 7.125020 -0.000002 0.000000 10.340211 -14.290590 7.594805
9.561742 17.718187 -14.184026 -2.494240 -45.568110 2.538500 0.000000 0.000000 0.000000 -20.748387 -0.580939 -7.002704 3.156675 10.944461 32.092801 1.840017 8.223207 -29.692705 0.032917 1.171135 3.219810 0.000000 0.000000 0.000000 12.807059 15.490683 -12.610953 -3.794978 -11.957844 35.112903 -1.140854 4.581918 -17.287515 -0.131380 -2.336347 6.436147 -4.724407 -3.990510 2.533685 4.417863 -5.431780 -2.030181 7.489481 -2.592527 -2.655011 -16.467913 -6.907056 -9.895623 13.148563 -9.907771 21.638461 6.188217 -4.808571 9.973772 0.000000 0.000000 0.000000 -82.882299 -6.157140 19.815440 18.972947 -29.385047 -5.017568 -0.000001 0.000002 12.775489 0.977270 28.110112 0.460700 -7.125020 0.000002 0.000000 -31.266669 55.202685 -8.435718 0.000000 0.000000 0.000000 78.808901 -7.915148 -12.570685 -16.301810 25.928162 -3.776961 0.000002 -0.000001 -11.610803 -12.374715 15.563394 -3.368908 7.125020 -0.000002 0.000000 10.265738 -14.242830 7.548968
9.561160 17.718416 -14.181636 -2.296049 -45.490624 2.385248 0.000000 0.000000 0.000000 -20.908043 -0.597875 -6.917183 3.137381 10.914194 31.991041 1.831328 8.207888 -29.626471 0.031060 1.137652 3.127635 0.000000 0.000000 0.000000 12.636542 15.365728 -12.650726 -3.808266 -11.979163 35.169302 -1.153395 4.661913 -17.316397 -0.141613 -2.425262 6.682474 -4.893314 -4.025170 2.529602 4.378284 -5.485233 -2.032268 7.544184 -2.616682 -2.635320 -16.593187 -6.946727 -9.739845 13.258423 -9.991092 21.594131 6.240759 -4.853780 9.955583 0.000000 0.000000 0.000000 -82.809932 -6.182224 19.770777 18.984754 -29.399728 -5.023363 -0.000001 0.000002 12.744496 1.114621 28.150078 0.526122 -7.125020 0.000002 0.000000 -31.167373 55.263468 -8.452889 0.000000 0.000000 0.000000 78.717523 -7.857412 -12.781350 -16.310413 25.939728 -3.780723 0.000002 -0.000001 -11.370364 -12.448594 15.601211 -3.397517 7.125020 -0.000002 0.000000 10.215991 -14.199105 7.520956
9.560141 17.718400 -14.178950 -2.129111 -45.413853 2.250651 0.000000 0.000000 0.000000 -21.041997 -0.611685 -6.835407 3.121286 10.888851 31.905936 1.827919 8.164839 -29.577082 0.031407 1.143984 3.145066 0.000000 0.000000 0.000000 12.493310 15.239649 -12.677007 -3.818769 -11.996401 35.212685 -1.164962 4.739979 -17.342389 -0.152655 -2.517637 6.938552 -5.038650 -4.048145 2.521522 4.342340 -5.521857 -2.028797 7.588313 -2.633209 -2.611953 -16.677630 -6.982364 -9.587792 13.331544 -10.066669 21.549769 6.273827 -4.895293 9.932822 0.000000 0.000000 0.000000 -82.755717 -6.205845 19.704715 18.984820 -29.399810 -5.023395 -0.000001 0.000002 12.757511 1.212120 28.185777 0.572698 -7.125020 0.000002 0.000000 -31.102577 55.312941 -8.471853 0.000000 0.000000 0.000000 78.628693 -7.782598 -12.996319 -16.326402 25.961217 -3.787720 0.000002 -0.000001 -11.166517 -12.461940 15.645326 -3.410514 7.125020 -0.000002 0.000000 10.206780 -14.153840 7.524070
9.558600 17.718081 -14.175594 -2.009528 -45.350368 2.143035 0.000000 0.000000 0.000000 -21.140550 -0.619903 -6.754260 3.109119 10.869635 31.841471 1.827156 8.124957 -29.547104 0.031827 1.151602 3.166038 0.000000 0.000000 0.000000 12.391470 15.125774 -12.680267 -3.825294 -12.007261 35.239170 -1.173224 4.813126 -17.361544 -0.163468 -2.604863 7.180518 -5.147400 -4.053660 2.505388 4.311551 -5.533246 -2.010421 7.615070 -2.638774 -2.575292 -16.729458 -7.021154 -9.459875 13.379997 -10.143066 21.510280 6.291591 -4.935717 9.913569 0.000000 0.000000 0.000000 -82.711286 -6.244331 19.618695 18.974474 -29.386946 -5.018318 -0.000001 0.000002 12.795800 1.266763 28.212527 0.598900 -7.125020 0.000002 0.000000 -31.071478 55.346440 -8.488716 0.000000 0.000000 0.000000 78.537627 -7.683656 -13.193089 -16.345549 25.986937 -3.796107 0.000002 -0.000001 -11.016725 -12.414770 15.698184 -3.408322 7.125020 -0.000002 0.000000 10.238073 -14.104620 7.558876
9.556598 17.717600 -14.171681 -1.953319 -45.300782 2.072377 0.000000 0.000000 0.000000 -21.189366 -0.623433 -6.675108 3.101712 10.857914 31.802174 1.826213 8.108699 -29.531107 0.030468 1.126770 3.097684 0.000000 0.000000 0.000000 12.345509 15.033656 -12.654024 -3.826691 -12.009300 35.245600 -1.175653 4.871221 -17.373764 -0.173189 -2.680814 7.391339 -5.208412 -4.042113 2.483420 4.288250 -5.519564 -1.973150 7.620603 -2.633846 -2.523187 -16.752879 -7.067409 -9.381735 13.409823 -10.224333 21.489826 6.296157 -4.975766 9.908948 0.000000 0.000000 0.000000 -82.670372 -6.296325 19.507001 18.960993 -29.370178 -5.011704 -0.000001 0.000002 12.839280 1.278908 28.240054 0.605043 -7.125020 0.000002 0.000000 -31.081092 55.372297 -8.512305 0.000000 0.000000 0.000000 78.442084 -7.562637 -13.333811 -16.369247 26.018752 -3.806497 0.000002 -0.000001 -10.931148 -12.335786 15.753565 -3.397639 7.125020 -0.000002 0.000000 10.290674 -14.055426 7.609916
9.554289 17.717211 -14.167524 -1.980484 -45.260894 2.054415 0.000000 0.000000 0.000000 -21.169708 -0.627539 -6.602865 3.099956 10.855130 31.792845 1.824960 8.115243 -29.527744 0.027361 1.067821 2.935437 0.000000 0.000000 0.000000 12.372971 14.973703 -12.595646 -3.822219 -12.000972 35.229857 -1.170976 4.899214 -17.382213 -0.181928 -2.747270 7.575907 -5.207346 -4.017270 2.458835 4.276819 -5.485441 -1.920795 7.602038 -2.620633 -2.461506 -16.755238 -7.119675 -9.361039 13.425924 -10.308310 21.499599 6.291043 -5.014425 9.924641 0.000000 0.000000 0.000000 -82.636566 -6.336296 19.363967 18.955499 -29.363342 -5.009010 -0.000001 0.000002 12.884216 1.236794 28.281970 0.585776 -7.125020 0.000002 0.000000 -31.152946 55.399836 -8.556838 0.000000 0.000000 0.000000 78.342831 -7.431460 -13.387171 -16.402808 26.063770 -3.821230 0.000002 -0.000000 -10.907771 -12.265038 15.800809 -3.387530 7.125020 -0.000002 0.000000 10.337826 -14.013751 7.655127
9.551813 17.717129 -14.163368 -2.108444 -45.229581 2.105057 0.000000 0.000000 0.000000 -21.066183 -0.635124 -6.544815 3.104578 10.862450 31.817382 1.825508 8.128765 -29.540785 0.023845 0.996892 2.740260 0.000000 0.000000 0.000000 12.488994 14.958238 -12.505649 -3.811840 -11.982261 35.191546 -1.159588 4.881869 -17.390637 -0.189701 -2.805021 7.736380 -5.130889 -3.981420 2.431837 4.281681 -5.433504 -1.861689 7.557069 -2.600044 -2.399348 -16.745184 -7.173876 -9.383340 13.432241 -10.391266 21.540277 6.280099 -5.050975 9.958117 0.000000 0.000000 0.000000 -82.625007 -6.328070 19.188196 18.967408 -29.378158 -5.014851 -0.000001 0.000002 12.950365 1.138417 28.340268 0.540109 -7.125020 0.000002 0.000000 -31.290554 55.430373 -8.624624 0.000000 0.000000 0.000000 78.243145 -7.304483 -13.348481 -16.451278 26.128714 -3.842552 0.000002 -0.000000 -10.938429 -12.231084 15.829891 -3.384037 7.125020 -0.000002 0.000000 10.360467 -13.987339 7.678205
9.549293 17.717438 -14.159506 -2.335497 -45.203884 2.227406 0.000000 0.000000 0.000000 -20.878680 -0.643934 -6.510181 3.115846 10.880265 31.877125 1.829711 8.128526 -29.569014 0.021066 0.937043 2.575603 0.000000 0.000000 0.000000 12.692840 14.990612 -12.389477 -3.796360 -11.954836 35.132885 -1.143291 4.808172 -17.402330 -0.195090 -2.844367 7.845754 -4.981194 -3.935234 2.402389 4.303729 -5.364841 -1.804017 7.488353 -2.571984 -2.344743 -16.727252 -7.228161 -9.426548 13.430401 -10.472949 21.602902 6.264992 -5.086362 10.002221 0.000000 0.000000 0.000000 -82.640054 -6.262392 18.992775 18.989829 -29.406035 -5.025855 -0.000001 0.000002 13.056490 1.015304 28.396981 0.482590 -7.125020 0.000002 0.000000 -31.450438 55.454729 -8.694764 0.000000 0.000000 0.000000 78.147338 -7.188997 -13.244396 -16.516096 26.215425 -3.871141 0.000002 -0.000000 -11.012430 -12.238124 15.836047 -3.387404 7.125020 -0.000002 0.000000 10.355803 -13.980600 7.676014
9.546867 17.718135 -14.156569 -2.632647 -45.169539 2.406077 0.000000 0.000000 0.000000 -20.626837 -0.653559 -6.509007 3.133369 10.907882 31.969838 1.837652 8.095511 -29.600324 0.019501 0.901598 2.478098 0.000000 0.000000 0.000000 12.960807 15.053461 -12.261341 -3.777487 -11.922017 35.059299 -1.125000 4.675073 -17.420024 -0.195746 -2.849114 7.858954 -4.784320 -3.881408 2.375378 4.339331 -5.284307 -1.755000 7.407751 -2.537910 -2.305209 -16.698485 -7.283675 -9.476978 13.416925 -10.555878 21.677743 6.243549 -5.122263 10.050908 0.000000 0.000000 0.000000 -82.655622 -6.175442 18.811505 18.994187 -29.411452 -5.027995 -0.000001 0.000002 13.187608 0.922686 28.423199 0.438960 -7.125020 0.000002 0.000000 -31.558140 55.459009 -8.732494 0.000000 0.000000 0.000000 78.058276 -7.085654 -13.112446 -16.595286 26.321148 -3.906188 0.000002 -0.000000 -11.117867 -12.276147 15.822888 -3.395548 7.125020 -0.000002 0.000000 10.330502 -13.990699 7.654291
9.544660 17.719237 -14.155568 -2.957324 -45.101408 2.617512 0.000000 0.000000 0.000000 -20.338563 -0.671268 -6.551078 3.156245 10.943786 32.090531 1.847830 8.016521 -29.615467 0.019171 0.893942 2.457038 0.000000 0.000000 0.000000 13.257496 15.115334 -12.143187 -3.757483 -11.887973 34.978825 -1.107760 4.485098 -17.446020 -0.189995 -2.807185 7.742394 -4.580938 -3.826706 2.361749 4.384220 -5.202802 -1.722864 7.335477 -2.502017 -2.290565 -16.651843 -7.341369 -9.532175 13.383525 -10.640633 21.761394 6.211312 -5.159154 10.101685 0.000000 0.000000 0.000000 -82.637734 -6.112269 18.676438 18.953631 -29.361019 -5.008095 -0.000001 0.000002 13.302190 0.909504 28.398051 0.432173 -7.125020 0.000002 0.000000 -31.551276 55.434877 -8.711218 0.000000 0.000000 0.000000 77.973337 -6.996739 -12.967112 -16.686106 26.442107 -3.946543 0.000002 -0.000000 -11.253073 -12.344528 15.800781 -3.410437 7.125020 -0.000002 0.000000 10.284931 -14.007282 7.615632
9.542728 17.720807 -14.157651 -3.276513 -44.973047 2.846101 0.000000 0.000000 0.000000 -20.032154 -0.707229 -6.646617 3.183463 10.986281 32.233627 1.858037 7.884374 -29.594421 0.019675 0.905616 2.489152 0.000000 0.000000 0.000000 13.555447 15.153299 -12.056774 -3.738412 -11.856062 34.900164 -1.093033 4.238139 -17.483083 -0.178225 -2.719314 7.498253 -4.407153 -3.780620 2.374222 4.437815 -5.134549 -1.716947 7.293400 -2.470224 -2.312374 -16.585177 -7.398786 -9.589147 13.324797 -10.722920 21.851828 6.166567 -5.195467 10.152026 0.000000 0.000000 0.000000 -82.576441 -6.084381 18.591919 18.866696 -29.252700 -4.965541 -0.000001 0.000002 13.361490 1.002533 28.320091 0.474802 -7.125020 0.000002 0.000000 -31.403564 55.386161 -8.625913 0.000000 0.000000 0.000000 77.883012 -6.929591 -12.783769 -16.787216 26.576406 -3.991673 0.000002 -0.000000 -11.438801 -12.454282 15.781726 -3.437696 7.125020 -0.000002 0.000000 10.211669 -14.017429 7.557253
9.541063 17.722894 -14.163793 -3.577922 -44.765323 3.090306 0.000000 0.000000 0.000000 -19.708675 -0.765022 -6.806300 3.214133 11.033878 32.394220 1.866290 7.693473 -29.520484 0.020151 0.916507 2.519109 0.000000 0.000000 0.000000 13.844679 15.166717 -12.015842 -3.721457 -11.827554 34.830225 -1.079791 3.928284 -17.534783 -0.162922 -2.600526 7.168482 -4.281033 -3.751991 2.421631 4.502459 -5.092029 -1.744593 7.295799 -2.448034 -2.379540 -16.505467 -7.450508 -9.634415 13.245779 -10.796027 21.940389 6.113553 -5.228735 10.195737 0.000000 0.000000 0.000000 -82.484132 -6.073071 18.538665 18.751158 -29.108300 -4.909209 -0.000001 0.000002 13.346527 1.204145 28.207420 0.567948 -7.125020 0.000002 0.000000 -31.126940 55.328660 -8.493555 0.000000 0.000000 0.000000 77.776328 -6.892488 -12.515208 -16.899313 26.724846 -4.041954 0.000002 0.000000 -11.707811 -12.604192 15.772043 -3.478296 7.125020 -0.000002 0.000000 10.111479 -14.014915 7.481164
9.539621 17.725473 -14.174412 -3.863650 -44.472321 3.354370 0.000000 0.000000 0.000000 -19.361038 -0.840612 -7.033516 3.247093 11.084693 32.566043 1.871708 7.439312 -29.386931 0.019801 0.908515 2.497125 0.000000 0.000000 0.000000 14.126996 15.169551 -12.022659 -3.706762 -11.801756 34.772269 -1.065487 3.552887 -17.603695 -0.147150 -2.472020 6.812072 -4.200489 -3.744478 2.504073 4.578056 -5.079903 -1.806228 7.341563 -2.437791 -2.492013 -16.423417 -7.492618 -9.650617 13.161439 -10.857326 22.014025 6.060248 -5.257908 10.225837 0.000000 0.000000 0.000000 -82.376349 -6.057815 18.493297 18.624613 -28.949563 -4.847803 -0.000001 0.000002 13.264678 1.480127 28.094196 0.695775 -7.125020 0.000002 0.000000 -30.779917 55.285030 -8.350844 0.000000 0.000000 0.000000 77.649535 -6.889086 -12.125699 -17.024511 26.890075 -4.098418 0.000002 0.000000 -12.075114 -12.768843 15.764781 -3.523507 7.125020 -0.000002 0.000000 10.001335 -14.008791 7.398433
9.538228 17.728388 -14.188633 -4.134281 -44.110186 3.632083 0.000000 0.000000 0.000000 -18.994819 -0.930885 -7.308532 3.280119 11.135267 32.737436 1.875067 7.131589 -29.209409 0.018712 0.883189 2.427461 0.000000 0.000000 0.000000 14.401684 15.174414 -12.065987 -3.693784 -11.777361 34.725232 -1.048496 3.129782 -17.687937 -0.133417 -2.354318 6.485923 -4.149166 -3.752177 2.607069 4.656556 -5.089353 -1.890488 7.410692 -2.436158 -2.633264 -16.347082 -7.527080 -9.629842 13.090698 -10.912805 22.061552 6.014168 -5.284928 10.239462 0.000000 0.000000 0.000000 -82.262599 -6.032718 18.438543 18.495939 -28.787533 -4.785679 -0.000001 0.000002 13.146819 1.751974 28.020719 0.822185 -7.125020 0.000002 0.000000 -30.467025 55.274816 -8.245357 0.000000 0.000000 0.000000 77.510837 -6.914111 -11.619057 -17.165031 27.074820 -4.162175 0.000002 0.000000 -12.522649 -12.916415 15.741825 -3.560315 7.125020 -0.000002 0.000000 9.902537 -14.019852 7.320876
9.536393 17.731228 -14.203185 -4.376377 -43.732433 3.891457 0.000000 0.000000 0.000000 -18.648813 -1.040563 -7.571355 3.309862 11.180523 32.891139 1.879180 6.817946 -29.041143 0.018036 0.867089 2.383177 0.000000 0.000000 0.000000 14.653973 15.184987 -12.114413 -3.681979 -11.754393 34.684370 -1.031116 2.714536 -17.778312 -0.123993 -2.269961 6.252334 -4.103705 -3.757134 2.697719 4.720586 -5.094970 -1.971278 7.466301 -2.432842 -2.765098 -16.283332 -7.561098 -9.576233 13.050131 -10.973986 22.075107 5.980674 -5.313869 10.238089 0.000000 0.000000 0.000000 -82.148543 -6.003939 18.362036 18.367608 -28.625311 -4.724038 -0.000001 0.000002 13.030923 1.930506 28.013015 0.906242 -7.125020 0.000002 0.000000 -30.291963 55.303178 -8.212551 0.000000 0.000000 0.000000 77.376312 -6.950553 -11.043281 -17.320975 27.278969 -4.233401 0.000002 -0.000000 -13.011733 -13.029138 15.690172 -3.580762 7.125020 -0.000002 0.000000 9.827009 -14.062619 7.254472
9.533339 17.733337 -14.212740 -4.567953 -43.424432 4.080262 0.000000 0.000000 0.000000 -18.387731 -1.178200 -7.730538 3.332917 11.215415 33.009859 1.888412 6.582413 -28.963158 0.019405 0.899373 2.471978 0.000000 0.000000 0.000000 14.860121 15.196726 -12.118123 -3.671270 -11.734969 34.643327 -1.020150 2.392630 -17.860540 -0.121033 -2.242798 6.177146 -4.040528 -3.734747 2.735642 4.750496 -5.062437 -2.014327 7.467514 -2.413869 -2.838274 -16.242662 -7.601814 -9.499249 13.049899 -11.049658 22.051500 5.963694 -5.348241 10.225335 0.000000 0.000000 0.000000 -82.040303 -5.978428 18.250659 18.240430 -28.463930 -4.663267 -0.000001 0.000002 12.945039 1.976166 28.065754 0.929483 -7.125020 0.000002 0.000000 -30.288224 55.357733 -8.253022 0.000000 0.000000 0.000000 77.261441 -6.969001 -10.478600 -17.486055 27.494077 -4.309337 0.000002 -0.000000 -13.488294 -13.099329 15.618203 -3.584519 7.125020 -0.000002 0.000000 9.779945 -14.129291 7.204763
9.528598 17.734333 -14.213817 -4.702443 -43.241591 4.168162 0.000000 0.000000 0.000000 -18.247822 -1.340814 -7.727124 3.346943 11.236562 33.081905 1.904620 6.482758 -29.018337 0.023994 0.999998 2.748805 0.000000 0.000000 0.000000 15.010818 15.196900 -12.044316 -3.661749 -11.720891 34.598041 -1.020975 2.221598 -17.924706 -0.125218 -2.281108 6.283191 -3.946335 -3.671961 2.702596 4.739807 -4.973727 -2.000222 7.396615 -2.371966 -2.826835 -16.236646 -7.652742 -9.408854 13.092215 -11.142276 21.996329 5.965504 -5.389569 10.206577 0.000000 0.000000 0.000000 -81.945231 -5.956077 18.090356 18.116220 -28.305724 -4.604219 -0.000001 0.000002 12.902953 1.922230 28.146781 0.906595 -7.125020 0.000002 0.000000 -30.400375 55.417146 -8.333489 0.000000 0.000000 0.000000 77.177982 -6.932405 -10.028934 -17.643990 27.698908 -4.382499 0.000002 -0.000000 -13.866926 -13.113472 15.555517 -3.574424 7.125020 -0.000002 0.000000 9.770421 -14.191183 7.184637
9.522423 17.734448 -14.207888 -4.797782 -43.158737 4.173968 0.000000 0.000000 0.000000 -18.199731 -1.504264 -7.584634 3.351109 11.242831 33.103274 1.923679 6.496953 -29.162582 0.031521 1.146059 3.150778 0.000000 0.000000 0.000000 15.122217 15.166797 -11.907390 -3.653451 -11.711467 34.550754 -1.031645 2.183174 -17.973285 -0.134214 -2.361310 6.505290 -3.826107 -3.577439 2.618389 4.701175 -4.841143 -1.939599 7.272765 -2.312094 -2.749400 -16.268027 -7.715426 -9.313527 13.170059 -11.252222 21.923473 5.983967 -5.438740 10.188344 0.000000 0.000000 0.000000 -81.869026 -5.931046 17.877935 17.997041 -28.153376 -4.547846 -0.000001 0.000002 12.907871 1.831376 28.221839 0.865984 -7.125020 0.000002 0.000000 -30.543271 55.464114 -8.414339 0.000000 0.000000 0.000000 77.134612 -6.810185 -9.803940 -17.772272 27.864586 -4.442292 0.000002 -0.000001 -14.039814 -13.056434 15.535780 -3.553805 7.125020 -0.000002 0.000000 9.808546 -14.215649 7.208630
9.515271 17.733991 -14.198731 -4.859486 -43.108861 4.122211 0.000000 0.000000 0.000000 -18.200117 -1.634435 -7.367117 3.346175 11.235404 33.077958 1.939312 6.559653 -29.313003 0.039615 1.284642 3.532354 0.000000 0.000000 0.000000 15.204026 15.087927 -11.743123 -3.647158 -11.705939 34.510432 -1.046859 2.218281 -18.018209 -0.143336 -2.439917 6.723088 -3.707476 -3.467081 2.517819 4.648541 -4.687663 -1.856120 7.131925 -2.243108 -2.642971 -16.324674 -7.791959 -9.217462 13.266357 -11.381665 21.846915 6.010486 -5.497320 10.175007 0.000000 0.000000 0.000000 -81.812740 -5.898692 17.630110 17.883345 -28.007535 -4.494328 -0.000001 0.000002 12.956813 1.735808 28.278415 0.822404 -7.125020 0.000002 0.000000 -30.676836 55.494130 -8.479555 0.000000 0.000000 0.000000 77.133685 -6.595615 -9.868738 -17.854820 27.970869 -4.480941 0.000002 -0.000001 -13.932750 -12.936664 15.575921 -3.528771 7.125020 -0.000002 0.000000 9.888618 -14.185015 7.276187
9.507344 17.732953 -14.189068 -4.849518 -43.035709 4.001605 0.000000 0.000000 0.000000 -18.249407 -1.707721 -7.124963 3.334309 11.217514 33.017008 1.947729 6.617533 -29.410176 0.044481 1.361163 3.743129 0.000000 0.000000 0.000000 15.229114 14.947886 -11.577731 -3.644586 -11.705670 34.488540 -1.063901 2.280565 -18.072489 -0.148978 -2.487264 6.854335 -3.639447 -3.351267 2.422633 4.580985 -4.529314 -1.765987 7.004568 -2.170856 -2.530367 -16.382096 -7.884810 -9.124083 13.356204 -11.533008 21.775747 6.031269 -5.566582 10.167658 0.000000 0.000000 0.000000 -81.770922 -5.861842 17.374885 17.773367 -27.865997 -4.442803 -0.000001 0.000002 13.042619 1.625231 28.330056 0.771254 -7.125020 0.000002 0.000000 -30.821068 55.516756 -8.542887 0.000000 0.000000 0.000000 77.167283 -6.314560 -10.182149 -17.896023 28.023822 -4.500283 0.000002 -0.000001 -13.571354 -12.797932 15.665568 -3.509187 7.125020 -0.000002 0.000000 9.981349 -14.106235 7.363637
9.498972 17.731465 -14.181136 -4.725563 -42.890790 3.801395 0.000000 0.000000 0.000000 -18.360557 -1.724691 -6.903534 3.318610 11.193779 32.936221 1.947407 6.628821 -29.417379 0.043316 1.343234 3.693739 0.000000 0.000000 0.000000 15.163276 14.746385 -11.436245 -3.646899 -11.711736 34.492426 -1.081442 2.333017 -18.145984 -0.150956 -2.503647 6.899758 -3.666316 -3.240487 2.341447 4.492192 -4.381618 -1.680652 6.910994 -2.101719 -2.423272 -16.409526 -7.995481 -9.047377 13.411783 -11.705811 21.719466 6.030503 -5.645693 10.168356 0.000000 0.000000 0.000000 -81.731554 -5.831279 17.135217 17.663606 -27.724282 -4.391619 -0.000001 0.000002 13.152737 1.479803 28.400446 0.703613 -7.125020 0.000002 0.000000 -31.012881 55.548372 -8.628928 0.000000 0.000000 0.000000 77.220320 -6.018301 -10.586997 -17.923505 28.059105 -4.513202 0.000002 -0.000001 -13.099128 -12.694364 15.772874 -3.503268 7.125020 -0.000002 0.000000 10.050591 -14.006938 7.437575
9.490949 17.730108 -14.177402 -4.499333 -42.626407 3.556879 0.000000 0.000000 0.000000 -18.505797 -1.707083 -6.755265 3.302650 11.169572 32.853920 1.938282 6.548951 -29.308261 0.036766 1.237639 3.402914 0.000000 0.000000 0.000000 15.014096 14.493910 -11.347995 -3.653244 -11.722067 34.520169 -1.096616 2.332268 -18.243614 -0.150790 -2.502279 6.895968 -3.790628 -3.149494 2.281229 4.386086 -4.264096 -1.613698 6.858361 -2.044798 -2.336532 -16.379883 -8.122892 -9.012237 13.410160 -11.895217 21.692134 5.995360 -5.731188 10.182611 0.000000 0.000000 0.000000 -81.682855 -5.816843 16.915752 17.551472 -27.579032 -4.339578 -0.000001 0.000002 13.273595 1.301236 28.502852 0.620462 -7.125020 0.000002 0.000000 -31.260997 55.600643 -8.749919 0.000000 0.000000 0.000000 77.278923 -5.758461 -10.897020 -17.971401 28.120530 -4.535754 0.000002 -0.000001 -12.703083 -12.650031 15.865233 -3.510826 7.125020 -0.000002 0.000000 10.080280 -13.917862 7.479135
9.484097 17.729486 -14.179010 -4.240376 -42.221009 3.334414 0.000000 0.000000 0.000000 -18.622394 -1.683974 -6.711895 3.289862 11.150121 32.787850 1.922365 6.348463 -29.083426 0.028376 1.087440 2.989430 0.000000 0.000000 0.000000 14.836563 14.204838 -11.325705 -3.660866 -11.731856 34.560530 -1.105666 2.245261 -18.362844 -0.149452 -2.491203 6.865257 -3.963628 -3.088701 2.249082 4.277636 -4.188860 -1.575600 6.835862 -2.006385 -2.285800 -16.286786 -8.261891 -9.033105 13.346685 -12.092593 21.702616 5.924232 -5.818388 10.214033 0.000000 0.000000 0.000000 -81.624438 -5.815820 16.696953 17.439225 -27.433161 -4.287738 -0.000001 0.000002 13.399213 1.115391 28.633461 0.533888 -7.125020 0.000002 0.000000 -31.538322 55.675313 -8.899033 0.000000 0.000000 0.000000 77.334013 -5.559909 -11.010594 -18.056523 28.229481 -4.575946 0.000002 -0.000001 -12.500794 -12.648720 15.930313 -3.524674 7.125020 -0.000002 0.000000 10.081227 -13.852665 7.493649
9.478688 17.729737 -14.184494 -4.025597 -41.703457 3.181895 0.000000 0.000000 0.000000 -18.664114 -1.686484 -6.755476 3.282454 11.138829 32.749525 1.903786 6.046265 -28.788952 0.021558 0.947937 2.605570 0.000000 0.000000 0.000000 14.693164 13.896333 -11.351097 -3.666691 -11.736633 34.598666 -1.106774 2.074039 -18.492957 -0.147388 -2.474009 6.817587 -4.116828 -3.054403 2.244896 4.181538 -4.148667 -1.565754 6.819619 -1.983928 -2.275318 -16.159409 -8.404144 -9.087961 13.251335 -12.290063 21.735193 5.834939 -5.904280 10.255456 0.000000 0.000000 0.000000 -81.569474 -5.812385 16.443802 17.334215 -27.296261 -4.239470 -0.000001 0.000002 13.528271 0.954335 28.779218 0.458928 -7.125020 0.000002 0.000000 -31.804693 55.767466 -9.059747 0.000000 0.000000 0.000000 77.379257 -5.415402 -10.937659 -18.170925 28.375475 -4.630187 0.000002 -0.000001 -12.499538 -12.662109 15.977979 -3.538891 7.125020 -0.000002 0.000000 10.072319 -13.803741 7.497228
9.474357 17.730559 -14.190804 -3.883060 -41.139015 3.098430 0.000000 0.000000 0.000000 -18.640972 -1.744837 -6.830991 3.280545 11.135917 32.739641 1.887416 5.709236 -28.499441 0.017612 0.856849 2.355012 0.000000 0.000000 0.000000 14.606504 13.586835 -11.390357 -3.669106 -11.735075 34.624066 -1.101496 1.854808 -18.618507 -0.144533 -2.450036 6.751137 -4.211723 -3.030912 2.256823 4.101394 -4.121131 -1.573705 6.789476 -1.967485 -2.293364 -16.058003 -8.542610 -9.117407 13.190647 -12.487194 21.742712 5.763431 -5.990038 10.287435 0.000000 0.000000 0.000000 -81.536225 -5.788588 16.122146 17.244975 -27.179593 -4.198626 -0.000001 0.000002 13.657887 0.842010 28.923394 0.406952 -7.125020 0.000002 0.000000 -32.024475 55.867572 -9.212749 0.000000 0.000000 0.000000 77.411293 -5.300903 -10.745125 -18.294959 28.533200 -4.689284 0.000002 -0.000001 -12.637470 -12.675952 16.022610 -3.552527 7.125020 -0.000002 0.000000 10.063074 -13.757815 7.499991
9.470458 17.731594 -14.195592 -3.789562 -40.589909 3.052514 0.000000 0.000000 0.000000 -18.600561 -1.873614 -6.890131 3.282406 11.138756 32.749277 1.876600 5.407492 -28.272871 0.016110 0.819510 2.252320 0.000000 0.000000 0.000000 14.556036 13.293369 -11.420644 -3.668542 -11.729091 34.635381 -1.093000 1.629593 -18.726833 -0.139899 -2.410603 6.641852 -4.258071 -3.001513 2.267897 4.032418 -4.083926 -1.588371 6.743614 -1.946561 -2.321914 -16.045391 -8.676034 -9.060741 13.236380 -12.691751 21.671121 5.746483 -6.080384 10.290027 0.000000 0.000000 0.000000 -81.541265 -5.733795 15.709095 17.177906 -27.091711 -4.168036 -0.000001 0.000002 13.790431 0.793762 29.045939 0.385383 -7.125020 0.000002 0.000000 -32.167117 55.961761 -9.336247 0.000000 0.000000 0.000000 77.429208 -5.193904 -10.499462 -18.413843 28.683828 -4.746209 0.000002 -0.000001 -12.838122 -12.688850 16.065950 -3.565590 7.125020 -0.000002 0.000000 10.054447 -13.713248 7.502975
9.466453 17.732647 -14.198386 -3.711873 -40.092187 3.019287 0.000000 0.000000 0.000000 -18.579954 -2.060227 -6.919186 3.285661 11.143719 32.766120 1.871762 5.173712 -28.123768 0.016118 0.819719 2.252895 0.000000 0.000000 0.000000 14.513336 13.033136 -11.439653 -3.666769 -11.722007 34.639083 -1.083864 1.420870 -18.814546 -0.132541 -2.346606 6.464560 -4.289587 -2.955874 2.266119 3.972758 -4.024090 -1.605025 6.697895 -1.914580 -2.349091 -16.151576 -8.807113 -8.897500 13.415737 -12.909240 21.498026 5.798307 -6.178803 10.256754 0.000000 0.000000 0.000000 -81.596195 -5.646377 15.203361 17.134340 -27.034535 -4.148215 -0.000001 0.000002 13.933635 0.820270 29.131787 0.399532 -7.125020 0.000002 0.000000 -32.210069 56.039591 -9.413481 0.000000 0.000000 0.000000 77.428688 -5.082739 -10.243625 -18.522583 28.821136 -4.798515 0.000002 -0.000001 -13.038070 -12.700269 16.098266 -3.575842 7.125020 -0.000002 0.000000 10.046809 -13.679859 7.504325
9.462065 17.733601 -14.199895 -3.631651 -39.657332 2.990747 0.000000 0.000000 0.000000 -18.588145 -2.272819 -6.930356 3.288600 11.148198 32.781322 1.871022 5.003095 -28.033434 0.016745 0.835497 2.296287 0.000000 0.000000 0.000000 14.464172 12.819819 -11.455120 -3.665621 -11.716756 34.643289 -1.075796 1.230093 -18.886781 -0.122687 -2.258022 6.219283 -4.334254 -2.891181 2.246771 3.926039 -3.938633 -1.624127 6.671725 -1.869646 -2.371037 -16.357807 -8.936070 -8.654926 13.689008 -13.132032 21.248652 5.901525 -6.282937 10.196808 0.000000 0.000000 0.000000 -81.700065 -5.532924 14.637576 17.105144 -26.996177 -4.134953 -0.000001 0.000002 14.079903 0.926456 29.182685 0.452045 -7.125020 0.000002 0.000000 -32.149604 56.103738 -9.444696 0.000000 0.000000 0.000000 77.399982 -4.965861 -9.995304 -18.621413 28.945542 -4.846253 0.000002 -0.000001 -13.197895 -12.708237 16.111158 -3.580904 7.125020 -0.000002 0.000000 10.041475 -13.666253 7.503189
9.457222 17.734333 -14.200845 -3.545935 -39.277379 2.965218 0.000000 0.000000 0.000000 -18.615494 -2.479852 -6.938262 3.290764 11.151494 32.792513 1.871565 4.877293 -27.972804 0.016994 0.841691 2.313322 0.000000 0.000000 0.000000 14.409055 12.652903 -11.470157 -3.665890 -11.714514 34.651746 -1.069773 1.047734 -18.951590 -0.111324 -2.151272 5.923898 -4.399370 -2.811732 2.209670 3.895263 -3.833473 -1.646342 6.672600 -1.814590 -2.386787 -16.612865 -9.058524 -8.384196 13.977338 -13.342486 20.980488 6.020487 -6.385553 10.128181 0.000000 0.000000 0.000000 -81.835103 -5.406220 14.066310 17.069509 -26.949316 -4.118791 -0.000001 0.000002 14.199783 1.099440 29.214613 0.536961 -7.125020 0.000002 0.000000 -32.010518 56.165331 -9.446958 0.000000 0.000000 0.000000 77.334521 -4.849097 -9.744935 -18.713018 29.060522 -4.890669 0.000002 -0.000001 -13.315225 -12.713517 16.104030 -3.580866 7.125020 -0.000002 0.000000 10.037932 -13.672967 7.499059
9.451920 17.734778 -14.201568 -3.466655 -38.929075 2.942730 0.000000 0.000000 0.000000 -18.640230 -2.663453 -6.946928 3.292561 11.154229 32.801802 1.870864 4.778673 -27.916513 0.015988 0.816404 2.243776 0.000000 0.000000 0.000000 14.362628 12.516366 -11.477076 -3.666975 -11.714176 34.662194 -1.065753 0.860668 -19.016951 -0.099654 -2.035740 5.604436 -4.470941 -2.727722 2.159526 3.881317 -3.721834 -1.671229 6.694068 -1.756249 -2.397457 -16.865132 -9.167496 -8.133018 14.209781 -13.522944 20.756384 6.122999 -6.478514 10.070048 0.000000 0.000000 0.000000 -81.979254 -5.276415 13.523080 17.006182 -26.865921 -4.090131 -0.000001 0.000002 14.269730 1.297656 29.241929 0.634232 -7.125020 0.000002 0.000000 -31.843784 56.228311 -9.440667 0.000000 0.000000 0.000000 77.230068 -4.744037 -9.461480 -18.802543 29.172583 -4.934230 0.000002 -0.000001 -13.418837 -12.718984 16.082311 -3.577728 7.125020 -0.000002 0.000000 10.034263 -13.694315 7.491684
9.446081 17.734968 -14.202125 -3.414699 -38.586460 2.925154 0.000000 0.000000 0.000000 -18.636235 -2.818416 -6.951406 3.294521 11.157213 32.811934 1.867859 4.688638 -27.848784 0.013790 0.758233 2.083808 0.000000 0.000000 0.000000 14.347537 12.391540 -11.461475 -3.667441 -11.713253 34.668801 -1.063174 0.659678 -19.091029 -0.089463 -1.929128 5.309836 -4.529488 -2.651370 2.107142 3.886884 -3.619676 -1.700114 6.728963 -1.702713 -2.409283 -17.080612 -9.253743 -7.932052 14.345398 -13.657917 20.625367 6.191071 -6.554018 10.036829 0.000000 0.000000 0.000000 -82.123708 -5.140725 12.993127 16.907504 -26.735672 -4.045638 -0.000001 0.000002 14.295854 1.469469 29.267500 0.718673 -7.125020 0.000002 0.000000 -31.700815 56.284696 -9.436970 0.000000 0.000000 0.000000 77.088408 -4.662429 -9.118081 -18.894256 29.287070 -4.979015 0.000002 -0.000001 -13.526862 -12.726643 16.053806 -3.573753 7.125020 -0.000002 0.000000 10.029132 -13.722295 7.481759
9.439546 17.735026 -14.202442 -3.402372 -38.235140 2.912436 0.000000 0.000000 0.000000 -18.589937 -2.945784 -6.945102 3.296838 11.160739 32.823911 1.863230 4.588851 -27.765500 0.011304 0.686502 1.886577 0.000000 0.000000 0.000000 14.376940 12.267127 -11.412517 -3.665983 -11.709608 34.665918 -1.062030 0.446815 -19.180510 -0.082849 -1.856631 5.109608 -4.569242 -2.591035 2.063859 3.915570 -3.538309 -1.736747 6.778981 -1.659339 -2.431090 -17.241068 -9.307586 -7.793934 14.369456 -13.734266 20.611658 6.218696 -6.605145 10.034075 0.000000 0.000000 0.000000 -82.272426 -4.987446 12.437689 16.780375 -26.567329 -3.988612 -0.000001 0.000002 14.304669 1.588153 29.289071 0.777141 -7.125020 0.000002 0.000000 -31.605204 56.327055 -9.438091 0.000000 0.000000 0.000000 76.913137 -4.608236 -8.714328 -18.987790 29.403502 -5.024854 0.000002 -0.000001 -13.618830 -12.740037 16.023594 -3.571057 7.125020 -0.000002 0.000000 10.020173 -13.751514 7.468628
9.432256 17.735130 -14.202347 -3.423116 -37.873801 2.900620 0.000000 0.000000 0.000000 -18.509007 -3.050798 -6.925305 3.299327 11.164523 32.836764 1.858165 4.470043 -27.670347 0.009154 0.617794 1.697688 0.000000 0.000000 0.000000 14.443783 12.135902 -11.331502 -3.662125 -11.702661 34.650942 -1.062941 0.233625 -19.286296 -0.080781 -1.833368 5.045376 -4.597152 -2.545666 2.032426 3.964138 -3.476691 -1.781790 6.844941 -1.625376 -2.465059 -17.339984 -9.327017 -7.714803 14.293531 -13.751632 20.703979 6.209052 -6.630389 10.056977 0.000000 0.000000 0.000000 -82.424578 -4.816080 11.842977 16.636578 -26.376182 -3.924514 -0.000001 0.000002 14.317845 1.657362 29.312594 0.811530 -7.125020 0.000002 0.000000 -31.558219 56.361070 -9.449081 0.000000 0.000000 0.000000 76.715263 -4.573907 -8.274908 -19.080116 29.518106 -5.070262 0.000002 -0.000001 -13.664281 -12.765654 15.991327 -3.571434 7.125020 -0.000002 0.000000 10.003060 -13.781787 7.449002
9.424455 17.735461 -14.201746 -3.459088 -37.504392 2.885653 0.000000 0.000000 0.000000 -18.412345 -3.142279 -6.895842 3.301660 11.168069 32.848812 1.853083 4.331954 -27.566088 0.007311 0.552126 1.517176 0.000000 0.000000 0.000000 14.528021 11.988759 -11.232034 -3.656254 -11.693219 34.625038 -1.066202 0.031227 -19.402427 -0.082445 -1.852107 5.097117 -4.616532 -2.503459 2.004613 4.017091 -3.419058 -1.826105 6.911225 -1.593506 -2.500015 -17.382742 -9.326075 -7.679305 14.161751 -13.735303 20.853466 6.174557 -6.638739 10.093604 0.000000 0.000000 0.000000 -82.560977 -4.654797 11.244607 16.484429 -26.173085 -3.857162 -0.000001 0.000002 14.334285 1.688199 29.357965 0.827733 -7.125020 0.000002 0.000000 -31.565332 56.405836 -9.487083 0.000000 0.000000 0.000000 76.520691 -4.539255 -7.841924 -19.168868 29.627969 -5.114064 0.000002 -0.000001 -13.661378 -12.802423 15.957828 -3.574751 7.125020 -0.000002 0.000000 9.978516 -13.812381 7.423587
9.416670 17.736123 -14.200884 -3.494324 -37.124174 2.867721 0.000000 0.000000 0.000000 -18.314561 -3.229170 -6.867502 3.303747 11.171239 32.859586 1.847637 4.173486 -27.449881 0.005579 0.482324 1.325322 0.000000 0.000000 0.000000 14.610596 11.817265 -11.132989 -3.649127 -11.682421 34.591724 -1.071100 -0.157111 -19.520635 -0.086312 -1.894940 5.215403 -4.620122 -2.447109 1.967162 4.051383 -3.341918 -1.850817 6.947321 -1.553415 -2.513944 -17.380600 -9.333734 -7.676177 14.037516 -13.733165 20.993504 6.131525 -6.647975 10.132709 0.000000 0.000000 0.000000 -82.649828 -4.556267 10.707288 16.326434 -25.961261 -3.787735 -0.000001 0.000002 14.331951 1.687869 29.450514 0.829864 -7.125020 0.000002 0.000000 -31.640348 56.484266 -9.575294 0.000000 0.000000 0.000000 76.367109 -4.471988 -7.471170 -19.251443 29.729918 -5.154950 0.000002 -0.000001 -13.631358 -12.831729 15.933140 -3.577830 7.125020 -0.000002 0.000000 9.958965 -13.834754 7.403756
9.409475 17.737097 -14.200321 -3.521380 -36.727198 2.851430 0.000000 0.000000 0.000000 -18.220157 -3.318798 -6.853726 3.306015 11.174684 32.871293 1.841463 3.991727 -27.318234 0.003948 0.405711 1.114770 0.000000 0.000000 0.000000 14.681422 11.619676 -11.050326 -3.641351 -11.670847 34.554732 -1.076006 -0.335327 -19.634326 -0.091373 -1.949555 5.366269 -4.597306 -2.362243 1.909099 4.047624 -3.225681 -1.835702 6.924787 -1.496872 -2.484031 -17.338137 -9.381490 -7.713222 13.970591 -13.793697 21.071480 6.089723 -6.675675 10.170145 0.000000 0.000000 0.000000 -82.667916 -4.568822 10.280325 16.163811 -25.742254 -3.716825 -0.000001 0.000002 14.287730 1.666551 29.604374 0.823184 -7.125020 0.000002 0.000000 -31.785722 56.610285 -9.726301 0.000000 0.000000 0.000000 76.289649 -4.337065 -7.217024 -19.324290 29.819642 -5.191125 0.000002 -0.000001 -13.591661 -12.827634 15.931881 -3.576392 7.125020 -0.000002 0.000000 9.961709 -13.836365 7.405495
9.403252 17.738303 -14.200596 -3.541310 -36.309743 2.843598 0.000000 0.000000 0.000000 -18.127097 -3.420417 -6.863633 3.309351 11.179747 32.888504 1.834567 3.791085 -27.174073 0.002553 0.326235 0.896369 0.000000 0.000000 0.000000 14.739848 11.402528 -10.992694 -3.633192 -11.658338 34.516822 -1.078750 -0.509865 -19.738626 -0.097234 -2.010934 5.535875 -4.542849 -2.244543 1.827325 3.999988 -3.064450 -1.772846 6.833701 -1.421477 -2.401508 -17.252899 -9.485040 -7.807323 13.974701 -13.938237 21.069609 6.049269 -6.729212 10.207595 0.000000 0.000000 0.000000 -82.621006 -4.697318 9.966363 16.004329 -25.526514 -3.647828 -0.000001 0.000002 14.195507 1.635612 29.814949 0.813042 -7.125020 0.000002 0.000000 -31.988141 56.782073 -9.935144 0.000000 0.000000 0.000000 76.303024 -4.116703 -7.104327 -19.385228 29.894543 -5.221463 0.000002 -0.000001 -13.548485 -12.777720 15.960525 -3.568247 7.125020 -0.000002 0.000000 9.995017 -13.811735 7.436359
9.398097 17.739740 -14.202044 -3.562204 -35.871525 2.852382 0.000000 0.000000 0.000000 -18.029389 -3.547228 -6.899749 3.314685 11.187835 32.916004 1.827202 3.584553 -27.025818 0.001523 0.251960 0.692276 0.000000 0.000000 0.000000 14.793369 11.179431 -10.961369 -3.624663 -11.644290 34.479746 -1.077230 -0.688469 -19.831613 -0.103827 -2.077803 5.720720 -4.460071 -2.103657 1.731923 3.921785 -2.871377 -1.678586 6.691198 -1.332478 -2.285920 -17.133922 -9.630250 -7.952503 14.029328 -14.143679 21.006748 6.008443 -6.800871 10.245604 0.000000 0.000000 0.000000 -82.548381 -4.882828 9.721004 15.863090 -25.334656 -3.587178 -0.000001 0.000002 14.068284 1.597140 30.064640 0.799910 -7.125020 0.000002 0.000000 -32.232564 56.984893 -10.185949 0.000000 0.000000 0.000000 76.387322 -3.826841 -7.110193 -19.433434 29.953695 -5.245510 0.000002 -0.000001 -13.502790 -12.691236 16.012611 -3.554570 7.125020 -0.000002 0.000000 10.052701 -13.766607 7.490427
9.393884 17.741470 -14.204711 -3.593303 -35.414749 2.882448 0.000000 0.000000 0.000000 -17.921001 -3.709565 -6.958255 3.322522 11.199703 32.956375 1.819775 3.384284 -26.881938 0.000876 0.191086 0.525014 0.000000 0.000000 0.000000 14.852408 10.965462 -10.950518 -3.615763 -11.628340 34.444474 -1.070741 -0.879341 -19.917964 -0.111313 -2.151161 5.923591 -4.360617 -1.960785 1.645050 3.841070 -2.675471 -1.589026 6.536516 -1.241664 -2.180866 -17.012472 -9.776190 -8.107476 14.094767 -14.349151 20.926315 5.970362 -6.870880 10.280030 0.000000 0.000000 0.000000 -82.505341 -5.025877 9.475383 15.754145 -25.186159 -3.540688 -0.000001 0.000002 13.929238 1.551328 30.326384 0.783182 -7.125020 0.000002 0.000000 -32.497159 57.195773 -10.453148 0.000000 0.000000 0.000000 76.491468 -3.509443 -7.176062 -19.465586 29.993097 -5.261573 0.000002 -0.000001 -13.446860 -12.588105 16.076558 -3.538489 7.125020 -0.000002 0.000000 10.121442 -13.710976 7.555399
9.390365 17.743377 -14.208087 -3.634480 -34.945392 2.926271 0.000000 0.000000 0.000000 -17.805282 -3.904995 -7.027313 3.332659 11.215026 33.008533 1.812868 3.195821 -26.748584 0.000510 0.145829 0.400666 0.000000 0.000000 0.000000 14.919776 10.766303 -10.947651 -3.606750 -11.611178 34.411407 -1.061188 -1.085628 -20.008329 -0.119513 -2.228721 6.138185 -4.261481 -1.837705 1.587387 3.783885 -2.506650 -1.536239 6.409812 -1.161712 -2.124997 -16.921752 -9.877006 -8.223600 14.129636 -14.487315 20.874811 5.939499 -6.917026 10.305078 0.000000 0.000000 0.000000 -82.534170 -5.040979 9.167862 15.684440 -25.090915 -3.511077 -0.000001 0.000002 13.801269 1.513683 30.565118 0.769875 -7.125020 0.000002 0.000000 -32.737249 57.388449 -10.698946 0.000000 0.000000 0.000000 76.560576 -3.204371 -7.240061 -19.475838 30.005653 -5.266699 0.000002 -0.000001 -13.360291 -12.479984 16.145964 -3.521898 7.125020 -0.000002 0.000000 10.193422 -13.650303 7.624186
9.387211 17.745106 -14.211191 -3.675280 -34.473025 2.966602 0.000000 0.000000 0.000000 -17.695545 -4.116996 -7.090518 3.344069 11.232234 33.067154 1.806782 3.020594 -26.627849 0.000270 0.105971 0.291154 0.000000 0.000000 0.000000 14.988288 10.574576 -10.939116 -3.598265 -11.594691 34.381089 -1.052219 -1.303913 -20.112363 -0.126986 -2.297099 6.327463 -4.177083 -1.743408 1.564105 3.759337 -2.377354 -1.528663 6.329974 -1.098282 -2.127340 -16.869286 -9.907357 -8.279179 14.106312 -14.520657 20.879376 5.914795 -6.926126 10.317589 0.000000 0.000000 0.000000 -82.646215 -4.898541 8.772511 15.654730 -25.050264 -3.498487 -0.000001 0.000002 13.698828 1.513917 30.749521 0.774424 -7.125020 0.000002 0.000000 -32.896260 57.543037 -10.884978 0.000000 0.000000 0.000000 76.564576 -2.933042 -7.258937 -19.463369 29.990380 -5.260465 0.000002 -0.000001 -13.228108 -12.362464 16.220256 -3.503309 7.125020 -0.000002 0.000000 10.271533 -13.585530 7.698916
9.384086 17.746313 -14.213247 -3.701481 -34.006674 2.987629 0.000000 0.000000 0.000000 -17.606524 -4.323143 -7.136400 3.355001 11.248685 33.123234 1.800947 2.858593 -26.515077 0.000059 0.049251 0.135316 0.000000 0.000000 0.000000 15.045809 10.377348 -10.918486 -3.591176 -11.581117 34.355137 -1.046647 -1.528310 -20.231609 -0.130937 -2.332426 6.425288 -4.114873 -1.670383 1.564612 3.759022 -2.277484 -1.553745 6.291384 -1.047151 -2.170590 -16.841489 -9.872968 -8.283938 14.023570 -14.457137 20.937227 5.891769 -6.900393 10.318639 0.000000 0.000000 0.000000 -82.825731 -4.625871 8.306245 15.660335 -25.057935 -3.500860 -0.000001 0.000002 13.625120 1.588035 30.859744 0.814804 -7.125020 0.000002 0.000000 -32.920771 57.650725 -10.982427 0.000000 0.000000 0.000000 76.503734 -2.703590 -7.210946 -19.436973 29.958031 -5.247278 0.000002 -0.000001 -13.061434 -12.226914 16.299277 -3.480110 7.125020 -0.000002 0.000000 10.361502 -13.517544 7.783885
9.380753 17.746876 -14.214204 -3.694640 -33.550536 2.977655 0.000000 0.000000 0.000000 -17.553233 -4.504612 -7.163020 3.363498 11.261447 33.166771 1.794208 2.706048 -26.400107 0.000052 -0.046537 -0.127862 0.000000 0.000000 0.000000 15.074210 10.162530 -10.889265 -3.586241 -11.571936 34.336294 -1.044824 -1.750287 -20.357928 -0.128848 -2.313812 6.373740 -4.081182 -1.604097 1.571075 3.764641 -2.187472 -1.591038 6.276540 -0.999819 -2.226932 -16.831132 -9.799640 -8.256350 13.913220 -14.335600 21.017311 5.872874 -6.853444 10.309952 0.000000 0.000000 0.000000 -83.043866 -4.280660 7.805099 15.690876 -25.099717 -3.513806 -0.000001 0.000002 13.578610 1.777522 30.878360 0.911703 -7.125020 0.000002 0.000000 -32.754379 57.705867 -10.964213 0.000000 0.000000 0.000000 76.398321 -2.512755 -7.094723 -19.408470 29.923070 -5.233052 0.000002 -0.000001 -12.886287 -12.078228 16.382357 -3.453556 7.125020 -0.000002 0.000000 10.460083 -13.446647 7.876509
9.377122 17.746878 -14.214658 -3.634214 -33.102599 2.927769 0.000000 0.000000 0.000000 -17.550254 -4.651114 -7.175410 3.368265 11.268596 33.191170 1.785811 2.551277 -26.272492 0.000843 -0.187452 -0.515030 0.000000 0.000000 0.000000 15.051722 9.920996 -10.860131 -3.583771 -11.567298 34.326973 -1.045246 -1.957071 -20.478332 -0.121006 -2.242554 6.176468 -4.082670 -1.534176 1.563992 3.754851 -2.093410 -1.619239 6.265102 -0.950711 -2.265899 -16.847536 -9.713347 -8.199440 13.832475 -14.198725 21.067496 5.872298 -6.800408 10.286862 0.000000 0.000000 0.000000 -83.266453 -3.927241 7.298530 15.732765 -25.156965 -3.531593 -0.000001 0.000002 13.557674 2.110415 30.790743 1.078518 -7.125020 0.000002 0.000000 -32.356973 57.702196 -10.810231 0.000000 0.000000 0.000000 76.281240 -2.339283 -6.928356 -19.385002 29.894262 -5.221351 0.000002 -0.000001 -12.720190 -11.940310 16.467796 -3.430334 7.125020 -0.000002 0.000000 10.551431 -13.372586 7.964454
9.373186 17.746526 -14.215455 -3.514497 -32.657852 2.838834 0.000000 0.000000 0.000000 -17.598176 -4.760570 -7.182936 3.369436 11.270352 33.197165 1.775959 2.376403 -26.126454 0.003061 -0.357294 -0.981719 0.000000 0.000000 0.000000 14.970741 9.651946 -10.838030 -3.583358 -11.566018 34.326790 -1.046264 -2.137316 -20.583141 -0.111259 -2.150642 5.922155 -4.112927 -1.455873 1.523801 3.711789 -1.988558 -1.618869 6.233383 -0.898001 -2.257941 -16.905068 -9.629754 -8.094780 13.843153 -14.077594 21.028740 5.909637 -6.752042 10.236588 0.000000 0.000000 0.000000 -83.454361 -3.625612 6.815268 15.770834 -25.208936 -3.547792 -0.000001 0.000002 13.549751 2.563451 30.606303 1.302485 -7.125020 0.000002 0.000000 -31.760193 57.642483 -10.536939 0.000000 0.000000 0.000000 76.191944 -2.150924 -6.740831 -19.370537 29.876495 -5.214143 0.000002 -0.000001 -12.573172 -11.844699 16.547577 -3.418211 7.125020 -0.000002 0.000000 10.614682 -13.300757 8.030101
9.368960 17.746094 -14.217306 -3.361220 -32.215366 2.729511 0.000000 0.000000 0.000000 -17.669942 -4.836967 -7.197635 3.368789 11.269381 33.193851 1.765589 2.167865 -25.964033 0.006661 -0.527028 -1.448194 0.000000 0.000000 0.000000 14.855715 9.370020 -10.823120 -3.583706 -11.565782 34.330538 -1.047016 -2.291022 -20.671471 -0.104515 -2.084650 5.739652 -4.139639 -1.365180 1.434241 3.628182 -1.866372 -1.577537 6.154576 -0.839863 -2.182827 -17.011498 -9.553650 -7.914467 13.988237 -13.987552 20.857262 5.999804 -6.713599 10.144991 0.000000 0.000000 0.000000 -83.566929 -3.422359 6.398028 15.787679 -25.231913 -3.554970 -0.000001 0.000002 13.528883 3.050669 30.366415 1.540013 -7.125020 0.000002 0.000000 -31.084518 57.542914 -10.205705 0.000000 0.000000 0.000000 76.163239 -1.926329 -6.556280 -19.370507 29.876459 -5.214128 0.000002 -0.000001 -12.461207 -11.810492 16.606131 -3.419870 7.125020 -0.000002 0.000000 10.637251 -13.245096 8.060320
9.364506 17.745823 -14.220489 -3.225991 -31.780960 2.630619 0.000000 0.000000 0.000000 -17.717320 -4.890733 -7.228710 3.369150 11.269923 33.195701 1.755861 1.926970 -25.795478 0.010827 -0.671877 -1.846372 0.000000 0.000000 0.000000 14.758630 9.101167 -10.807132 -3.582789 -11.563522 34.328553 -1.047132 -2.433424 -20.750036 -0.103478 -2.074316 5.711080 -4.110380 -1.257725 1.288971 3.509196 -1.719469 -1.494259 6.004227 -0.773358 -2.037748 -17.158768 -9.481029 -7.645976 14.271659 -13.926275 20.548412 6.143617 -6.684018 10.007349 0.000000 0.000000 0.000000 -83.571730 -3.339663 6.087609 15.767739 -25.204710 -3.546474 -0.000001 0.000002 13.485845 3.457999 30.125222 1.735048 -7.125020 0.000002 0.000000 -30.487479 57.424661 -9.893427 0.000000 0.000000 0.000000 76.211294 -1.664369 -6.389210 -19.389525 29.899817 -5.223605 0.000002 -0.000001 -12.396984 -11.829604 16.630476 -3.430457 7.125020 -0.000002 0.000000 10.624551 -13.219204 8.056177
9.359955 17.745790 -14.224637 -3.158855 -31.359645 2.567121 0.000000 0.000000 0.000000 -17.696854 -4.939593 -7.275001 3.373224 11.276027 33.216541 1.747796 1.668888 -25.635139 0.014679 -0.782277 -2.149927 0.000000 0.000000 0.000000 14.731122 8.863323 -10.776659 -3.578531 -11.556319 34.310295 -1.046444 -2.586234 -20.828202 -0.107723 -2.116300 5.827174 -3.975702 -1.132870 1.095879 3.365725 -1.546295 -1.376955 5.766418 -0.697409 -1.835871 -17.314933 -9.405289 -7.319290 14.649169 -13.878975 20.149126 6.321446 -6.656999 9.837492 0.000000 0.000000 0.000000 -83.455180 -3.368989 5.892314 15.708120 -25.123289 -3.521123 -0.000001 0.000002 13.450810 3.691435 29.932214 1.843186 -7.125020 0.000002 0.000000 -30.101250 57.309695 -9.664679 0.000000 0.000000 0.000000 76.338832 -1.370748 -6.258205 -19.424406 29.942622 -5.241003 0.000002 -0.000001 -12.363088 -11.869918 16.622565 -3.440867 7.125020 -0.000002 0.000000 10.597863 -13.223781 8.034177
9.355489 17.745903 -14.228833 -3.181310 -30.947077 2.545543 0.000000 0.000000 0.000000 -17.593406 -5.003349 -7.325886 3.382382 11.289730 33.263347 1.741951 1.411260 -25.493761 0.017904 -0.863914 -2.374443 0.000000 0.000000 0.000000 14.795527 8.651522 -10.721799 -3.569755 -11.542625 34.269434 -1.045214 -2.762682 -20.913673 -0.115069 -2.187033 6.022829 -3.715607 -0.996367 0.875105 3.207817 -1.355380 -1.237858 5.441648 -0.614968 -1.599664 -17.431571 -9.325208 -7.008900 15.042126 -13.830749 19.745238 6.497431 -6.625375 9.667268 0.000000 0.000000 0.000000 -83.231657 -3.470590 5.782107 15.626755 -25.011955 -3.486650 -0.000001 0.000002 13.467316 3.699311 29.829564 1.841839 -7.125020 0.000002 0.000000 -30.009232 57.223314 -9.566393 0.000000 0.000000 0.000000 76.537997 -1.047336 -6.188178 -19.463649 29.990725 -5.260605 0.000002 -0.000000 -12.313059 -11.895906 16.599435 -3.443948 7.125020 -0.000002 0.000000 10.580700 -13.244749 8.015951
9.351258 17.746050 -14.232196 -3.278464 -30.531220 2.556490 0.000000 0.000000 0.000000 -17.424290 -5.094064 -7.372182 3.396047 11.310131 33.333085 1.738015 1.163851 -25.371915 0.020801 -0.931157 -2.559408 0.000000 0.000000 0.000000 14.935770 8.444908 -10.644850 -3.556771 -11.522922 34.207254 -1.043876 -2.960857 -21.009514 -0.123235 -2.263037 6.233165 -3.355811 -0.858237 0.654100 3.045865 -1.162068 -1.092746 5.056910 -0.531643 -1.357740 -17.467716 -9.245446 -6.801573 15.370070 -13.773069 19.427330 6.635140 -6.584340 9.533780 0.000000 0.000000 0.000000 -82.945221 -3.582194 5.708542 15.557197 -24.916582 -3.457293 -0.000001 0.000002 13.554749 3.466205 29.844360 1.725426 -7.125020 0.000002 0.000000 -30.246942 57.185904 -9.624613 0.000000 0.000000 0.000000 76.783674 -0.699860 -6.183152 -19.496252 30.030644 -5.276912 0.000002 -0.000000 -12.212955 -11.890501 16.582098 -3.438856 7.125020 -0.000002 0.000000 10.584323 -13.262525 8.014768
9.347321 17.746227 -14.234531 -3.408869 -30.099203 2.582831 0.000000 0.000000 0.000000 -17.227863 -5.211632 -7.413829 3.411990 11.333863 33.414292 1.734743 0.924082 -25.258835 0.023773 -0.995409 -2.736178 0.000000 0.000000 0.000000 15.108225 8.222716 -10.560620 -3.541216 -11.499366 34.132331 -1.042250 -3.169282 -21.113551 -0.130417 -2.327806 6.412493 -2.963382 -0.728857 0.461994 2.893592 -0.982085 -0.959738 4.665914 -0.453165 -1.141708 -17.410155 -9.170299 -6.757021 15.579666 -13.700816 19.256620 6.712817 -6.531339 9.463439 0.000000 0.000000 0.000000 -82.655788 -3.643482 5.627197 15.530429 -24.879832 -3.446023 -0.000001 0.000002 13.706331 3.009453 29.966700 1.501726 -7.125020 0.000002 0.000000 -30.788934 57.193051 -9.826866 0.000000 0.000000 0.000000 77.031707 -0.347861 -6.203322 -19.520955 30.060865 -5.289281 0.000002 0.000000 -12.078933 -11.862206 16.583744 -3.430771 7.125020 -0.000002 0.000000 10.603062 -13.263225 8.029327
9.343641 17.746511 -14.236411 -3.523781 -29.640538 2.605881 0.000000 0.000000 0.000000 -17.046341 -5.348701 -7.456431 3.427315 11.356604 33.492193 1.730543 0.678059 -25.137903 0.026658 -1.054020 -2.897457 0.000000 0.000000 0.000000 15.262513 7.970886 -10.487992 -3.525355 -11.474849 34.056953 -1.039634 -3.374736 -21.221836 -0.135606 -2.373482 6.539006 -2.620162 -0.615358 0.323432 2.767066 -0.825791 -0.855357 4.332564 -0.383307 -0.979998 -17.276747 -9.100859 -6.888475 15.650709 -13.609743 19.250679 6.726795 -6.466140 9.463960 0.000000 0.000000 0.000000 -82.419784 -3.620363 5.514214 15.558313 -24.918114 -3.457763 -0.000001 0.000002 13.900810 2.395594 30.139238 1.200311 -7.125020 0.000002 0.000000 -31.524087 57.210183 -10.108067 0.000000 0.000000 0.000000 77.229937 -0.024208 -6.180763 -19.547724 30.093586 -5.302697 0.000002 0.000000 -11.972735 -11.833764 16.602289 -3.426012 7.125020 -0.000002 0.000000 10.621841 -13.247061 8.047771
9.340177 17.746976 -14.238618 -3.587868 -29.150411 2.611052 0.000000 0.000000 0.000000 -16.910240 -5.498222 -7.502689 3.439548 11.374708 33.554269 1.724374 0.410809 -24.997260 0.028628 -1.092238 -3.002638 0.000000 0.000000 0.000000 15.362072 7.683490 -10.440055 -3.511316 -11.452209 33.992511 -1.036169 -3.563781 -21.333083 -0.139565 -2.407739 6.633917 -2.390299 -0.518306 0.257863 2.682377 -0.693762 -0.794180 4.109978 -0.321737 -0.897957 -17.102687 -9.037910 -7.170028 15.580211 -13.498351 19.396220 6.682916 -6.391965 9.528501 0.000000 0.000000 0.000000 -82.281557 -3.501922 5.376262 15.633286 -25.020901 -3.489411 -0.000001 0.000002 14.098391 1.751873 30.285555 0.881458 -7.125020 0.000002 0.000000 -32.266260 57.199502 -10.371487 0.000000 0.000000 0.000000 77.332380 0.230590 -6.059902 -19.590489 30.145803 -5.324156 0.000002 0.000000 -11.961200 -11.823093 16.621108 -3.426559 7.125020 -0.000002 0.000000 10.628830 -13.229160 8.057385
9.337004 17.747629 -14.241565 -3.588715 -28.634514 2.591475 0.000000 0.000000 0.000000 -16.833162 -5.657557 -7.548206 3.447320 11.386188 33.593657 1.716236 0.120706 -24.837894 0.028859 -1.096632 -3.014729 0.000000 0.000000 0.000000 15.392721 7.365091 -10.419625 -3.500580 -11.433757 33.946157 -1.033694 -3.722313 -21.448729 -0.144928 -2.453368 6.760370 -2.302622 -0.431308 0.283193 2.651389 -0.576982 -0.791049 4.026345 -0.263607 -0.922100 -16.918824 -8.983227 -7.564325 15.369064 -13.368522 19.677251 6.587491 -6.314017 9.648060 0.000000 0.000000 0.000000 -82.269736 -3.281036 5.241409 15.739609 -25.166310 -3.534503 -0.000001 0.000002 14.246410 1.236665 30.354551 0.623882 -7.125020 0.000002 0.000000 -32.819752 57.151031 -10.536128 0.000000 0.000000 0.000000 77.312148 0.378479 -5.826054 -19.656753 30.226578 -5.357474 0.000002 0.000000 -12.071105 -11.833524 16.620761 -3.429520 7.125020 -0.000002 0.000000 10.621869 -13.228659 8.052133
9.334311 17.748413 -14.245224 -3.530058 -28.106443 2.547229 0.000000 0.000000 0.000000 -16.817400 -5.829221 -7.585625 3.450481 11.390852 33.609665 1.706845 -0.178123 -24.670828 0.027142 -1.063538 -2.923651 0.000000 0.000000 0.000000 15.356353 7.027449 -10.422783 -3.493797 -11.420954 33.919924 -1.034479 -3.841902 -21.568702 -0.154027 -2.528871 6.969707 -2.348843 -0.345172 0.405784 2.672040 -0.462960 -0.853019 4.074033 -0.202506 -1.065383 -16.738264 -8.936892 -8.050311 15.033446 -13.223660 20.087182 6.448865 -6.235333 9.820221 0.000000 0.000000 0.000000 -82.383452 -2.960089 5.132089 15.859877 -25.330283 -3.585803 -0.000001 0.000002 14.310327 0.974770 30.330256 0.491272 -7.125020 0.000002 0.000000 -33.051115 57.076841 -10.561302 0.000000 0.000000 0.000000 77.175709 0.406797 -5.508816 -19.741898 30.330125 -5.400404 0.000002 -0.000000 -12.270445 -11.854013 16.595746 -3.430507 7.125020 -0.000002 0.000000 10.608293 -13.251957 8.036318
9.332276 17.749213 -14.249402 -3.419495 -27.577548 2.482019 0.000000 0.000000 0.000000 -16.861146 -6.018459 -7.611737 3.449892 11.389983 33.606683 1.696996 -0.468461 -24.507367 0.023823 -0.996441 -2.739018 0.000000 0.000000 0.000000 15.260222 6.679448 -10.445371 -3.490818 -11.414187 33.911515 -1.039298 -3.928059 -21.688565 -0.166340 -2.627533 7.243432 -2.490901 -0.252684 0.600442 2.721414 -0.342119 -0.964440 4.206557 -0.134297 -1.299744 -16.560858 -8.894620 -8.620090 14.625538 -13.067376 20.606855 6.285649 -6.154658 10.042103 0.000000 0.000000 0.000000 -82.580525 -2.577730 5.048585 15.975221 -25.487033 -3.635293 -0.000001 0.000002 14.294437 1.000315 30.213226 0.501434 -7.125020 0.000002 0.000000 -32.928668 56.983937 -10.441226 0.000000 0.000000 0.000000 76.967941 0.350640 -5.169285 -19.831213 30.438451 -5.445580 0.000002 -0.000000 -12.487234 -11.858757 16.563596 -3.425365 7.125020 -0.000002 0.000000 10.605152 -13.283658 8.026821
9.330948 17.749858 -14.253933 -3.263701 -27.050444 2.399810 0.000000 0.000000 0.000000 -16.959902 -6.227771 -7.629249 3.447261 11.386101 33.593359 1.687291 -0.743352 -24.353368 0.019524 -0.902102 -2.479483 0.000000 0.000000 0.000000 15.112757 6.321416 -10.483573 -3.490714 -11.412553 33.915054 -1.047093 -3.998582 -21.801369 -0.178504 -2.721427 7.504123 -2.680786 -0.150579 0.819270 2.767099 -0.210021 -1.092128 4.361798 -0.058448 -1.565781 -16.394164 -8.845501 -9.230403 14.229106 -12.900661 21.174070 6.130166 -6.068688 10.290424 0.000000 0.000000 0.000000 -82.797582 -2.200471 4.975591 16.069709 -25.615071 -3.676047 -0.000001 0.000002 14.233966 1.237867 30.021520 0.616384 -7.125020 0.000002 0.000000 -32.541053 56.871699 -10.209520 0.000000 0.000000 0.000000 76.749270 0.275449 -4.873250 -19.907948 30.531277 -5.484508 0.000002 -0.000000 -12.652601 -11.814569 16.554612 -3.410330 7.125020 -0.000002 0.000000 10.634344 -13.296209 8.047085
9.330108 17.750153 -14.258714 -3.079471 -26.522651 2.306300 0.000000 0.000000 0.000000 -17.094723 -6.451210 -7.643461 3.444977 11.382730 33.581788 1.678259 -1.009438 -24.210082 0.015012 -0.791081 -2.174137 0.000000 0.000000 0.000000 14.934965 5.956214 -10.526740 -3.491713 -11.413432 33.921683 -1.055417 -4.077560 -21.903208 -0.187251 -2.786947 7.686152 -2.880398 -0.038342 1.031933 2.792804 -0.065609 -1.212216 4.500393 0.023982 -1.822748 -16.270156 -8.774628 -9.769728 13.922731 -12.720452 21.691160 6.019214 -5.976832 10.515794 0.000000 0.000000 0.000000 -82.993195 -1.874281 4.893049 16.136916 -25.705937 -3.705150 -0.000001 0.000002 14.177664 1.535773 29.804475 0.760449 -7.125020 0.000002 0.000000 -32.075853 56.750328 -9.944299 0.000000 0.000000 0.000000 76.555652 0.223535 -4.654175 -19.964117 30.599085 -5.513071 0.000002 -0.000001 -12.742252 -11.705057 16.586493 -3.384050 7.125020 -0.000002 0.000000 10.706660 -13.273291 8.109318
9.329060 17.749989 -14.263713 -2.912760 -25.997179 2.216053 0.000000 0.000000 0.000000 -17.212929 -6.672156 -7.659207 3.445505 11.383510 33.584465 1.670386 -1.280880 -24.076791 0.010967 -0.676206 -1.858272 0.000000 0.000000 0.000000 14.781027 5.611433 -10.551335 -3.491405 -11.412406 33.921705 -1.060287 -4.195943 -21.999837 -0.192323 -2.824229 7.789772 -3.056532 0.084660 1.241533 2.811107 0.092665 -1.321360 4.616339 0.113144 -2.069237 -16.224603 -8.676968 -10.129682 13.736328 -12.527776 22.082427 5.971784 -5.884121 10.674351 0.000000 0.000000 0.000000 -83.164900 -1.602692 4.779781 16.178423 -25.761972 -3.723173 -0.000001 0.000002 14.169128 1.746806 29.624740 0.861602 -7.125020 0.000002 0.000000 -31.725961 56.642361 -9.732912 0.000000 0.000000 0.000000 76.384319 0.189656 -4.493677 -20.007188 30.651001 -5.535012 0.000002 -0.000001 -12.786318 -11.548466 16.648113 -3.349603 7.125020 -0.000002 0.000000 10.810051 -13.224570 8.201910
9.326772 17.749426 -14.268831 -2.829796 -25.487846 2.151050 0.000000 0.000000 0.000000 -17.239577 -6.869902 -7.678136 3.450348 11.390656 33.608992 1.663878 -1.566864 -23.952584 0.007774 -0.569350 -1.564521 0.000000 0.000000 0.000000 14.727791 5.336871 -10.528953 -3.487676 -11.404953 33.908387 -1.057489 -4.384039 -22.106563 -0.196326 -2.853301 7.870598 -3.165959 0.219466 1.451019 2.845219 0.267664 -1.416680 4.709304 0.209685 -2.303747 -16.255411 -8.565982 -10.305701 13.642302 -12.335023 22.337088 5.974962 -5.798090 10.761002 0.000000 0.000000 0.000000 -83.321586 -1.378586 4.618473 16.197394 -25.787562 -3.731422 -0.000001 0.000002 14.226688 1.803227 29.517556 0.887624 -7.125020 0.000002 0.000000 -31.584228 56.563785 -9.619586 0.000000 0.000000 0.000000 76.222022 0.157657 -4.344964 -20.054414 30.707842 -5.559108 0.000002 -0.000001 -12.833612 -11.386355 16.707856 -3.313018 7.125020 -0.000002 0.000000 10.917114 -13.178226 8.296893
9.322625 17.748640 -14.273723 -2.865964 -25.009053 2.122971 0.000000 0.000000 0.000000 -17.135618 -7.035042 -7.696213 3.459302 11.403852 33.654305 1.658308 -1.859924 -23.836268 0.005666 -0.486078 -1.335642 0.000000 0.000000 0.000000 14.815344 5.159868 -10.447926 -3.479895 -11.389405 33.880522 -1.046266 -4.644447 -22.235707 -0.202248 -2.895764 7.988687 -3.171279 0.363673 1.631253 2.898605 0.458207 -1.478463 4.761849 0.310966 -2.488576 -16.319069 -8.460791 -10.376815 13.592824 -12.157461 22.481776 5.998720 -5.722465 10.796564 0.000000 0.000000 0.000000 -83.452079 -1.215751 4.405898 16.196961 -25.786978 -3.731234 -0.000001 0.000002 14.335658 1.730402 29.472142 0.851134 -7.125020 0.000002 0.000000 -31.616789 56.510841 -9.588248 0.000000 0.000000 0.000000 76.076443 0.143537 -4.177400 -20.118058 30.784315 -5.591646 0.000002 -0.000001 -12.903514 -11.259648 16.732610 -3.280112 7.125020 -0.000002 0.000000 11.000892 -13.163905 8.366159
9.317012 17.747797 -14.278011 -2.989511 -24.560045 2.120984 0.000000 0.000000 0.000000 -16.937593 -7.178099 -7.706891 3.470643 11.420531 33.711619 1.652441 -2.140547 -23.723275 0.004834 -0.449022 -1.233796 0.000000 0.000000 0.000000 15.004644 5.049770 -10.326147 -3.469105 -11.367963 33.841420 -1.030888 -4.938835 -22.384564 -0.211587 -2.961456 8.171460 -3.076440 0.508942 1.741757 2.950507 0.653955 -1.486429 4.755055 0.410010 -2.578242 -16.369840 -8.369130 -10.414255 13.556398 -11.999230 22.539008 6.020757 -5.654743 10.797799 0.000000 0.000000 0.000000 -83.532243 -1.132302 4.156980 16.181967 -25.766754 -3.724714 -0.000001 0.000002 14.463027 1.605726 29.447365 0.789323 -7.125020 0.000002 0.000000 -31.715927 56.464623 -9.585863 0.000000 0.000000 0.000000 75.968697 0.181944 -3.990338 -20.196788 30.878702 -5.631996 0.000002 -0.000001 -12.979344 -11.195407 16.700358 -3.254882 7.125020 -0.000002 0.000000 11.043612 -13.201298 8.391009
9.310984 17.747037 -14.281721 -3.136412 -24.124232 2.124844 0.000000 0.000000 0.000000 -16.716554 -7.319136 -7.708410 3.482113 11.437362 33.769504 1.644691 -2.398111 -23.603986 0.005352 -0.472459 -1.298211 0.000000 0.000000 0.000000 15.218647 4.943183 -10.196981 -3.456922 -11.344364 33.795420 -1.016946 -5.218846 -22.539719 -0.223815 -3.045284 8.404847 -2.923093 0.644560 1.774296 2.981513 0.839321 -1.445892 4.693056 0.499564 -2.571763 -16.390325 -8.285989 -10.451796 13.520401 -11.851065 22.530956 6.034229 -5.588802 10.775130 0.000000 0.000000 0.000000 -83.553559 -1.117890 3.894527 16.157454 -25.733674 -3.714064 -0.000001 0.000002 14.581993 1.503704 29.403283 0.737944 -7.125020 0.000002 0.000000 -31.778043 56.406506 -9.561471 0.000000 0.000000 0.000000 75.904292 0.282375 -3.791607 -20.279367 30.977453 -5.674439 0.000002 -0.000001 -13.039810 -11.199470 16.609572 -3.238832 7.125020 -0.000002 0.000000 11.041493 -13.291442 8.368114
9.305387 17.746532 -14.285350 -3.271707 -23.683351 2.125512 0.000000 0.000000 0.000000 -16.509380 -7.472580 -7.705881 3.492181 11.452105 33.820244 1.634100 -2.642129 -23.468975 0.007073 -0.543085 -1.492326 0.000000 0.000000 0.000000 15.414858 4.795836 -10.084323 -3.444244 -11.320832 33.744499 -1.006681 -5.465161 -22.688674 -0.236687 -3.131043 8.643793 -2.748115 0.763785 1.759005 2.992799 1.003681 -1.385534 4.598566 0.576606 -2.514733 -16.389403 -8.203363 -10.503956 13.481280 -11.700812 22.490078 6.041648 -5.519592 10.741207 0.000000 0.000000 0.000000 -83.530421 -1.137041 3.636080 16.125021 -25.689870 -3.699993 -0.000001 0.000002 14.684009 1.462811 29.320049 0.715505 -7.125020 0.000002 0.000000 -31.750503 56.327427 -9.489707 0.000000 0.000000 0.000000 75.866737 0.420605 -3.585926 -20.352554 31.064758 -5.712157 0.000002 -0.000001 -13.077426 -11.250255 16.486125 -3.230380 7.125020 -0.000002 0.000000 11.008739 -13.410351 8.314265
9.300422 17.746502 -14.289579 -3.397868 -23.227111 2.127314 0.000000 0.000000 0.000000 -16.310409 -7.644849 -7.708683 3.500797 11.464698 33.863615 1.620852 -2.892089 -23.315665 0.009357 -0.624641 -1.716511 0.000000 0.000000 0.000000 15.596173 4.599576 -9.995429 -3.430821 -11.297150 33.686959 -0.998705 -5.686867 -22.823454 -0.247942 -3.204089 8.847469 -2.567355 0.866837 1.735535 2.999031 1.146619 -1.335112 4.495975 0.643059 -2.460430 -16.386169 -8.117402 -10.560240 13.440583 -11.544344 22.438973 6.048340 -5.447197 10.702900 0.000000 0.000000 0.000000 -83.485922 -1.156628 3.391549 16.083150 -25.633260 -3.681861 -0.000001 0.000002 14.771946 1.487784 29.196187 0.724284 -7.125020 0.000002 0.000000 -31.627972 56.227006 -9.368809 0.000000 0.000000 0.000000 75.834038 0.563267 -3.382943 -20.407862 31.130601 -5.740723 0.000002 -0.000001 -13.090980 -11.305417 16.373769 -3.225264 7.125020 -0.000002 0.000000 10.973110 -13.517867 8.260772
9.295753 17.747149 -14.295016 -3.523406 -22.751485 2.137774 0.000000 0.000000 0.000000 -16.106379 -7.838319 -7.728723 3.509085 11.476792 33.905290 1.605847 -3.164141 -23.148073 0.011126 -0.681102 -1.871732 0.000000 0.000000 0.000000 15.774748 4.367172 -9.929944 -3.415752 -11.271620 33.619152 -0.990449 -5.898585 -22.940330 -0.257174 -3.262756 9.011153 -2.392374 0.958594 1.728053 3.012428 1.274411 -1.310408 4.404437 0.703231 -2.439816 -16.395728 -8.028002 -10.578053 13.401658 -11.385742 22.371900 6.058391 -5.376195 10.651849 0.000000 0.000000 0.000000 -83.439867 -1.160808 3.167201 16.032652 -25.564901 -3.660042 -0.000001 0.000002 14.847462 1.557824 29.057946 0.754694 -7.125020 0.000002 0.000000 -31.451617 56.123305 -9.227574 0.000000 0.000000 0.000000 75.792231 0.688738 -3.197558 -20.445011 31.174761 -5.759941 0.000002 -0.000001 -13.079358 -11.322049 16.309627 -3.218019 7.125020 -0.000002 0.000000 10.962697 -13.580405 8.237639
9.290862 17.748553 -14.301935 -3.647911 -22.252879 2.161559 0.000000 0.000000 0.000000 -15.893684 -8.052266 -7.776939 3.518316 11.490240 33.951659 1.589983 -3.467470 -22.972104 0.011554 -0.694065 -1.907373 0.000000 0.000000 0.000000 15.953741 4.115099 -9.886197 -3.398316 -11.242530 33.539028 -0.979635 -6.112268 -23.042274 -0.265181 -3.312769 9.150767 -2.235388 1.043558 1.738454 3.035936 1.392885 -1.311054 4.333947 0.760231 -2.454568 -16.420093 -7.935345 -10.519823 13.367649 -11.229611 22.270567 6.073070 -5.310026 10.575282 0.000000 0.000000 0.000000 -83.403871 -1.150065 2.965912 15.979945 -25.493448 -3.637327 -0.000001 0.000002 14.906286 1.626471 28.972925 0.785792 -7.125020 0.000002 0.000000 -31.319117 56.064595 -9.136961 0.000000 0.000000 0.000000 75.739269 0.796650 -3.042891 -20.467670 31.201671 -5.771674 0.000002 -0.000001 -13.043854 -11.276715 16.307215 -3.204423 7.125020 -0.000002 0.000000 10.992847 -13.586330 8.259701
9.285417 17.750607 -14.309997 -3.766621 -21.723811 2.198844 0.000000 0.000000 0.000000 -15.675774 -8.284485 -7.856974 3.529137 11.505973 34.005943 1.573866 -3.804557 -22.793051 0.010628 -0.665663 -1.829288 0.000000 0.000000 0.000000 16.130550 3.850371 -9.861538 -3.378558 -11.209384 33.448201 -0.965162 -6.338426 -23.138947 -0.271923 -3.354287 9.266719 -2.100379 1.122013 1.752250 3.064951 1.502305 -1.325799 4.282316 0.813647 -2.485051 -16.448656 -7.837318 -10.390917 13.343990 -11.075230 22.131653 6.092573 -5.246680 10.472586 0.000000 0.000000 0.000000 -83.379516 -1.136134 2.784303 15.932078 -25.428468 -3.616749 -0.000001 0.000002 14.943668 1.648245 29.012145 0.797368 -7.125020 0.000002 0.000000 -31.329288 56.102381 -9.170083 0.000000 0.000000 0.000000 75.683542 0.907686 -2.932526 -20.475425 31.210876 -5.775692 0.000002 -0.000002 -12.985021 -11.175930 16.356730 -3.184401 7.125020 -0.000002 0.000000 11.059263 -13.544923 8.321515
9.279442 17.753080 -14.318355 -3.875416 -21.156903 2.245512 0.000000 0.000000 0.000000 -15.459535 -8.532978 -7.962834 3.541484 11.523885 34.067794 1.557862 -4.169090 -22.615828 0.008995 -0.612414 -1.682899 0.000000 0.000000 0.000000 16.300980 3.568304 -9.852170 -3.357307 -11.173322 33.351002 -0.947872 -6.582318 -23.240877 -0.276345 -3.381230 9.341991 -1.982160 1.191406 1.750153 3.092108 1.599194 -1.340219 4.239457 0.860908 -2.504993 -16.465955 -7.729802 -10.232270 13.338129 -10.917371 21.975204 6.117528 -5.180168 10.357556 0.000000 0.000000 0.000000 -83.360279 -1.137060 2.611441 15.889006 -25.369922 -3.598275 -0.000001 0.000002 14.963768 1.617764 29.186806 0.786979 -7.125020 0.000002 0.000000 -31.496922 56.244921 -9.339128 0.000000 0.000000 0.000000 75.637819 1.048809 -2.879352 -20.464855 31.198328 -5.770216 0.000002 -0.000002 -12.900057 -11.054860 16.429650 -3.162613 7.125020 -0.000002 0.000000 11.138822 -13.481864 8.399038
9.273144 17.755729 -14.326222 -3.971799 -20.555903 2.295350 0.000000 0.000000 0.000000 -15.252843 -8.792746 -8.083622 3.554819 11.543182 34.134488 1.542105 -4.545305 -22.444403 0.007407 -0.555712 -1.527035 0.000000 0.000000 0.000000 16.461119 3.266288 -9.853236 -3.335763 -11.136510 33.252466 -0.929838 -6.841443 -23.353138 -0.277954 -3.390981 9.369237 -1.874802 1.252076 1.720569 3.111575 1.683883 -1.343206 4.196141 0.901569 -2.496211 -16.459611 -7.611736 -10.090829 13.353435 -10.753593 21.831803 6.147228 -5.106297 10.249391 0.000000 0.000000 0.000000 -83.336936 -1.171778 2.430318 15.841932 -25.305856 -3.578129 -0.000001 0.000002 14.985413 1.562769 29.439484 0.766373 -7.125020 0.000002 0.000000 -31.752222 56.448420 -9.588057 0.000000 0.000000 0.000000 75.609873 1.229274 -2.874321 -20.441506 31.170595 -5.758126 0.000002 -0.000002 -12.797661 -10.966373 16.480245 -3.145828 7.125020 -0.000002 0.000000 11.196797 -13.438511 8.455336
9.266671 17.758377 -14.333333 -4.052483 -19.937714 2.342172 0.000000 0.000000 0.000000 -15.063708 -9.053152 -8.210055 3.568319 11.562669 34.201898 1.526392 -4.914442 -22.279507 0.006294 -0.512294 -1.407695 0.000000 0.000000 0.000000 16.606540 2.954266 -9.859720 -3.315085 -11.101143 33.157332 -0.912650 -7.109501 -23.474480 -0.277815 -3.390140 9.366889 -1.778948 1.309985 1.666464 3.120131 1.764103 -1.330542 4.148963 0.939418 -2.456734 -16.425766 -7.490566 -9.996542 13.386301 -10.591502 21.719730 6.178219 -5.027510 10.161441 0.000000 0.000000 0.000000 -83.301999 -1.254537 2.222957 15.777744 -25.218366 -3.550736 -0.000001 0.000002 15.038694 1.509742 29.672645 0.746038 -7.125020 0.000002 0.000000 -31.992452 56.635247 -9.820804 0.000000 0.000000 0.000000 75.597350 1.429780 -2.875465 -20.424926 31.150890 -5.749547 0.000002 -0.000002 -12.709993 -10.963866 16.456586 -3.140018 7.125020 -0.000002 0.000000 11.198155 -13.462291 8.451708
9.260043 17.760940 -14.339915 -4.111689 -19.320725 2.381400 0.000000 0.000000 0.000000 -14.900293 -9.303528 -8.337132 3.581022 11.580958 34.265225 1.510140 -5.263134 -22.117542 0.005716 -0.488164 -1.341376 0.000000 0.000000 0.000000 16.730772 2.646981 -9.869297 -3.296208 -11.068845 33.069943 -0.896729 -7.379983 -23.600903 -0.277947 -3.390937 9.369116 -1.700847 1.372745 1.601566 3.115917 1.849805 -1.304998 4.098757 0.979779 -2.398247 -16.369864 -7.379594 -9.954064 13.430731 -10.446135 21.633105 6.206483 -4.951545 10.095190 0.000000 0.000000 0.000000 -83.250711 -1.389187 1.978410 15.685767 -25.092731 -3.511639 -0.000001 0.000002 15.150840 1.473472 29.769202 0.730805 -7.125020 0.000002 0.000000 -32.106078 56.709763 -9.920060 0.000000 0.000000 0.000000 75.592739 1.618910 -2.838004 -20.435123 31.163009 -5.754823 0.000002 -0.000001 -12.673817 -11.079611 16.328551 -3.148857 7.125020 -0.000002 0.000000 11.121767 -13.580673 8.365106
9.253218 17.763435 -14.346448 -4.143573 -18.713824 2.411256 0.000000 0.000000 0.000000 -14.768960 -9.540966 -8.463101 3.592007 11.596737 34.319905 1.492622 -5.585826 -21.952649 0.005543 -0.480755 -1.321013 0.000000 0.000000 0.000000 16.827112 2.350366 -9.884689 -3.279800 -11.040629 32.993940 -0.881916 -7.646135 -23.727909 -0.279956 -3.403070 9.403020 -1.647138 1.443601 1.542660 3.098434 1.945292 -1.274591 4.048082 1.025312 -2.339134 -16.302525 -7.288709 -9.949927 13.481704 -10.328540 21.554233 6.230015 -4.885306 10.044007 0.000000 0.000000 0.000000 -83.181903 -1.561767 1.699685 15.566272 -24.929036 -3.461117 -0.000001 0.000002 15.328101 1.456121 29.639212 0.720065 -7.125020 0.000002 0.000000 -32.015386 56.596852 -9.796292 0.000000 0.000000 0.000000 75.590897 1.776650 -2.749586 -20.476554 31.212216 -5.776278 0.000002 -0.000001 -12.706517 -11.301468 16.115732 -3.171914 7.125020 -0.000002 0.000000 10.975705 -13.775326 8.206267
9.246151 17.765956 -14.353498 -4.145739 -18.115245 2.432598 0.000000 0.000000 0.000000 -14.671193 -9.769647 -8.588347 3.600601 11.609058 34.362633 1.473304 -5.884270 -21.779848 0.005706 -0.487743 -1.340219 0.000000 0.000000 0.000000 16.892267 2.058723 -9.912125 -3.266218 -11.016958 32.931580 -0.867990 -7.901896 -23.850853 -0.284182 -3.428446 9.473950 -1.622909 1.519169 1.506383 3.070383 2.046226 -1.251341 4.002194 1.074419 -2.301176 -16.234924 -7.219116 -9.963464 13.531153 -10.238351 21.472304 6.247948 -4.831105 10.000150 0.000000 0.000000 0.000000 -83.100505 -1.737006 1.408109 15.436575 -24.750766 -3.406633 -0.000001 0.000002 15.545176 1.438212 29.296671 0.704643 -7.125020 0.000002 0.000000 -31.754065 56.303767 -9.469785 0.000000 0.000000 0.000000 75.589052 1.896489 -2.626525 -20.539277 31.286586 -5.808816 0.000002 -0.000001 -12.808856 -11.560299 15.890603 -3.202478 7.125020 -0.000002 0.000000 10.805448 -13.979676 8.026394
9.238839 17.768639 -14.361522 -4.120416 -17.518036 2.447982 0.000000 0.000000 0.000000 -14.602483 -9.994647 -8.715051 3.606517 11.617529 34.392022 1.452007 -6.166938 -21.596637 0.006269 -0.511259 -1.404851 0.000000 0.000000 0.000000 16.927872 1.762865 -9.956956 -3.255421 -10.997580 32.883349 -0.854568 -8.143809 -23.966919 -0.290058 -3.463413 9.571716 -1.631808 1.592508 1.506288 3.038318 2.143628 -1.248605 3.969747 1.123169 -2.305547 -16.177636 -7.165786 -9.971984 13.566790 -10.166792 21.387382 6.259430 -4.787850 9.957602 0.000000 0.000000 0.000000 -83.017939 -1.870596 1.142333 15.326838 -24.599444 -3.360821 -0.000001 0.000002 15.749950 1.384547 28.884560 0.670401 -7.125020 0.000002 0.000000 -31.477159 55.943426 -9.088790 0.000000 0.000000 0.000000 75.581805 1.972718 -2.488050 -20.611327 31.371833 -5.846278 0.000002 -0.000001 -12.976949 -11.751770 15.746036 -3.228893 7.125020 -0.000002 0.000000 10.679488 -14.109136 7.898408
9.231412 17.771597 -14.370543 -4.072898 -16.918246 2.460469 0.000000 0.000000 0.000000 -14.555938 -10.220131 -8.844715 3.609878 11.622337 34.408708 1.428930 -6.442336 -21.403913 0.007322 -0.552535 -1.518302 0.000000 0.000000 0.000000 16.938283 1.458730 -10.019985 -3.246976 -10.981509 32.848038 -0.841140 -8.369410 -24.076442 -0.296965 -3.504053 9.685389 -1.675111 1.658813 1.546476 3.010529 2.231300 -1.274848 3.960025 1.168809 -2.363316 -16.142457 -7.121782 -9.959479 13.582728 -10.103411 21.306901 6.266619 -4.752926 9.914396 0.000000 0.000000 0.000000 -82.948931 -1.932559 0.944020 15.266522 -24.516081 -3.335753 -0.000001 0.000002 15.882870 1.267069 28.604675 0.607887 -7.125020 0.000002 0.000000 -31.370589 55.681692 -8.846909 0.000000 0.000000 0.000000 75.559309 2.000099 -2.346947 -20.683860 31.457456 -5.884085 0.000002 -0.000001 -13.199006 -11.791654 15.743627 -3.239961 7.125020 -0.000002 0.000000 10.653086 -14.108451 7.877886
9.224172 17.774801 -14.379935 -4.008395 -16.322227 2.471576 0.000000 0.000000 0.000000 -14.529132 -10.452065 -8.973349 3.611201 11.624228 34.415274 1.404856 -6.707770 -21.207874 0.008781 -0.605088 -1.662762 0.000000 0.000000 0.000000 16.926521 1.148995 -10.096118 -3.240254 -10.967644 32.822807 -0.827784 -8.573887 -24.180030 -0.304227 -3.546258 9.803490 -1.751058 1.719114 1.619658 2.993723 2.310666 -1.329154 3.979039 1.212055 -2.469938 -16.142826 -7.080019 -9.932500 13.589967 -10.039046 21.249362 6.278046 -4.722028 9.878104 0.000000 0.000000 0.000000 -82.906924 -1.919486 0.834834 15.271327 -24.522728 -3.337747 -0.000001 0.000002 15.900291 1.079329 28.607610 0.516158 -7.125020 0.000002 0.000000 -31.552316 55.646120 -8.880306 0.000000 0.000000 0.000000 75.510941 1.984822 -2.218053 -20.746945 31.531765 -5.917042 0.000002 -0.000001 -13.446530 -11.658652 15.883440 -3.229562 7.125020 -0.000002 0.000000 10.740290 -13.979150 7.975555
9.217503 17.778053 -14.388663 -3.932441 -15.746258 2.481205 0.000000 0.000000 0.000000 -14.523681 -10.698231 -9.091510 3.611322 11.624401 34.415874 1.381228 -6.948181 -21.019602 0.010258 -0.653963 -1.797122 0.000000 0.000000 0.000000 16.895649 0.841270 -10.176099 -3.234645 -10.955450 32.803444 -0.815658 -8.752279 -24.276699 -0.310854 -3.584327 9.910061 -1.852637 1.779368 1.713670 2.990893 2.389680 -1.403803 4.025921 1.256591 -2.611223 -16.190483 -7.033572 -9.924784 13.613816 -9.965989 21.248053 6.307039 -4.689063 9.867718 0.000000 0.000000 0.000000 -82.898740 -1.847908 0.807203 15.338994 -24.616230 -3.365883 -0.000001 0.000002 15.787131 0.832484 28.930151 0.399189 -7.125020 0.000002 0.000000 -32.041140 55.869294 -9.224197 0.000000 0.000000 0.000000 75.431082 1.944030 -2.116944 -20.789577 31.581899 -5.939354 0.000002 -0.000001 -13.681540 -11.394183 16.114375 -3.198408 7.125020 -0.000002 0.000000 10.914024 -13.769330 8.159752
9.211643 17.781138 -14.396078 -3.856399 -15.205024 2.491246 0.000000 0.000000 0.000000 -14.533122 -10.963255 -9.193227 3.611183 11.624204 34.415189 1.359384 -7.150854 -20.848040 0.011167 -0.682338 -1.875132 0.000000 0.000000 0.000000 16.857363 0.547780 -10.251286 -3.229581 -10.944599 32.785484 -0.805838 -8.907634 -24.367928 -0.316541 -3.616663 10.000620 -1.961813 1.845639 1.818252 3.000420 2.476673 -1.489040 4.088785 1.305972 -2.771192 -16.290650 -6.976942 -9.978838 13.683860 -9.879596 21.337383 6.366777 -4.648105 9.904651 0.000000 0.000000 0.000000 -82.918926 -1.742583 0.842355 15.456595 -24.778326 -3.415019 -0.000001 0.000002 15.552470 0.545559 29.521568 0.262692 -7.125020 0.000002 0.000000 -32.790955 56.308848 -9.842287 0.000000 0.000000 0.000000 75.324642 1.896247 -2.044306 -20.807064 31.602443 -5.948515 0.000002 -0.000001 -13.876010 -11.078625 16.360329 -3.153932 7.125020 -0.000002 0.000000 11.121560 -13.548929 8.373508
9.206547 17.783932 -14.402447 -3.794947 -14.697200 2.504861 0.000000 0.000000 0.000000 -14.540301 -11.244133 -9.281570 3.611585 11.624778 34.417181 1.339435 -7.320389 -20.691957 0.011120 -0.680892 -1.871157 0.000000 0.000000 0.000000 16.830217 0.277642 -10.317327 -3.224510 -10.934308 32.765865 -0.798044 -9.051960 -24.460460 -0.322702 -3.651359 10.097823 -2.049292 1.918962 1.925060 3.012898 2.573474 -1.572760 4.141648 1.360005 -2.930946 -16.437212 -6.909739 -10.114949 13.822615 -9.783202 21.521535 6.464019 -4.597326 9.995581 0.000000 0.000000 0.000000 -82.945201 -1.631371 0.935755 15.610449 -24.989616 -3.479759 -0.000001 0.000002 15.221517 0.247108 30.305123 0.117621 -7.125020 0.000002 0.000000 -33.730311 56.901839 -10.675675 0.000000 0.000000 0.000000 75.213080 1.862032 -1.987160 -20.803349 31.598079 -5.946568 0.000002 -0.000001 -14.014346 -10.803052 16.543075 -3.107843 7.125020 -0.000002 0.000000 11.303029 -13.388701 8.553341
9.201943 17.786337 -14.408603 -3.752099 -14.202985 2.520353 0.000000 0.000000 0.000000 -14.534519 -11.531556 -9.363269 3.613016 11.626824 34.424283 1.320146 -7.477267 -20.540453 0.010216 -0.652650 -1.793513 0.000000 0.000000 0.000000 16.822168 0.024322 -10.373998 -3.219078 -10.923620 32.743874 -0.791267 -9.195969 -24.562264 -0.331669 -3.701253 10.237667 -2.087431 1.994541 2.025058 3.008497 2.673892 -1.639630 4.149143 1.414087 -3.066568 -16.609519 -6.840960 -10.308750 14.031269 -9.692650 21.751709 6.592099 -4.542851 10.119962 0.000000 0.000000 0.000000 -82.940240 -1.544028 1.094674 15.785165 -25.228486 -3.553898 -0.000001 0.000002 14.840401 -0.016738 31.183705 -0.014102 -7.125020 0.000002 0.000000 -34.749518 57.573478 -11.635642 0.000000 0.000000 0.000000 75.135133 1.868757 -1.943023 -20.784337 31.575740 -5.936610 0.000002 -0.000001 -14.073164 -10.639088 16.608057 -3.071904 7.125020 -0.000002 0.000000 11.411309 -13.336997 8.650411
9.197395 17.788313 -14.415414 -3.718519 -13.698025 2.533118 0.000000 0.000000 0.000000 -14.518106 -11.814714 -9.446107 3.615575 11.630480 34.436979 1.299808 -7.643901 -20.380392 0.008973 -0.611666 -1.680844 0.000000 0.000000 0.000000 16.826316 -0.226597 -10.424493 -3.213224 -10.911864 32.720789 -0.784316 -9.345765 -24.679032 -0.345203 -3.775259 10.445238 -2.064999 2.065811 2.110606 2.965790 2.768947 -1.678310 4.083601 1.462580 -3.159383 -16.777087 -6.786174 -10.502271 14.282565 -9.630244 21.947954 6.730357 -4.496759 10.238903 0.000000 0.000000 0.000000 -82.867824 -1.504004 1.315027 15.959859 -25.466187 -3.628686 -0.000001 0.000002 14.471967 -0.192645 32.023028 -0.104072 -7.125020 0.000002 0.000000 -35.685115 58.223445 -12.576240 0.000000 0.000000 0.000000 75.130663 1.939485 -1.926049 -20.753694 31.539707 -5.920573 0.000002 -0.000001 -14.018385 -10.617408 16.546892 -3.054402 7.125020 -0.000002 0.000000 11.426231 -13.399522 8.647023
9.192417 17.789980 -14.423537 -3.684959 -13.170664 2.543167 0.000000 0.000000 0.000000 -14.493950 -12.085098 -9.540168 3.619045 11.635436 34.454188 1.277344 -7.831811 -20.204747 0.007951 -0.575800 -1.582252 0.000000 0.000000 0.000000 16.835639 -0.478941 -10.474383 -3.207008 -10.898604 32.698373 -0.775565 -9.507405 -24.812941 -0.363568 -3.873333 10.720583 -1.989976 2.128824 2.179478 2.877553 2.853065 -1.689302 3.942509 1.502662 -3.207951 -16.912380 -6.756488 -10.645018 14.531908 -9.608446 22.055360 6.854054 -4.468399 10.321583 0.000000 0.000000 0.000000 -82.715767 -1.514609 1.577305 16.117514 -25.679724 -3.696739 -0.000001 0.000002 14.162151 -0.247662 32.701721 -0.132429 -7.125020 0.000002 0.000000 -36.384546 58.762336 -13.346851 0.000000 0.000000 0.000000 75.214461 2.074197 -1.942654 -20.715575 31.494833 -5.900646 0.000002 -0.000001 -13.842491 -10.717995 16.402918 -3.057483 7.125020 -0.000002 0.000000 11.360935 -13.534811 8.563129
9.186828 17.791519 -14.433021 -3.649176 -12.628422 2.552430 0.000000 0.000000 0.000000 -14.463003 -12.337844 -9.649312 3.623240 11.641421 34.474980 1.253299 -8.035864 -20.019446 0.007460 -0.557747 -1.532629 0.000000 0.000000 0.000000 16.848428 -0.730031 -10.526879 -3.200497 -10.883979 32.676874 -0.764148 -9.682854 -24.957535 -0.384261 -3.980826 11.022733 -1.881332 2.184174 2.232623 2.754992 2.926929 -1.680301 3.748240 1.535545 -3.222174 -17.001377 -6.751537 -10.718546 14.737142 -9.621477 22.070723 6.945552 -4.458692 10.359483 0.000000 0.000000 0.000000 -82.503597 -1.559051 1.857753 16.253658 -25.863376 -3.755932 -0.000001 0.000002 13.919832 -0.181030 33.166696 -0.096407 -7.125020 0.000002 0.000000 -36.778658 59.151627 -13.867493 0.000000 0.000000 0.000000 75.365299 2.249440 -1.976556 -20.676185 31.448406 -5.880081 0.000002 -0.000001 -13.597435 -10.875200 16.252407 -3.075721 7.125020 -0.000002 0.000000 11.258408 -13.672298 8.449312
9.181000 17.792975 -14.443106 -3.613766 -12.091377 2.557636 0.000000 0.000000 0.000000 -14.429737 -12.569307 -9.763521 3.628351 11.648708 34.500303 1.229868 -8.239158 -19.842159 0.007648 -0.564729 -1.551819 0.000000 0.000000 0.000000 16.864213 -0.984317 -10.578113 -3.193758 -10.869001 32.654125 -0.751110 -9.865651 -25.096034 -0.401481 -4.068012 11.268087 -1.757316 2.236751 2.266686 2.619515 2.997164 -1.654599 3.533277 1.565471 -3.206085 -17.046910 -6.763285 -10.720291 14.874020 -9.653600 22.014195 6.999029 -4.463141 10.355462 0.000000 0.000000 0.000000 -82.270201 -1.621020 2.123764 16.365472 -26.013686 -3.804840 -0.000001 0.000002 13.743518 -0.010078 33.396422 -0.004392 -7.125020 0.000002 0.000000 -36.846794 59.373664 -14.100094 0.000000 0.000000 0.000000 75.538489 2.438290 -2.001496 -20.641463 31.407435 -5.861977 0.000002 -0.000001 -13.371068 -11.015845 16.157212 -3.099268 7.125020 -0.000002 0.000000 11.166497 -13.756139 8.356528
9.175576 17.794264 -14.452832 -3.587072 -11.577460 2.553232 0.000000 0.000000 0.000000 -14.394533 -12.773395 -9.869082 3.634898 11.658033 34.532718 1.209218 -8.429420 -19.688878 0.008715 -0.602803 -1.656481 0.000000 0.000000 0.000000 16.887442 -1.248977 -10.619787 -3.186792 -10.854716 32.627204 -0.738202 -10.047893 -25.213256 -0.409533 -4.108120 11.381044 -1.628996 2.292400 2.272448 2.495760 3.071885 -1.608793 3.329544 1.597110 -3.153528 -17.066250 -6.783828 -10.638930 14.939927 -9.691839 21.892954 7.018792 -4.477909 10.308393 0.000000 0.000000 0.000000 -82.058119 -1.700992 2.320971 16.437100 -26.109728 -3.836309 -0.000001 0.000002 13.654333 0.241998 33.329579 0.130369 -7.125020 0.000002 0.000000 -36.540045 59.375667 -13.969398 0.000000 0.000000 0.000000 75.685038 2.626403 -1.998289 -20.614487 31.375571 -5.847925 0.000002 -0.000001 -13.227786 -11.105042 16.125714 -3.119713 7.125020 -0.000002 0.000000 11.108075 -13.780601 8.304200
9.170925 17.795346 -14.461820 -3.581697 -11.092012 2.539364 0.000000 0.000000 0.000000 -14.345869 -12.942274 -9.964261 3.643305 11.669987 34.574298 1.191603 -8.612173 -19.560685 0.010847 -0.672480 -1.848028 0.000000 0.000000 0.000000 16.929555 -1.520967 -10.647260 -3.179556 -10.841204 32.595472 -0.726324 -10.225855 -25.309700 -0.408200 -4.101509 11.362423 -1.505102 2.353061 2.246712 2.407956 3.154022 -1.543745 3.166980 1.632601 -3.065752 -17.081911 -6.809263 -10.457387 14.941312 -9.729969 21.702217 7.012270 -4.501993 10.213755 0.000000 0.000000 0.000000 -81.904736 -1.804011 2.384645 16.447922 -26.124222 -3.841073 -0.000001 0.000002 13.687282 0.536130 32.884258 0.284440 -7.125020 0.000002 0.000000 -35.817292 59.081433 -13.394730 0.000000 0.000000 0.000000 75.764585 2.806916 -1.957210 -20.594301 31.351710 -5.837419 0.000002 -0.000001 -13.176660 -11.147402 16.128179 -3.132852 7.125020 -0.000002 0.000000 11.080278 -13.774870 8.283228
9.166957 17.796303 -14.470263 -3.603330 -10.632900 2.522718 0.000000 0.000000 0.000000 -14.272248 -13.070963 -10.059749 3.653459 11.684403 34.624471 1.175487 -8.803599 -19.445914 0.013936 -0.762225 -2.094786 0.000000 0.000000 0.000000 16.996759 -1.785592 -10.664117 -3.172274 -10.828090 32.562106 -0.715796 -10.394837 -25.398617 -0.403266 -4.076943 11.293235 -1.398916 2.416098 2.204192 2.371530 3.240076 -1.473200 3.068186 1.671104 -2.966790 -17.107464 -6.838464 -10.180724 14.878208 -9.764482 21.452390 6.982782 -4.534637 10.076399 0.000000 0.000000 0.000000 -81.833636 -1.918234 2.281551 16.398497 -26.057991 -3.819335 -0.000001 0.000002 13.846926 0.804933 32.079871 0.419445 -7.125020 0.000002 0.000000 -34.787291 58.485775 -12.440625 0.000000 0.000000 0.000000 75.756707 2.969854 -1.872378 -20.576798 31.331007 -5.828315 0.000002 -0.000000 -13.185408 -11.157040 16.138590 -3.137866 7.125020 -0.000002 0.000000 11.073985 -13.763751 8.280580
9.163440 17.797270 -14.478340 -3.641617 -10.202770 2.510708 0.000000 0.000000 0.000000 -14.179991 -13.162035 -10.166012 3.664582 11.700161 34.679355 1.159354 -9.010571 -19.333435 0.017488 -0.853799 -2.346623 0.000000 0.000000 0.000000 17.077273 -2.027482 -10.680184 -3.165698 -10.815906 32.532847 -0.707363 -10.542783 -25.489228 -0.401663 -4.068927 11.270662 -1.322472 2.478751 2.168679 2.381981 3.325962 -1.414696 3.034027 1.711170 -2.888459 -17.138737 -6.870804 -9.857458 14.746962 -9.791519 21.181305 6.929541 -4.572143 9.918033 0.000000 0.000000 0.000000 -81.842822 -2.022319 2.042575 16.320133 -25.952793 -3.784976 -0.000001 0.000002 14.079155 0.971496 31.114948 0.496268 -7.125020 0.000002 0.000000 -33.743440 57.727890 -11.373740 0.000000 0.000000 0.000000 75.672068 3.109946 -1.744370 -20.557333 31.307971 -5.818197 0.000002 -0.000000 -13.211022 -11.141532 16.150076 -3.135685 7.125020 -0.000002 0.000000 11.084272 -13.753502 8.290853
9.160340 17.798363 -14.485968 -3.676317 -9.810855 2.507729 0.000000 0.000000 0.000000 -14.091587 -13.227951 -10.284834 3.675529 11.715638 34.733301 1.142908 -9.222156 -19.220658 0.020867 -0.932610 -2.563407 0.000000 0.000000 0.000000 17.146814 -2.240761 -10.706993 -3.160825 -10.806195 32.513019 -0.702163 -10.653193 -25.577405 -0.407494 -4.098005 11.352549 -1.275631 2.541582 2.154782 2.415897 3.411907 -1.375136 3.039410 1.752722 -2.844804 -17.162126 -6.905539 -9.568078 14.558235 -9.808353 20.940004 6.855245 -4.608069 9.771552 0.000000 0.000000 0.000000 -81.904144 -2.109747 1.744020 16.252634 -25.861994 -3.755484 -0.000001 0.000002 14.300098 0.991179 30.270498 0.497529 -7.125020 0.000002 0.000000 -32.987290 57.030482 -10.501803 0.000000 0.000000 0.000000 75.548695 3.237777 -1.585660 -20.534058 31.280406 -5.806107 0.000002 -0.000000 -13.223099 -11.104685 16.163491 -3.127619 7.125020 -0.000002 0.000000 11.108641 -13.742980 8.312295
9.157763 17.799641 -14.493093 -3.693154 -9.464081 2.515926 0.000000 0.000000 0.000000 -14.025756 -13.287204 -10.412197 3.685387 11.729548 34.781821 1.126646 -9.421515 -19.110104 0.023456 -0.988732 -2.717807 0.000000 0.000000 0.000000 17.188072 -2.428126 -10.753159 -3.158201 -10.800109 32.504719 -0.700676 -10.716649 -25.652762 -0.421605 -4.167491 11.548355 -1.246454 2.607682 2.165796 2.447303 3.501739 -1.351004 3.050484 1.797004 -2.832040 -17.172405 -6.942366 -9.385415 14.345711 -9.816402 20.771462 6.771822 -4.636924 9.667859 0.000000 0.000000 0.000000 -81.981002 -2.189978 1.460300 16.218893 -25.816542 -3.740779 -0.000001 0.000002 14.448826 0.874078 29.736002 0.433545 -7.125020 0.000002 0.000000 -32.649439 56.559164 -9.989329 0.000000 0.000000 0.000000 75.429410 3.370521 -1.416681 -20.508998 31.250704 -5.793100 0.000002 0.000000 -13.209853 -11.050304 16.177305 -3.114512 7.125020 -0.000002 0.000000 11.144611 -13.733412 8.342623
9.155661 17.801074 -14.500022 -3.694205 -9.160645 2.535720 0.000000 0.000000 0.000000 -13.981042 -13.355016 -10.544081 3.693892 11.741529 34.823639 1.110862 -9.601604 -19.002964 0.024610 -1.012759 -2.783917 0.000000 0.000000 0.000000 17.205308 -2.591520 -10.819483 -3.157524 -10.797314 32.505986 -0.701543 -10.743421 -25.710328 -0.442066 -4.266135 11.826621 -1.218814 2.680500 2.202135 2.462342 3.600190 -1.336890 3.043671 1.845760 -2.843275 -17.173253 -6.982179 -9.338976 14.147760 -9.822187 20.695323 6.693571 -4.657679 9.622897 0.000000 0.000000 0.000000 -82.046873 -2.270132 1.241164 16.224378 -25.823934 -3.743168 -0.000001 0.000002 14.501937 0.672414 29.546244 0.331617 -7.125020 0.000002 0.000000 -32.685216 56.358641 -9.837339 0.000000 0.000000 0.000000 75.341993 3.517006 -1.261069 -20.484778 31.221976 -5.780541 0.000002 -0.000000 -13.166584 -10.980254 16.191226 -3.096856 7.125020 -0.000002 0.000000 11.190953 -13.724941 8.380835
9.153700 17.802570 -14.507382 -3.694311 -8.890990 2.564666 0.000000 0.000000 0.000000 -13.938351 -13.437836 -10.677472 3.701335 11.751997 34.860196 1.095365 -9.766626 -18.897683 0.023968 -0.999459 -2.747321 0.000000 0.000000 0.000000 17.221151 -2.726348 -10.897414 -3.157927 -10.796359 32.512522 -0.701336 -10.766135 -25.754299 -0.464131 -4.369885 12.119672 -1.178382 2.761907 2.261378 2.460612 3.710179 -1.327603 3.010568 1.900013 -2.871036 -17.157711 -7.026553 -9.410725 13.974783 -9.833217 20.703148 6.622122 -4.673209 9.631629 0.000000 0.000000 0.000000 -82.090620 -2.348458 1.112342 16.268001 -25.882680 -3.762191 -0.000001 0.000002 14.456864 0.451467 29.635642 0.222521 -7.125020 0.000002 0.000000 -32.969176 56.388515 -9.962615 0.000000 0.000000 0.000000 75.295825 3.677269 -1.142517 -20.461558 31.194413 -5.768510 0.000002 -0.000000 -13.086053 -10.894706 16.210951 -3.075751 7.125020 -0.000002 0.000000 11.247487 -13.711886 8.428173
9.151479 17.804072 -14.515760 -3.706237 -8.641094 2.598217 0.000000 0.000000 0.000000 -13.879852 -13.536621 -10.809262 3.708091 11.761487 34.893355 1.079816 -9.922652 -18.791921 0.021924 -0.955922 -2.627539 0.000000 0.000000 0.000000 17.256904 -2.827359 -10.975513 -3.158581 -10.795778 32.520446 -0.696218 -10.823822 -25.793564 -0.481556 -4.450015 12.346283 -1.119202 2.850215 2.331670 2.447927 3.829716 -1.315429 2.954746 1.958493 -2.900526 -17.102348 -7.075878 -9.556634 13.802161 -9.852340 20.764928 6.543498 -4.686865 9.672789 0.000000 0.000000 0.000000 -82.113388 -2.425749 1.074927 16.343832 -25.984631 -3.795355 -0.000001 0.000002 14.324108 0.264789 29.905894 0.130958 -7.125020 0.000002 0.000000 -33.371101 56.576443 -10.262504 0.000000 0.000000 0.000000 75.286629 3.852361 -1.075704 -20.437500 31.165834 -5.756055 0.000002 -0.000000 -12.965505 -10.798164 16.242582 -3.053590 7.125020 -0.000002 0.000000 11.311149 -13.687835 8.483824
9.148885 17.805614 -14.525308 -3.727546 -8.396066 2.632376 0.000000 0.000000 0.000000 -13.806807 -13.651861 -10.936541 3.714276 11.770163 34.923684 1.064011 -10.072285 -18.684239 0.019432 -0.899996 -2.473691 0.000000 0.000000 0.000000 17.312906 -2.899819 -11.048498 -3.159038 -10.794760 32.527686 -0.684748 -10.935463 -25.835205 -0.490208 -4.489240 12.457304 -1.048466 2.940173 2.393424 2.428754 3.951509 -1.291032 2.886496 2.017501 -2.911354 -16.991473 -7.128630 -9.729442 13.605250 -9.878262 20.841724 6.445407 -4.700662 9.721070 0.000000 0.000000 0.000000 -82.123042 -2.514073 1.108285 16.437980 -26.110908 -3.836697 -0.000001 0.000002 14.130104 0.144885 30.261260 0.072286 -7.125020 0.000002 0.000000 -33.784929 56.847968 -10.641105 0.000000 0.000000 0.000000 75.302013 4.050221 -1.058894 -20.409557 31.132613 -5.741601 0.000002 -0.000001 -12.814496 -10.701717 16.288003 -3.033873 7.125020 -0.000002 0.000000 11.374549 -13.650084 8.542709
9.146221 17.807272 -14.535612 -3.743265 -8.145596 2.664646 0.000000 0.000000 0.000000 -13.738004 -13.782540 -11.056892 3.719806 11.777913 34.950787 1.048026 -10.216673 -18.575403 0.017297 -0.849127 -2.333774 0.000000 0.000000 0.000000 17.369082 -2.961803 -11.118205 -3.159058 -10.792932 32.532979 -0.669256 -11.086154 -25.881179 -0.491138 -4.493436 12.469182 -0.981127 3.025588 2.433031 2.404110 4.066649 -1.249251 2.816539 2.072800 -2.891005 -16.842045 -7.182356 -9.894311 13.395154 -9.909767 20.902747 6.334653 -4.715532 9.760240 0.000000 0.000000 0.000000 -82.128672 -2.628473 1.180177 16.529836 -26.233790 -3.877213 -0.000001 0.000002 13.914156 0.107819 30.612001 0.054718 -7.125020 0.000002 0.000000 -34.121676 57.131404 -11.006642 0.000000 0.000000 0.000000 75.327338 4.278776 -1.074578 -20.374511 31.090907 -5.723492 0.000002 -0.000001 -12.650041 -10.617136 16.349406 -3.020353 7.125020 -0.000002 0.000000 11.429851 -13.595571 8.599478
9.143969 17.809096 -14.545940 -3.743755 -7.888763 2.693854 0.000000 0.000000 0.000000 -13.688188 -13.921354 -11.168984 3.724746 11.784829 34.974981 1.032246 -10.357473 -18.468838 0.015915 -0.814522 -2.238599 0.000000 0.000000 0.000000 17.407514 -3.033039 -11.186801 -3.158142 -10.789544 32.533603 -0.654180 -11.239577 -25.929772 -0.489964 -4.488143 12.454198 -0.925275 3.101941 2.453467 2.376034 4.168892 -1.193546 2.751545 2.121578 -2.845005 -16.697383 -7.234686 -10.037443 13.210576 -9.946030 20.939254 6.233218 -4.731473 9.788963 0.000000 0.000000 0.000000 -82.138504 -2.770930 1.255433 16.598617 -26.325593 -3.907666 -0.000001 0.000002 13.714335 0.158954 30.868401 0.081492 -7.125020 0.000002 0.000000 -34.297097 57.354122 -11.263441 0.000000 0.000000 0.000000 75.350544 4.533185 -1.092725 -20.333571 31.042127 -5.702365 0.000002 -0.000001 -12.492509 -10.552234 16.427877 -3.015481 7.125020 -0.000002 0.000000 11.471883 -13.522629 8.650471
9.142398 17.811104 -14.555648 -3.739482 -7.633536 2.720342 0.000000 0.000000 0.000000 -13.648143 -14.053382 -11.274042 3.729515 11.791499 34.998325 1.017226 -10.496264 -18.369340 0.015545 -0.805003 -2.212422 0.000000 0.000000 0.000000 17.434263 -3.120216 -11.250597 -3.155209 -10.782794 32.524174 -0.642775 -11.364592 -25.980267 -0.493601 -4.504529 12.500589 -0.871727 3.167478 2.469329 2.351917 4.256616 -1.134376 2.692980 2.163180 -2.792151 -16.597760 -7.283459 -10.156405 13.081967 -9.984563 20.958256 6.160036 -4.747871 9.812783 0.000000 0.000000 0.000000 -82.159925 -2.922648 1.306478 16.633182 -26.371661 -3.923007 -0.000001 0.000002 13.548213 0.291091 30.962223 0.149186 -7.125020 0.000002 0.000000 -34.254174 57.459205 -11.337377 0.000000 0.000000 0.000000 75.365571 4.791581 -1.077522 -20.296908 30.998392 -5.683471 0.000002 -0.000001 -12.367317 -10.513205 16.511315 -3.018945 7.125020 -0.000002 0.000000 11.496733 -13.442795 8.689705
9.141319 17.813352 -14.564409 -3.755356 -7.390233 2.744895 0.000000 0.000000 0.000000 -13.588915 -14.160339 -11.375729 3.734752 11.798817 35.023945 1.003398 -10.635223 -18.280748 0.016513 -0.829680 -2.280286 0.000000 0.000000 0.000000 17.476150 -3.212569 -11.299164 -3.148781 -10.769950 32.498025 -0.635293 -11.450720 -26.037091 -0.507974 -4.568674 12.682306 -0.800945 3.222897 2.493219 2.342064 4.331974 -1.083415 2.639412 2.198651 -2.751110 -16.559168 -7.325838 -10.240349 13.013607 -10.021280 20.964778 6.120487 -4.764139 9.831878 0.000000 0.000000 0.000000 -82.197915 -3.050556 1.327376 16.638465 -26.378698 -3.925354 -0.000001 0.000002 13.404199 0.479198 30.891138 0.244770 -7.125020 0.000002 0.000000 -34.012298 57.439890 -11.228639 0.000000 0.000000 0.000000 75.374227 5.023074 -1.002164 -20.280741 30.979089 -5.675146 0.000002 -0.000001 -12.296975 -10.505443 16.573578 -3.027760 7.125020 -0.000002 0.000000 11.501162 -13.381583 8.708267
9.140209 17.815929 -14.572170 -3.810027 -7.163673 2.766825 0.000000 0.000000 0.000000 -13.486194 -14.228257 -11.477603 3.740939 11.807454 35.054192 0.990794 -10.778371 -18.203948 0.019171 -0.893923 -2.456985 0.000000 0.000000 0.000000 17.556531 -3.292964 -11.320705 -3.137691 -10.748611 32.450450 -0.629879 -11.504380 -26.107781 -0.536779 -4.694434 13.039046 -0.701601 3.269978 2.527352 2.352943 4.398096 -1.048227 2.590683 2.229520 -2.730858 -16.572508 -7.357302 -10.272454 12.991434 -10.050916 20.961660 6.109062 -4.779047 9.841852 0.000000 0.000000 0.000000 -82.253271 -3.123966 1.335825 16.631317 -26.369176 -3.922179 -0.000001 0.000002 13.256237 0.682344 30.728918 0.347207 -7.125020 0.000002 0.000000 -33.676243 57.348257 -11.023102 0.000000 0.000000 0.000000 75.384440 5.202198 -0.864468 -20.297357 30.998927 -5.683701 0.000002 -0.000001 -12.285255 -10.527454 16.593573 -3.037808 7.125020 -0.000002 0.000000 11.486390 -13.360028 8.701903
9.138599 17.818829 -14.579008 -3.902085 -6.951433 2.783981 0.000000 0.000000 0.000000 -13.339294 -14.255678 -11.579872 3.748081 11.817411 35.089081 0.979100 -10.928269 -18.136807 0.023644 -0.992695 -2.728710 0.000000 0.000000 0.000000 17.677275 -3.353619 -11.310423 -3.121940 -10.718656 32.381565 -0.624354 -11.540718 -26.193811 -0.578492 -4.870425 13.539362 -0.580326 3.310544 2.566104 2.383147 4.457232 -1.030584 2.549194 2.256998 -2.730654 -16.614204 -7.372044 -10.252244 12.996497 -10.066488 20.961462 6.116143 -4.789302 9.843437 0.000000 0.000000 0.000000 -82.323652 -3.128523 1.356431 16.629635 -26.366934 -3.921431 -0.000001 0.000002 13.089842 0.856776 30.577394 0.434774 -7.125020 0.000002 0.000000 -33.377785 57.259257 -10.835242 0.000000 0.000000 0.000000 75.405311 5.320290 -0.687770 -20.347272 31.058460 -5.709430 0.000002 -0.000001 -12.314789 -10.567846 16.573647 -3.046158 7.125020 -0.000002 0.000000 11.459915 -13.376681 8.676888
9.136406 17.821855 -14.585043 -4.013531 -6.749805 2.794823 0.000000 0.000000 0.000000 -13.169856 -14.257309 -11.678067 3.755664 11.827968 35.126093 0.967990 -11.080231 -18.075678 0.029282 -1.104639 -3.036768 0.000000 0.000000 0.000000 17.820972 -3.400599 -11.274824 -3.103019 -10.683171 32.296878 -0.617249 -11.578562 -26.284035 -0.623944 -5.054749 14.064781 -0.454895 3.346580 2.604971 2.424811 4.511208 -1.028709 2.516939 2.282165 -2.747010 -16.660877 -7.365152 -10.202726 13.016085 -10.060706 20.983542 6.134186 -4.790063 9.844552 0.000000 0.000000 0.000000 -82.406343 -3.066195 1.403160 16.645365 -26.387886 -3.928420 -0.000001 0.000002 12.911732 0.972049 30.511004 0.492985 -7.125020 0.000002 0.000000 -33.210011 57.228524 -10.745975 0.000000 0.000000 0.000000 75.442799 5.383924 -0.501403 -20.421925 31.147321 -5.747994 0.000002 -0.000001 -12.363786 -10.612095 16.538942 -3.052988 7.125020 -0.000002 0.000000 11.431062 -13.407714 8.646461
9.134000 17.824689 -14.590455 -4.121617 -6.559299 2.800694 0.000000 0.000000 0.000000 -13.008137 -14.259037 -11.765515 3.762893 11.838019 35.161345 0.957314 -11.221487 -18.016715 0.034217 -1.194016 -3.282803 0.000000 0.000000 0.000000 17.962992 -3.447603 -11.230019 -3.083369 -10.647372 32.205347 -0.608483 -11.631761 -26.358579 -0.659979 -5.195901 14.468153 -0.342080 3.379926 2.646286 2.468101 4.561653 -1.040536 2.492920 2.305973 -2.779725 -16.701717 -7.336449 -10.156865 13.048276 -10.030962 21.041249 6.160692 -4.778258 9.855076 0.000000 0.000000 0.000000 -82.499909 -2.947063 1.475229 16.683336 -26.438423 -3.945311 -0.000001 0.000002 12.738011 1.019660 30.558689 0.518190 -7.125020 0.000002 0.000000 -33.205404 57.278572 -10.785288 0.000000 0.000000 0.000000 75.498207 5.402517 -0.315763 -20.514704 31.257468 -5.796059 0.000002 -0.000001 -12.426516 -10.649288 16.519996 -3.060543 7.125020 -0.000002 0.000000 11.406699 -13.423651 8.623298
9.132057 17.827083 -14.595472 -4.207744 -6.383909 2.805981 0.000000 0.000000 0.000000 -12.880846 -14.286726 -11.836935 3.769012 11.846516 35.191161 0.947251 -11.335264 -17.957782 0.036210 -1.228254 -3.377072 0.000000 0.000000 0.000000 18.080725 -3.509924 -11.196603 -3.065469 -10.616563 32.116342 -0.599679 -11.700604 -26.397351 -0.676859 -5.260613 14.653387 -0.251341 3.411201 2.697000 2.505377 4.608923 -1.065017 2.474083 2.328654 -2.831785 -16.740003 -7.294283 -10.142478 13.093816 -9.984639 21.138709 6.194870 -4.756467 9.883407 0.000000 0.000000 0.000000 -82.604620 -2.785404 1.559438 16.740146 -26.513934 -3.970638 -0.000001 0.000002 12.583414 1.010259 30.705337 0.515669 -7.125020 0.000002 0.000000 -33.341426 57.398933 -10.936445 0.000000 0.000000 0.000000 75.568365 5.380103 -0.116084 -20.627413 31.390841 -5.854654 0.000002 -0.000000 -12.517308 -10.671496 16.532355 -3.069300 7.125020 -0.000002 0.000000 11.391881 -13.409663 8.615036
9.131266 17.828976 -14.600312 -4.260674 -6.228755 2.815458 0.000000 0.000000 0.000000 -12.805378 -14.355251 -11.889781 3.773524 11.852775 35.213131 0.938528 -11.405332 -17.901098 0.034528 -1.199419 -3.297679 0.000000 0.000000 0.000000 18.158114 -3.598644 -11.192031 -3.051142 -10.594528 32.037362 -0.593122 -11.773916 -26.386197 -0.672015 -5.242130 14.600459 -0.185670 3.440278 2.762421 2.532843 4.652675 -1.100920 2.457879 2.350025 -2.904838 -16.784187 -7.254227 -10.171592 13.145804 -9.938457 21.272952 6.232668 -4.733272 9.933956 0.000000 0.000000 0.000000 -82.722272 -2.599705 1.633003 16.803680 -26.598239 -3.999043 -0.000001 0.000002 12.462199 0.962428 30.892408 0.493932 -7.125020 0.000002 0.000000 -33.550772 57.544479 -11.137651 0.000000 0.000000 0.000000 75.647556 5.321486 0.115545 -20.763195 31.550884 -5.925541 0.000002 -0.000000 -12.649058 -10.671342 16.569400 -3.075905 7.125020 -0.000002 0.000000 11.391565 -13.372890 8.623826
9.131996 17.830480 -14.605157 -4.277527 -6.100146 2.831932 0.000000 0.000000 0.000000 -12.786490 -14.462711 -11.925236 3.776269 11.856581 35.226494 0.932209 -11.421264 -17.852675 0.030478 -1.126957 -3.098198 0.000000 0.000000 0.000000 18.188826 -3.711450 -11.223415 -3.041247 -10.582611 31.973352 -0.590143 -11.837743 -26.322876 -0.649765 -5.156312 14.354927 -0.143736 3.468303 2.840873 2.549600 4.694318 -1.144421 2.442781 2.370707 -2.993899 -16.837744 -7.230074 -10.234939 13.192643 -9.908836 21.430709 6.267646 -4.717888 10.002767 0.000000 0.000000 0.000000 -82.854089 -2.411101 1.669597 16.857008 -26.668882 -4.022949 -0.000001 0.000002 12.390704 0.892689 31.036358 0.460162 -7.125020 0.000002 0.000000 -33.744484 57.649196 -11.299977 0.000000 0.000000 0.000000 75.732417 5.244001 0.371854 -20.915175 31.729200 -6.005268 0.000002 -0.000000 -12.808342 -10.643359 16.613783 -3.075609 7.125020 -0.000002 0.000000 11.409568 -13.330990 8.648347
9.134158 17.831777 -14.610147 -4.264494 -6.004941 2.856612 0.000000 0.000000 0.000000 -12.814144 -14.592565 -11.949602 3.777410 11.858163 35.232049 0.928956 -11.383509 -17.817679 0.025995 -1.040842 -2.861192 0.000000 0.000000 0.000000 18.178089 -3.828890 -11.286155 -3.035664 -10.579504 31.927054 -0.590741 -11.879158 -26.222194 -0.619968 -5.038909 14.019570 -0.119339 3.497945 2.922467 2.556168 4.737308 -1.188829 2.426533 2.392238 -3.086218 -16.895441 -7.223925 -10.306894 13.228755 -9.900178 21.587735 6.295975 -4.713252 10.076451 0.000000 0.000000 0.000000 -82.997447 -2.238056 1.650152 16.885404 -26.706455 -4.035702 -0.000001 0.000002 12.381881 0.814811 31.073134 0.420658 -7.125020 0.000002 0.000000 -33.851517 57.663129 -11.353015 0.000000 0.000000 0.000000 75.826368 5.175324 0.621046 -21.067746 31.907342 -6.085708 0.000002 -0.000000 -12.960564 -10.589055 16.650769 -3.066196 7.125020 -0.000002 0.000000 11.445056 -13.298484 8.684376
9.137329 17.833029 -14.615310 -4.234895 -5.947680 2.890320 0.000000 0.000000 0.000000 -12.866886 -14.722691 -11.972596 3.777369 11.858106 35.231849 0.928577 -11.303488 -17.796980 0.022320 -0.964513 -2.651172 0.000000 0.000000 0.000000 18.140365 -3.923125 -11.368562 -3.033580 -10.582078 31.899323 -0.594275 -11.886992 -26.112065 -0.594434 -4.935911 13.725862 -0.102060 3.531179 2.994468 2.554357 4.784369 -1.228398 2.406074 2.415733 -3.168141 -16.947006 -7.225691 -10.360599 13.256870 -9.902749 21.720262 6.318257 -4.714626 10.139125 0.000000 0.000000 0.000000 -83.145655 -2.086347 1.578331 16.884925 -26.705821 -4.035487 -0.000001 0.000002 12.429811 0.741500 31.001094 0.382137 -7.125020 0.000002 0.000000 -33.857730 57.587819 -11.291871 0.000000 0.000000 0.000000 75.937557 5.135372 0.836692 -21.209595 32.072185 -6.160855 0.000002 -0.000000 -13.078462 -10.520082 16.668988 -3.049089 7.125020 -0.000002 0.000000 11.490455 -13.285748 8.723365
9.140934 17.834309 -14.620550 -4.204237 -5.929037 2.933339 0.000000 0.000000 0.000000 -12.920186 -14.834509 -12.002964 3.776728 11.857218 35.228731 0.930262 -11.198819 -17.787966 0.019835 -0.909280 -2.499226 0.000000 0.000000 0.000000 18.094284 -3.969987 -11.457383 -3.033884 -10.586887 31.888889 -0.599677 -11.858502 -26.020602 -0.581471 -4.882728 13.574387 -0.082406 3.567616 3.050104 2.548254 4.835333 -1.261931 2.380835 2.440957 -3.234205 -16.983718 -7.222825 -10.383789 13.280930 -9.902405 21.818895 6.336588 -4.714790 10.182189 0.000000 0.000000 0.000000 -83.291982 -1.946123 1.482821 16.864264 -26.678486 -4.026206 -0.000001 0.000002 12.504157 0.679138 30.884108 0.348766 -7.125020 0.000002 0.000000 -33.814225 57.477511 -11.182291 0.000000 0.000000 0.000000 76.071073 5.124802 1.020734 -21.340461 32.223599 -6.230489 0.000002 -0.000000 -13.157543 -10.454107 16.660193 -3.028087 7.125020 -0.000002 0.000000 11.534178 -13.299577 8.754463
9.144381 17.835593 -14.625778 -4.184600 -5.946680 2.983793 0.000000 0.000000 0.000000 -12.955052 -14.916037 -12.044827 3.776096 11.856341 35.225651 0.933104 -11.087759 -17.787359 0.018487 -0.877856 -2.412789 0.000000 0.000000 0.000000 18.056992 -3.955612 -11.540554 -3.035467 -10.591343 31.892039 -0.605317 -11.806190 -25.965318 -0.583095 -4.889424 13.593453 -0.057803 3.604766 3.092170 2.544333 4.887238 -1.290529 2.356021 2.466488 -3.287366 -17.003186 -7.210804 -10.385010 13.300966 -9.892454 21.890317 6.351578 -4.710179 10.208339 0.000000 0.000000 0.000000 -83.434205 -1.805514 1.394146 16.834705 -26.639349 -4.012943 -0.000001 0.000002 12.569539 0.623650 30.802411 0.319335 -7.125020 0.000002 0.000000 -33.795703 57.397861 -11.108397 0.000000 0.000000 0.000000 76.222668 5.134701 1.199500 -21.464030 32.365986 -6.296509 0.000002 -0.000001 -13.207158 -10.409907 16.627293 -3.009282 7.125020 -0.000002 0.000000 11.563788 -13.335611 8.768904
9.147213 17.836790 -14.630985 -4.180275 -5.995935 3.036113 0.000000 0.000000 0.000000 -12.964462 -14.960986 -12.095866 3.775952 11.856141 35.224949 0.936482 -10.984801 -17.793294 0.018132 -0.869383 -2.389486 0.000000 0.000000 0.000000 18.038044 -3.880100 -11.608004 -3.037354 -10.594077 31.902981 -0.609326 -11.753022 -25.948739 -0.596049 -4.942491 13.744614 -0.034075 3.639102 3.128346 2.549170 4.935390 -1.312013 2.341520 2.490200 -3.330573 -17.009736 -7.194933 -10.386419 13.315121 -9.876831 21.947413 6.362551 -4.702388 10.227364 0.000000 0.000000 0.000000 -83.575875 -1.662777 1.325362 16.802962 -26.597286 -3.998721 -0.000001 0.000002 12.604168 0.567685 30.793296 0.290413 -7.125020 0.000002 0.000000 -33.841327 57.378340 -11.109657 0.000000 0.000000 0.000000 76.380335 5.162453 1.404669 -21.579382 32.498392 -6.358373 0.000002 -0.000001 -13.235095 -10.407532 16.586720 -3.001468 7.125020 -0.000002 0.000000 11.565846 -13.375991 8.760493
9.149247 17.837839 -14.636212 -4.188919 -6.070339 3.082759 0.000000 0.000000 0.000000 -12.951994 -14.968513 -12.149404 3.776533 11.856947 35.227781 0.940076 -10.898630 -17.804979 0.018541 -0.879125 -2.416280 0.000000 0.000000 0.000000 18.038598 -3.757068 -11.653434 -3.038816 -10.594831 31.915261 -0.609859 -11.721548 -25.957766 -0.613393 -5.012602 13.944509 -0.019345 3.667622 3.164250 2.566335 4.975460 -1.320383 2.345655 2.510132 -3.361613 -17.008583 -7.182254 -10.407254 13.323452 -9.862190 21.997831 6.369201 -4.694232 10.247256 0.000000 0.000000 0.000000 -83.722961 -1.524585 1.274058 16.772044 -26.556278 -3.984888 -0.000001 0.000002 12.603439 0.512742 30.837004 0.262532 -7.125020 0.000002 0.000000 -33.932196 57.402888 -11.165295 0.000000 0.000000 0.000000 76.533587 5.212522 1.655183 -21.682591 32.616440 -6.413914 0.000002 -0.000001 -13.241420 -10.464314 16.557512 -3.013049 7.125020 -0.000002 0.000000 11.528657 -13.400507 8.725033
9.150554 17.838762 -14.641560 -4.208403 -6.162904 3.119596 0.000000 0.000000 0.000000 -12.921944 -14.943598 -12.200991 3.777761 11.858649 35.233756 0.943486 -10.832614 -17.819730 0.019239 -0.895533 -2.461415 0.000000 0.000000 0.000000 18.058271 -3.606018 -11.677460 -3.039514 -10.594212 31.923860 -0.605203 -11.727635 -25.969594 -0.625990 -5.062873 14.087972 -0.014632 3.689323 3.199654 2.595308 5.005902 -1.310992 2.368769 2.525504 -3.375522 -16.996705 -7.172548 -10.451991 13.326271 -9.847962 22.039657 6.371028 -4.684968 10.267900 0.000000 0.000000 0.000000 -83.878131 -1.403908 1.226745 16.737763 -26.510768 -3.969574 -0.000001 0.000002 12.584202 0.471796 30.891147 0.241954 -7.125020 0.000002 0.000000 -34.018897 57.439071 -11.229181 0.000000 0.000000 0.000000 76.681866 5.285872 1.948921 -21.773930 32.720584 -6.463217 0.000002 -0.000001 -13.223067 -10.581742 16.548778 -3.046055 7.125020 -0.000002 0.000000 11.451106 -13.400017 8.663943
9.151408 17.839635 -14.647148 -4.238591 -6.266286 3.148921 0.000000 0.000000 0.000000 -12.875841 -14.896342 -12.252124 3.779237 11.860694 35.240938 0.946008 -10.785214 -17.831226 0.019571 -0.903201 -2.482506 0.000000 0.000000 0.000000 18.096995 -3.445666 -11.688794 -3.039599 -10.593397 31.926968 -0.594704 -11.776609 -25.964249 -0.625833 -5.062248 14.086188 -0.012914 3.704885 3.228394 2.632053 5.027671 -1.283689 2.403213 2.536583 -3.367743 -16.960319 -7.158671 -10.514486 13.319121 -9.825961 22.066897 6.365140 -4.670267 10.283368 0.000000 0.000000 0.000000 -84.037890 -1.321308 1.161838 16.684444 -26.439897 -3.945804 -0.000001 0.000002 12.584604 0.457018 30.933723 0.234751 -7.125020 0.000002 0.000000 -34.070502 57.471234 -11.276208 0.000000 0.000000 0.000000 76.833226 5.375590 2.267806 -21.859996 32.818434 -6.509802 0.000002 -0.000001 -13.182330 -10.734893 16.556867 -3.092563 7.125020 -0.000002 0.000000 11.349707 -13.380073 8.588886
9.152276 17.840505 -14.652940 -4.274130 -6.373153 3.176157 0.000000 0.000000 0.000000 -12.821943 -14.840544 -12.305618 3.780384 11.862282 35.246518 0.947041 -10.748923 -17.832771 0.018983 -0.889547 -2.444948 0.000000 0.000000 0.000000 18.146266 -3.293907 -11.700776 -3.039670 -10.593865 31.926354 -0.580032 -11.858572 -25.933237 -0.609967 -4.998840 13.905255 -0.008746 3.715242 3.241153 2.669748 5.041924 -1.240871 2.439447 2.543740 -3.334465 -16.884703 -7.134552 -10.588880 13.294546 -9.789363 22.077209 6.347258 -4.646648 10.289147 0.000000 0.000000 0.000000 -84.195324 -1.297181 1.060287 16.592737 -26.317748 -3.905058 -0.000001 0.000002 12.644179 0.465392 30.975345 0.239442 -7.125020 0.000002 0.000000 -34.099244 57.507514 -11.317972 0.000000 0.000000 0.000000 76.995612 5.472592 2.589565 -21.947875 32.918063 -6.557495 0.000002 -0.000001 -13.129295 -10.878544 16.573897 -3.137920 7.125020 -0.000002 0.000000 11.254474 -13.352003 8.520714
9.153769 17.841355 -14.658640 -4.301226 -6.479700 3.205360 0.000000 0.000000 0.000000 -12.780341 -14.791478 -12.359806 3.780695 11.862714 35.248033 0.946706 -10.710142 -17.822623 0.017226 -0.847393 -2.329003 0.000000 0.000000 0.000000 18.185614 -3.166473 -11.725861 -3.040581 -10.597139 31.926173 -0.564900 -11.949867 -25.877545 -0.581197 -4.881598 13.571170 -0.004946 3.721315 3.229784 2.700644 5.049443 -1.185026 2.471497 2.547328 -3.273242 -16.767915 -7.101346 -10.673193 13.251520 -9.740815 22.074508 6.316431 -4.615360 10.286572 0.000000 0.000000 0.000000 -84.345593 -1.336383 0.915841 16.454878 -26.133535 -3.844137 -0.000001 0.000002 12.779109 0.479018 31.031822 0.246916 -7.125020 0.000002 0.000000 -34.136263 57.557162 -11.374412 0.000000 0.000000 0.000000 77.170981 5.572942 2.894190 -22.037396 33.019260 -6.606211 0.000002 -0.000000 -13.071659 -10.971266 16.597222 -3.169479 7.125020 -0.000002 0.000000 11.192872 -13.321646 8.479593
9.156457 17.842153 -14.663849 -4.306043 -6.588756 3.238697 0.000000 0.000000 0.000000 -12.771994 -14.761328 -12.409685 3.779940 11.861668 35.244359 0.945991 -10.653096 -17.805923 0.014432 -0.775659 -2.131728 0.000000 0.000000 0.000000 18.193875 -3.070706 -11.772098 -3.043154 -10.604440 31.931099 -0.553177 -12.023510 -25.801019 -0.545420 -4.731458 13.144196 -0.008075 3.724577 3.193188 2.719303 5.051843 -1.120745 2.497208 2.548250 -3.188338 -16.624428 -7.066896 -10.765097 13.199539 -9.692663 22.069766 6.277323 -4.582567 10.282741 0.000000 0.000000 0.000000 -84.488846 -1.419027 0.736766 16.281983 -25.901495 -3.768297 -0.000001 0.000002 12.977120 0.477649 31.096037 0.246672 -7.125020 0.000002 0.000000 -34.194680 57.609947 -11.442018 0.000000 0.000000 0.000000 77.357411 5.676229 3.166318 -22.120579 33.113027 -6.651596 0.000002 -0.000000 -13.003708 -10.999803 16.626236 -3.183201 7.125020 -0.000002 0.000000 11.173706 -13.290633 8.472027
9.160628 17.842888 -14.668324 -4.284869 -6.707855 3.277489 0.000000 0.000000 0.000000 -12.804069 -14.753166 -12.451995 3.778200 11.859257 35.235891 0.946201 -10.567670 -17.791636 0.011118 -0.680818 -1.870954 0.000000 0.000000 0.000000 18.162794 -3.001383 -11.841446 -3.047860 -10.616119 31.944755 -0.547171 -12.059233 -25.708156 -0.509294 -4.574516 12.698867 -0.020613 3.726614 3.142227 2.724816 5.051600 -1.058203 2.515727 2.547867 -3.096626 -16.475901 -7.040159 -10.857068 13.151128 -9.659539 22.080383 6.236977 -4.556050 10.287037 0.000000 0.000000 0.000000 -84.628495 -1.504971 0.544442 16.098308 -25.653757 -3.688420 -0.000001 0.000002 13.207923 0.448700 31.150368 0.232062 -7.125020 0.000002 0.000000 -34.270821 57.648604 -11.504711 0.000000 0.000000 0.000000 77.553918 5.775010 3.403234 -22.190585 33.191743 -6.689879 0.000002 -0.000000 -12.915074 -10.981907 16.652864 -3.182803 7.125020 -0.000002 0.000000 11.185306 -13.265607 8.487219
9.166142 17.843574 -14.672134 -4.244900 -6.844573 3.321905 0.000000 0.000000 0.000000 -12.866962 -14.758648 -12.488089 3.775754 11.855868 35.223989 0.948143 -10.455422 -17.786971 0.007905 -0.574091 -1.577555 0.000000 0.000000 0.000000 18.099297 -2.942792 -11.929323 -3.054595 -10.631195 31.968807 -0.546800 -12.048308 -25.606012 -0.478925 -4.438017 12.312337 -0.039753 3.727794 3.095468 2.720372 5.050099 -1.009810 2.526929 2.546977 -3.021486 -16.339888 -7.025440 -10.938257 13.113682 -9.649098 22.121561 6.200828 -4.540632 10.305628 0.000000 0.000000 0.000000 -84.767731 -1.552465 0.367300 15.928575 -25.423700 -3.615245 -0.000001 0.000002 13.434451 0.388708 31.190614 0.201261 -7.125020 0.000002 0.000000 -34.364106 57.668941 -11.558618 0.000000 0.000000 0.000000 77.761271 5.851598 3.623247 -22.250402 33.258860 -6.722655 0.000002 -0.000000 -12.811247 -10.947840 16.663180 -3.174635 7.125020 -0.000002 0.000000 11.207768 -13.258052 8.506729
9.172528 17.844209 -14.675528 -4.196497 -7.003794 3.370140 0.000000 0.000000 0.000000 -12.944257 -14.763026 -12.521847 3.772942 11.851969 35.210299 0.951892 -10.326291 -17.794736 0.005236 -0.467237 -1.283861 0.000000 0.000000 0.000000 18.016897 -2.876372 -12.026552 -3.062785 -10.647776 32.002852 -0.549626 -11.995306 -25.502795 -0.457666 -4.339755 12.034526 -0.061933 3.726633 3.068125 2.710475 5.046101 -0.982875 2.532214 2.545026 -2.979080 -16.225048 -7.020249 -11.000716 13.089359 -9.657919 22.195704 6.171960 -4.535583 10.337853 0.000000 0.000000 0.000000 -84.906974 -1.538306 0.225269 15.785903 -25.229488 -3.554212 -0.000001 0.000002 13.625452 0.300834 31.215453 0.155932 -7.125020 0.000002 0.000000 -34.470188 57.670598 -11.601582 0.000000 0.000000 0.000000 77.980298 5.886805 3.859186 -22.311056 33.326782 -6.755949 0.000002 -0.000000 -12.715658 -10.919663 16.649678 -3.163844 7.125020 -0.000002 0.000000 11.226554 -13.273703 8.517719
9.179306 17.844737 -14.678589 -4.146291 -7.187963 3.417693 0.000000 0.000000 0.000000 -13.024702 -14.752289 -12.554007 3.770091 11.848013 35.196412 0.957330 -10.189010 -17.815912 0.003343 -0.373336 -1.025801 0.000000 0.000000 0.000000 17.926374 -2.789943 -12.122101 -3.071832 -10.664368 32.045117 -0.552284 -11.915639 -25.402312 -0.443989 -4.275279 11.852433 -0.085552 3.720786 3.065725 2.698300 5.036690 -0.976887 2.533774 2.540573 -2.971997 -16.131281 -7.016683 -11.042274 13.078104 -9.673944 22.293138 6.151876 -4.535365 10.377654 0.000000 0.000000 0.000000 -85.043633 -1.463507 0.118568 15.667351 -25.067532 -3.503832 -0.000001 0.000002 13.767464 0.193158 31.211753 0.100258 -7.125020 0.000002 0.000000 -34.569477 57.644544 -11.618010 0.000000 0.000000 0.000000 78.211235 5.869891 4.137002 -22.381564 33.405568 -6.794728 0.000002 -0.000000 -12.648217 -10.903102 16.619805 -3.153495 7.125020 -0.000002 0.000000 11.237810 -13.304712 8.519050
9.186230 17.845024 -14.681123 -4.097931 -7.398032 3.457869 0.000000 0.000000 0.000000 -13.103958 -14.715052 -12.580131 3.767526 11.844454 35.183920 0.964474 -10.048006 -17.851763 0.002254 -0.306565 -0.842318 0.000000 0.000000 0.000000 17.834708 -2.680936 -12.204972 -3.081472 -10.680778 32.093538 -0.552579 -11.828408 -25.303083 -0.432377 -4.219727 11.695665 -0.109059 3.708821 3.083245 2.686547 5.019776 -0.983830 2.534302 2.532499 -2.989140 -16.053243 -7.005128 -11.065184 13.079127 -9.682432 22.399661 6.141052 -4.532631 10.417370 0.000000 0.000000 0.000000 -85.176262 -1.347950 0.033693 15.559662 -24.919963 -3.458332 -0.000001 0.000002 13.866425 0.077598 31.174368 0.040454 -7.125020 0.000002 0.000000 -34.646043 57.589132 -11.600143 0.000000 0.000000 0.000000 78.451697 5.806321 4.458211 -22.461188 33.494321 -6.838617 0.000002 -0.000001 -12.607106 -10.892550 16.592851 -3.145462 7.125020 -0.000002 0.000000 11.245066 -13.332346 8.518043
9.193276 17.844912 -14.682993 -4.055753 -7.633254 3.484467 0.000000 0.000000 0.000000 -13.178949 -14.641685 -12.595523 3.765613 11.841798 35.174600 0.973070 -9.908309 -17.901279 0.001809 -0.274631 -0.754568 0.000000 0.000000 0.000000 17.748234 -2.552633 -12.266911 -3.091739 -10.697679 32.146541 -0.550725 -11.746301 -25.205150 -0.418028 -4.149993 11.499031 -0.129600 3.691283 3.108798 2.679920 4.995796 -0.990579 2.538347 2.520890 -3.010468 -15.986605 -6.979252 -11.070929 13.091751 -9.673004 22.498615 6.139427 -4.522135 10.449136 0.000000 0.000000 0.000000 -85.309942 -1.221848 -0.045114 15.447935 -24.766405 -3.411391 -0.000001 0.000002 13.942373 -0.030438 31.126922 -0.015435 -7.125020 0.000002 0.000000 -34.706538 57.527085 -11.570215 0.000000 0.000000 0.000000 78.693281 5.717062 4.802090 -22.540526 33.582526 -6.882452 0.000002 -0.000001 -12.574260 -10.878818 16.589359 -3.140783 7.125020 -0.000002 0.000000 11.254196 -13.336902 8.524118
9.200597 17.844329 -14.684456 -4.023287 -7.891664 3.494481 0.000000 0.000000 0.000000 -13.247500 -14.527526 -12.599516 3.764718 11.840555 35.170239 0.982337 -9.775653 -17.958917 0.001755 -0.270438 -0.743047 0.000000 0.000000 0.000000 17.670781 -2.410012 -12.305902 -3.102735 -10.715750 32.203182 -0.549002 -11.669161 -25.113453 -0.400754 -4.064378 11.257854 -0.145123 3.670664 3.134328 2.683482 4.967911 -0.986584 2.550750 2.507236 -3.020989 -15.930008 -6.938933 -11.054732 13.114596 -9.644155 22.571367 6.145873 -4.503261 10.464851 0.000000 0.000000 0.000000 -85.454588 -1.113232 -0.133143 15.319451 -24.589241 -3.357747 -0.000001 0.000002 14.026750 -0.112089 31.104844 -0.057687 -7.125020 0.000002 0.000000 -34.764686 57.491529 -11.562275 0.000000 0.000000 0.000000 78.923984 5.623245 5.142228 -22.608673 33.658104 -6.920184 0.000002 -0.000001 -12.535026 -10.852321 16.620525 -3.138653 7.125020 -0.000002 0.000000 11.271419 -13.308007 8.544722
9.208483 17.843339 -14.686115 -3.999822 -8.172522 3.489327 0.000000 0.000000 0.000000 -13.311983 -14.377742 -12.594500 3.765033 11.840993 35.171775 0.991554 -9.648275 -18.018118 0.001822 -0.275632 -0.757319 0.000000 0.000000 0.000000 17.600684 -2.256919 -12.327699 -3.114578 -10.735548 32.263026 -0.549653 -11.590405 -25.030228 -0.382955 -3.974132 11.003903 -0.155760 3.650483 3.163916 2.697999 4.940877 -0.971081 2.571849 2.493919 -3.022516 -15.880401 -6.888307 -11.006015 13.143570 -9.601478 22.603336 6.157112 -4.479042 10.457771 0.000000 0.000000 0.000000 -85.616476 -1.035195 -0.244754 15.165657 -24.376374 -3.294012 -0.000001 0.000002 14.155888 -0.151283 31.118162 -0.078066 -7.125020 0.000002 0.000000 -34.814048 57.494094 -11.583932 0.000000 0.000000 0.000000 79.137183 5.531683 5.460356 -22.659131 33.713953 -6.948170 0.000002 -0.000001 -12.487669 -10.805865 16.682709 -3.136216 7.125020 -0.000002 0.000000 11.301526 -13.249857 8.582657
9.217203 17.842134 -14.688522 -3.981128 -8.476889 3.474929 0.000000 0.000000 0.000000 -13.378176 -14.206701 -12.583902 3.766364 11.842841 35.178261 1.000787 -9.512994 -18.077275 0.001840 -0.276974 -0.761008 0.000000 0.000000 0.000000 17.532989 -2.093596 -12.343613 -3.127446 -10.757614 32.326243 -0.552798 -11.508336 -24.948361 -0.365516 -3.883588 10.749390 -0.163299 3.633348 3.207327 2.719119 4.918278 -0.950447 2.597047 2.482780 -3.027047 -15.831718 -6.832060 -10.913519 13.172990 -9.552571 22.588609 6.168771 -4.453424 10.424263 0.000000 0.000000 0.000000 -85.793705 -0.984087 -0.386608 14.986337 -24.127071 -3.220356 -0.000001 0.000002 14.353060 -0.145876 31.139353 -0.075421 -7.125020 0.000002 0.000000 -34.827987 57.512602 -11.605602 0.000000 0.000000 0.000000 79.336275 5.440448 5.749057 -22.689350 33.747355 -6.964950 0.000002 -0.000001 -12.434668 -10.738326 16.762604 -3.130610 7.125020 -0.000002 0.000000 11.345371 -13.175791 8.635433
9.226815 17.840950 -14.691811 -3.960426 -8.804600 3.459496 0.000000 0.000000 0.000000 -13.453456 -14.032044 -12.571206 3.768149 11.845319 35.186955 1.010901 -9.352477 -18.141266 0.001852 -0.277869 -0.763468 0.000000 0.000000 0.000000 17.460549 -1.917855 -12.365579 -3.141511 -10.782215 32.393688 -0.557102 -11.424778 -24.857864 -0.348147 -3.791158 10.489853 -0.173063 3.619069 3.266183 2.741038 4.899595 -0.928705 2.623101 2.473644 -3.039540 -15.781362 -6.774844 -10.772119 13.199275 -9.504472 22.527780 6.178089 -4.430002 10.364488 0.000000 0.000000 0.000000 -85.980117 -0.952016 -0.552761 14.790200 -23.853029 -3.140611 -0.000001 0.000002 14.613736 -0.110104 31.133138 -0.057014 -7.125020 0.000002 0.000000 -34.788472 57.515065 -11.592444 0.000000 0.000000 0.000000 79.529017 5.355756 6.007029 -22.695878 33.754565 -6.968576 0.000002 -0.000001 -12.372068 -10.654016 16.851025 -3.121330 7.125020 -0.000002 0.000000 11.400160 -13.094626 8.698794
9.237216 17.839999 -14.695691 -3.928728 -9.151697 3.450007 0.000000 0.000000 0.000000 -13.546657 -13.868842 -12.559460 3.769767 11.847564 35.194836 1.022862 -9.155164 -18.217370 0.002064 -0.293323 -0.805932 0.000000 0.000000 0.000000 17.372996 -1.729058 -12.402224 -3.156834 -10.809095 32.466567 -0.562245 -11.334465 -24.756948 -0.332361 -3.705072 10.248374 -0.194699 3.604956 3.331623 2.759861 4.880539 -0.904534 2.652274 2.464497 -3.053887 -15.736853 -6.722047 -10.587199 13.224183 -9.463382 22.425984 6.186171 -4.411960 10.283029 0.000000 0.000000 0.000000 -86.170140 -0.937393 -0.727236 14.588734 -23.570071 -3.059594 -0.000001 0.000002 14.909932 -0.066683 31.089664 -0.034579 -7.125020 0.000002 0.000000 -34.708332 57.488554 -11.538290 0.000000 0.000000 0.000000 79.719804 5.292672 6.234527 -22.673230 33.729536 -6.955996 0.000002 -0.000001 -12.292316 -10.558872 16.948994 -3.110230 7.125020 -0.000002 0.000000 11.461932 -13.004903 8.770045
9.248315 17.839413 -14.699842 -3.882131 -9.511435 3.451338 0.000000 0.000000 0.000000 -13.660267 -13.725932 -12.552427 3.770874 11.849100 35.200228 1.036997 -8.919942 -18.309461 0.002730 -0.337378 -0.926989 0.000000 0.000000 0.000000 17.264159 -1.527917 -12.457981 -3.173297 -10.837422 32.545969 -0.569464 -11.222573 -24.654088 -0.322207 -3.648580 10.090036 -0.233225 3.588058 3.394704 2.775127 4.856796 -0.878099 2.687760 2.453280 -3.065394 -15.716762 -6.677826 -10.370512 13.258288 -9.433488 22.294593 6.199778 -4.401424 10.188668 0.000000 0.000000 0.000000 -86.358934 -0.938126 -0.884972 14.391992 -23.292315 -2.981360 -0.000001 0.000002 15.204152 -0.037898 31.019402 -0.019649 -7.125020 0.000002 0.000000 -34.618308 57.436896 -11.458605 0.000000 0.000000 0.000000 79.908976 5.254976 6.433063 -22.620569 33.671271 -6.926777 0.000002 -0.000001 -12.196088 -10.457194 17.057286 -3.098668 7.125020 -0.000002 0.000000 11.527836 -12.905516 8.847232
9.260086 17.839238 -14.704172 -3.830052 -9.878669 3.467133 0.000000 0.000000 0.000000 -13.781333 -13.604152 -12.555097 3.771533 11.850015 35.203438 1.052737 -8.655106 -18.415242 0.004080 -0.412460 -1.133320 0.000000 0.000000 0.000000 17.142274 -1.311884 -12.532758 -3.190569 -10.865856 32.632375 -0.579682 -11.074400 -24.561036 -0.322123 -3.648108 10.088713 -0.279206 3.567115 3.453129 2.789859 4.827279 -0.855070 2.727461 2.439365 -3.078055 -15.742303 -6.641887 -10.134631 13.319518 -9.414665 22.151382 6.229775 -4.398053 10.092353 0.000000 0.000000 0.000000 -86.541998 -0.940055 -0.991690 14.211130 -23.035732 -2.910215 -0.000001 0.000002 15.459035 -0.036393 30.927591 -0.018732 -7.125020 0.000002 0.000000 -34.535355 57.361670 -11.361506 0.000000 0.000000 0.000000 80.096741 5.222409 6.607416 -22.548832 33.591737 -6.887046 0.000002 -0.000001 -12.098887 -10.348952 17.165742 -3.084809 7.125020 -0.000002 0.000000 11.597985 -12.806532 8.927983
9.272522 17.839435 -14.708732 -3.788354 -10.253398 3.498714 0.000000 0.000000 0.000000 -13.890141 -13.498920 -12.570817 3.772161 11.850886 35.206497 1.068996 -8.372401 -18.528034 0.006069 -0.503053 -1.382297 0.000000 0.000000 0.000000 17.024230 -1.074647 -12.622047 -3.208168 -10.893034 32.724900 -0.591948 -10.888151 -24.483742 -0.333856 -3.713313 10.271481 -0.316045 3.542574 3.507610 2.807962 4.793584 -0.840665 2.765850 2.423332 -3.096695 -15.817850 -6.609042 -9.897417 13.418885 -9.401101 22.016937 6.282324 -4.397916 10.004702 0.000000 0.000000 0.000000 -86.717638 -0.923733 -1.017592 14.058697 -22.818559 -2.850833 -0.000001 0.000002 15.649288 -0.058869 30.812895 -0.030082 -7.125020 0.000002 0.000000 -34.455469 57.262443 -11.245225 0.000000 0.000000 0.000000 80.284629 5.165794 6.764892 -22.476855 33.511749 -6.847265 0.000002 -0.000001 -12.024728 -10.230594 17.258310 -3.064785 7.125020 -0.000002 0.000000 11.674857 -12.724129 9.010282
9.285648 17.839920 -14.713628 -3.763401 -10.637983 3.544110 0.000000 0.000000 0.000000 -13.979070 -13.407062 -12.599733 3.773356 11.852543 35.212313 1.084639 -8.080105 -18.639777 0.008076 -0.580274 -1.594550 0.000000 0.000000 0.000000 16.918980 -0.813170 -12.721022 -3.225655 -10.918446 32.820771 -0.603730 -10.680786 -24.416537 -0.354114 -3.823175 10.579722 -0.336755 3.514667 3.558102 2.830339 4.756349 -0.833549 2.799994 2.405354 -3.119432 -15.915842 -6.572401 -9.688380 13.544300 -9.383232 21.911449 6.349637 -4.394375 9.934767 0.000000 0.000000 0.000000 -86.888002 -0.885026 -0.960634 13.940530 -22.649627 -2.805167 -0.000001 0.000002 15.778864 -0.091708 30.687019 -0.046661 -7.125020 0.000002 0.000000 -34.376298 57.151717 -11.119743 0.000000 0.000000 0.000000 80.473810 5.073955 6.910346 -22.416920 33.445000 -6.814204 0.000002 -0.000001 -11.992158 -10.100668 17.324157 -3.036363 7.125020 -0.000002 0.000000 11.759497 -12.669126 9.092244
9.299595 17.840568 -14.719008 -3.748225 -11.032199 3.599351 0.000000 0.000000 0.000000 -14.056751 -13.328659 -12.641115 3.775690 11.855779 35.223676 1.098710 -7.782161 -18.742842 0.009170 -0.618315 -1.699121 0.000000 0.000000 0.000000 16.822130 -0.534061 -12.828534 -3.242800 -10.942788 32.915880 -0.612681 -10.479017 -24.344443 -0.375127 -3.933758 10.890380 -0.347052 3.482075 3.606400 2.853864 4.713366 -0.828481 2.830090 2.384340 -3.141927 -15.988703 -6.527638 -9.540864 13.664147 -9.353276 21.854775 6.412749 -4.381587 9.890377 0.000000 0.000000 0.000000 -87.055583 -0.841863 -0.851385 13.848493 -22.517701 -2.769822 -0.000001 0.000002 15.882080 -0.121236 30.572844 -0.061482 -7.125020 0.000002 0.000000 -34.304879 57.051262 -11.006421 0.000000 0.000000 0.000000 80.664294 4.961267 7.041776 -22.365312 33.387419 -6.785783 0.000002 -0.000001 -12.005047 -9.962473 17.360242 -3.000178 7.125020 -0.000002 0.000000 11.849779 -12.644231 9.171395
9.314558 17.841180 -14.724828 -3.732248 -11.435093 3.658933 0.000000 0.000000 0.000000 -14.136621 -13.258584 -12.694331 3.779605 11.861204 35.242728 1.110661 -7.483594 -18.832394 0.008885 -0.608653 -1.672561 0.000000 0.000000 0.000000 16.723890 -0.250092 -12.943567 -3.259495 -10.967167 33.006169 -0.618616 -10.298890 -24.254137 -0.389828 -4.009232 11.102640 -0.355004 3.443805 3.657378 2.873919 4.662780 -0.821843 2.855811 2.359424 -3.163349 -16.000323 -6.474724 -9.471061 13.749616 -9.310077 21.863132 6.454991 -4.358095 9.876674 0.000000 0.000000 0.000000 -87.219059 -0.818493 -0.729963 13.763893 -22.396167 -2.737506 -0.000001 0.000002 15.999493 -0.137184 30.478755 -0.069358 -7.125020 0.000002 0.000000 -34.238498 56.970183 -10.911912 0.000000 0.000000 0.000000 80.856259 4.849751 7.150366 -22.308711 33.324155 -6.754662 0.000002 -0.000001 -12.052569 -9.821213 17.366741 -2.958038 7.125020 -0.000002 0.000000 11.942332 -12.648811 9.245035
9.330589 17.841544 -14.730716 -3.710213 -11.850872 3.716181 0.000000 0.000000 0.000000 -14.225920 -13.178961 -12.758065 3.785305 11.869095 35.270450 1.120639 -7.194035 -18.909170 0.007588 -0.562494 -1.545676 0.000000 0.000000 0.000000 16.617873 0.031876 -13.059866 -3.275591 -10.992008 33.089086 -0.623692 -10.135486 -24.144327 -0.397498 -4.048025 11.211816 -0.364268 3.402154 3.713691 2.887712 4.607391 -0.811902 2.875991 2.332019 -3.183616 -15.945022 -6.416315 -9.463870 13.792326 -9.258702 21.936680 6.471799 -4.327108 9.890891 0.000000 0.000000 0.000000 -87.373382 -0.829323 -0.620049 13.667812 -22.257826 -2.701005 -0.000001 0.000002 16.153788 -0.134396 30.389967 -0.067717 -7.125020 0.000002 0.000000 -34.159287 56.897329 -10.819926 0.000000 0.000000 0.000000 81.050351 4.750867 7.225348 -22.236914 33.243738 -6.715261 0.000002 -0.000001 -12.112943 -9.684259 17.343328 -2.912334 7.125020 -0.000002 0.000000 12.032389 -12.682573 9.309232
9.347480 17.841581 -14.736365 -3.683852 -12.288540 3.766521 0.000000 0.000000 0.000000 -14.322176 -13.064867 -12.831778 3.792477 11.879012 35.305309 1.129353 -6.925036 -18.978662 0.006071 -0.503121 -1.382482 0.000000 0.000000 0.000000 16.504941 0.318912 -13.168588 -3.290927 -11.016859 33.164414 -0.630114 -9.975234 -24.024945 -0.402720 -4.074215 11.285550 -0.375914 3.362035 3.772218 2.896447 4.553622 -0.795135 2.892295 2.305303 -3.197871 -15.841732 -6.355944 -9.485650 13.803506 -9.206131 22.052842 6.469519 -4.293588 9.921346 0.000000 0.000000 0.000000 -87.514671 -0.879293 -0.522247 13.549615 -22.087190 -2.656398 -0.000001 0.000002 16.345941 -0.113041 30.286953 -0.056724 -7.125020 0.000002 0.000000 -34.050684 56.816436 -10.710575 0.000000 0.000000 0.000000 81.244679 4.667116 7.262650 -22.147622 33.143458 -6.666376 0.000002 -0.000001 -12.160870 -9.562972 17.292480 -2.867093 7.125020 -0.000002 0.000000 12.112542 -12.742161 9.358719
9.364895 17.841376 -14.741762 -3.654843 -12.753569 3.807625 0.000000 0.000000 0.000000 -14.421818 -12.899598 -12.913203 3.800101 11.889540 35.342332 1.137583 -6.684773 -19.047006 0.004877 -0.450939 -1.239067 0.000000 0.000000 0.000000 16.386856 0.621661 -13.263644 -3.305481 -11.041055 33.233870 -0.638458 -9.809343 -23.906522 -0.409425 -4.107584 11.379533 -0.394693 3.326415 3.827169 2.904042 4.505059 -0.763650 2.911748 2.281079 -3.195575 -15.716769 -6.297959 -9.515756 13.800581 -9.157791 22.181143 6.457809 -4.261273 9.956577 0.000000 0.000000 0.000000 -87.645533 -0.970688 -0.423847 13.410728 -21.886049 -2.604400 -0.000001 0.000002 16.564284 -0.071989 30.160690 -0.035972 -7.125020 0.000002 0.000000 -33.904228 56.720125 -10.574888 0.000000 0.000000 0.000000 81.432031 4.603217 7.270892 -22.043017 33.025607 -6.609274 0.000002 -0.000001 -12.182082 -9.467021 17.228092 -2.827564 7.125020 -0.000002 0.000000 12.176320 -12.813102 9.391921
9.382594 17.841045 -14.746772 -3.616203 -13.240033 3.834241 0.000000 0.000000 0.000000 -14.533202 -12.685704 -12.990443 3.806680 11.898612 35.374249 1.145885 -6.473344 -19.118462 0.004085 -0.412735 -1.134072 0.000000 0.000000 0.000000 16.255814 0.934344 -13.341617 -3.319381 -11.064243 33.299673 -0.648407 -9.632024 -23.791054 -0.417429 -4.147052 11.490745 -0.432100 3.292624 3.873864 2.913117 4.457332 -0.707008 2.944364 2.257258 -3.164121 -15.587872 -6.247626 -9.563585 13.792004 -9.116896 22.305430 6.441715 -4.231864 9.994791 0.000000 0.000000 0.000000 -87.775547 -1.101964 -0.314724 13.263547 -21.672147 -2.549791 -0.000001 0.000002 16.795568 -0.006650 30.006276 -0.003380 -7.125020 0.000002 0.000000 -33.711926 56.605082 -10.407781 0.000000 0.000000 0.000000 81.602384 4.567275 7.267710 -21.925906 32.893189 -6.545561 0.000002 -0.000001 -12.184524 -9.398708 17.175991 -2.798531 7.125020 -0.000002 0.000000 12.221854 -12.869745 9.413995
9.400533 17.840663 -14.751012 -3.559262 -13.731588 3.839760 0.000000 0.000000 0.000000 -14.668908 -12.442607 -13.045170 3.810791 11.904277 35.394187 1.154485 -6.281292 -19.194676 0.003586 -0.386672 -1.062449 0.000000 0.000000 0.000000 16.102021 1.233908 -13.401730 -3.332707 -11.086272 33.363046 -0.659155 -9.440263 -23.671514 -0.423221 -4.175370 11.570571 -0.496515 3.253465 3.910408 2.924320 4.400261 -0.619465 2.996496 2.228798 -3.096568 -15.456322 -6.210715 -9.656927 13.769863 -9.086322 22.432201 6.417754 -4.206426 10.044104 0.000000 0.000000 0.000000 -87.915993 -1.262325 -0.199364 13.124799 -21.469799 -2.498780 -0.000001 0.000002 17.032715 0.082435 29.810294 0.040510 -7.125020 0.000002 0.000000 -33.463762 56.459796 -10.196802 0.000000 0.000000 0.000000 81.749562 4.562335 7.267680 -21.797935 32.747909 -6.476198 0.000002 -0.000001 -12.190341 -9.357393 17.159194 -2.783352 7.125020 -0.000002 0.000000 12.249193 -12.889455 9.430944
9.418887 17.840309 -14.754446 -3.486527 -14.211395 3.825005 0.000000 0.000000 0.000000 -14.828164 -12.195308 -13.067866 3.811657 11.905469 35.398385 1.163284 -6.093026 -19.274856 0.003313 -0.371691 -1.021280 0.000000 0.000000 0.000000 15.928608 1.498032 -13.450143 -3.345339 -11.107037 33.423191 -0.669246 -9.238169 -23.536059 -0.422887 -4.173742 11.565981 -0.582200 3.202327 3.938466 2.938310 4.325469 -0.506571 3.065957 2.191415 -2.998655 -15.311799 -6.193042 -9.819727 13.716761 -9.071512 22.585123 6.377187 -4.187371 10.117415 0.000000 0.000000 0.000000 -88.072677 -1.433804 -0.090886 13.006759 -21.297117 -2.455741 -0.000001 0.000002 17.271022 0.182798 29.563026 0.089215 -7.125020 0.000002 0.000000 -33.164658 56.273300 -9.935754 0.000000 0.000000 0.000000 81.875915 4.582436 7.268795 -21.657685 32.587995 -6.400496 0.000002 -0.000001 -12.214914 -9.345707 17.180879 -2.783240 7.125020 -0.000002 0.000000 12.256529 -12.868933 9.442237
9.438113 17.840077 -14.757631 -3.406712 -14.673398 3.800016 0.000000 0.000000 0.000000 -15.001550 -11.964724 -13.065259 3.809452 11.902432 35.387691 1.172155 -5.891935 -19.358334 0.003245 -0.367816 -1.010631 0.000000 0.000000 0.000000 15.745122 1.716987 -13.501543 -3.356998 -11.126733 33.477016 -0.677901 -9.030908 -23.371507 -0.415159 -4.135897 11.459308 -0.675736 3.137918 3.962045 2.954617 4.232324 -0.383821 3.144119 2.144703 -2.887501 -15.146064 -6.198186 -10.056135 13.621965 -9.079488 22.792617 6.314528 -4.178223 10.226221 0.000000 0.000000 0.000000 -88.242843 -1.599336 0.012395 12.914822 -21.162283 -2.422450 -0.000001 0.000002 17.493376 0.268250 29.305356 0.129760 -7.125020 0.000002 0.000000 -32.874151 56.074223 -9.670459 0.000000 0.000000 0.000000 81.990310 4.615545 7.251299 -21.501026 32.408509 -6.316327 0.000002 -0.000001 -12.259451 -9.368647 17.220343 -2.796406 7.125020 -0.000002 0.000000 12.240884 -12.828241 9.440263
9.458774 17.840007 -14.761313 -3.326594 -15.126891 3.778836 0.000000 0.000000 0.000000 -15.180722 -11.761785 -13.054957 3.805113 11.896454 35.366652 1.181251 -5.664424 -19.447226 0.003380 -0.375422 -1.031532 0.000000 0.000000 0.000000 15.557756 1.898951 -13.572098 -3.367299 -11.145639 33.520224 -0.685698 -8.817908 -23.169304 -0.402661 -4.073915 11.284710 -0.766250 3.064937 3.984917 2.971396 4.128097 -0.269859 3.221707 2.092372 -2.783938 -14.964879 -6.222559 -10.342634 13.494220 -9.111804 23.072102 6.235073 -4.180425 10.373463 0.000000 0.000000 0.000000 -88.419085 -1.745223 0.140865 12.853006 -21.071457 -2.400180 -0.000001 0.000002 17.665332 0.298774 29.159581 0.143084 -7.125020 0.000002 0.000000 -32.728480 55.957292 -9.525456 0.000000 0.000000 0.000000 82.101164 4.645476 7.196124 -21.326640 32.207641 -6.223123 0.000002 -0.000001 -12.323933 -9.430020 17.242871 -2.818512 7.125020 -0.000002 0.000000 12.200250 -12.801342 9.414575
9.481086 17.840055 -14.765993 -3.255941 -15.591106 3.775032 0.000000 0.000000 0.000000 -15.352400 -11.584761 -13.055995 3.799754 11.889062 35.340648 1.190918 -5.403564 -19.545611 0.003810 -0.398566 -1.095135 0.000000 0.000000 0.000000 15.376146 2.073757 -13.668456 -3.375696 -11.163217 33.549321 -0.693021 -8.597441 -22.933989 -0.390839 -4.014367 11.117090 -0.844986 2.990856 4.009086 2.989156 4.023593 -0.179601 3.293000 2.039981 -2.704560 -14.790954 -6.253334 -10.633183 13.364077 -9.159501 23.420682 6.156587 -4.190764 10.550507 0.000000 0.000000 0.000000 -88.595466 -1.860155 0.334923 12.825878 -21.031556 -2.390435 -0.000001 0.000002 17.757136 0.234773 29.271672 0.110555 -7.125020 0.000002 0.000000 -32.880653 56.037612 -9.646164 0.000000 0.000000 0.000000 82.212095 4.656212 7.099344 -21.138894 31.990119 -6.123358 0.000002 -0.000001 -12.410734 -9.529903 17.218626 -2.844782 7.125020 -0.000002 0.000000 12.134966 -12.817686 9.357848
9.504766 17.840100 -14.771801 -3.205827 -16.083761 3.796560 0.000000 0.000000 0.000000 -15.500690 -11.422317 -13.080903 3.794183 11.881369 35.313595 1.201278 -5.112987 -19.655583 0.004672 -0.441385 -1.212810 0.000000 0.000000 0.000000 15.212327 2.279156 -13.784971 -3.381657 -11.178135 33.563164 -0.699317 -8.369027 -22.681377 -0.385282 -3.986052 11.037431 -0.907191 2.921776 4.035231 3.010769 3.927398 -0.118591 3.357479 1.991945 -2.655887 -14.654261 -6.274651 -10.882654 13.271292 -9.207821 23.819001 6.101848 -4.202955 10.742696 0.000000 0.000000 0.000000 -88.769114 -1.940788 0.611104 12.832116 -21.040734 -2.392674 -0.000001 0.000002 17.768592 0.069522 29.694000 0.028326 -7.125020 0.000002 0.000000 -33.383880 56.356735 -10.089920 0.000000 0.000000 0.000000 82.323752 4.642901 6.963349 -20.942759 31.761474 -6.019782 0.000002 -0.000001 -12.507597 -9.660770 17.140673 -2.871638 7.125020 -0.000002 0.000000 12.050034 -12.884731 9.272300
9.529378 17.839989 -14.778568 -3.176069 -16.613470 3.841354 0.000000 0.000000 0.000000 -15.623242 -11.260043 -13.133002 3.788855 11.874006 35.287710 1.211919 -4.807592 -19.773722 0.005954 -0.498269 -1.369148 0.000000 0.000000 0.000000 15.065832 2.534797 -13.912119 -3.385142 -11.189626 33.563572 -0.704430 -8.127289 -22.425081 -0.389047 -4.005254 11.091451 -0.958785 2.860101 4.064560 3.036473 3.842322 -0.081353 3.418609 1.949724 -2.633538 -14.572013 -6.277167 -11.069661 13.239120 -9.245415 24.238757 6.083793 -4.211728 10.935632 0.000000 0.000000 0.000000 -88.937122 -1.995317 0.953739 12.862363 -21.085214 -2.403545 -0.000001 0.000002 17.715953 -0.151070 30.332428 -0.082753 -7.125020 0.000002 0.000000 -34.130977 56.842172 -10.771897 0.000000 0.000000 0.000000 82.436541 4.615405 6.790247 -20.741212 31.525024 -5.914045 0.000002 -0.000001 -12.586722 -9.806679 17.023944 -2.896403 7.125020 -0.000002 0.000000 11.955696 -12.989006 9.169812
9.554648 17.839616 -14.785991 -3.153650 -17.180745 3.900028 0.000000 0.000000 0.000000 -15.734179 -11.086748 -13.209415 3.784086 11.867408 35.264526 1.222095 -4.506243 -19.892415 0.007374 -0.554512 -1.523736 0.000000 0.000000 0.000000 14.921729 2.833842 -14.045639 -3.386889 -11.198460 33.555274 -0.709297 -7.862197 -22.168025 -0.401450 -4.067858 11.267652 -1.014126 2.804443 4.099769 3.062259 3.765460 -0.056511 3.480723 1.911878 -2.627770 -14.535905 -6.261335 -11.194786 13.257408 -9.268238 24.646930 6.096318 -4.215284 11.115432 0.000000 0.000000 0.000000 -89.093831 -2.033423 1.338637 12.907544 -21.151596 -2.419824 -0.000001 0.000002 17.596365 -0.350691 31.005781 -0.185316 -7.125020 0.000002 0.000000 -34.907221 57.356649 -11.507503 0.000000 0.000000 0.000000 82.549977 4.586920 6.594454 -20.539291 31.286609 -5.808824 0.000002 -0.000001 -12.631296 -9.950557 16.887642 -2.916869 7.125020 -0.000002 0.000000 11.862895 -13.112882 9.063836
9.580496 17.838968 -14.793845 -3.125011 -17.782960 3.963481 0.000000 0.000000 0.000000 -15.849708 -10.898006 -13.305554 3.780264 11.862118 35.245939 1.231356 -4.221447 -20.005902 0.008570 -0.597802 -1.642734 0.000000 0.000000 0.000000 14.765703 3.156578 -14.188588 -3.388267 -11.206747 33.545103 -0.714781 -7.570866 -21.904872 -0.417847 -4.149102 11.496521 -1.085295 2.751051 4.143794 3.083848 3.690864 -0.034359 3.546786 1.875416 -2.630308 -14.523634 -6.233790 -11.264826 13.294716 -9.278072 25.014955 6.121745 -4.215215 11.270116 0.000000 0.000000 0.000000 -89.232769 -2.055127 1.753387 12.966004 -21.237381 -2.440959 -0.000001 0.000002 17.385271 -0.468816 31.544741 -0.247272 -7.125020 0.000002 0.000000 -35.504133 57.773923 -12.105283 0.000000 0.000000 0.000000 82.661049 4.563683 6.405252 -20.344010 31.054579 -5.707748 0.000002 -0.000001 -12.646623 -10.079603 16.747959 -2.931842 7.125020 -0.000002 0.000000 11.779845 -13.241334 8.964813
9.606941 17.838078 -14.802050 -3.085815 -18.416877 4.026640 0.000000 0.000000 0.000000 -15.976185 -10.694738 -13.416740 3.777937 11.858894 35.234616 1.239952 -3.956817 -20.114647 0.009317 -0.623279 -1.712767 0.000000 0.000000 0.000000 14.595409 3.485317 -14.346726 -3.390890 -11.217174 33.540513 -0.720763 -7.263638 -21.628668 -0.431462 -4.215311 11.683207 -1.174521 2.696241 4.199047 3.100388 3.613315 -0.009980 3.617639 1.837680 -2.637158 -14.521658 -6.203259 -11.287605 13.325054 -9.280950 25.332252 6.146080 -4.215426 11.396143 0.000000 0.000000 0.000000 -89.351595 -2.055460 2.191313 13.040437 -21.346434 -2.467988 -0.000001 0.000002 17.071684 -0.487381 31.855625 -0.257326 -7.125020 0.000002 0.000000 -35.807607 58.023997 -12.447198 0.000000 0.000000 0.000000 82.764773 4.545057 6.246309 -20.159915 30.834527 -5.613085 0.000002 -0.000001 -12.642731 -10.181461 16.623013 -2.940822 7.125020 -0.000002 0.000000 11.714471 -13.357344 8.883297
9.634053 17.836937 -14.810593 -3.038837 -19.075963 4.086379 0.000000 0.000000 0.000000 -16.111906 -10.481443 -13.536967 3.777678 11.858535 35.233355 1.248647 -3.711081 -20.224194 0.009510 -0.629723 -1.730484 0.000000 0.000000 0.000000 14.416412 3.808403 -14.522985 -3.396157 -11.232032 33.548072 -0.726842 -6.953809 -21.336646 -0.438207 -4.247712 11.774625 -1.276171 2.638073 4.268405 3.113395 3.530424 0.018314 3.691846 1.797390 -2.647760 -14.530038 -6.177999 -11.277273 13.339467 -9.285359 25.609354 6.164749 -4.220311 11.501269 0.000000 0.000000 0.000000 -89.452853 -2.038566 2.635566 13.129305 -21.476380 -2.500430 -0.000001 0.000002 16.684201 -0.424954 31.929275 -0.224225 -7.125020 0.000002 0.000000 -35.816409 58.097767 -12.515452 0.000000 0.000000 0.000000 82.856798 4.524934 6.121265 -19.990603 30.631021 -5.526561 0.000002 -0.000001 -12.624594 -10.242132 16.529346 -2.942713 7.125020 -0.000002 0.000000 11.675805 -13.445542 8.830216
9.661879 17.835454 -14.819394 -2.987279 -19.748286 4.139901 0.000000 0.000000 0.000000 -16.254484 -10.267264 -13.658293 3.779815 11.861497 35.243755 1.258347 -3.480083 -20.342052 0.009165 -0.618184 -1.698763 0.000000 0.000000 0.000000 14.233052 4.118233 -14.716545 -3.404942 -11.252500 33.572508 -0.733017 -6.646330 -21.031875 -0.439027 -4.251632 11.785689 -1.383310 2.576325 4.354516 3.123501 3.442177 0.050352 3.766102 1.754471 -2.663375 -14.548160 -6.162875 -11.252647 13.338102 -9.298043 25.866058 6.177186 -4.232238 11.597781 0.000000 0.000000 0.000000 -89.538334 -2.021405 3.059689 13.222556 -21.612437 -2.534674 -0.000001 0.000002 16.280931 -0.317207 31.810250 -0.166908 -7.125020 0.000002 0.000000 -35.602938 58.024362 -12.363199 0.000000 0.000000 0.000000 82.935745 4.490260 6.020891 -19.843244 30.453021 -5.451677 0.000002 -0.000001 -12.601348 -10.253501 16.472110 -2.936241 7.125020 -0.000002 0.000000 11.669147 -13.501389 8.810779
9.690361 17.833495 -14.828152 -2.933317 -20.421551 4.186330 0.000000 0.000000 0.000000 -16.402595 -10.064546 -13.772518 3.784255 11.867644 35.265351 1.269864 -3.258137 -20.475677 0.008309 -0.588598 -1.617431 0.000000 0.000000 0.000000 14.046968 4.411745 -14.924639 -3.417599 -11.278711 33.616568 -0.739468 -6.338572 -20.721881 -0.436790 -4.240925 11.755472 -1.490473 2.512199 4.456184 3.129773 3.350419 0.083509 3.836249 1.709831 -2.685775 -14.566116 -6.156789 -11.222905 13.320988 -9.319719 26.115127 6.181870 -4.250240 11.691663 0.000000 0.000000 0.000000 -89.604996 -2.021593 3.444526 13.305909 -21.733792 -2.565457 -0.000001 0.000002 15.920509 -0.198226 31.560803 -0.103887 -7.125020 0.000002 0.000000 -35.259733 57.846508 -12.068238 0.000000 0.000000 0.000000 83.003217 4.422624 5.936298 -19.726821 30.311811 -5.392794 0.000002 -0.000001 -12.590511 -10.223170 16.440604 -2.921941 7.125020 -0.000002 0.000000 11.689651 -13.534886 8.818522
9.719297 17.830920 -14.836265 -2.878935 -21.089309 4.227304 0.000000 0.000000 0.000000 -16.554577 -9.883332 -13.874271 3.790583 11.876395 35.296106 1.283619 -3.043469 -20.629027 0.006655 -0.526777 -1.447504 0.000000 0.000000 0.000000 13.858992 4.691888 -15.143538 -3.434144 -11.310207 33.681447 -0.746226 -6.025393 -20.417309 -0.433701 -4.226097 11.713635 -1.593800 2.447826 4.565432 3.131406 3.258236 0.113681 3.899290 1.665015 -2.714662 -14.571985 -6.152938 -11.179423 13.289006 -9.344327 26.355284 6.177963 -4.270603 11.778621 0.000000 0.000000 0.000000 -89.649024 -2.045172 3.788620 13.369343 -21.825982 -2.588993 -0.000001 0.000002 15.642638 -0.087996 31.243382 -0.046052 -7.125020 0.000002 0.000000 -34.866644 57.610121 -11.706053 0.000000 0.000000 0.000000 83.061835 4.307160 5.864019 -19.646624 30.214242 -5.352378 0.000002 -0.000001 -12.608136 -10.175535 16.409038 -2.902576 7.125020 -0.000002 0.000000 11.721590 -13.569749 8.834965
9.748444 17.827590 -14.843054 -2.822655 -21.748590 4.264142 0.000000 0.000000 0.000000 -16.711088 -9.726895 -13.964065 3.798377 11.887162 35.333963 1.299241 -2.842203 -20.798019 0.003890 -0.402755 -1.106649 0.000000 0.000000 0.000000 13.666256 4.961382 -15.370338 -3.454408 -11.346304 33.767188 -0.753231 -5.699880 -20.128578 -0.431909 -4.217470 11.689298 -1.693942 2.383785 4.668861 3.128758 3.166444 0.139587 3.956406 1.620391 -2.743908 -14.562469 -6.142272 -11.109443 13.249222 -9.362134 26.578353 6.168978 -4.288289 11.851134 0.000000 0.000000 0.000000 -89.673303 -2.087911 4.101867 13.413967 -21.890749 -2.605607 -0.000001 0.000002 15.463606 0.008140 30.917322 0.003720 -7.125020 0.000002 0.000000 -34.484222 57.362355 -11.343031 0.000000 0.000000 0.000000 83.113296 4.146396 5.800163 -19.599963 30.157362 -5.328916 0.000002 -0.000001 -12.655270 -10.137841 16.350175 -2.881450 7.125020 -0.000002 0.000000 11.747373 -13.630911 8.839889
9.777671 17.823400 -14.848242 -2.755465 -22.393018 4.294287 0.000000 0.000000 0.000000 -16.879790 -9.591340 -14.048175 3.807481 11.899717 35.378137 1.315686 -2.663287 -20.971610 0.000933 -0.197273 -0.542014 0.000000 0.000000 0.000000 13.458359 5.212038 -15.605913 -3.478199 -11.386572 33.872919 -0.760869 -5.352096 -19.860579 -0.433756 -4.226363 11.714386 -1.799665 2.316351 4.754125 3.122866 3.069628 0.166056 4.014607 1.573149 -2.761599 -14.543157 -6.117808 -11.015933 13.211592 -9.363509 26.780047 6.161117 -4.298286 11.907253 0.000000 0.000000 0.000000 -89.688175 -2.144794 4.396053 13.453299 -21.947776 -2.620290 -0.000001 0.000002 15.373285 0.086961 30.636368 0.043973 -7.125020 0.000002 0.000000 -34.162601 57.147004 -11.035546 0.000000 0.000000 0.000000 83.157643 3.967921 5.729498 -19.573129 30.124613 -5.315442 0.000002 -0.000001 -12.708715 -10.119138 16.263914 -2.861154 7.125020 -0.000002 0.000000 11.761025 -13.717789 8.828746
9.806983 17.818358 -14.852259 -2.665875 -23.015563 4.311967 0.000000 0.000000 0.000000 -17.071118 -9.467782 -14.134256 3.817976 11.914164 35.429000 1.332027 -2.507826 -21.140463 0.000128 0.073164 0.201015 0.000000 0.000000 0.000000 13.223565 5.429754 -15.853548 -3.505376 -11.431031 33.996934 -0.770168 -4.972927 -19.612276 -0.440807 -4.260132 11.809678 -1.923557 2.239803 4.816595 3.115095 2.959415 0.201790 4.083401 1.518974 -2.756093 -14.517670 -6.077020 -10.920857 13.175450 -9.340893 26.963537 6.155710 -4.296721 11.951667 0.000000 0.000000 0.000000 -89.702700 -2.214595 4.685461 13.505369 -22.023187 -2.639783 -0.000001 0.000002 15.332336 0.133805 30.437317 0.067617 -7.125020 0.000002 0.000000 -33.945536 56.991994 -10.821805 0.000000 0.000000 0.000000 83.194016 3.812296 5.624547 -19.544399 30.089520 -5.301030 0.000002 -0.000001 -12.724459 -10.102577 16.191087 -2.843703 7.125020 -0.000002 0.000000 11.773008 -13.791189 8.819828
9.836342 17.812618 -14.856034 -2.551076 -23.618244 4.313250 0.000000 0.000000 0.000000 -17.286827 -9.347009 -14.226219 3.829875 11.930512 35.486599 1.348120 -2.363968 -21.304433 0.003187 0.364585 1.001752 0.000000 0.000000 0.000000 12.961269 5.613366 -16.113468 -3.535678 -11.479648 34.136603 -0.781983 -4.562825 -19.381594 -0.453092 -4.318309 11.973942 -2.071866 2.152294 4.860095 3.107343 2.832979 0.252745 4.168460 1.456337 -2.723454 -14.479595 -6.021874 -10.851339 13.122693 -9.290426 27.138311 6.144919 -4.282067 11.991853 0.000000 0.000000 0.000000 -89.716205 -2.295407 4.989004 13.579562 -22.130472 -2.667669 -0.000001 0.000002 15.285696 0.128076 30.322920 0.064565 -7.125020 0.000002 0.000000 -33.852674 56.895889 -10.705645 0.000000 0.000000 0.000000 83.222190 3.705102 5.461050 -19.496572 30.031033 -5.277072 0.000002 -0.000001 -12.659372 -10.058841 16.189847 -2.830474 7.125020 -0.000002 0.000000 11.801678 -13.795679 8.841822
9.865517 17.806399 -14.860417 -2.418811 -24.210406 4.299112 0.000000 0.000000 0.000000 -17.518098 -9.227248 -14.321240 3.842750 11.948160 35.548833 1.364480 -2.212832 -21.471332 0.009657 0.634552 1.743755 0.000000 0.000000 0.000000 12.683588 5.778122 -16.381092 -3.568620 -11.531919 34.288595 -0.796039 -4.136459 -19.167463 -0.468306 -4.389226 12.174348 -2.241224 2.056778 4.892557 3.101362 2.694532 0.317120 4.269029 1.387342 -2.670131 -14.418714 -5.957164 -10.824892 13.030238 -9.213728 27.319155 6.117755 -4.255896 12.035956 0.000000 0.000000 0.000000 -89.721192 -2.380629 5.315959 13.670710 -22.262003 -2.702103 -0.000001 0.000002 15.197020 0.067194 30.261325 0.033680 -7.125020 0.000002 0.000000 -33.857917 56.832067 -10.653537 0.000000 0.000000 0.000000 83.242769 3.638281 5.237370 -19.429513 29.948882 -5.243553 0.000002 -0.000001 -12.502844 -9.968530 16.293354 -2.821377 7.125020 -0.000002 0.000000 11.859314 -13.699889 8.912448
9.894168 17.799887 -14.865739 -2.279243 -24.797275 4.273904 0.000000 0.000000 0.000000 -17.754530 -9.116856 -14.410621 3.855610 11.965746 35.610907 1.381700 -2.039605 -21.649963 0.017868 0.863024 2.371996 0.000000 0.000000 0.000000 12.405412 5.941394 -16.650267 -3.603603 -11.586974 34.449624 -0.810645 -3.719273 -18.967515 -0.481119 -4.448027 12.340660 -2.423729 1.956485 4.921005 3.097407 2.548948 0.387675 4.380104 1.314529 -2.607443 -14.332129 -5.887660 -10.848224 12.889922 -9.116926 27.522803 6.070091 -4.221524 12.092678 0.000000 0.000000 0.000000 -89.713421 -2.465305 5.645778 13.766034 -22.399244 -2.738322 -0.000001 0.000002 15.076479 -0.023591 30.216601 -0.012260 -7.125020 0.000002 0.000000 -33.906193 56.776082 -10.624011 0.000000 0.000000 0.000000 83.255953 3.579337 4.983923 -19.361635 29.865554 -5.209709 0.000002 -0.000001 -12.299608 -9.840204 16.480668 -2.815084 7.125020 -0.000002 0.000000 11.940791 -13.524023 9.022418
9.922046 17.793223 -14.871845 -2.138356 -25.376732 4.242258 0.000000 0.000000 0.000000 -17.990703 -9.023035 -14.486359 3.867259 11.981640 35.667058 1.399848 -1.841909 -21.842943 0.026611 1.053098 2.894920 0.000000 0.000000 0.000000 12.136049 6.113638 -16.916020 -3.640047 -11.643837 34.616959 -0.823175 -3.338761 -18.776370 -0.484044 -4.461334 12.378315 -2.612869 1.852578 4.950087 3.093688 2.398176 0.458657 4.495689 1.238954 -2.543588 -14.227176 -5.815509 -10.920836 12.717168 -9.006971 27.756623 6.008651 -4.181423 12.167341 0.000000 0.000000 0.000000 -89.695147 -2.555196 5.936624 13.855930 -22.528371 -2.772671 -0.000001 0.000002 14.968101 -0.114202 30.189277 -0.058090 -7.125020 0.000002 0.000000 -33.969248 56.734630 -10.612253 0.000000 0.000000 0.000000 83.261788 3.497985 4.752265 -19.318694 29.812750 -5.188343 0.000002 -0.000002 -12.135602 -9.711871 16.683468 -2.811054 7.125020 -0.000002 0.000000 12.022307 -13.332957 9.136151
9.949054 17.786588 -14.878428 -1.998549 -25.946189 4.207296 0.000000 0.000000 0.000000 -18.223912 -8.935302 -14.549730 3.876913 11.994787 35.713536 1.418108 -1.632453 -22.042122 0.035571 1.217378 3.347126 0.000000 0.000000 0.000000 11.879219 6.300400 -17.174567 -3.677375 -11.701498 34.788117 -0.831141 -3.014287 -18.586792 -0.470405 -4.398914 12.201742 -2.805530 1.746222 4.985174 3.087527 2.243822 0.528894 4.610903 1.161436 -2.482629 -14.120273 -5.739262 -11.018362 12.546868 -8.889188 27.997686 5.948800 -4.136739 12.249087 0.000000 0.000000 0.000000 -89.668370 -2.665005 6.161962 13.936557 -22.643938 -2.803638 -0.000001 0.000002 14.908515 -0.191891 30.220560 -0.097483 -7.125020 0.000002 0.000000 -34.069892 56.744502 -10.657941 0.000000 0.000000 0.000000 83.262769 3.385871 4.578131 -19.315248 29.808511 -5.186630 0.000002 -0.000002 -12.076692 -9.626121 16.831557 -2.810316 7.125020 -0.000002 0.000000 12.076820 -13.192916 9.215147
9.975149 17.780232 -14.885290 -1.863936 -26.507736 4.171495 0.000000 0.000000 0.000000 -18.447795 -8.823578 -14.612992 3.884564 12.005189 35.750337 1.435053 -1.433603 -22.230751 0.044789 1.365856 3.756060 0.000000 0.000000 0.000000 11.638692 6.506632 -17.422377 -3.714884 -11.758763 34.960116 -0.833297 -2.750464 -18.393111 -0.438432 -4.248788 11.777664 -2.998743 1.640719 5.033019 3.077198 2.090239 0.599532 4.721744 1.084141 -2.427460 -14.032873 -5.655152 -11.076370 12.420082 -8.767769 28.187091 5.908418 -4.088931 12.304320 0.000000 0.000000 0.000000 -89.628007 -2.808529 6.332636 14.003878 -22.740252 -2.829609 -0.000001 0.000002 14.904561 -0.246866 30.342587 -0.125635 -7.125020 0.000002 0.000000 -34.226487 56.834220 -10.792548 0.000000 0.000000 0.000000 83.266494 3.258619 4.441329 -19.341203 29.840441 -5.199538 0.000002 -0.000002 -12.110166 -9.595372 16.901151 -2.812883 7.125020 -0.000002 0.000000 12.096306 -13.126404 9.247326
10.000265 17.774367 -14.892307 -1.741996 -27.066766 4.138309 0.000000 0.000000 0.000000 -18.652442 -8.656528 -14.691223 3.890777 12.013626 35.780197 1.449496 -1.263137 -22.393548 0.054345 1.504324 4.137642 0.000000 0.000000 0.000000 11.420293 6.737901 -17.656385 -3.751643 -11.814132 35.128968 -0.830104 -2.537734 -18.194244 -0.393280 -4.026743 11.151918 -3.186131 1.540931 5.095336 3.061982 1.944119 0.671794 4.823253 1.010346 -2.378328 -13.973961 -5.561103 -11.034248 12.358266 -8.647066 28.275901 5.895790 -4.040159 12.302662 0.000000 0.000000 0.000000 -89.562048 -2.992764 6.484534 14.049091 -22.804846 -2.847110 -0.000001 0.000002 14.946286 -0.246859 30.526912 -0.126125 -7.125020 0.000002 0.000000 -34.385177 56.986633 -10.982362 0.000000 0.000000 0.000000 83.284822 3.142558 4.271366 -19.368231 29.873663 -5.212994 0.000002 -0.000002 -12.158554 -9.592261 16.922633 -2.815659 7.125020 -0.000002 0.000000 12.098204 -13.105407 9.253947
10.024407 17.769081 -14.899214 -1.638455 -27.628882 4.110834 0.000000 0.000000 0.000000 -18.832710 -8.422535 -14.791071 3.896100 12.020846 35.805762 1.461137 -1.120298 -22.526821 0.064359 1.636832 4.503018 0.000000 0.000000 0.000000 11.227146 6.997167 -17.874710 -3.786612 -11.866096 35.289930 -0.823340 -2.358418 -17.993233 -0.344053 -3.769032 10.427767 -3.359350 1.451178 5.164098 3.040839 1.811746 0.747034 4.909278 0.942993 -2.329817 -13.924609 -5.460035 -10.903528 12.343876 -8.530849 28.280621 5.900686 -3.991639 12.252020 0.000000 0.000000 0.000000 -89.457716 -3.219474 6.651818 14.061118 -22.822015 -2.851773 -0.000001 0.000002 15.025368 -0.145526 30.694541 -0.074969 -7.125020 0.000002 0.000000 -34.434403 57.146001 -11.137939 0.000000 0.000000 0.000000 83.326487 3.052157 4.011223 -19.374905 29.881863 -5.216318 0.000002 -0.000002 -12.157998 -9.576709 16.949046 -2.815354 7.125020 -0.000002 0.000000 12.108097 -13.080503 9.268216
10.047754 17.764377 -14.905548 -1.552320 -28.198969 4.088091 0.000000 0.000000 0.000000 -18.993758 -8.133374 -14.905910 3.900558 12.026889 35.827165 1.470420 -0.986347 -22.638727 0.074860 1.765052 4.856790 0.000000 0.000000 0.000000 11.055545 7.282013 -18.075803 -3.818938 -11.913659 35.438652 -0.815322 -2.193197 -17.794446 -0.299189 -3.517031 9.721699 -3.513882 1.372947 5.228075 3.013106 1.695602 0.826413 4.976637 0.883116 -2.274633 -13.854288 -5.357151 -10.756609 12.336586 -8.419076 28.267294 5.903591 -3.942513 12.190853 0.000000 0.000000 0.000000 -89.310447 -3.486723 6.843957 14.032889 -22.781707 -2.840832 -0.000001 0.000002 15.133395 0.081676 30.774843 0.040663 -7.125020 0.000002 0.000000 -34.288378 57.259480 -11.180264 0.000000 0.000000 0.000000 83.388245 2.976338 3.675494 -19.364648 29.869261 -5.211209 0.000002 -0.000001 -12.112056 -9.537621 17.016458 -2.814577 7.125020 -0.000002 0.000000 12.132825 -13.016860 9.304479
10.070578 17.760224 -14.910892 -1.476941 -28.781151 4.063971 0.000000 0.000000 0.000000 -19.146868 -7.811457 -15.020866 3.903594 12.031000 35.841730 1.477846 -0.839325 -22.740075 0.085369 1.884580 5.186792 0.000000 0.000000 0.000000 10.896830 7.589364 -18.256516 -3.848147 -11.956474 35.572368 -0.808245 -2.025133 -17.602490 -0.265448 -3.314425 9.155392 -3.654674 1.302929 5.284838 2.981535 1.591192 0.908052 5.031523 0.828591 -2.213110 -13.755144 -5.253345 -10.652616 12.309842 -8.305013 28.291715 5.895167 -3.890304 12.151358 0.000000 0.000000 0.000000 -89.130445 -3.784063 7.034047 13.966385 -22.686632 -2.815131 -0.000001 0.000002 15.253099 0.413461 30.749960 0.209583 -7.125020 0.000002 0.000000 -33.950519 57.308196 -11.093809 0.000000 0.000000 0.000000 83.454802 2.888385 3.339841 -19.356693 29.859484 -5.207248 0.000002 -0.000001 -12.070694 -9.513343 17.120829 -2.824233 7.125020 -0.000002 0.000000 12.147349 -12.915524 9.342219
10.093067 17.756575 -14.915080 -1.405890 -29.376479 4.030651 0.000000 0.000000 0.000000 -19.300831 -7.476905 -15.120960 3.904426 12.032126 35.845719 1.483395 -0.665215 -22.836014 0.094421 1.981716 5.455132 0.000000 0.000000 0.000000 10.743750 7.919958 -18.411415 -3.874064 -11.994495 35.690044 -0.803704 -1.843253 -17.422907 -0.248306 -3.206431 8.854001 -3.794314 1.232967 5.344884 2.953787 1.486899 0.984717 5.089954 0.774221 -2.157834 -13.655466 -5.142692 -10.596289 12.269072 -8.176774 28.372246 5.885035 -3.832257 12.141651 0.000000 0.000000 0.000000 -88.940090 -4.088165 7.170210 13.873367 -22.553384 -2.779355 -0.000001 0.000002 15.363091 0.790012 30.656951 0.400740 -7.125020 0.000002 0.000000 -33.510091 57.310208 -10.928660 0.000000 0.000000 0.000000 83.507928 2.765674 3.083577 -19.365422 29.870211 -5.211595 0.000002 -0.000001 -12.083768 -9.568551 17.223138 -2.857606 7.125020 -0.000002 0.000000 12.109766 -12.810037 9.339019
10.115267 17.753407 -14.918074 -1.337545 -29.977533 3.982443 0.000000 0.000000 0.000000 -19.457652 -7.144904 -15.194570 3.902525 12.029552 35.836598 1.486497 -0.457071 -22.925397 0.100002 2.039277 5.614216 0.000000 0.000000 0.000000 10.595619 8.270510 -18.534459 -3.896549 -12.027532 35.791342 -0.802138 -1.647583 -17.260810 -0.250215 -3.218642 8.888065 -3.942885 1.152974 5.424462 2.939112 1.368422 1.046805 5.168298 0.713641 -2.126657 -13.599701 -5.016873 -10.550593 12.239769 -8.023562 28.495813 5.892570 -3.766810 12.150311 0.000000 0.000000 0.000000 -88.761971 -4.369895 7.209762 13.771016 -22.406408 -2.740219 -0.000001 0.000002 15.447794 1.143843 30.560938 0.579952 -7.125020 0.000002 0.000000 -33.088460 57.305175 -10.764902 0.000000 0.000000 0.000000 83.537062 2.600916 2.943038 -19.391368 29.902079 -5.224523 0.000002 -0.000001 -12.181407 -9.746920 17.276077 -2.920352 7.125020 -0.000002 0.000000 11.991908 -12.743706 9.261196
10.137079 17.750749 -14.919771 -1.273704 -30.565658 3.917226 0.000000 0.000000 0.000000 -19.614813 -6.829754 -15.233901 3.897909 12.023298 35.814445 1.486690 -0.214287 -23.005599 0.101031 2.049715 5.643071 0.000000 0.000000 0.000000 10.456927 8.624578 -18.621806 -3.915239 -12.054931 35.875239 -0.802460 -1.450808 -17.117522 -0.268982 -3.336246 9.216326 -4.099991 1.055464 5.533888 2.941828 1.225424 1.089464 5.271563 0.642112 -2.129222 -13.612720 -4.870840 -10.466620 12.240840 -7.840719 28.626037 5.929025 -3.693756 12.153735 0.000000 0.000000 0.000000 -88.605204 -4.611156 7.150763 13.673339 -22.265793 -2.703098 -0.000001 0.000002 15.498233 1.433971 30.512088 0.727197 -7.125020 0.000002 0.000000 -32.768154 57.326141 -10.660882 0.000000 0.000000 0.000000 83.544930 2.402705 2.901636 -19.426299 29.944943 -5.241949 0.000002 -0.000001 -12.374463 -10.041784 17.249628 -3.005250 7.125020 -0.000002 0.000000 11.798268 -12.746748 9.105092
10.158282 17.748653 -14.920003 -1.215954 -31.119436 3.836871 0.000000 0.000000 0.000000 -19.768896 -6.545458 -15.236767 3.891220 12.014228 35.782326 1.484535 0.053252 -23.078073 0.098157 2.020434 5.562134 0.000000 0.000000 0.000000 10.332059 8.960357 -18.673237 -3.929476 -12.075630 35.939349 -0.802682 -1.270719 -16.989237 -0.298672 -3.514020 9.713273 -4.255432 0.939550 5.669649 2.957475 1.057104 1.116970 5.389380 0.558969 -2.158706 -13.679022 -4.703287 -10.305526 12.268597 -7.628327 28.711686 5.987763 -3.612331 12.122176 0.000000 0.000000 0.000000 -88.459692 -4.816518 7.035433 13.583323 -22.135903 -2.669085 -0.000001 0.000002 15.507585 1.658270 30.514138 0.841753 -7.125020 0.000002 0.000000 -32.554383 57.375720 -10.620265 0.000000 0.000000 0.000000 83.544141 2.185251 2.915542 -19.464285 29.991504 -5.260924 0.000002 -0.000001 -12.660759 -10.402574 17.140747 -3.095606 7.125020 -0.000002 0.000000 11.561853 -12.826307 8.896103
10.178636 17.747127 -14.918659 -1.166695 -31.630429 3.748446 0.000000 0.000000 0.000000 -19.915149 -6.298949 -15.209451 3.883611 12.003894 35.745753 1.481677 0.327308 -23.149638 0.093353 1.970511 5.424171 0.000000 0.000000 0.000000 10.224028 9.267953 -18.692078 -3.938517 -12.088642 35.980290 -0.801197 -1.118602 -16.868444 -0.331727 -3.701570 10.238556 -4.393929 0.812151 5.815601 2.976201 0.873779 1.139337 5.502048 0.468577 -2.196533 -13.754566 -4.515099 -10.053791 12.302190 -7.388510 28.711241 6.050160 -3.520580 12.033310 0.000000 0.000000 0.000000 -88.305573 -5.006288 6.921346 13.495259 -22.008551 -2.635993 -0.000001 0.000002 15.470797 1.832247 30.541927 0.931171 -7.125020 0.000002 0.000000 -32.410844 57.436105 -10.614770 0.000000 0.000000 0.000000 83.546290 1.953399 2.949201 -19.507800 30.044775 -5.282693 0.000002 -0.000002 -13.030218 -10.765451 16.970312 -3.174722 7.125020 -0.000002 0.000000 11.324309 -12.966911 8.672046
10.198036 17.746109 -14.915795 -1.132836 -32.108689 3.665303 0.000000 0.000000 0.000000 -20.044791 -6.084911 -15.167855 3.876414 11.994108 35.711135 1.479816 0.591127 -23.227872 0.089087 1.925082 5.298660 0.000000 0.000000 0.000000 10.137442 9.554666 -18.685478 -3.941787 -12.093450 35.994797 -0.797242 -0.995381 -16.745960 -0.360196 -3.855525 10.670562 -4.500002 0.684738 5.951843 2.990692 0.692279 1.163670 5.591877 0.378603 -2.226069 -13.797693 -4.313048 -9.739935 12.317238 -7.129848 28.631824 6.097963 -3.419411 11.894306 0.000000 0.000000 0.000000 -88.133126 -5.196587 6.839671 13.406642 -21.880120 -2.602876 -0.000001 0.000002 15.395288 1.957992 30.586174 0.996450 -7.125020 0.000002 0.000000 -32.327773 57.500018 -10.634825 0.000000 0.000000 0.000000 83.553238 1.699504 2.982080 -19.560599 30.109313 -5.309154 0.000002 -0.000002 -13.452839 -11.083620 16.775513 -3.234606 7.125020 -0.000002 0.000000 11.116134 -13.135430 8.465626
10.216549 17.745534 -14.911602 -1.123041 -32.572440 3.603591 0.000000 0.000000 0.000000 -20.148479 -5.892058 -15.132328 3.870674 11.986294 35.683507 1.479858 0.837698 -23.317322 0.087236 1.905036 5.243289 0.000000 0.000000 0.000000 10.077024 9.834744 -18.664327 -3.939135 -12.090165 35.981354 -0.790610 -0.896013 -16.613625 -0.377057 -3.943757 10.918491 -4.564511 0.567789 6.063869 3.000326 0.527865 1.189207 5.651822 0.296461 -2.241983 -13.790862 -4.112918 -9.433297 12.296511 -6.871623 28.539646 6.121421 -3.316092 11.747916 0.000000 0.000000 0.000000 -87.952895 -5.388504 6.776883 13.323827 -21.759846 -2.572095 -0.000001 0.000002 15.315417 2.020458 30.662198 1.030437 -7.125020 0.000002 0.000000 -32.333109 57.577155 -10.698925 0.000000 0.000000 0.000000 83.558978 1.415322 2.989704 -19.617574 30.178839 -5.337765 0.000002 -0.000002 -13.865922 -11.336826 16.596031 -3.276581 7.125020 -0.000002 0.000000 10.950412 -13.293989 8.296304
10.234305 17.745397 -14.906306 -1.137748 -33.036106 3.573105 0.000000 0.000000 0.000000 -20.226755 -5.714060 -15.116909 3.866744 11.980939 35.664577 1.482023 1.072055 -23.421332 0.088508 1.918835 5.281405 0.000000 0.000000 0.000000 10.039747 10.117759 -18.640921 -3.931175 -12.079942 35.941959 -0.781987 -0.812398 -16.468204 -0.379206 -3.954850 10.949681 -4.591443 0.467597 6.144537 3.007611 0.389225 1.212210 5.685995 0.226648 -2.245551 -13.742953 -3.932961 -9.205352 12.240173 -6.637140 28.512584 6.122531 -3.221031 11.644668 0.000000 0.000000 0.000000 -87.783920 -5.578713 6.699142 13.254098 -21.658388 -2.546303 -0.000001 0.000002 15.283580 2.011625 30.776999 1.029185 -7.125020 0.000002 0.000000 -32.441082 57.671598 -10.816205 0.000000 0.000000 0.000000 83.558771 1.104693 2.939077 -19.667630 30.239819 -5.362951 0.000002 -0.000001 -14.199250 -11.526557 16.452034 -3.305300 7.125020 -0.000002 0.000000 10.826015 -13.422328 8.167825
10.251358 17.745693 -14.900187 -1.163473 -33.506525 3.570963 0.000000 0.000000 0.000000 -20.294652 -5.550414 -15.124215 3.864220 11.977497 35.652416 1.486212 1.304975 -23.543141 0.092903 1.965770 5.411069 0.000000 0.000000 0.000000 10.010832 10.405448 -18.625983 -3.919474 -12.065301 35.882852 -0.773391 -0.734256 -16.313668 -0.368842 -3.901030 10.798398 -4.598295 0.385934 6.188313 3.012176 0.277916 1.235171 5.703637 0.169839 -2.231629 -13.679940 -3.785620 -9.093601 12.169666 -6.444295 28.588726 6.113929 -3.142426 11.612782 0.000000 0.000000 0.000000 -87.634478 -5.777026 6.589124 13.196906 -21.575043 -2.525234 -0.000001 0.000002 15.333918 1.951036 30.906441 1.001804 -7.125020 0.000002 0.000000 -32.612369 57.767117 -10.959182 0.000000 0.000000 0.000000 83.555636 0.787289 2.806264 -19.703778 30.283798 -5.381168 0.000002 -0.000001 -14.419883 -11.671081 16.333753 -3.324699 7.125020 -0.000002 0.000000 10.730959 -13.528695 8.068575
10.267649 17.746293 -14.893671 -1.180146 -33.983281 3.585734 0.000000 0.000000 0.000000 -20.371754 -5.397228 -15.151644 3.862282 11.974854 35.643076 1.491987 1.539882 -23.681034 0.100262 2.041923 5.621530 0.000000 0.000000 0.000000 9.971142 10.695733 -18.626841 -3.906189 -12.049500 35.813305 -0.767199 -0.653723 -16.159007 -0.350671 -3.804738 10.527968 -4.606990 0.319391 6.187776 3.009741 0.188155 1.268443 5.712931 0.122539 -2.184839 -13.632205 -3.675982 -9.105758 12.116585 -6.302271 28.766779 6.112681 -3.084315 11.657492 0.000000 0.000000 0.000000 -87.496679 -6.006394 6.453131 13.145661 -21.500267 -2.506421 -0.000001 0.000002 15.456085 1.884129 31.008484 0.970262 -7.125020 0.000002 0.000000 -32.766382 57.838151 -11.076333 0.000000 0.000000 0.000000 83.558467 0.491749 2.591462 -19.725767 30.310527 -5.392261 0.000002 -0.000000 -14.545640 -11.792382 16.220674 -3.337581 7.125020 -0.000002 0.000000 10.650955 -13.631806 7.982638
10.283140 17.746947 -14.887268 -1.175642 -34.460190 3.607160 0.000000 0.000000 0.000000 -20.467097 -5.242488 -15.198553 3.860205 11.972020 35.633065 1.498490 1.767143 -23.824648 0.110091 2.139360 5.890949 0.000000 0.000000 0.000000 9.909961 10.988031 -18.646080 -3.893315 -12.035196 35.742969 -0.764441 -0.569936 -16.013317 -0.328796 -3.685346 10.193075 -4.631791 0.259293 6.140524 2.996873 0.107452 1.322009 5.719181 0.077909 -2.091989 -13.626081 -3.601626 -9.230221 12.108237 -6.209457 29.025230 6.134054 -3.046108 11.769530 0.000000 0.000000 0.000000 -87.357039 -6.284377 6.301529 13.095148 -21.426468 -2.487938 -0.000001 0.000002 15.605304 1.864351 31.051694 0.961216 -7.125020 0.000002 0.000000 -32.823423 57.869933 -11.124351 0.000000 0.000000 0.000000 83.573929 0.241531 2.319855 -19.735707 30.322605 -5.397279 0.000002 -0.000000 -14.622520 -11.896069 16.108459 -3.345046 7.125020 -0.000002 0.000000 10.582515 -13.735556 7.905970
10.298005 17.747391 -14.881350 -1.151394 -34.930542 3.630537 0.000000 0.000000 0.000000 -20.576410 -5.073316 -15.265447 3.857718 11.968625 35.621074 1.504759 1.974474 -23.960856 0.121416 2.246334 6.186931 0.000000 0.000000 0.000000 9.828967 11.284004 -18.681816 -3.882088 -12.023619 35.679024 -0.764367 -0.485816 -15.881308 -0.306337 -3.558426 9.837549 -4.675392 0.195725 6.057463 2.974524 0.022101 1.397795 5.725956 0.029085 -1.955406 -13.677379 -3.551033 -9.429997 12.160542 -6.150959 29.321537 6.187581 -3.021601 11.922630 0.000000 0.000000 0.000000 -87.207987 -6.609642 6.133951 13.045308 -21.353564 -2.469760 -0.000001 0.000002 15.734451 1.928074 31.034304 0.993448 -7.125020 0.000002 0.000000 -32.746464 57.868889 -11.093672 0.000000 0.000000 0.000000 83.601199 0.046036 2.028765 -19.733334 30.319723 -5.396081 0.000002 -0.000000 -14.691768 -11.971037 16.010845 -3.346889 7.125020 -0.000002 0.000000 10.533088 -13.827093 7.846985
10.312648 17.747443 -14.875940 -1.114464 -35.393355 3.653628 0.000000 0.000000 0.000000 -20.692622 -4.884603 -15.349850 3.855009 11.964925 35.608008 1.510291 2.159094 -24.083387 0.133344 2.353681 6.484157 0.000000 0.000000 0.000000 9.734225 11.583462 -18.730429 -3.872858 -12.014791 35.624472 -0.765530 -0.399794 -15.760173 -0.285749 -3.437807 9.500120 -4.734985 0.123303 5.960525 2.946242 -0.075531 1.489424 5.736149 -0.027106 -1.792918 -13.780252 -3.504785 -9.646973 12.272009 -6.100274 29.592923 6.272204 -2.998994 12.074433 0.000000 0.000000 0.000000 -87.050122 -6.963689 5.943280 13.000732 -21.288287 -2.453553 -0.000001 0.000002 15.819314 2.068930 30.987534 1.064543 -7.125020 0.000002 0.000000 -32.569163 57.859841 -11.017557 0.000000 0.000000 0.000000 83.633630 -0.098752 1.750250 -19.714121 30.296377 -5.386385 0.000002 -0.000000 -14.766903 -12.014073 15.940144 -3.344858 7.125020 -0.000002 0.000000 10.504781 -13.894323 7.809922
10.327496 17.747043 -14.870697 -1.070602 -35.852544 3.674435 0.000000 0.000000 0.000000 -20.812248 -4.678494 -15.446135 3.852438 11.961411 35.595602 1.515198 2.326063 -24.194291 0.145450 2.457765 6.772558 0.000000 0.000000 0.000000 9.629883 11.881553 -18.788685 -3.865305 -12.008065 35.578408 -0.766693 -0.303908 -15.640088 -0.268091 -3.330757 9.200999 -4.807842 0.042985 5.874751 2.916616 -0.184769 1.584157 5.753331 -0.089206 -1.631726 -13.904969 -3.441770 -9.823685 12.419128 -6.027354 29.781930 6.374042 -2.964606 12.182522 0.000000 0.000000 0.000000 -86.891069 -7.314667 5.730614 12.969324 -21.242251 -2.442161 -0.000001 0.000002 15.860300 2.234542 30.961503 1.149013 -7.125020 0.000002 0.000000 -32.386155 57.873612 -10.957632 0.000000 0.000000 0.000000 83.659436 -0.213828 1.507124 -19.673722 30.247240 -5.366020 0.000002 -0.000001 -14.837467 -12.045471 15.893863 -3.344373 7.125020 -0.000002 0.000000 10.484074 -13.938089 7.784113
10.342789 17.746258 -14.865148 -1.024262 -36.309817 3.692843 0.000000 0.000000 0.000000 -20.933366 -4.461759 -15.548148 3.850224 11.958384 35.584919 1.519816 2.481798 -24.298467 0.157441 2.556622 7.046676 0.000000 0.000000 0.000000 9.518889 12.170450 -18.854077 -3.858716 -12.002375 35.537691 -0.766845 -0.191372 -15.510334 -0.252284 -3.231822 8.924833 -4.892377 -0.040643 5.823980 2.892362 -0.300194 1.663037 5.783756 -0.152981 -1.505381 -14.016616 -3.348020 -9.921419 12.563440 -5.910827 29.867997 6.472708 -2.909833 12.224131 0.000000 0.000000 0.000000 -86.746806 -7.619021 5.513353 12.959905 -21.228438 -2.438749 -0.000001 0.000002 15.866913 2.365831 30.994463 1.217796 -7.125020 0.000002 0.000000 -32.288026 57.929632 -10.964373 0.000000 0.000000 0.000000 83.660312 -0.342983 1.319435 -19.615098 30.175825 -5.336521 0.000002 -0.000001 -14.893304 -12.091263 15.860936 -3.350667 7.125020 -0.000002 0.000000 10.453675 -13.967370 7.754175
10.358521 17.745264 -14.858934 -0.978169 -36.762098 3.711186 0.000000 0.000000 0.000000 -21.055258 -4.248079 -15.650170 3.848338 11.955806 35.575819 1.524208 2.636556 -24.400850 0.168867 2.647320 7.298354 0.000000 0.000000 0.000000 9.403406 12.443111 -18.925433 -3.852231 -11.996417 35.498537 -0.765174 -0.062697 -15.366215 -0.236104 -3.127217 8.633129 -4.989035 -0.123122 5.827081 2.880941 -0.416603 1.705092 5.835668 -0.214208 -1.446682 -14.093833 -3.221417 -9.927725 12.668291 -5.745643 29.873905 6.551084 -2.834840 12.203073 0.000000 0.000000 0.000000 -86.639182 -7.832711 5.313770 12.978178 -21.255232 -2.445370 -0.000001 0.000002 15.846022 2.449130 31.083642 1.263878 -7.125020 0.000002 0.000000 -32.285808 58.022514 -11.037791 0.000000 0.000000 0.000000 83.617987 -0.538204 1.200992 -19.547984 30.093907 -5.302827 0.000002 -0.000001 -14.937092 -12.155850 15.834979 -3.363711 7.125020 -0.000002 0.000000 10.410692 -13.988196 7.716499
10.374516 17.744320 -14.851881 -0.934552 -37.206896 3.733366 0.000000 0.000000 0.000000 -21.177700 -4.056405 -15.746329 3.846603 11.953432 35.567440 1.528068 2.807689 -24.507217 0.179330 2.727686 7.521506 0.000000 0.000000 0.000000 9.286334 12.697336 -19.002430 -3.845049 -11.989015 35.457307 -0.761441 0.076466 -15.210290 -0.218490 -3.009082 8.304033 -5.097682 -0.202082 5.889173 2.886509 -0.531158 1.699537 5.913400 -0.270625 -1.469916 -14.127067 -3.069263 -9.860817 12.711437 -5.540525 29.844487 6.599558 -2.745266 12.142022 0.000000 0.000000 0.000000 -86.584332 -7.936188 5.139633 13.023386 -21.321470 -2.461783 -0.000001 0.000002 15.803515 2.524313 31.186256 1.306349 -7.125020 0.000002 0.000000 -32.303584 58.124801 -11.126620 0.000000 0.000000 0.000000 83.526321 -0.826610 1.149407 -19.481543 30.012642 -5.269552 0.000002 -0.000001 -14.975897 -12.223464 15.816039 -3.379028 7.125020 -0.000002 0.000000 10.365642 -14.001773 7.678901
10.390515 17.743676 -14.843964 -0.900623 -37.645888 3.764609 0.000000 0.000000 0.000000 -21.295617 -3.900227 -15.831185 3.844850 11.951035 35.558976 1.530989 3.011409 -24.622805 0.188786 2.798290 7.717672 0.000000 0.000000 0.000000 9.176310 12.937436 -19.082568 -3.836566 -11.979383 35.410935 -0.756120 0.219422 -15.049049 -0.200637 -2.884282 7.956751 -5.210282 -0.276859 5.994276 2.907797 -0.642067 1.657167 6.010600 -0.322137 -1.555256 -14.109686 -2.904795 -9.767457 12.688249 -5.312457 29.817826 6.614928 -2.647824 12.069197 0.000000 0.000000 0.000000 -86.578932 -7.958757 4.978075 13.086742 -21.414177 -2.484867 -0.000001 0.000002 15.751235 2.634063 31.259071 1.365725 -7.125020 0.000002 0.000000 -32.261690 58.209504 -11.177986 0.000000 0.000000 0.000000 83.396246 -1.189805 1.146357 -19.420312 29.937602 -5.238960 0.000002 -0.000001 -15.014163 -12.283426 15.801803 -3.393083 7.125020 -0.000002 0.000000 10.325639 -14.011248 7.646175
10.406234 17.743482 -14.835400 -0.888713 -38.080750 3.810565 0.000000 0.000000 0.000000 -21.397544 -3.777969 -15.903119 3.843029 11.948543 35.550184 1.532569 3.250886 -24.747520 0.197171 2.859407 7.887575 0.000000 0.000000 0.000000 9.087339 13.170036 -19.160832 -3.826429 -11.967095 35.357514 -0.749869 0.359571 -14.889440 -0.184776 -2.768575 7.635099 -5.311251 -0.347345 6.111647 2.939153 -0.747148 1.607107 6.111512 -0.369946 -1.655864 -14.037549 -2.745418 -9.706396 12.608669 -5.083528 29.807437 6.598458 -2.549257 12.006937 0.000000 0.000000 0.000000 -86.596779 -7.976149 4.805568 13.152145 -21.509734 -2.508798 -0.000001 0.000002 15.710457 2.761958 31.305235 1.433582 -7.125020 0.000002 0.000000 -32.178697 58.275849 -11.198434 0.000000 0.000000 0.000000 83.251810 -1.573301 1.162959 -19.364751 29.869389 -5.211261 0.000002 -0.000001 -15.056056 -12.345702 15.782634 -3.406674 7.125020 -0.000002 0.000000 10.284041 -14.025461 7.611309
10.421467 17.743722 -14.826741 -0.906027 -38.507949 3.874173 0.000000 0.000000 0.000000 -21.474237 -3.674691 -15.967851 3.841181 11.946013 35.541257 1.532260 3.514531 -24.873105 0.203435 2.904203 8.012160 0.000000 0.000000 0.000000 9.028182 13.396523 -19.234913 -3.814586 -11.951998 35.296965 -0.742833 0.492077 -14.735715 -0.172047 -2.672007 7.366888 -5.390089 -0.413635 6.214094 2.972789 -0.844794 1.578596 6.201129 -0.415655 -1.726694 -13.909791 -2.606673 -9.721371 12.489121 -4.873864 29.802089 6.553530 -2.454953 11.964363 0.000000 0.000000 0.000000 -86.600772 -8.071302 4.605545 13.201338 -21.581507 -2.526864 -0.000001 0.000002 15.704645 2.829979 31.378208 1.471460 -7.125020 0.000002 0.000000 -32.178172 58.351760 -11.259231 0.000000 0.000000 0.000000 83.122421 -1.916587 1.161205 -19.311314 29.803671 -5.184674 0.000002 -0.000001 -15.103019 -12.432605 15.746878 -3.423664 7.125020 -0.000002 0.000000 10.225975 -14.054296 7.560750
10.436206 17.744237 -14.818614 -0.943738 -38.919130 3.951127 0.000000 0.000000 0.000000 -21.529982 -3.574304 -16.035594 3.839296 11.943431 35.532148 1.529617 3.784114 -24.987768 0.205592 2.919469 8.054629 0.000000 0.000000 0.000000 8.991139 13.608754 -19.308959 -3.801342 -11.934289 35.231276 -0.734473 0.617656 -14.587285 -0.161501 -2.589219 7.137112 -5.451208 -0.476201 6.291177 3.000844 -0.935482 1.583692 6.273486 -0.460552 -1.749405 -13.729413 -2.491746 -9.813917 12.346316 -4.689867 29.775950 6.485167 -2.365502 11.933366 0.000000 0.000000 0.000000 -86.562140 -8.287887 4.384228 13.221716 -21.611213 -2.534364 -0.000001 0.000002 15.739924 2.770925 31.529621 1.446409 -7.125020 0.000002 0.000000 -32.372310 58.465757 -11.428327 0.000000 0.000000 0.000000 83.030872 -2.185388 1.104574 -19.253266 29.732162 -5.155854 0.000002 -0.000001 -15.148888 -12.555494 15.691572 -3.446600 7.125020 -0.000002 0.000000 10.143874 -14.099841 7.488257
10.450602 17.744812 -14.811279 -0.979467 -39.306799 4.029689 0.000000 0.000000 0.000000 -21.582706 -3.471822 -16.112476 3.837187 11.940541 35.521955 1.524972 4.044411 -25.085747 0.202563 2.898011 7.994937 0.000000 0.000000 0.000000 8.954578 13.793729 -19.390258 -3.787296 -11.914606 35.163829 -0.724123 0.743547 -14.440724 -0.151177 -2.505474 6.904828 -5.509126 -0.536088 6.347139 3.017770 -1.021722 1.614442 6.331432 -0.505312 -1.734176 -13.514555 -2.387240 -9.931861 12.201850 -4.519704 29.700179 6.405049 -2.276123 11.890396 0.000000 0.000000 0.000000 -86.472832 -8.615095 4.168898 13.210729 -21.595200 -2.530320 -0.000001 0.000002 15.794410 2.604374 31.746049 1.367811 -7.125020 0.000002 0.000000 -32.731321 58.610581 -11.689550 0.000000 0.000000 0.000000 82.980431 -2.387759 0.984620 -19.185406 29.648405 -5.122243 0.000002 -0.000000 -15.192820 -12.699065 15.628013 -3.473497 7.125020 -0.000002 0.000000 10.047954 -14.152036 7.403836
10.464737 17.745298 -14.804492 -0.993393 -39.671472 4.098428 0.000000 0.000000 0.000000 -21.650484 -3.373497 -16.196153 3.834510 11.936870 35.509013 1.519582 4.288752 -25.172073 0.195648 2.848404 7.856980 0.000000 0.000000 0.000000 8.899258 13.945786 -19.483022 -3.773157 -11.893979 35.097887 -0.711865 0.877973 -14.294489 -0.139948 -2.411023 6.643020 -5.575850 -0.595338 6.390013 3.022039 -1.107330 1.653743 6.380834 -0.550551 -1.702626 -13.303320 -2.272530 -9.999372 12.083865 -4.342973 29.559738 6.332905 -2.180916 11.811434 0.000000 0.000000 0.000000 -86.342171 -9.008236 3.985190 13.174423 -21.542249 -2.516973 -0.000001 0.000002 15.834325 2.440974 31.931658 1.289770 -7.125020 0.000002 0.000000 -33.060707 58.730327 -11.919863 0.000000 0.000000 0.000000 82.955812 -2.559806 0.831866 -19.106997 29.551410 -5.083513 0.000002 -0.000001 -15.251345 -12.830551 15.576799 -3.499533 7.125020 -0.000002 0.000000 9.960093 -14.192855 7.328066
10.478505 17.745678 -14.797730 -0.980975 -40.023480 4.153627 0.000000 0.000000 0.000000 -21.739264 -3.286221 -16.279467 3.830952 11.931990 35.491808 1.514969 4.518162 -25.258078 0.187613 2.789624 7.693593 0.000000 0.000000 0.000000 8.821126 14.073599 -19.585191 -3.759476 -11.873612 35.034949 -0.698985 1.022571 -14.150723 -0.127943 -2.305695 6.351269 -5.651829 -0.657462 6.422780 3.013478 -1.197110 1.689875 6.422198 -0.597845 -1.668083 -13.126974 -2.135309 -9.983185 12.009384 -4.146337 29.373773 6.284033 -2.077258 11.695808 0.000000 0.000000 0.000000 -86.180455 -9.421675 3.838547 13.122129 -21.465899 -2.497804 -0.000001 0.000002 15.838189 2.410987 31.964075 1.276509 -7.125020 0.000002 0.000000 -33.119386 58.751887 -11.959757 0.000000 0.000000 0.000000 82.942251 -2.731346 0.688239 -19.017775 29.440756 -5.039583 0.000002 -0.000001 -15.332909 -12.922165 15.556761 -3.521063 7.125020 -0.000002 0.000000 9.898845 -14.205589 7.278630
10.491670 17.746047 -14.790460 -0.952355 -40.375872 4.198651 0.000000 0.000000 0.000000 -21.841897 -3.210058 -16.354807 3.826483 11.925854 35.470183 1.512282 4.735820 -25.353964 0.180738 2.738316 7.551036 0.000000 0.000000 0.000000 8.730721 14.194248 -19.688464 -3.746446 -11.854453 34.974133 -0.687468 1.170845 -14.013054 -0.115909 -2.194971 6.044794 -5.721957 -0.726706 6.442189 2.987091 -1.295647 1.723876 6.441647 -0.649643 -1.627724 -12.980639 -1.978332 -9.924404 11.972228 -3.932164 29.192224 6.257955 -1.966570 11.571990 0.000000 0.000000 0.000000 -85.982268 -9.830865 3.721427 13.059656 -21.374562 -2.474988 -0.000001 0.000002 15.806842 2.577239 31.788232 1.358291 -7.125020 0.000002 0.000000 -32.795321 58.642568 -11.737432 0.000000 0.000000 0.000000 82.944224 -2.906365 0.575401 -18.914992 29.312910 -4.989163 0.000002 -0.000001 -15.407893 -12.964543 15.573660 -3.536800 7.125020 -0.000002 0.000000 9.870477 -14.185173 7.261332
10.503958 17.746549 -14.782342 -0.927308 -40.733956 4.241085 0.000000 0.000000 0.000000 -21.941425 -3.139660 -16.415800 3.821498 11.919006 35.446055 1.512145 4.940842 -25.464048 0.176423 2.705601 7.460170 0.000000 0.000000 0.000000 8.647509 14.322483 -19.780623 -3.733829 -11.836649 34.913016 -0.678757 1.312915 -13.884260 -0.105053 -2.089983 5.754400 -5.755046 -0.805421 6.444071 2.930917 -1.403997 1.765468 6.408336 -0.707179 -1.570355 -12.832527 -1.813808 -9.894211 11.961162 -3.716848 29.061085 6.245343 -1.853046 11.474635 0.000000 0.000000 0.000000 -85.723826 -10.233826 3.634663 12.984768 -21.264891 -2.447761 -0.000001 0.000002 15.765966 2.917502 31.446741 1.521697 -7.125020 0.000002 0.000000 -32.154460 58.430393 -11.310137 0.000000 0.000000 0.000000 82.987577 -3.073911 0.488961 -18.797503 29.166282 -4.931774 0.000002 -0.000001 -15.425155 -12.964185 15.616682 -3.546206 7.125020 -0.000002 0.000000 9.870668 -14.141950 7.270665
10.515165 17.747287 -14.773378 -0.930005 -41.090634 4.292957 0.000000 0.000000 0.000000 -22.015297 -3.068740 -16.461278 3.816834 11.912593 35.423466 1.514656 5.125605 -25.584891 0.176383 2.705288 7.459301 0.000000 0.000000 0.000000 8.593789 14.463290 -19.852148 -3.721058 -11.819333 34.849034 -0.672753 1.439884 -13.765438 -0.096518 -2.003534 5.515426 -5.715705 -0.891281 6.429462 2.834873 -1.516927 1.821659 6.290806 -0.768122 -1.491516 -12.660418 -1.655773 -9.931752 11.982171 -3.523872 28.995004 6.242559 -1.743384 11.420761 0.000000 0.000000 0.000000 -85.385083 -10.634578 3.595321 12.890140 -21.126032 -2.413548 -0.000001 0.000002 15.772097 3.392790 31.008014 1.744078 -7.125020 0.000002 0.000000 -31.303935 58.160430 -10.768038 0.000000 0.000000 0.000000 83.101451 -3.229061 0.404986 -18.669323 29.005715 -4.869462 0.000002 -0.000001 -15.353359 -12.934339 15.667418 -3.548921 7.125020 -0.000002 0.000000 9.890577 -14.093373 7.296198
10.525319 17.748255 -14.763906 -0.979000 -41.433212 4.369050 0.000000 0.000000 0.000000 -22.045263 -2.993459 -16.500203 3.813645 11.908204 35.408014 1.519461 5.281140 -25.708234 0.182891 2.754484 7.595952 0.000000 0.000000 0.000000 8.584799 14.610192 -19.904759 -3.707509 -11.801130 34.780469 -0.667903 1.546748 -13.654199 -0.089972 -1.934585 5.324913 -5.593710 -0.976743 6.407959 2.708026 -1.624043 1.886619 6.092482 -0.826474 -1.404268 -12.482731 -1.516130 -10.022669 12.054625 -3.372835 28.979394 6.257154 -1.646344 11.405099 0.000000 0.000000 0.000000 -84.990035 -11.021161 3.620292 12.772499 -20.952967 -2.371313 -0.000001 0.000002 15.911273 4.011386 30.488253 2.025038 -7.125020 0.000002 0.000000 -30.256667 57.844620 -10.136371 0.000000 0.000000 0.000000 83.283624 -3.383633 0.297057 -18.537613 28.840079 -4.805763 0.000002 -0.000001 -15.206153 -12.893659 15.709444 -3.546577 7.125020 -0.000002 0.000000 9.917727 -14.054449 7.325257
10.534745 17.749362 -14.754409 -1.080337 -41.757515 4.482073 0.000000 0.000000 0.000000 -22.025596 -2.913062 -16.549478 3.813078 11.907424 35.405265 1.525941 5.407319 -25.828273 0.196779 2.856572 7.879693 0.000000 0.000000 0.000000 8.622615 14.752456 -19.952596 -3.692872 -11.781135 34.707027 -0.662320 1.637146 -13.542368 -0.083594 -1.864934 5.132537 -5.424870 -1.051133 6.397406 2.587899 -1.713783 1.941847 5.873695 -0.874934 -1.337182 -12.355255 -1.401589 -10.117058 12.185849 -3.266762 28.986085 6.299741 -1.569240 11.407759 0.000000 0.000000 0.000000 -84.625086 -11.359144 3.703264 12.640832 -20.758696 -2.324437 -0.000001 0.000002 16.262480 4.805654 29.858471 2.374720 -7.125020 0.000002 0.000000 -28.963498 57.462808 -9.391837 0.000000 0.000000 0.000000 83.476667 -3.563332 0.168988 -18.410349 28.679408 -4.744532 0.000002 -0.000001 -15.045132 -12.869922 15.727801 -3.543774 7.125020 -0.000002 0.000000 9.933524 -14.037937 7.340962
10.543886 17.750533 -14.745209 -1.230558 -42.075873 4.637931 0.000000 0.000000 0.000000 -21.962111 -2.826879 -16.623475 3.815780 11.911142 35.418359 1.533470 5.516926 -25.946545 0.215586 2.989135 8.248505 0.000000 0.000000 0.000000 8.699964 14.885862 -20.012444 -3.677421 -11.759694 34.630108 -0.655236 1.727392 -13.418479 -0.076321 -1.782141 4.903960 -5.273435 -1.104899 6.416468 2.524569 -1.777736 1.968693 5.724527 -0.908208 -1.317473 -12.325796 -1.311524 -10.167818 12.349398 -3.189103 28.990022 6.368724 -1.513305 11.407185 0.000000 0.000000 0.000000 -84.399630 -11.610188 3.808578 12.522110 -20.583011 -2.282529 -0.000001 0.000002 16.819095 5.732867 29.131521 2.769671 -7.125020 0.000002 0.000000 -27.484270 57.016622 -8.566801 0.000000 0.000000 0.000000 83.591443 -3.792829 0.067121 -18.295210 28.533516 -4.689404 0.000002 -0.000000 -14.956722 -12.890787 15.707767 -3.545159 7.125020 -0.000002 0.000000 9.919464 -14.056354 7.326533
10.553015 17.751726 -14.736054 -1.417858 -42.410780 4.830029 0.000000 0.000000 0.000000 -21.871010 -2.731454 -16.723652 3.821537 11.919060 35.446246 1.541617 5.629811 -26.070622 0.234718 3.118080 8.607665 0.000000 0.000000 0.000000 8.803199 15.014343 -20.091756 -3.662002 -11.738472 34.552558 -0.647840 1.842307 -13.275871 -0.069080 -1.695675 4.665344 -5.190501 -1.134809 6.470908 2.547747 -1.814706 1.962191 5.705815 -0.925732 -1.350869 -12.392065 -1.238705 -10.162864 12.492394 -3.114491 28.983470 6.445325 -1.472611 11.393302 0.000000 0.000000 0.000000 -84.376873 -11.758258 3.885155 12.462152 -20.494099 -2.261493 -0.000001 0.000002 17.426351 6.601335 28.453536 3.128415 -7.125020 0.000002 0.000000 -26.122188 56.595823 -7.829269 0.000000 0.000000 0.000000 83.566167 -4.075678 0.039809 -18.194647 28.405683 -4.641466 0.000002 -0.000000 -14.998069 -12.962232 15.643064 -3.551019 7.125020 -0.000002 0.000000 9.871578 -14.115539 7.277685
10.562119 17.752871 -14.726057 -1.620323 -42.780580 5.038344 0.000000 0.000000 0.000000 -21.777883 -2.622392 -16.837815 3.829200 11.929586 35.483336 1.550131 5.763409 -26.208779 0.250767 3.222156 8.897870 0.000000 0.000000 0.000000 8.912097 15.143957 -20.185866 -3.647779 -11.719762 34.478405 -0.642419 2.000843 -13.117924 -0.063138 -1.621248 4.460035 -5.187565 -1.146555 6.547110 2.648372 -1.832539 1.932405 5.814569 -0.932288 -1.418007 -12.509035 -1.171342 -10.124179 12.568172 -3.020541 28.977183 6.506456 -1.436738 11.370020 0.000000 0.000000 0.000000 -84.538894 -11.821086 3.889239 12.509077 -20.563693 -2.277948 -0.000001 0.000002 17.823968 7.133165 28.083468 3.347343 -7.125020 0.000002 0.000000 -25.330670 56.376272 -7.429291 0.000000 0.000000 0.000000 83.405508 -4.384805 0.079274 -18.099133 28.283912 -4.596118 0.000002 -0.000000 -15.145260 -13.060153 15.544315 -3.556771 7.125020 -0.000002 0.000000 9.806059 -14.206840 7.208562
10.571049 17.753889 -14.714380 -1.813160 -43.188397 5.240212 0.000000 0.000000 0.000000 -21.707574 -2.500752 -16.949139 3.836906 11.940154 35.520596 1.558678 5.927024 -26.364659 0.263441 3.301970 9.120617 0.000000 0.000000 0.000000 9.005882 15.279512 -20.286061 -3.635949 -11.705543 34.412885 -0.640333 2.202527 -12.954219 -0.058654 -1.562723 4.298643 -5.242399 -1.152148 6.623332 2.790713 -1.845381 1.893664 6.000454 -0.935938 -1.491749 -12.627130 -1.095100 -10.079384 12.562305 -2.891498 28.984686 6.540292 -1.394247 11.344729 0.000000 0.000000 0.000000 -84.807156 -11.842381 3.802675 12.679481 -20.815784 -2.338153 -0.000001 0.000002 17.803326 7.138748 28.226086 3.363830 -7.125020 0.000002 0.000000 -25.429980 56.504871 -7.544973 0.000000 0.000000 0.000000 83.168077 -4.676161 0.119351 -17.990263 28.144693 -4.544647 0.000002 -0.000000 -15.304904 -13.150872 15.432297 -3.557443 7.125020 -0.000002 0.000000 9.745495 -14.312152 7.140158
10.579700 17.754770 -14.700991 -1.975294 -43.619920 5.419494 0.000000 0.000000 0.000000 -21.676144 -2.378325 -17.044619 3.842652 11.948025 35.548359 1.566671 6.122145 -26.535910 0.274552 3.370332 9.311541 0.000000 0.000000 0.000000 9.068322 15.421731 -20.389010 -3.627519 -11.696993 34.361798 -0.641062 2.429247 -12.792483 -0.055278 -1.517160 4.173025 -5.326848 -1.163591 6.686308 2.936274 -1.867362 1.855250 6.207135 -0.944361 -1.555211 -12.717495 -0.998586 -10.039440 12.493621 -2.721606 29.005875 6.549672 -1.337097 11.318331 0.000000 0.000000 0.000000 -85.088051 -11.873773 3.639573 12.936692 -21.194382 -2.430351 -0.000001 0.000002 17.355454 6.646333 28.864800 3.188013 -7.125020 0.000002 0.000000 -26.389383 56.970451 -8.168175 0.000000 0.000000 0.000000 82.923671 -4.915984 0.096696 -17.855224 27.971385 -4.481129 0.000002 -0.000000 -15.389583 -13.219530 15.322429 -3.552262 7.125020 -0.000002 0.000000 9.699804 -14.417176 7.083075
10.587970 17.755571 -14.686622 -2.088190 -44.050317 5.565549 0.000000 0.000000 0.000000 -21.692863 -2.273993 -17.117710 3.844997 11.951235 35.559684 1.573433 6.344194 -26.716079 0.285791 3.438057 9.500818 0.000000 0.000000 0.000000 9.086554 15.563888 -20.498507 -3.623136 -11.694527 34.329848 -0.642976 2.658603 -12.634809 -0.052744 -1.482032 4.076197 -5.427689 -1.186638 6.733791 3.057176 -1.905570 1.822338 6.397869 -0.961401 -1.602053 -12.776186 -0.881865 -9.996520 12.400745 -2.522442 29.022319 6.546436 -1.265742 11.284099 0.000000 0.000000 0.000000 -85.308956 -11.958585 3.443832 13.207732 -21.590828 -2.529216 -0.000001 0.000002 16.664311 5.875348 29.766838 2.893123 -7.125020 0.000002 0.000000 -27.848474 57.604873 -9.102731 0.000000 0.000000 0.000000 82.722554 -5.093591 -0.012272 -17.694951 27.764798 -4.406211 0.000002 -0.000000 -15.363325 -13.267848 15.227221 -3.544461 7.125020 -0.000002 0.000000 9.667702 -14.509157 7.039200
10.595680 17.756335 -14.672181 -2.144123 -44.455709 5.676420 0.000000 0.000000 0.000000 -21.756425 -2.202084 -17.169283 3.843396 11.949045 35.551955 1.578466 6.581978 -26.895757 0.297651 3.508059 9.696597 0.000000 0.000000 0.000000 9.056990 15.696862 -20.620228 -3.622959 -11.697896 34.319172 -0.644388 2.872900 -12.480168 -0.050594 -1.451567 3.992230 -5.540408 -1.219655 6.766377 3.139949 -1.957757 1.800350 6.555475 -0.986281 -1.627889 -12.820392 -0.757840 -9.933683 12.327458 -2.321228 29.005643 6.545872 -1.189386 11.232378 0.000000 0.000000 0.000000 -85.433550 -12.121951 3.272930 13.426051 -21.908274 -2.610114 -0.000001 0.000002 15.956229 5.091709 30.641764 2.577250 -7.125020 0.000002 0.000000 -29.334255 58.203838 -10.064038 0.000000 0.000000 0.000000 82.589489 -5.212916 -0.214815 -17.516463 27.533585 -4.323382 0.000002 -0.000000 -15.210221 -13.284105 15.177671 -3.537636 7.125020 -0.000002 0.000000 9.656796 -14.557810 7.020949
10.602623 17.757047 -14.658201 -2.155931 -44.822693 5.762391 0.000000 0.000000 0.000000 -21.850609 -2.163984 -17.205405 3.838150 11.941860 35.526609 1.581651 6.820388 -27.065136 0.309524 3.576721 9.888766 0.000000 0.000000 0.000000 8.992079 15.816477 -20.755327 -3.626664 -11.706382 34.328874 -0.644402 3.063547 -12.328147 -0.048408 -1.419913 3.905001 -5.654663 -1.257267 6.784276 3.184430 -2.016085 1.794350 6.673085 -1.015456 -1.629157 -12.872893 -0.643645 -9.845667 12.306539 -2.146552 28.940324 6.560873 -1.119610 11.161073 0.000000 0.000000 0.000000 -85.458709 -12.367164 3.171404 13.560808 -22.103371 -2.660608 -0.000001 0.000002 15.368258 4.470708 31.292416 2.314550 -7.125020 0.000002 0.000000 -30.500207 58.634776 -10.819052 0.000000 0.000000 0.000000 82.528435 -5.284163 -0.521147 -17.323944 27.282846 -4.234761 0.000002 -0.000000 -14.904856 -13.232148 15.227146 -3.533530 7.125020 -0.000002 0.000000 9.690961 -14.512309 7.057486
10.608681 17.757664 -14.644589 -2.146528 -45.150495 5.836089 0.000000 0.000000 0.000000 -21.955136 -2.149486 -17.231072 3.830247 11.931024 35.488402 1.583374 7.046970 -27.218905 0.319988 3.636114 10.055108 0.000000 0.000000 0.000000 8.911968 15.920008 -20.898369 -3.633615 -11.719171 34.355483 -0.643441 3.234772 -12.180051 -0.046438 -1.390765 3.824685 -5.753533 -1.291532 6.789780 3.194770 -2.068862 1.807152 6.744485 -1.043227 -1.606573 -12.933095 -0.553348 -9.756714 12.345289 -2.019096 28.841107 6.593311 -1.064660 11.084225 0.000000 0.000000 0.000000 -85.397154 -12.684039 3.164999 13.614324 -22.180671 -2.680778 -0.000001 0.000002 14.939431 4.047715 31.668294 2.125455 -7.125020 0.000002 0.000000 -31.246209 58.866599 -11.282705 0.000000 0.000000 0.000000 82.536037 -5.323124 -0.936327 -17.121744 27.017988 -4.142491 0.000002 -0.000001 -14.444955 -13.077510 15.419842 -3.531767 7.125020 -0.000002 0.000000 9.793034 -14.331089 7.175463
10.613934 17.758208 -14.631018 -2.136442 -45.443081 5.906401 0.000000 0.000000 0.000000 -22.053687 -2.142406 -17.250497 3.821115 11.918482 35.444208 1.584355 7.250681 -27.354823 0.327460 3.677920 10.172258 0.000000 0.000000 0.000000 8.834949 16.000458 -21.042594 -3.643009 -11.735368 34.394282 -0.642564 3.397471 -12.038557 -0.045400 -1.375153 3.781674 -5.818858 -1.311909 6.788034 3.171859 -2.101009 1.839967 6.759206 -1.061923 -1.564872 -12.965441 -0.497063 -9.710163 12.424661 -1.952670 28.740599 6.630499 -1.028738 11.025187 0.000000 0.000000 0.000000 -85.262103 -13.062995 3.277900 13.605309 -22.167656 -2.677376 -0.000001 0.000002 14.661438 3.759449 31.835626 1.986761 -7.125020 0.000002 0.000000 -31.678877 58.946081 -11.515740 0.000000 0.000000 0.000000 82.615827 -5.346590 -1.453175 -16.920952 26.753447 -4.051691 0.000002 -0.000001 -13.891885 -12.816608 15.754421 -3.529520 7.125020 -0.000002 0.000000 9.965527 -14.016226 7.377113
10.618721 17.758832 -14.617612 -2.146249 -45.700167 5.986375 0.000000 0.000000 0.000000 -22.128166 -2.124422 -17.273825 3.812159 11.906161 35.400817 1.585217 7.415778 -27.466783 0.331145 3.698351 10.229532 0.000000 0.000000 0.000000 8.778180 16.051365 -21.187036 -3.653996 -11.753699 34.441174 -0.641840 3.557206 -11.905815 -0.045919 -1.382978 3.803232 -5.835636 -1.311359 6.785253 3.118895 -2.102355 1.891917 6.711514 -1.066151 -1.510558 -12.927149 -0.478615 -9.739131 12.511786 -1.950174 28.663912 6.653589 -1.011876 11.000502 0.000000 0.000000 0.000000 -85.071074 -13.494521 3.534120 13.557442 -22.098507 -2.659342 -0.000001 0.000002 14.490921 3.546062 31.893011 1.877168 -7.125020 0.000002 0.000000 -31.940530 58.946634 -11.623554 0.000000 0.000000 0.000000 82.769228 -5.364822 -2.044423 -16.736592 26.509214 -3.969052 0.000002 -0.000001 -13.348935 -12.481063 16.176027 -3.521933 7.125020 -0.000002 0.000000 10.187733 -13.620841 7.635887
10.623510 17.759804 -14.604916 -2.195958 -45.920110 6.093971 0.000000 0.000000 0.000000 -22.160050 -2.080311 -17.314962 3.804273 11.895295 35.362576 1.586107 7.529254 -27.546582 0.331307 3.699248 10.232046 0.000000 0.000000 0.000000 8.755686 16.075344 -21.336650 -3.665889 -11.772696 34.494042 -0.639772 3.713373 -11.779721 -0.048497 -1.421209 3.908572 -5.799039 -1.293274 6.786004 3.049546 -2.077107 1.958114 6.613698 -1.057623 -1.450254 -12.805393 -0.489972 -9.846074 12.574235 -1.993815 28.617743 6.649985 -1.008190 11.010298 0.000000 0.000000 0.000000 -84.854770 -13.957890 3.936283 13.493205 -22.005579 -2.635224 -0.000001 0.000002 14.343390 3.420419 31.896503 1.809723 -7.125020 0.000002 0.000000 -32.067714 58.920658 -11.657201 0.000000 0.000000 0.000000 82.975011 -5.381790 -2.654072 -16.579744 26.300420 -3.899300 0.000002 -0.000001 -12.902836 -12.133620 16.587996 -3.505708 7.125020 -0.000002 0.000000 10.418209 -13.237032 7.899907
10.628604 17.761349 -14.593260 -2.289687 -46.108451 6.237662 0.000000 0.000000 0.000000 -22.146339 -2.007849 -17.380828 3.797560 11.886033 35.329997 1.586721 7.596133 -27.594398 0.329169 3.687406 10.198850 0.000000 0.000000 0.000000 8.766914 16.083303 -21.497929 -3.678423 -11.791485 34.552872 -0.634517 3.866988 -11.653552 -0.053449 -1.491892 4.103375 -5.722224 -1.269284 6.790202 2.982722 -2.041375 2.030488 6.494690 -1.044042 -1.388502 -12.621479 -0.513475 -10.008256 12.589192 -2.049923 28.596707 6.617633 -1.007567 11.042616 0.000000 0.000000 0.000000 -84.646473 -14.424137 4.454469 13.428718 -21.912142 -2.611110 -0.000001 0.000002 14.141251 3.417603 31.865437 1.805630 -7.125020 0.000002 0.000000 -32.042928 58.893320 -11.627054 0.000000 0.000000 0.000000 83.193549 -5.400543 -3.209327 -16.455507 26.134381 -3.844415 0.000002 -0.000001 -12.597559 -11.866956 16.871965 -3.484703 7.125020 -0.000002 0.000000 10.595364 -12.975292 8.096228
10.633914 17.763430 -14.582465 -2.401818 -46.277547 6.404467 0.000000 0.000000 0.000000 -22.110969 -1.923301 -17.467021 3.791381 11.877498 35.299984 1.586807 7.639231 -27.622819 0.326930 3.674968 10.163986 0.000000 0.000000 0.000000 8.788240 16.085045 -21.676837 -3.691815 -11.810408 34.618625 -0.625765 4.023180 -11.521187 -0.060479 -1.586812 4.365067 -5.638426 -1.250879 6.792790 2.929228 -2.012304 2.100984 6.386241 -1.033754 -1.326489 -12.404944 -0.534703 -10.207286 12.548030 -2.091767 28.600068 6.561100 -1.002422 11.089328 0.000000 0.000000 0.000000 -84.461843 -14.872517 5.042620 13.370596 -21.827800 -2.589459 -0.000001 0.000002 13.871861 3.519031 31.823496 1.856552 -7.125020 0.000002 0.000000 -31.905804 58.880492 -11.561508 0.000000 0.000000 0.000000 83.392703 -5.424897 -3.650872 -16.365023 26.013087 -3.804645 0.000002 -0.000001 -12.441634 -11.772499 16.936855 -3.469950 7.125020 -0.000002 0.000000 10.658319 -12.918339 8.157731
10.639003 17.765652 -14.571981 -2.486267 -46.439593 6.564582 0.000000 0.000000 0.000000 -22.095174 -1.852285 -17.561875 3.784840 11.868451 35.268190 1.586612 7.684275 -27.650198 0.327038 3.675565 10.165659 0.000000 0.000000 0.000000 8.782441 16.082715 -21.876020 -3.706465 -11.830723 34.691317 -0.615464 4.187011 -11.381461 -0.068222 -1.685143 4.636288 -5.590392 -1.244404 6.789302 2.887054 -2.001003 2.163132 6.311520 -1.032120 -1.265189 -12.178627 -0.549621 -10.440683 12.462767 -2.113825 28.636294 6.490308 -0.991719 11.152442 0.000000 0.000000 0.000000 -84.296814 -15.294702 5.661038 13.317445 -21.750568 -2.569730 -0.000001 0.000002 13.572513 3.673941 31.793739 1.936499 -7.125020 0.000002 0.000000 -31.727115 58.889959 -11.496062 0.000000 0.000000 0.000000 83.563239 -5.456736 -3.959975 -16.304236 25.931429 -3.778024 0.000002 -0.000001 -12.406490 -11.877845 16.782340 -3.470749 7.125020 -0.000002 0.000000 10.588842 -13.063855 8.069976
10.643349 17.767476 -14.561095 -2.507915 -46.602006 6.690348 0.000000 0.000000 0.000000 -22.131218 -1.813160 -17.651270 3.777485 11.858267 35.232412 1.586599 7.749443 -27.691702 0.330513 3.694858 10.219740 0.000000 0.000000 0.000000 8.723980 16.072712 -22.089413 -3.722423 -11.853456 34.768562 -0.606561 4.359176 -11.237224 -0.074014 -1.755059 4.829212 -5.607456 -1.251866 6.782870 2.849052 -2.012321 2.211662 6.280345 -1.041232 -1.210253 -11.968523 -0.557516 -10.689470 12.369397 -2.122024 28.699633 6.422729 -0.977583 11.227006 0.000000 0.000000 0.000000 -84.145079 -15.681950 6.275080 13.267694 -21.678186 -2.551323 -0.000001 0.000002 13.288049 3.855582 31.771499 2.030707 -7.125020 0.000002 0.000000 -31.528834 58.911518 -11.432133 0.000000 0.000000 0.000000 83.712917 -5.494499 -4.163577 -16.262021 25.874636 -3.759583 0.000002 -0.000001 -12.424733 -12.119576 16.505417 -3.486785 7.125020 -0.000002 0.000000 10.429248 -13.320540 7.886760
10.646596 17.768593 -14.549218 -2.468831 -46.766187 6.775469 0.000000 0.000000 0.000000 -22.220909 -1.809229 -17.723641 3.769670 11.847429 35.194362 1.586817 7.844376 -27.754286 0.336020 3.725211 10.304845 0.000000 0.000000 0.000000 8.617923 16.052943 -22.302289 -3.739110 -11.878385 34.845857 -0.601084 4.535000 -11.092921 -0.074929 -1.765858 4.859015 -5.686574 -1.272503 6.783045 2.812245 -2.045545 2.243032 6.288190 -1.060309 -1.171028 -11.804566 -0.554554 -10.898129 12.307979 -2.118976 28.754977 6.376120 -0.960953 11.288820 0.000000 0.000000 0.000000 -84.013458 -16.018604 6.842185 13.227690 -21.619919 -2.536565 -0.000001 0.000002 13.060108 4.071050 31.725416 2.140921 -7.125020 0.000002 0.000000 -31.275455 58.920128 -11.336080 0.000000 0.000000 0.000000 83.852846 -5.535545 -4.314331 -16.224259 25.823778 -3.743118 0.000002 -0.000001 -12.420241 -12.382993 16.232259 -3.508774 7.125020 -0.000002 0.000000 10.255570 -13.572087 7.693964
10.648682 17.769099 -14.536189 -2.402826 -46.928639 6.837314 0.000000 0.000000 0.000000 -22.338639 -1.832474 -17.776216 3.762310 11.837210 35.158502 1.586850 7.969807 -27.836103 0.341011 3.752501 10.381388 0.000000 0.000000 0.000000 8.492841 16.028857 -22.500155 -3.755574 -11.904164 34.918577 -0.599362 4.706422 -10.953948 -0.070358 -1.711252 4.708323 -5.797717 -1.302312 6.797004 2.779951 -2.093730 2.257071 6.321133 -1.085626 -1.153764 -11.702426 -0.537352 -11.010109 12.293530 -2.102653 28.761495 6.355994 -0.941639 11.310460 0.000000 0.000000 0.000000 -83.919970 -16.293916 7.322188 13.210557 -21.594948 -2.530256 -0.000001 0.000002 12.912031 4.329547 31.631544 2.270462 -7.125020 0.000002 0.000000 -30.936352 58.897624 -11.181751 0.000000 0.000000 0.000000 83.988832 -5.578131 -4.465042 -16.180799 25.765178 -3.724206 0.000002 -0.000001 -12.347140 -12.562789 16.048102 -3.523783 7.125020 -0.000002 0.000000 10.137385 -13.741740 7.562905
10.649819 17.769328 -14.522273 -2.346262 -47.084043 6.900367 0.000000 0.000000 0.000000 -22.453552 -1.867945 -17.817343 3.756389 11.828978 35.129627 1.586511 8.113768 -27.928592 0.343984 3.768655 10.426706 0.000000 0.000000 0.000000 8.376868 16.010847 -22.677061 -3.771030 -11.929206 34.984267 -0.600358 4.866135 -10.825717 -0.062919 -1.618440 4.452292 -5.908855 -1.334820 6.824819 2.757655 -2.146167 2.257445 6.365811 -1.111934 -1.157316 -11.658061 -0.506874 -11.007626 12.316034 -2.071804 28.700497 6.356391 -0.919723 11.281010 0.000000 0.000000 0.000000 -83.878242 -16.515524 7.704432 13.227246 -21.619272 -2.536401 -0.000001 0.000002 12.817519 4.594097 31.514495 2.401423 -7.125020 0.000002 0.000000 -30.570513 58.856765 -11.003183 0.000000 0.000000 0.000000 84.119788 -5.620468 -4.649832 -16.128903 25.695112 -3.701676 0.000002 -0.000001 -12.201549 -12.601804 15.976914 -3.521137 7.125020 -0.000002 0.000000 10.112450 -13.809846 7.526972
10.650346 17.769598 -14.507872 -2.321118 -47.228376 6.981899 0.000000 0.000000 0.000000 -22.543587 -1.892649 -17.862341 3.752625 11.823741 35.111265 1.586376 8.249990 -28.018566 0.345159 3.775022 10.444571 0.000000 0.000000 0.000000 8.286082 16.005812 -22.835219 -3.785249 -11.952457 35.043860 -0.602205 5.011171 -10.711459 -0.056093 -1.528276 4.203672 -6.002046 -1.364971 6.862919 2.749282 -2.194751 2.250768 6.415271 -1.135625 -1.174559 -11.658666 -0.466088 -10.909629 12.360119 -2.026700 28.575734 6.369484 -0.895056 11.205934 0.000000 0.000000 0.000000 -83.885492 -16.707047 8.012764 13.279016 -21.694666 -2.555506 -0.000001 0.000002 12.701989 4.782489 31.441794 2.495339 -7.125020 0.000002 0.000000 -30.319488 58.836793 -10.886876 0.000000 0.000000 0.000000 84.241390 -5.657928 -4.876271 -16.071806 25.617908 -3.676954 0.000002 -0.000001 -12.005598 -12.500353 15.996140 -3.496609 7.125020 -0.000002 0.000000 10.180546 -13.798816 7.580906
10.650498 17.770103 -14.493336 -2.344613 -47.360434 7.095527 0.000000 0.000000 0.000000 -22.589755 -1.875474 -17.927934 3.751343 11.821957 35.105009 1.587430 8.344352 -28.089564 0.344927 3.773764 10.441043 0.000000 0.000000 0.000000 8.233776 16.015731 -22.979865 -3.798680 -11.973833 35.101507 -0.602906 5.141082 -10.611190 -0.052053 -1.472305 4.049386 -6.068576 -1.392640 6.907646 2.757961 -2.238514 2.245292 6.467452 -1.156884 -1.195201 -11.686506 -0.416266 -10.753203 12.410433 -1.965903 28.403933 6.387842 -0.865988 11.099058 0.000000 0.000000 0.000000 -83.925799 -16.895756 8.280040 13.355538 -21.805931 -2.583862 -0.000001 0.000002 12.486092 4.851785 31.459882 2.533199 -7.125020 0.000002 0.000000 -30.266636 58.867733 -10.888109 0.000000 0.000000 0.000000 84.351037 -5.680296 -5.130864 -16.014520 25.540327 -3.652220 0.000002 -0.000001 -11.784260 -12.303425 16.062029 -3.453827 7.125020 -0.000002 0.000000 10.311798 -13.748845 7.692858
10.650260 17.770905 -14.478969 -2.433530 -47.481196 7.254374 0.000000 0.000000 0.000000 -22.574740 -1.787802 -18.027409 3.752437 11.823481 35.110351 1.590251 8.369066 -28.126049 0.342575 3.761011 10.405261 0.000000 0.000000 0.000000 8.234089 16.041735 -23.116859 -3.812364 -11.994447 35.163152 -0.601359 5.254124 -10.522273 -0.052077 -1.472642 4.050315 -6.103863 -1.422346 6.954496 2.786608 -2.282860 2.248521 6.522843 -1.179125 -1.208132 -11.718154 -0.356236 -10.581569 12.447660 -1.884949 28.209900 6.402379 -0.829349 10.977942 0.000000 0.000000 0.000000 -83.982099 -17.102855 8.523910 13.438120 -21.925775 -2.614618 -0.000001 0.000002 12.128118 4.874973 31.540798 2.551257 -7.125020 0.000002 0.000000 -30.315131 58.941751 -10.962209 0.000000 0.000000 0.000000 84.449138 -5.675949 -5.380205 -15.962513 25.469788 -3.629826 0.000002 -0.000001 -11.567036 -12.083672 16.130632 -3.404331 7.125020 -0.000002 0.000000 10.457843 -13.698035 7.817274
10.649429 17.771891 -14.464967 -2.581630 -47.592754 7.455257 0.000000 0.000000 0.000000 -22.502504 -1.622429 -18.163504 3.755469 11.827699 35.125143 1.594742 8.318252 -28.123030 0.337073 3.730984 10.321034 0.000000 0.000000 0.000000 8.284201 16.081876 -23.253133 -3.827695 -12.016654 35.234322 -0.598451 5.350121 -10.440076 -0.058103 -1.555382 4.278402 -6.116497 -1.459010 6.998011 2.833535 -2.334603 2.263455 6.584749 -1.206178 -1.205825 -11.737533 -0.284518 -10.427711 12.459138 -1.780261 28.016520 6.407518 -0.782683 10.857395 0.000000 0.000000 0.000000 -84.045587 -17.336051 8.745105 13.508565 -22.027814 -2.640981 -0.000001 0.000002 11.641127 5.001639 31.597612 2.621696 -7.125020 0.000002 0.000000 -30.239791 59.017885 -10.988082 0.000000 0.000000 0.000000 84.537653 -5.645059 -5.564089 -15.925823 25.419963 -3.614063 0.000002 -0.000001 -11.421057 -11.930120 16.164679 -3.366071 7.125020 -0.000002 0.000000 10.559331 -13.676294 7.901883
10.647771 17.772761 -14.451141 -2.750298 -47.700360 7.669768 0.000000 0.000000 0.000000 -22.407328 -1.403678 -18.321906 3.759861 11.833808 35.146566 1.600615 8.216114 -28.095273 0.328401 3.683146 10.186908 0.000000 0.000000 0.000000 8.356858 16.128628 -23.394175 -3.846026 -12.043494 35.318278 -0.597148 5.434752 -10.360200 -0.073648 -1.750730 4.817263 -6.128007 -1.502624 7.034494 2.889116 -2.395075 2.287421 6.655303 -1.238606 -1.188318 -11.755928 -0.202660 -10.296906 12.460653 -1.656451 27.831822 6.411402 -0.727579 10.742250 0.000000 0.000000 0.000000 -84.116666 -17.586177 8.934737 13.559772 -22.101874 -2.660218 -0.000001 0.000002 11.094918 5.323262 31.550258 2.786597 -7.125020 0.000002 0.000000 -29.878247 59.048519 -10.864529 0.000000 0.000000 0.000000 84.621297 -5.606967 -5.605019 -15.921667 25.414316 -3.612279 0.000002 -0.000001 -11.475174 -11.934974 16.131516 -3.359006 7.125020 -0.000002 0.000000 10.554781 -13.708586 7.893807
10.645164 17.773126 -14.436732 -2.901764 -47.814378 7.865400 0.000000 0.000000 0.000000 -22.327439 -1.174677 -18.473900 3.765137 11.841138 35.172281 1.607955 8.108508 -28.074317 0.317569 3.622472 10.016892 0.000000 0.000000 0.000000 8.425953 16.173664 -23.537709 -3.868045 -12.076994 35.415178 -0.600527 5.513957 -10.282739 -0.102730 -2.066818 5.690349 -6.149329 -1.546863 7.064211 2.939646 -2.456767 2.316605 6.725818 -1.272223 -1.161146 -11.806818 -0.117071 -10.174078 12.495663 -1.529268 27.651852 6.434631 -0.670473 10.630355 0.000000 0.000000 0.000000 -84.196165 -17.836705 9.077756 13.598053 -22.157179 -2.674638 -0.000001 0.000002 10.600354 5.775915 31.385806 3.010531 -7.125020 0.000002 0.000000 -29.282995 59.008496 -10.595781 0.000000 0.000000 0.000000 84.710518 -5.589172 -5.439496 -15.968200 25.477507 -3.632272 0.000002 -0.000001 -11.886023 -12.169438 16.007318 -3.398495 7.125020 -0.000002 0.000000 10.396785 -13.812995 7.752597
10.641654 17.772715 -14.420821 -3.031234 -47.944228 8.030559 0.000000 0.000000 0.000000 -22.275369 -0.972224 -18.590928 3.771135 11.849463 35.201499 1.617141 8.038049 -28.090459 0.305850 3.555619 9.829693 0.000000 0.000000 0.000000 8.491278 16.209461 -23.672961 -3.893143 -12.116212 35.522143 -0.608876 5.583764 -10.213961 -0.145378 -2.457152 6.770860 -6.165773 -1.583621 7.091496 2.974494 -2.508247 2.350062 6.776014 -1.300878 -1.130789 -11.908704 -0.037553 -10.054810 12.596555 -1.418895 27.480722 6.491064 -0.619420 10.525271 0.000000 0.000000 0.000000 -84.276211 -18.079162 9.164564 13.634330 -22.209541 -2.688336 -0.000001 0.000002 10.255295 6.181944 31.171452 3.204840 -7.125020 0.000002 0.000000 -28.691684 58.915260 -10.292712 0.000000 0.000000 0.000000 84.818489 -5.608149 -5.063272 -16.070282 25.615847 -3.676294 0.000002 -0.000000 -12.717033 -12.637163 15.797032 -3.485679 7.125020 -0.000002 0.000000 10.083107 -13.984867 7.477715
10.637433 17.771601 -14.403143 -3.160295 -48.087326 8.178229 0.000000 0.000000 0.000000 -22.237066 -0.815284 -18.661953 3.778001 11.858982 35.234923 1.628101 8.022496 -28.154207 0.294365 3.488810 9.642748 0.000000 0.000000 0.000000 8.572171 16.225405 -23.791145 -3.919507 -12.157095 35.634534 -0.618779 5.627801 -10.163128 -0.192068 -2.822371 7.784608 -6.151671 -1.609138 7.121936 2.990700 -2.543077 2.387057 6.787851 -1.320938 -1.103562 -12.040820 0.027199 -9.956992 12.752030 -1.338933 27.338174 6.572695 -0.579770 10.439853 0.000000 0.000000 0.000000 -84.341904 -18.317684 9.210733 13.673998 -22.266742 -2.703348 -0.000001 0.000002 10.082419 6.382934 31.013331 3.296157 -7.125020 0.000002 0.000000 -28.355008 58.824381 -10.094873 0.000000 0.000000 0.000000 84.952400 -5.658968 -4.568645 -16.207651 25.801393 -3.735885 0.000002 -0.000000 -13.806790 -13.227864 15.553131 -3.599203 7.125020 -0.000002 0.000000 9.687652 -14.181404 7.135152
10.632776 17.770287 -14.384473 -3.311140 -48.226562 8.334133 0.000000 0.000000 0.000000 -22.190179 -0.713115 -18.698695 3.785786 11.869761 35.272790 1.639703 8.055779 -28.253836 0.283966 3.427150 9.470327 0.000000 0.000000 0.000000 8.685318 16.210982 -23.897117 -3.945240 -12.195065 35.748653 -0.625515 5.624264 -10.137137 -0.226639 -3.064314 8.457854 -6.092966 -1.626168 7.156779 2.992322 -2.563924 2.423625 6.757914 -1.333354 -1.084360 -12.160211 0.074055 -9.898864 12.919795 -1.290787 27.241797 6.656782 -0.552147 10.384435 0.000000 0.000000 0.000000 -84.380728 -18.562360 9.253270 13.715097 -22.325948 -2.718942 -0.000001 0.000002 10.035447 6.325530 30.992340 3.264828 -7.125020 0.000002 0.000000 -28.394452 58.793990 -10.088866 0.000000 0.000000 0.000000 85.110811 -5.718178 -4.114970 -16.341440 25.981422 -3.794306 0.000002 -0.000000 -14.815669 -13.752330 15.356552 -3.703348 7.125020 -0.000002 0.000000 9.337062 -14.336846 6.835239
10.627893 17.769446 -14.365921 -3.489877 -48.344254 8.519087 0.000000 0.000000 0.000000 -22.122056 -0.673522 -18.721990 3.794023 11.881148 35.312813 1.650422 8.125917 -28.371437 0.275506 3.376135 9.327754 0.000000 0.000000 0.000000 8.831208 16.166078 -24.007691 -3.969866 -12.228618 35.864618 -0.626766 5.559998 -10.135223 -0.240191 -3.153971 8.707711 -5.995387 -1.640172 7.189884 2.986081 -2.577966 2.455132 6.696947 -1.341625 -1.072845 -12.229078 0.105396 -9.884265 13.055483 -1.266585 27.194390 6.720584 -0.533657 10.359619 0.000000 0.000000 0.000000 -84.392175 -18.820663 9.315532 13.753576 -22.381327 -2.733576 -0.000001 0.000002 10.067443 6.047962 31.120557 3.131709 -7.125020 0.000002 0.000000 -28.781775 58.843119 -10.276589 0.000000 0.000000 0.000000 85.288713 -5.756178 -3.836475 -16.437734 26.110580 -3.836588 0.000002 -0.000000 -15.449376 -14.060829 15.264435 -3.770181 7.125020 -0.000002 0.000000 9.131501 -14.405154 6.663169
10.622793 17.769463 -14.347849 -3.686469 -48.438189 8.735514 0.000000 0.000000 0.000000 -22.036287 -0.699401 -18.743049 3.801786 11.891865 35.350506 1.659797 8.226272 -28.500017 0.270476 3.345421 9.241953 0.000000 0.000000 0.000000 8.996279 16.102608 -24.138208 -3.994896 -12.260632 35.987392 -0.623968 5.442656 -10.147825 -0.239004 -3.146228 8.686122 -5.879320 -1.654241 7.213574 2.978806 -2.590214 2.479910 6.623921 -1.348516 -1.064359 -12.226386 0.125462 -9.911521 13.125729 -1.255333 27.192041 6.748452 -0.520489 10.361978 0.000000 0.000000 0.000000 -84.392454 -19.091423 9.381208 13.787610 -22.430262 -2.746549 -0.000001 0.000002 10.167916 5.631604 31.342049 2.933039 -7.125020 0.000002 0.000000 -29.389223 58.941148 -10.588622 0.000000 0.000000 0.000000 85.478203 -5.752233 -3.782404 -16.484414 26.173066 -3.857156 0.000002 -0.000000 -15.607333 -14.118312 15.279970 -3.791514 7.125020 -0.000002 0.000000 9.094262 -14.385308 6.636628
10.617449 17.770261 -14.330039 -3.883385 -48.513915 8.969896 0.000000 0.000000 0.000000 -21.944814 -0.781826 -18.763425 3.808131 11.900612 35.381283 1.668638 8.344589 -28.637839 0.270837 3.347635 9.248136 0.000000 0.000000 0.000000 9.162645 16.031529 -24.296305 -4.022918 -12.296003 36.125246 -0.619974 5.293246 -10.163515 -0.236303 -3.128519 8.636759 -5.771433 -1.670886 7.229644 2.977765 -2.605906 2.497239 6.562307 -1.356844 -1.058147 -12.152593 0.139042 -9.977248 13.117335 -1.246322 27.228846 6.736162 -0.509065 10.387050 0.000000 0.000000 0.000000 -84.406859 -19.365519 9.406373 13.817323 -22.472952 -2.757896 -0.000001 0.000002 10.337924 5.170875 31.573108 2.710137 -7.125020 0.000002 0.000000 -30.051068 59.036716 -10.924291 0.000000 0.000000 0.000000 85.664667 -5.703407 -3.922999 -16.489351 26.179669 -3.859333 0.000002 -0.000001 -15.354689 -13.976514 15.369447 -3.773756 7.125020 -0.000002 0.000000 9.190424 -14.306997 6.723515
10.612045 17.771548 -14.312803 -4.062379 -48.564651 9.205828 0.000000 0.000000 0.000000 -21.856676 -0.898117 -18.789629 3.812357 11.906432 35.401771 1.677739 8.449199 -28.769794 0.277566 3.388634 9.362678 0.000000 0.000000 0.000000 9.314889 15.951202 -24.488222 -4.056181 -12.338286 36.286927 -0.615880 5.126234 -10.177248 -0.241169 -3.160342 8.725472 -5.696672 -1.696610 7.251116 2.988759 -2.636049 2.504512 6.533994 -1.371964 -1.060880 -12.034326 0.152401 -10.064704 13.050927 -1.230814 27.286253 6.695911 -0.495998 10.423241 0.000000 0.000000 0.000000 -84.452736 -19.633966 9.354998 13.843275 -22.510212 -2.767824 -0.000001 0.000002 10.555077 4.757741 31.749676 2.506353 -7.125020 0.000002 0.000000 -30.618683 59.095649 -11.198114 0.000000 0.000000 0.000000 85.830729 -5.622269 -4.179913 -16.470401 26.154315 -3.850977 0.000002 -0.000001 -14.836167 -13.709750 15.496688 -3.728664 7.125020 -0.000002 0.000000 9.369967 -14.200842 6.880254
10.606748 17.773080 -14.297000 -4.206372 -48.576146 9.429755 0.000000 0.000000 0.000000 -21.778154 -1.016313 -18.833813 3.813866 11.908510 35.409085 1.686906 8.503827 -28.869720 0.289176 3.458185 9.557097 0.000000 0.000000 0.000000 9.440860 15.852075 -24.720319 -4.095975 -12.388709 36.479151 -0.610698 4.946708 -10.190403 -0.255158 -3.250037 8.975659 -5.671951 -1.737272 7.289716 3.011471 -2.690200 2.500579 6.549567 -1.398508 -1.077879 -11.919027 0.171010 -10.140812 12.979496 -1.205793 27.328976 6.654127 -0.479381 10.450275 0.000000 0.000000 0.000000 -84.529246 -19.895514 9.230614 13.866034 -22.542868 -2.776543 -0.000001 0.000002 10.764313 4.465752 31.848339 2.359680 -7.125020 0.000002 0.000000 -30.996815 59.114846 -11.366764 0.000000 0.000000 0.000000 85.967516 -5.526916 -4.460863 -16.447471 26.123619 -3.840875 0.000002 -0.000001 -14.212130 -13.379124 15.641295 -3.668273 7.125020 -0.000002 0.000000 9.591847 -14.082586 7.072816
10.601217 17.774688 -14.282886 -4.297632 -48.549512 9.625901 0.000000 0.000000 0.000000 -21.722370 -1.106917 -18.898277 3.811836 11.905715 35.399246 1.695138 8.497770 -28.922536 0.301785 3.532119 9.763918 0.000000 0.000000 0.000000 9.528152 15.729048 -24.991166 -4.142822 -12.447390 36.705026 -0.603581 4.764187 -10.205328 -0.274195 -3.368156 9.305464 -5.706314 -1.788983 7.344188 3.037786 -2.763886 2.489728 6.605104 -1.434498 -1.104543 -11.849499 0.195211 -10.175518 12.957862 -1.176715 27.323768 6.636414 -0.460457 10.450517 0.000000 0.000000 0.000000 -84.620949 -20.155866 9.085222 13.885686 -22.571051 -2.784081 -0.000001 0.000002 10.893129 4.330206 31.880380 2.290523 -7.125020 0.000002 0.000000 -31.159923 59.112105 -11.431356 0.000000 0.000000 0.000000 86.078745 -5.434904 -4.684567 -16.439309 26.112687 -3.837282 0.000002 -0.000001 -13.629915 -13.034205 15.791280 -3.603780 7.125020 -0.000002 0.000000 9.822906 -13.960315 7.274311
10.594621 17.776197 -14.269446 -4.319362 -48.506466 9.775057 0.000000 0.000000 0.000000 -21.711040 -1.156987 -18.967164 3.805129 11.896475 35.366725 1.701566 8.453662 -28.937042 0.311072 3.585569 9.913539 0.000000 0.000000 0.000000 9.563320 15.586621 -25.287793 -4.196722 -12.514358 36.963416 -0.595440 4.598311 -10.222519 -0.293002 -3.480789 9.620313 -5.802613 -1.838811 7.402036 3.055679 -2.839716 2.479122 6.687499 -1.471754 -1.129607 -11.835327 0.220331 -10.160376 13.006549 -1.153671 27.260773 6.650578 -0.442715 10.420139 0.000000 0.000000 0.000000 -84.708288 -20.418688 8.997199 13.901892 -22.594282 -2.790305 -0.000001 0.000002 10.879963 4.337945 31.877049 2.294553 -7.125020 0.000002 0.000000 -31.149219 59.111171 -11.426062 0.000000 0.000000 0.000000 86.172927 -5.364460 -4.786842 -16.462106 26.143213 -3.847322 0.000002 -0.000001 -13.216731 -12.721820 15.927437 -3.544459 7.125020 -0.000002 0.000000 10.031929 -13.849450 7.457420
10.586158 17.777416 -14.254802 -4.268391 -48.476193 9.865762 0.000000 0.000000 0.000000 -21.760412 -1.174344 -19.013360 3.792692 11.879310 35.306351 1.706357 8.410913 -28.940540 0.314520 3.605198 9.968510 0.000000 0.000000 0.000000 9.540811 15.437894 -25.590244 -4.257166 -12.589459 37.249460 -0.588420 4.471415 -10.240802 -0.310074 -3.579862 9.897562 -5.950750 -1.873379 7.447942 3.055141 -2.898606 2.474923 6.778132 -1.501208 -1.142222 -11.851550 0.240435 -10.106559 13.106053 -1.145085 27.153325 6.684767 -0.429568 10.367715 0.000000 0.000000 0.000000 -84.777796 -20.679253 9.028237 13.916095 -22.614632 -2.795764 -0.000001 0.000002 10.700978 4.441501 31.873177 2.349174 -7.125020 0.000002 0.000000 -31.043279 59.131145 -11.397441 0.000000 0.000000 0.000000 86.256829 -5.330391 -4.732595 -16.524672 26.226888 -3.874931 0.000002 -0.000000 -13.051661 -12.476711 16.025087 -3.495340 7.125020 -0.000002 0.000000 10.195807 -13.771777 7.599441
10.575464 17.778197 -14.237087 -4.166687 -48.484185 9.905154 0.000000 0.000000 0.000000 -21.866538 -1.177538 -19.011348 3.774328 11.853892 35.217045 1.710687 8.407119 -28.965482 0.312051 3.591155 9.929182 0.000000 0.000000 0.000000 9.473031 15.301545 -25.878184 -4.323182 -12.672025 37.556030 -0.584646 4.399213 -10.257569 -0.328726 -3.684956 10.191981 -6.121681 -1.884241 7.469495 3.031894 -2.926641 2.482570 6.854103 -1.516303 -1.133910 -11.863408 0.250039 -10.035759 13.220527 -1.156287 27.025536 6.720292 -0.423662 10.307491 0.000000 0.000000 0.000000 -84.827922 -20.928950 9.188054 13.933712 -22.639864 -2.802542 -0.000001 0.000002 10.383366 4.588619 31.891916 2.428427 -7.125020 0.000002 0.000000 -30.914784 59.180149 -11.381320 0.000000 0.000000 0.000000 86.338076 -5.331600 -4.539800 -16.622235 26.357074 -3.918146 0.000002 -0.000000 -13.119988 -12.310481 16.071956 -3.457656 7.125020 -0.000002 0.000000 10.306887 -13.738511 7.691713
10.562688 17.778488 -14.215338 -4.052017 -48.543275 9.915057 0.000000 0.000000 0.000000 -22.006893 -1.181352 -18.950060 3.751382 11.822010 35.105192 1.715876 8.462602 -29.033890 0.305038 3.550933 9.816575 0.000000 0.000000 0.000000 9.386401 15.191935 -26.137872 -4.393554 -12.760908 37.875528 -0.585581 4.383567 -10.270803 -0.353054 -3.817512 10.563825 -6.278156 -1.870107 7.461804 2.988493 -2.919030 2.505671 6.896089 -1.514854 -1.100895 -11.850533 0.245035 -9.973348 13.321164 -1.189327 26.903800 6.744357 -0.426734 10.254717 0.000000 0.000000 0.000000 -84.867168 -21.161841 9.433146 13.962452 -22.681006 -2.813615 -0.000001 0.000002 9.997665 4.744362 31.937243 2.514229 -7.125020 0.000002 0.000000 -30.801963 59.253822 -11.389978 0.000000 0.000000 0.000000 86.426399 -5.347543 -4.277369 -16.736704 26.509361 -3.969102 0.000002 -0.000000 -13.312427 -12.217039 16.079022 -3.432336 7.125020 -0.000002 0.000000 10.369303 -13.739089 7.739447
10.548424 17.778332 -14.190117 -3.955087 -48.641449 9.920103 0.000000 0.000000 0.000000 -22.153195 -1.189703 -18.843332 3.726882 11.787817 34.985432 1.722672 8.566264 -29.143951 0.295043 3.492790 9.653882 0.000000 0.000000 0.000000 9.306020 15.107096 -26.369417 -4.467002 -12.854450 38.201586 -0.591545 4.406582 -10.283634 -0.383115 -3.974955 11.006220 -6.394643 -1.840143 7.431619 2.933625 -2.886297 2.540718 6.899836 -1.501744 -1.049747 -11.813429 0.226288 -9.937057 13.393163 -1.238933 26.809129 6.753587 -0.437840 10.219899 0.000000 0.000000 0.000000 -84.904689 -21.375281 9.696690 14.006672 -22.744247 -2.830689 -0.000001 0.000002 9.627382 4.888347 31.997813 2.595048 -7.125020 0.000002 0.000000 -30.714798 59.337933 -11.416844 0.000000 0.000000 0.000000 86.526307 -5.352978 -4.017079 -16.846410 26.654850 -4.018193 0.000002 -0.000000 -13.495804 -12.183128 16.073288 -3.421358 7.125020 -0.000002 0.000000 10.391914 -13.747562 7.755021
10.533600 17.777863 -14.163563 -3.888374 -48.737933 9.944182 0.000000 0.000000 0.000000 -22.279346 -1.200070 -18.732504 3.705000 11.757146 34.878182 1.731224 8.674654 -29.268395 0.283399 3.423760 9.460851 0.000000 0.000000 0.000000 9.245332 15.030043 -26.590302 -4.542167 -12.950061 38.530085 -0.600881 4.430072 -10.306287 -0.412866 -4.124606 11.427491 -6.466715 -1.813789 7.394569 2.879872 -2.854728 2.574878 6.879147 -1.489048 -0.997669 -11.764883 0.201528 -9.928498 13.433204 -1.291139 26.749371 6.750967 -0.452243 10.204039 0.000000 0.000000 0.000000 -84.942085 -21.570608 9.919970 14.062960 -22.824645 -2.852488 -0.000001 0.000002 9.332851 4.995151 32.059328 2.656290 -7.125020 0.000002 0.000000 -30.665532 59.414484 -11.453696 0.000000 0.000000 0.000000 86.630169 -5.336697 -3.779584 -16.939091 26.777407 -4.059860 0.000002 -0.000001 -13.595999 -12.190147 16.080905 -3.424818 7.125020 -0.000002 0.000000 10.387082 -13.739300 7.753369
10.519267 17.777309 -14.138846 -3.853125 -48.775372 10.015119 0.000000 0.000000 0.000000 -22.360647 -1.212407 -18.677371 3.689942 11.735967 34.804216 1.741142 8.729280 -29.365149 0.271204 3.349886 9.254425 0.000000 0.000000 0.000000 9.208096 14.941051 -26.832489 -4.617401 -13.043870 38.858561 -0.609466 4.405713 -10.350704 -0.432718 -4.221368 11.700296 -6.506470 -1.813653 7.366880 2.841390 -2.856117 2.590548 6.859562 -1.491370 -0.965264 -11.721704 0.181114 -9.937314 13.449620 -1.330434 26.718380 6.743713 -0.463759 10.200334 0.000000 0.000000 0.000000 -84.975918 -21.755986 10.066022 14.121527 -22.908178 -2.875246 -0.000001 0.000002 9.133945 5.031925 32.115300 2.679838 -7.125020 0.000002 0.000000 -30.680833 59.470356 -11.502107 0.000000 0.000000 0.000000 86.722333 -5.303533 -3.538333 -17.015635 26.878380 -4.094405 0.000002 -0.000001 -13.606784 -12.206753 16.116445 -3.436669 7.125020 -0.000002 0.000000 10.375643 -13.702292 7.753270
10.506316 17.776999 -14.119173 -3.849420 -48.700130 10.161862 0.000000 0.000000 0.000000 -22.373593 -1.229250 -18.735432 3.684477 11.728266 34.777340 1.751137 8.678235 -29.390818 0.258991 3.274176 9.043028 0.000000 0.000000 0.000000 9.195681 14.823767 -27.131241 -4.690612 -13.131063 39.184177 -0.611422 4.295612 -10.420261 -0.436494 -4.239509 11.751479 -6.533499 -1.856319 7.362016 2.831751 -2.914620 2.572603 6.869520 -1.519760 -0.969954 -11.697953 0.171166 -9.951617 13.458558 -1.349410 26.702688 6.740228 -0.468763 10.200261 0.000000 0.000000 0.000000 -85.005289 -21.945161 10.123604 14.171254 -22.979002 -2.894630 -0.000001 0.000002 9.015034 4.982326 32.166078 2.656860 -7.125020 0.000002 0.000000 -30.777206 59.502025 -11.566552 0.000000 0.000000 0.000000 86.792311 -5.258886 -3.279767 -17.081134 26.964607 -4.124060 0.000002 -0.000001 -13.529842 -12.187454 16.185826 -3.444912 7.125020 -0.000002 0.000000 10.387866 -13.634341 7.778669
10.494976 17.777182 -14.105951 -3.879853 -48.493167 10.395693 0.000000 0.000000 0.000000 -22.305602 -1.249558 -18.926040 3.688750 11.734288 34.798355 1.759599 8.502260 -29.325294 0.247057 3.198412 8.831636 0.000000 0.000000 0.000000 9.211952 14.668842 -27.499648 -4.759734 -13.207608 39.502740 -0.601739 4.096484 -10.504349 -0.425160 -4.184808 11.597180 -6.564568 -1.943288 7.390548 2.858929 -3.033957 2.516917 6.927895 -1.575739 -1.019985 -11.689327 0.170096 -9.966817 13.463783 -1.351745 26.692052 6.740079 -0.468042 10.199712 0.000000 0.000000 0.000000 -85.034319 -22.149310 10.105639 14.204601 -23.026449 -2.907662 -0.000001 0.000002 8.941858 4.865848 32.207917 2.597442 -7.125020 0.000002 0.000000 -30.931729 59.510796 -11.638390 0.000000 0.000000 0.000000 86.841861 -5.199793 -3.033007 -17.137800 27.039076 -4.149787 0.000002 -0.000001 -13.352076 -12.096883 16.290181 -3.439378 7.125020 -0.000002 0.000000 10.447316 -13.537247 7.847451
10.484294 17.777701 -14.096814 -3.948029 -48.203104 10.690834 0.000000 0.000000 0.000000 -22.170578 -1.272042 -19.196867 3.700133 11.750308 34.854289 1.766879 8.244399 -29.205437 0.236937 3.132685 8.648371 0.000000 0.000000 0.000000 9.262052 14.485469 -27.902290 -4.824024 -13.273099 39.810659 -0.580234 3.851363 -10.584851 -0.401795 -4.069588 11.272524 -6.603668 -2.054691 7.453627 2.918409 -3.188041 2.437426 7.029869 -1.647078 -1.105903 -11.672888 0.172223 -9.983849 13.450370 -1.346223 26.684634 6.732412 -0.464831 10.199581 0.000000 0.000000 0.000000 -85.071112 -22.366103 10.034571 14.221973 -23.051149 -2.914460 -0.000001 0.000002 8.883333 4.729761 32.227539 2.525956 -7.125020 0.000002 0.000000 -31.085013 59.496308 -11.692168 0.000000 0.000000 0.000000 86.875556 -5.126555 -2.822591 -17.189606 27.107053 -4.173366 0.000002 -0.000001 -13.099633 -11.945163 16.418204 -3.420509 7.125020 -0.000002 0.000000 10.547358 -13.421581 7.952102
10.472536 17.777974 -14.086631 -4.049843 -47.926922 10.992543 0.000000 0.000000 0.000000 -22.010015 -1.301607 -19.446660 3.714270 11.770156 34.923653 1.776032 7.995628 -29.111880 0.231025 3.093627 8.539521 0.000000 0.000000 0.000000 9.343021 14.299487 -28.271864 -4.884906 -13.331713 40.108187 -0.552429 3.627916 -10.648225 -0.366855 -3.890619 10.769145 -6.644569 -2.159053 7.538819 2.992928 -3.334008 2.359315 7.149241 -1.714016 -1.203046 -11.641446 0.175433 -9.994388 13.418697 -1.338411 26.678056 6.715167 -0.461197 10.198168 0.000000 0.000000 0.000000 -85.123377 -22.577792 9.927886 14.232411 -23.065986 -2.918548 -0.000001 0.000002 8.825407 4.617799 32.215565 2.465244 -7.125020 0.000002 0.000000 -31.184875 59.460657 -11.707267 0.000000 0.000000 0.000000 86.888908 -5.054217 -2.615180 -17.247327 27.182669 -4.199700 0.000002 -0.000001 -12.874759 -11.793381 16.540095 -3.400108 7.125020 -0.000002 0.000000 10.647555 -13.312178 8.055476
10.458416 17.777400 -14.071414 -4.164460 -47.737593 11.250420 0.000000 0.000000 0.000000 -21.871867 -1.342414 -19.599443 3.726780 11.787676 34.984934 1.789645 7.828046 -29.102247 0.229904 3.086164 8.518725 0.000000 0.000000 0.000000 9.435903 14.130221 -28.564225 -4.945283 -13.389592 40.400814 -0.525284 3.476003 -10.691115 -0.321834 -3.646488 10.084174 -6.683655 -2.235410 7.628044 3.061157 -3.442933 2.300808 7.258013 -1.763476 -1.288634 -11.619396 0.182805 -9.978010 13.403355 -1.329344 26.660814 6.704745 -0.456952 10.187238 0.000000 0.000000 0.000000 -85.188840 -22.765789 9.801522 14.246484 -23.085982 -2.924064 -0.000001 0.000002 8.768736 4.540269 32.183582 2.421662 -7.125020 0.000002 0.000000 -31.231939 59.415973 -11.693120 0.000000 0.000000 0.000000 86.874672 -5.002690 -2.341824 -17.322967 27.281571 -4.234313 0.000002 -0.000001 -12.800884 -11.716161 16.621855 -3.393565 7.125020 -0.000002 0.000000 10.698512 -13.236829 8.112538
10.441695 17.775710 -14.050404 -4.260719 -47.644798 11.441307 0.000000 0.000000 0.000000 -21.788160 -1.388188 -19.644508 3.734807 11.798896 35.024208 1.807328 7.752658 -29.175904 0.231468 3.096570 8.547719 0.000000 0.000000 0.000000 9.512418 13.980160 -28.784363 -5.008355 -13.452022 40.697891 -0.503297 3.406745 -10.717583 -0.274133 -3.367786 9.304426 -6.724027 -2.282125 7.706603 3.107170 -3.512241 2.265253 7.340093 -1.794624 -1.352203 -11.624276 0.196669 -9.925372 13.431415 -1.319311 26.623401 6.713875 -0.451303 10.161417 0.000000 0.000000 0.000000 -85.252759 -22.927499 9.676671 14.267123 -23.115294 -2.932161 -0.000001 0.000002 8.719616 4.478461 32.156050 2.386831 -7.125020 0.000002 0.000000 -31.267534 59.378639 -11.679656 0.000000 0.000000 0.000000 86.837568 -4.977955 -1.972741 -17.420153 27.408327 -4.278956 0.000002 -0.000001 -12.924877 -11.745661 16.653253 -3.408647 7.125020 -0.000002 0.000000 10.678930 -13.203034 8.104763
10.422805 17.773010 -14.024951 -4.314972 -47.614864 11.568645 0.000000 0.000000 0.000000 -21.767074 -1.427721 -19.614987 3.737669 11.802891 35.038200 1.827169 7.736628 -29.298607 0.232887 3.105982 8.573947 0.000000 0.000000 0.000000 9.550491 13.845760 -28.965344 -5.076801 -13.522483 41.009154 -0.488197 3.401715 -10.734374 -0.234281 -3.115198 8.599630 -6.771104 -2.309476 7.766170 3.126836 -3.555571 2.246646 7.394836 -1.814111 -1.392998 -11.640861 0.215983 -9.851753 13.486821 -1.307276 26.570997 6.734409 -0.443476 10.125536 0.000000 0.000000 0.000000 -85.300549 -23.076229 9.571768 14.288537 -23.145691 -2.940573 -0.000001 0.000002 8.679855 4.420954 32.145352 2.355416 -7.125020 0.000002 0.000000 -31.314463 59.356502 -11.682492 0.000000 0.000000 0.000000 86.791701 -4.967315 -1.552749 -17.531595 27.553234 -4.330381 0.000002 -0.000001 -13.179356 -11.840720 16.660783 -3.438501 7.125020 -0.000002 0.000000 10.616004 -13.187724 8.058707
10.402353 17.769617 -13.996795 -4.323922 -47.604710 11.653237 0.000000 0.000000 0.000000 -21.795717 -1.457092 -19.551911 3.736334 11.801028 35.031673 1.847703 7.740813 -29.436801 0.232690 3.104674 8.570303 0.000000 0.000000 0.000000 9.545263 13.724898 -29.140377 -5.152069 -13.602292 41.340684 -0.479773 3.431919 -10.746579 -0.209449 -2.946559 8.130002 -6.828482 -2.330232 7.805485 3.129190 -3.589972 2.236494 7.435217 -1.830079 -1.415464 -11.654968 0.238896 -9.775688 13.541761 -1.289869 26.512240 6.754409 -0.432866 10.086044 0.000000 0.000000 0.000000 -85.331106 -23.228599 9.491063 14.302766 -23.165880 -2.946168 -0.000001 0.000002 8.640556 4.388104 32.142953 2.337674 -7.125020 0.000002 0.000000 -31.344682 59.346941 -11.687926 0.000000 0.000000 0.000000 86.745301 -4.951082 -1.158326 -17.646582 27.702259 -4.383704 0.000002 -0.000001 -13.447791 -11.920741 16.684292 -3.467126 7.125020 -0.000002 0.000000 10.563030 -13.157751 8.023741
10.380842 17.765838 -13.967114 -4.302169 -47.584902 11.720960 0.000000 0.000000 0.000000 -21.851052 -1.476428 -19.484668 3.732326 11.795429 35.012071 1.868053 7.740413 -29.569799 0.230633 3.091012 8.532234 0.000000 0.000000 0.000000 9.508088 13.613423 -29.329926 -5.234143 -13.690792 41.692983 -0.476769 3.475751 -10.754089 -0.201520 -2.890586 7.974281 -6.894533 -2.351888 7.828346 3.128428 -3.625306 2.228605 7.476429 -1.847109 -1.425697 -11.681994 0.261483 -9.699138 13.595816 -1.268688 26.444896 6.776273 -0.421622 10.042853 0.000000 0.000000 0.000000 -85.357299 -23.394565 9.425142 14.306239 -23.170805 -2.947535 -0.000001 0.000002 8.593863 4.417735 32.130839 2.352598 -7.125020 0.000002 0.000000 -31.304090 59.343293 -11.668212 0.000000 0.000000 0.000000 86.697835 -4.917354 -0.832686 -17.761935 27.851257 -4.437462 0.000002 -0.000001 -13.667034 -11.943462 16.734674 -3.484120 7.125020 -0.000002 0.000000 10.547981 -13.105674 8.023527
10.358518 17.761820 -13.936319 -4.264571 -47.545324 11.787543 0.000000 0.000000 0.000000 -21.916177 -1.475197 -19.429052 3.726897 11.787840 34.985506 1.887351 7.721794 -29.683879 0.225763 3.058422 8.441443 0.000000 0.000000 0.000000 9.452996 13.499996 -29.541066 -5.321926 -13.786159 42.061983 -0.477780 3.528282 -10.752315 -0.209333 -2.945749 8.127749 -6.963635 -2.374307 7.838510 3.131479 -3.661058 2.221729 7.522751 -1.864807 -1.427169 -11.735643 0.274910 -9.622113 13.658101 -1.255626 26.365956 6.804619 -0.415603 9.996743 0.000000 0.000000 0.000000 -85.395256 -23.573978 9.359130 14.302525 -23.165537 -2.946074 -0.000001 0.000002 8.551603 4.529304 32.096172 2.409706 -7.125020 0.000002 0.000000 -31.161565 59.339137 -11.605447 0.000000 0.000000 0.000000 86.652057 -4.865787 -0.566668 -17.884471 28.008980 -4.494857 0.000002 -0.000002 -13.862774 -11.947323 16.779747 -3.494428 7.125020 -0.000002 0.000000 10.545425 -13.060369 8.031612
10.335389 17.757578 -13.904436 -4.212956 -47.485728 11.852389 0.000000 0.000000 0.000000 -21.987894 -1.436135 -19.390563 3.720780 11.779279 34.955552 1.904909 7.675471 -29.769053 0.216080 2.992539 8.257981 0.000000 0.000000 0.000000 9.385211 13.368578 -29.771179 -5.413619 -13.885789 42.441059 -0.481381 3.595509 -10.738093 -0.230161 -3.087870 8.523479 -7.030387 -2.394648 7.836722 3.133100 -3.693093 2.219024 7.565024 -1.881237 -1.418512 -11.787929 0.269310 -9.563986 13.712609 -1.265466 26.287012 6.827912 -0.420142 9.958067 0.000000 0.000000 0.000000 -85.451153 -23.759836 9.281914 14.300407 -23.162532 -2.945241 -0.000001 0.000002 8.542513 4.699446 32.042640 2.496717 -7.125020 0.000002 0.000000 -30.943676 59.332345 -11.509244 0.000000 0.000000 0.000000 86.622477 -4.799176 -0.327074 -18.022549 28.186027 -4.559888 0.000002 -0.000002 -14.098634 -12.016445 16.776968 -3.514624 7.125020 -0.000002 0.000000 10.499658 -13.057222 7.996286
10.311370 17.753166 -13.871594 -4.146829 -47.406389 11.910363 0.000000 0.000000 0.000000 -22.065443 -1.360558 -19.363499 3.714355 11.770276 34.924067 1.921090 7.600936 -29.827558 0.201210 2.888366 7.968109 0.000000 0.000000 0.000000 9.307758 13.209828 -30.009790 -5.506928 -13.986325 42.822665 -0.485788 3.680038 -10.715230 -0.258895 -3.273572 9.041340 -7.087864 -2.410826 7.824599 3.123378 -3.718285 2.224636 7.588371 -1.894973 -1.398052 -11.784600 0.239634 -9.554270 13.727356 -1.306977 26.228031 6.825052 -0.436663 9.941237 0.000000 0.000000 0.000000 -85.518006 -23.946330 9.193856 14.308079 -23.173416 -2.948259 -0.000001 0.000002 8.594068 4.868587 31.993634 2.583442 -7.125020 0.000002 0.000000 -30.731004 59.329262 -11.418124 0.000000 0.000000 0.000000 86.628628 -4.718144 -0.091746 -18.178098 28.384611 -4.633597 0.000002 -0.000002 -14.410357 -12.210005 16.714555 -3.559923 7.125020 -0.000002 0.000000 10.371450 -13.103005 7.885287
10.286391 17.748806 -13.838159 -4.083422 -47.307987 11.968564 0.000000 0.000000 0.000000 -22.134743 -1.280719 -19.331575 3.707987 11.761341 34.892835 1.937557 7.512941 -29.879184 0.184455 2.766175 7.628431 0.000000 0.000000 0.000000 9.235543 13.031927 -30.240159 -5.599478 -14.084286 43.199677 -0.489204 3.773117 -10.693967 -0.287947 -3.450893 9.536705 -7.123901 -2.420076 7.810452 3.099849 -3.732565 2.238890 7.583428 -1.903665 -1.371841 -11.692002 0.186884 -9.605261 13.686802 -1.381627 26.200851 6.784803 -0.463961 9.953064 0.000000 0.000000 0.000000 -85.585067 -24.131552 9.104841 14.328212 -23.201967 -2.956187 -0.000001 0.000002 8.720835 4.975509 31.978476 2.639413 -7.125020 0.000002 0.000000 -30.611105 59.340865 -11.376710 0.000000 0.000000 0.000000 86.679351 -4.626667 0.137626 -18.346534 28.598612 -4.713946 0.000002 -0.000001 -14.782592 -12.524218 16.616221 -3.633660 7.125020 -0.000002 0.000000 10.163232 -13.174405 7.705985
10.260407 17.744830 -13.804582 -4.054649 -47.194485 12.046379 0.000000 0.000000 0.000000 -22.171151 -1.242041 -19.277336 3.702286 11.753335 34.864859 1.956446 7.434666 -29.951477 0.171227 2.665657 7.349259 0.000000 0.000000 0.000000 9.192669 12.859067 -30.445614 -5.689493 -14.177256 43.566797 -0.490751 3.857980 -10.686100 -0.310184 -3.580491 9.899320 -7.127476 -2.419602 7.807709 3.071134 -3.732159 2.256116 7.553946 -1.904605 -1.354119 -11.518012 0.117379 -9.699105 13.601668 -1.483738 26.201827 6.712630 -0.499636 9.987633 0.000000 0.000000 0.000000 -85.644881 -24.312738 9.022760 14.357216 -23.243071 -2.967623 -0.000001 0.000002 8.915669 4.993573 32.010769 2.651489 -7.125020 0.000002 0.000000 -30.622887 59.372596 -11.405211 0.000000 0.000000 0.000000 86.763284 -4.536701 0.349313 -18.520922 28.819043 -4.797715 0.000002 -0.000001 -15.168135 -12.908458 16.514107 -3.727034 7.125020 -0.000002 0.000000 9.908461 -13.243622 7.491057
10.233380 17.741484 -13.771359 -4.082406 -47.072660 12.159959 0.000000 0.000000 0.000000 -22.157660 -1.275260 -19.194517 3.698023 11.747341 34.843925 1.979235 7.381985 -30.063125 0.165971 2.624631 7.235379 0.000000 0.000000 0.000000 9.195279 12.717157 -30.618384 -5.776313 -14.264637 43.921794 -0.490859 3.916055 -10.700842 -0.321645 -3.645426 10.081196 -7.100313 -2.410248 7.826137 3.049384 -3.718850 2.268391 7.514981 -1.897941 -1.357300 -11.303533 0.041707 -9.796372 13.501825 -1.600505 26.212285 6.626674 -0.539738 10.028297 0.000000 0.000000 0.000000 -85.690277 -24.486072 8.945979 14.386871 -23.285066 -2.979335 -0.000001 0.000002 9.142939 4.938693 32.080952 2.627381 -7.125020 0.000002 0.000000 -30.741999 59.419846 -11.490279 0.000000 0.000000 0.000000 86.853002 -4.462566 0.544825 -18.695820 29.038959 -4.882318 0.000002 -0.000001 -15.520785 -13.301862 16.426194 -3.825632 7.125020 -0.000002 0.000000 9.647434 -13.297825 7.274999
10.205253 17.738797 -13.738978 -4.164534 -46.951706 12.312581 0.000000 0.000000 0.000000 -22.095550 -1.381566 -19.092228 3.695597 11.743929 34.832011 2.006162 7.354763 -30.215507 0.170446 2.659607 7.332461 0.000000 0.000000 0.000000 9.242666 12.621013 -30.763581 -5.860507 -14.347611 44.265959 -0.490863 3.931328 -10.742283 -0.321246 -3.643184 10.074916 -7.057293 -2.396452 7.863657 3.041465 -3.699478 2.271762 7.482889 -1.887051 -1.381611 -11.101322 -0.028828 -9.859935 13.423993 -1.716013 26.208039 6.549886 -0.579175 10.056546 0.000000 0.000000 0.000000 -85.712025 -24.652690 8.867840 14.406873 -23.313373 -2.987247 -0.000001 0.000002 9.350746 4.848131 32.166716 2.585214 -7.125020 0.000002 0.000000 -30.911169 59.472055 -11.600417 0.000000 0.000000 0.000000 86.917650 -4.411085 0.743016 -18.868237 29.254622 -4.966294 0.000002 -0.000001 -15.810520 -13.651628 16.357947 -3.915014 7.125020 -0.000002 0.000000 9.415157 -13.336025 7.085389
10.175892 17.736597 -13.707438 -4.280421 -46.844033 12.495567 0.000000 0.000000 0.000000 -22.002256 -1.534054 -18.986541 3.694566 11.742477 34.826943 2.036604 7.340093 -30.397180 0.183062 2.755765 7.599509 0.000000 0.000000 0.000000 9.320780 12.570128 -30.894574 -5.943693 -14.428803 44.603507 -0.492598 3.897958 -10.807361 -0.310328 -3.581315 9.901629 -7.015258 -2.381702 7.904732 3.045429 -3.678988 2.269169 7.464456 -1.875165 -1.413424 -10.948202 -0.087019 -9.880103 13.392628 -1.818168 26.177819 6.498588 -0.613606 10.064683 0.000000 0.000000 0.000000 -85.703410 -24.818873 8.790514 14.408806 -23.316108 -2.988012 -0.000001 0.000002 9.496550 4.756562 32.247803 2.541998 -7.125020 0.000002 0.000000 -31.077312 59.519905 -11.706458 0.000000 0.000000 0.000000 86.937153 -4.376365 0.952565 -19.034269 29.461234 -5.047693 0.000002 -0.000000 -16.005276 -13.905562 16.320966 -3.982341 7.125020 -0.000002 0.000000 9.246285 -13.351047 6.950765
10.145035 17.734586 -13.675718 -4.400616 -46.760205 12.689585 0.000000 0.000000 0.000000 -21.905297 -1.689268 -18.886794 3.693766 11.741351 34.823012 2.069827 7.319306 -30.592533 0.198257 2.867222 7.909306 0.000000 0.000000 0.000000 9.408045 12.546779 -31.023004 -6.028096 -14.511646 44.940087 -0.498177 3.827770 -10.887082 -0.292693 -3.478976 9.615238 -6.983766 -2.366219 7.928177 3.051874 -3.657169 2.268261 7.453417 -1.863277 -1.433016 -10.854349 -0.131710 -9.872661 13.415519 -1.903756 26.127215 6.478534 -0.641312 10.057534 0.000000 0.000000 0.000000 -85.665424 -24.988668 8.729692 14.390314 -23.289940 -2.980696 -0.000001 0.000002 9.564892 4.685697 32.312957 2.508594 -7.125020 0.000002 0.000000 -31.208301 59.558834 -11.791281 0.000000 0.000000 0.000000 86.913175 -4.340549 1.132386 -19.184044 29.646721 -5.121569 0.000002 -0.000000 -16.033838 -13.999323 16.349516 -4.016217 7.125020 -0.000002 0.000000 9.183559 -13.313973 6.910621
10.112480 17.732385 -13.642292 -4.498640 -46.696978 12.872332 0.000000 0.000000 0.000000 -21.829325 -1.805728 -18.792780 3.691911 11.738740 34.813899 2.104618 7.274751 -30.783376 0.207585 2.933498 8.093659 0.000000 0.000000 0.000000 9.484763 12.521019 -31.153112 -6.115618 -14.598839 45.280728 -0.509161 3.741072 -10.974475 -0.272347 -3.356881 9.273962 -6.964738 -2.350938 7.922916 3.052075 -3.634835 2.274139 7.440672 -1.852400 -1.429234 -10.818760 -0.164720 -9.849995 13.496053 -1.975522 26.061419 6.491112 -0.662811 10.039998 0.000000 0.000000 0.000000 -85.608161 -25.158241 8.690171 14.356377 -23.241883 -2.967291 -0.000001 0.000002 9.574171 4.638947 32.355055 2.486412 -7.125020 0.000002 0.000000 -31.293901 59.583643 -11.846377 0.000000 0.000000 0.000000 86.864641 -4.282241 1.196684 -19.302955 29.793380 -5.180520 0.000002 -0.000000 -15.793400 -13.868267 16.495430 -4.008589 7.125020 -0.000002 0.000000 9.269864 -13.178341 7.008665
10.078355 17.729600 -13.606393 -4.565141 -46.632224 13.034377 0.000000 0.000000 0.000000 -21.780172 -1.862688 -18.703631 3.688140 11.733428 34.795360 2.138467 7.197143 -30.948340 0.204742 2.913463 8.037919 0.000000 0.000000 0.000000 9.544667 12.467225 -31.284346 -6.206779 -14.690542 45.627982 -0.525239 3.647200 -11.073338 -0.251026 -3.223818 8.902504 -6.956615 -2.342442 7.898190 3.048210 -3.621205 2.282516 7.429043 -1.846640 -1.409992 -10.839156 -0.186622 -9.807203 13.629569 -2.033647 25.977975 6.533935 -0.678611 10.010365 0.000000 0.000000 0.000000 -85.545658 -25.317759 8.642154 14.314986 -23.183214 -2.950977 -0.000001 0.000002 9.565293 4.594698 32.366820 2.463426 -7.125020 0.000002 0.000000 -31.348543 59.583285 -11.869270 0.000000 0.000000 0.000000 86.804014 -4.194336 1.100276 -19.384886 29.894119 -5.221292 0.000002 -0.000000 -15.254135 -13.489218 16.796061 -3.958831 7.125020 -0.000002 0.000000 9.520379 -12.909101 7.265583
10.043039 17.725899 -13.568372 -4.607177 -46.537522 13.181481 0.000000 0.000000 0.000000 -21.746927 -1.866311 -18.620530 3.682197 11.725050 34.766127 2.168553 7.089090 -31.071554 0.190497 2.810874 7.752648 0.000000 0.000000 0.000000 9.593610 12.376212 -31.414685 -6.300526 -14.784219 45.981455 -0.544063 3.543040 -11.197262 -0.228813 -3.078883 8.498440 -6.958022 -2.350572 7.875113 3.051677 -3.630492 2.282261 7.432710 -1.851892 -1.395395 -10.903364 -0.197402 -9.737672 13.789280 -2.074543 25.879979 6.595082 -0.688875 9.967901 0.000000 0.000000 0.000000 -85.483776 -25.458847 8.545243 14.270366 -23.119899 -2.933434 -0.000001 0.000002 9.566765 4.518333 32.347041 2.421028 -7.125020 0.000002 0.000000 -31.405377 59.548887 -11.867175 0.000000 0.000000 0.000000 86.722804 -4.094481 0.909273 -19.443879 29.966498 -5.250726 0.000002 -0.000001 -14.551241 -12.905608 17.240878 -3.873711 7.125020 -0.000002 0.000000 9.905929 -12.514080 7.659223
10.006788 17.721083 -13.528995 -4.630215 -46.397545 13.318220 0.000000 0.000000 0.000000 -21.721751 -1.842020 -18.539240 3.674214 11.713781 34.726824 2.193870 6.962597 -31.154265 0.170786 2.662250 7.339797 0.000000 0.000000 0.000000 9.635065 12.252411 -31.540385 -6.395290 -14.876732 46.339335 -0.563035 3.427381 -11.360660 -0.205731 -2.920449 8.057356 -6.971775 -2.380093 7.870017 3.070384 -3.670214 2.264496 7.463677 -1.870935 -1.401690 -10.987542 -0.199848 -9.645527 13.936029 -2.098142 25.782180 6.656322 -0.695256 9.918584 0.000000 0.000000 0.000000 -85.414831 -25.578572 8.392736 14.222242 -23.051530 -2.914565 -0.000001 0.000002 9.572050 4.405067 32.302334 2.357196 -7.125020 0.000002 0.000000 -31.475515 59.485067 -11.848249 0.000000 0.000000 0.000000 86.606654 -4.010408 0.742216 -19.503653 30.039701 -5.280617 0.000002 -0.000001 -13.902107 -12.205386 17.767974 -3.762731 7.125020 -0.000002 0.000000 10.367925 -12.048710 8.133499
9.969491 17.715091 -13.488666 -4.627864 -46.219468 13.437293 0.000000 0.000000 0.000000 -21.711337 -1.822407 -18.445136 3.664265 11.699712 34.677789 2.215899 6.836190 -31.216523 0.150985 2.503897 6.900451 0.000000 0.000000 0.000000 9.662584 12.106350 -31.655467 -6.490433 -14.966948 46.700619 -0.581654 3.307413 -11.571858 -0.182329 -2.750276 7.584259 -7.005082 -2.425100 7.886063 3.100623 -3.733318 2.228787 7.521863 -1.900035 -1.432093 -11.067427 -0.200600 -9.542130 14.044311 -2.112998 25.699887 6.703819 -0.701700 9.871308 0.000000 0.000000 0.000000 -85.327493 -25.678041 8.215391 14.171181 -22.978896 -2.894601 -0.000001 0.000002 9.560313 4.301855 32.239528 2.297681 -7.125020 0.000002 0.000000 -31.519075 59.408416 -11.808212 0.000000 0.000000 0.000000 86.457650 -3.955231 0.656845 -19.576236 30.128409 -5.317001 0.000002 -0.000001 -13.437092 -11.503585 18.279897 -3.640459 7.125020 -0.000002 0.000000 10.830377 -11.600679 8.608569
9.930739 17.707889 -13.447121 -4.590285 -46.030249 13.526634 0.000000 0.000000 0.000000 -21.730129 -1.832047 -18.319737 3.652277 11.682726 34.618633 2.237580 6.730333 -31.287721 0.133921 2.358753 6.498205 0.000000 0.000000 0.000000 9.665985 11.952715 -31.753939 -6.586862 -15.056559 47.066428 -0.602065 3.195094 -11.831618 -0.160323 -2.579801 7.110980 -7.062190 -2.470680 7.912638 3.128940 -3.799780 2.183953 7.592929 -1.929836 -1.475741 -11.124756 -0.208785 -9.442295 14.113068 -2.134801 25.638296 6.732852 -0.713329 9.833187 0.000000 0.000000 0.000000 -85.218081 -25.763416 8.043493 14.121427 -22.908031 -2.875206 -0.000001 0.000002 9.534473 4.259845 32.167752 2.270490 -7.125020 0.000002 0.000000 -31.494075 59.338256 -11.744197 0.000000 0.000000 0.000000 86.298789 -3.920469 0.626635 -19.658393 30.228577 -5.358300 0.000002 -0.000001 -13.155201 -10.943048 18.661890 -3.532844 7.125020 -0.000002 0.000000 11.199580 -11.271012 8.983671
9.890080 17.699412 -13.403698 -4.517369 -45.865510 13.582554 0.000000 0.000000 0.000000 -21.786355 -1.872161 -18.155083 3.638531 11.663201 34.550691 2.262131 6.654822 -31.392460 0.121447 2.246619 6.187722 0.000000 0.000000 0.000000 9.641227 11.809576 -31.833229 -6.685880 -15.147911 47.438398 -0.626769 3.103530 -12.133656 -0.142773 -2.435133 6.709833 -7.137505 -2.499877 7.929452 3.140112 -3.845486 2.143833 7.653918 -1.949537 -1.512725 -11.149601 -0.232443 -9.360961 14.157988 -2.178930 25.592008 6.745975 -0.734136 9.807610 0.000000 0.000000 0.000000 -85.093406 -25.847281 7.872180 14.078895 -22.847382 -2.858672 -0.000001 0.000002 9.535122 4.276262 32.106516 2.275302 -7.125020 0.000002 0.000000 -31.421319 59.290322 -11.677144 0.000000 0.000000 0.000000 86.159116 -3.890369 0.603685 -19.745745 30.334800 -5.402348 0.000002 -0.000001 -13.004020 -10.643374 18.824962 -3.466978 7.125020 -0.000002 0.000000 11.397363 -11.136210 9.174439
9.847256 17.689715 -13.357964 -4.429616 -45.751605 13.619527 0.000000 0.000000 0.000000 -21.867838 -1.920696 -17.961025 3.624146 11.642714 34.479474 2.292226 6.599171 -31.540786 0.115172 2.188009 6.025529 0.000000 0.000000 0.000000 9.600938 11.691192 -31.894961 -6.787391 -15.240912 47.815862 -0.655686 3.043889 -12.466727 -0.132283 -2.344328 6.458253 -7.211993 -2.501152 7.917160 3.127420 -3.852360 2.120002 7.683826 -1.951298 -1.525293 -11.146516 -0.274289 -9.305416 14.201307 -2.251899 25.549678 6.751267 -0.764945 9.793072 0.000000 0.000000 0.000000 -84.968822 -25.943764 7.664566 14.047904 -22.803149 -2.846650 -0.000001 0.000002 9.620766 4.305724 32.077196 2.289161 -7.125020 0.000002 0.000000 -31.365256 59.272324 -11.639967 0.000000 0.000000 0.000000 86.054041 -3.858701 0.573519 -19.843299 30.453087 -5.451705 0.000002 -0.000001 -12.951444 -10.620861 18.760102 -3.449776 7.125020 -0.000002 0.000000 11.413284 -11.202903 9.169042
9.802358 17.679156 -13.310174 -4.368356 -45.687986 13.669671 0.000000 0.000000 0.000000 -21.937995 -1.952830 -17.758215 3.610968 11.623896 34.414122 2.328837 6.542100 -31.726553 0.115220 2.188467 6.026797 0.000000 0.000000 0.000000 9.578220 11.597899 -31.942569 -6.889404 -15.332361 48.195071 -0.685795 3.017282 -12.820391 -0.128276 -2.308691 6.359563 -7.254386 -2.473108 7.870678 3.097244 -3.815582 2.115930 7.670746 -1.933086 -1.509578 -11.132680 -0.330620 -9.271673 14.264453 -2.349433 25.499657 6.759658 -0.803280 9.784127 0.000000 0.000000 0.000000 -84.860833 -26.060993 7.382884 14.028798 -22.775862 -2.839249 -0.000001 0.000002 9.836061 4.314960 32.083007 2.294493 -7.125020 0.000002 0.000000 -31.361612 59.279421 -11.643859 0.000000 0.000000 0.000000 85.980328 -3.832246 0.557058 -19.963013 30.597753 -5.512510 0.000002 -0.000001 -12.996646 -10.788788 18.533653 -3.464737 7.125020 -0.000002 0.000000 11.304223 -11.413038 9.027920
9.755818 17.668271 -13.261311 -4.370050 -45.644186 13.762160 0.000000 0.000000 0.000000 -21.956971 -1.962669 -17.564674 3.600984 11.609606 34.364537 2.370278 6.470392 -31.932197 0.119215 2.225946 6.130506 0.000000 0.000000 0.000000 9.608325 11.512485 -31.978560 -6.989650 -15.418697 48.571992 -0.714077 3.006787 -13.193416 -0.125785 -2.286245 6.297414 -7.238238 -2.424395 7.805625 3.061620 -3.745474 2.126214 7.614232 -1.899320 -1.478938 -11.120430 -0.395119 -9.250711 14.359810 -2.463476 25.436302 6.778376 -0.845658 9.775811 0.000000 0.000000 0.000000 -84.775261 -26.198182 7.012613 14.018130 -22.760619 -2.835120 -0.000001 0.000002 10.195348 4.303443 32.105727 2.289818 -7.125020 0.000002 0.000000 -31.394089 59.296061 -11.670175 0.000000 0.000000 0.000000 85.929351 -3.822161 0.578541 -20.114746 30.780338 -5.589952 0.000002 -0.000001 -13.142250 -11.040345 18.226161 -3.490211 7.125020 -0.000002 0.000000 11.140079 -11.696551 8.825723
9.708169 17.657469 -13.212865 -4.434372 -45.575727 13.899971 0.000000 0.000000 0.000000 -21.910496 -1.963473 -17.390696 3.595626 11.601928 34.337907 2.412753 6.381813 -32.134388 0.123182 2.262547 6.231809 0.000000 0.000000 0.000000 9.701753 11.408464 -32.006016 -7.087794 -15.499509 48.946120 -0.740874 2.980004 -13.597987 -0.117615 -2.211011 6.089178 -7.165789 -2.367373 7.750340 3.027276 -3.660579 2.140200 7.526165 -1.857861 -1.456185 -11.102513 -0.465796 -9.236206 14.484970 -2.593141 25.362649 6.805259 -0.891586 9.767676 0.000000 0.000000 0.000000 -84.701373 -26.349287 6.572887 14.010971 -22.750389 -2.832351 -0.000001 0.000002 10.681358 4.273588 32.128234 2.275279 -7.125020 0.000002 0.000000 -31.444504 59.308286 -11.700720 0.000000 0.000000 0.000000 85.901697 -3.834630 0.632612 -20.299743 31.001777 -5.684932 0.000002 -0.000001 -13.366123 -11.309846 17.895504 -3.514756 7.125020 -0.000002 0.000000 10.963890 -12.001998 8.610170
9.659763 17.646874 -13.166497 -4.524262 -45.443964 14.064857 0.000000 0.000000 0.000000 -21.813090 -1.969484 -17.247948 3.595184 11.601294 34.335706 2.451989 6.270650 -32.306110 0.123600 2.266373 6.242400 0.000000 0.000000 0.000000 9.839442 11.264683 -32.036515 -7.185856 -15.578033 49.321125 -0.769734 2.900978 -14.052286 -0.099259 -2.031713 5.593307 -7.070703 -2.310516 7.728384 2.993528 -3.576410 2.144882 7.428089 -1.815033 -1.462891 -11.054626 -0.548745 -9.225533 14.624358 -2.749380 25.286547 6.829164 -0.945665 9.763332 0.000000 0.000000 0.000000 -84.616153 -26.508041 6.121845 14.001793 -22.737269 -2.828803 -0.000001 0.000002 11.243053 4.205670 32.154929 2.240573 -7.125020 0.000002 0.000000 -31.536442 59.315309 -11.744852 0.000000 0.000000 0.000000 85.908391 -3.869586 0.676041 -20.510575 31.252573 -5.793920 0.000002 -0.000001 -13.622999 -11.563139 17.585635 -3.535809 7.125020 -0.000002 0.000000 10.798143 -12.288682 8.408897
9.610595 17.636363 -13.123056 -4.597430 -45.233938 14.238225 0.000000 0.000000 0.000000 -21.690940 -1.984134 -17.147873 3.598674 11.606297 34.353058 2.485620 6.127338 -32.429381 0.118935 2.223346 6.123311 0.000000 0.000000 0.000000 9.990848 11.075745 -32.087006 -7.286055 -15.657710 49.700862 -0.802941 2.752546 -14.559988 -0.072577 -1.737987 4.782096 -6.991255 -2.253461 7.745287 2.954797 -3.495827 2.129771 7.336901 -1.771406 -1.510280 -10.944924 -0.654739 -9.217645 14.755930 -2.949298 25.214129 6.834395 -1.015145 9.766892 0.000000 0.000000 0.000000 -84.491109 -26.671567 5.746034 13.983326 -22.710863 -2.821669 -0.000001 0.000002 11.799488 4.078890 32.200920 2.175492 -7.125020 0.000002 0.000000 -31.704492 59.325170 -11.823328 0.000000 0.000000 0.000000 85.964243 -3.924223 0.649241 -20.735788 31.518634 -5.911210 0.000002 -0.000001 -13.869459 -11.769727 17.334997 -3.551894 7.125020 -0.000002 0.000000 10.662908 -12.520800 8.245946
9.560282 17.625681 -13.081430 -4.636842 -44.965434 14.409771 0.000000 0.000000 0.000000 -21.566896 -2.003303 -17.082280 3.604330 11.614400 34.381164 2.515093 5.955711 -32.514810 0.110025 2.138726 5.889197 0.000000 0.000000 0.000000 10.133023 10.852381 -32.160671 -7.387457 -15.737099 50.083566 -0.836176 2.562178 -15.088966 -0.044907 -1.367657 3.761020 -6.938996 -2.186947 7.786988 2.902010 -3.406589 2.096009 7.247809 -1.721209 -1.591212 -10.745470 -0.792170 -9.213161 14.860168 -3.205426 25.145058 6.807021 -1.105083 9.779790 0.000000 0.000000 0.000000 -84.298946 -26.843760 5.523873 13.947396 -22.659454 -2.807812 -0.000001 0.000002 12.264444 3.907081 32.263865 2.087244 -7.125020 0.000002 0.000000 -31.932831 59.339079 -11.930507 0.000000 0.000000 0.000000 86.080772 -3.992277 0.510802 -20.965493 31.788046 -6.031754 0.000002 -0.000001 -14.083311 -11.906489 17.165681 -3.561131 7.125020 -0.000002 0.000000 10.573359 -12.678060 8.137658
9.508305 17.614605 -13.039250 -4.655288 -44.677458 14.577862 0.000000 0.000000 0.000000 -21.450461 -2.020224 -17.024432 3.610263 11.622888 34.410622 2.544182 5.771724 -32.592209 0.099128 2.030378 5.589616 0.000000 0.000000 0.000000 10.258530 10.613075 -32.242214 -7.484998 -15.808645 50.460282 -0.858965 2.394367 -15.577182 -0.023837 -0.996729 2.739809 -6.897538 -2.104266 7.829807 2.830610 -3.297045 2.056435 7.143880 -1.660147 -1.682443 -10.455713 -0.958596 -9.215104 14.929049 -3.511417 25.074947 6.744224 -1.213039 9.799927 0.000000 0.000000 0.000000 -84.024947 -27.031649 5.471110 13.890207 -22.577529 -2.785817 -0.000001 0.000002 12.583947 3.734838 32.317703 1.998149 -7.125020 0.000002 0.000000 -32.153014 59.345237 -12.028331 0.000000 0.000000 0.000000 86.251853 -4.060433 0.267453 -21.193779 32.053841 -6.152460 0.000002 -0.000001 -14.266204 -11.973580 17.074471 -3.563787 7.125020 -0.000002 0.000000 10.529412 -12.763428 8.082814
9.454343 17.603053 -12.994789 -4.677957 -44.400165 14.748819 0.000000 0.000000 0.000000 -21.336061 -2.029250 -16.951623 3.614945 11.629581 34.433858 2.575434 5.589827 -32.682813 0.088207 1.915574 5.272397 0.000000 0.000000 0.000000 10.373773 10.377058 -32.313903 -7.573315 -15.865056 50.820556 -0.863281 2.302066 -15.972471 -0.012172 -0.712355 1.957660 -6.847605 -2.014352 7.853686 2.750575 -3.176116 2.023806 7.023724 -1.594415 -1.758556 -10.123297 -1.135080 -9.227318 14.971100 -3.832417 25.004202 6.661605 -1.326226 9.823411 0.000000 0.000000 0.000000 -83.676677 -27.234282 5.506796 13.817225 -22.472811 -2.757858 -0.000001 0.000002 12.764231 3.587545 32.338264 1.920446 -7.125020 0.000002 0.000000 -32.317054 59.328993 -12.084866 0.000000 0.000000 0.000000 86.441460 -4.111191 -0.019850 -21.417272 32.312174 -6.271498 0.000002 -0.000000 -14.435246 -11.990713 17.041526 -3.562485 7.125020 -0.000002 0.000000 10.518185 -12.794903 8.066651
9.398345 17.591097 -12.947610 -4.723794 -44.145478 14.930876 0.000000 0.000000 0.000000 -21.213344 -2.036057 -16.852842 3.617638 11.633427 34.447214 2.608830 5.428481 -32.794555 0.077816 1.799489 4.951845 0.000000 0.000000 0.000000 10.491421 10.160046 -32.366875 -7.650977 -15.905917 51.158568 -0.850379 2.292940 -16.264319 -0.008088 -0.580710 1.595746 -6.783473 -1.937474 7.849843 2.682278 -3.069426 2.001708 6.907001 -1.537697 -1.805671 -9.827489 -1.293065 -9.250226 15.007389 -4.118102 24.941408 6.587516 -1.426620 9.846851 0.000000 0.000000 0.000000 -83.278390 -27.438321 5.490812 13.740141 -22.361999 -2.728462 -0.000001 0.000002 12.867169 3.426670 32.330294 1.833662 -7.125020 0.000002 0.000000 -32.467052 59.285325 -12.113909 0.000000 0.000000 0.000000 86.596341 -4.135899 -0.263677 -21.635107 32.562179 -6.388338 0.000002 -0.000000 -14.612784 -11.983820 17.045897 -3.561219 7.125020 -0.000002 0.000000 10.522701 -12.791136 8.071148
9.340434 17.578883 -12.898056 -4.798673 -43.912554 15.127726 0.000000 0.000000 0.000000 -21.077334 -2.062830 -16.722319 3.618638 11.634855 34.452172 2.643046 5.316872 -32.933322 0.067514 1.676390 4.612139 0.000000 0.000000 0.000000 10.621436 9.969250 -32.400395 -7.720057 -15.936192 51.473807 -0.827660 2.344114 -16.475612 -0.009432 -0.627097 1.723263 -6.711134 -1.889595 7.824189 2.643182 -2.998838 1.983319 6.817915 -1.500473 -1.829178 -9.631555 -1.410887 -9.276323 15.057007 -4.331655 24.896878 6.545362 -1.501512 9.867896 0.000000 0.000000 0.000000 -82.854988 -27.622240 5.313834 13.668745 -22.259173 -2.701358 -0.000001 0.000002 12.970426 3.172641 32.326909 1.696711 -7.125020 0.000002 0.000000 -32.712224 59.223729 -12.169240 0.000000 0.000000 0.000000 86.672754 -4.148363 -0.386060 -21.852165 32.809543 -6.505557 0.000002 -0.000000 -14.822562 -11.982756 17.069312 -3.565521 7.125020 -0.000002 0.000000 10.523328 -12.767795 8.077044
9.280815 17.566433 -12.846804 -4.898902 -43.694202 15.338387 0.000000 0.000000 0.000000 -20.928448 -2.130795 -16.560737 3.619023 11.635404 34.454080 2.676964 5.274348 -33.102362 0.057268 1.544176 4.247507 0.000000 0.000000 0.000000 10.766736 9.805907 -32.417452 -7.783519 -15.961236 51.769330 -0.802226 2.429027 -16.638648 -0.016716 -0.834754 2.294244 -6.639891 -1.873678 7.793882 2.639998 -2.970089 1.956398 6.770762 -1.484265 -1.849633 -9.552870 -1.484249 -9.291125 15.126411 -4.466722 24.873933 6.541682 -1.549554 9.884258 0.000000 0.000000 0.000000 -82.422818 -27.763271 4.957681 13.607753 -22.171187 -2.678298 -0.000001 0.000002 13.119171 2.793041 32.366547 1.493868 -7.125020 0.000002 0.000000 -33.120386 59.169139 -12.299385 0.000000 0.000000 0.000000 86.652670 -4.179897 -0.340735 -22.079647 33.066917 -6.629247 0.000002 -0.000000 -15.087798 -12.025304 17.088781 -3.582266 7.125020 -0.000002 0.000000 10.495094 -12.744586 8.060127
9.219703 17.553493 -12.794596 -5.014669 -43.482192 15.558139 0.000000 0.000000 0.000000 -20.769883 -2.236004 -16.380311 3.620049 11.636869 34.459167 2.710334 5.285313 -33.293833 0.047898 1.412404 3.884311 0.000000 0.000000 0.000000 10.923007 9.672048 -32.420529 -7.844490 -15.985440 52.051309 -0.779166 2.522989 -16.784540 -0.031583 -1.147177 3.153857 -6.576641 -1.883054 7.774688 2.668430 -2.975935 1.912583 6.765601 -1.484303 -1.885696 -9.573393 -1.522892 -9.282253 15.212892 -4.540426 24.866775 6.569994 -1.577775 9.893779 0.000000 0.000000 0.000000 -81.990691 -27.846046 4.483012 13.559187 -22.101031 -2.659998 -0.000001 0.000002 13.291101 2.381486 32.468557 1.275849 -7.125020 0.000002 0.000000 -33.618037 59.159012 -12.503679 0.000000 0.000000 0.000000 86.544104 -4.254952 -0.121029 -22.329814 33.347755 -6.766257 0.000002 -0.000001 -15.423313 -12.148930 17.074742 -3.616772 7.125020 -0.000002 0.000000 10.413131 -12.747837 7.994984
9.157184 17.539662 -12.741794 -5.129550 -43.271711 15.775420 0.000000 0.000000 0.000000 -20.609798 -2.348922 -16.197559 3.622744 11.640714 34.472526 2.743725 5.309048 -33.491958 0.039861 1.288623 3.543318 0.000000 0.000000 0.000000 11.079600 9.567786 -32.407106 -7.906477 -16.013047 52.328074 -0.762666 2.601870 -16.940020 -0.052120 -1.473257 4.052008 -6.530031 -1.911042 7.772472 2.718786 -3.008631 1.852585 6.796889 -1.496480 -1.941297 -9.663866 -1.538970 -9.250554 15.308037 -4.573243 24.870405 6.619325 -1.593708 9.897453 0.000000 0.000000 0.000000 -81.561379 -27.865136 3.970373 13.523230 -22.049033 -2.646485 -0.000001 0.000002 13.389410 2.152209 32.616754 1.157100 -7.125020 0.000002 0.000000 -33.980833 59.227899 -12.715467 0.000000 0.000000 0.000000 86.366340 -4.374942 0.254651 -22.610221 33.659810 -6.921041 0.000002 -0.000001 -15.830081 -12.367205 17.001557 -3.667584 7.125020 -0.000002 0.000000 10.268275 -12.802103 7.869270
9.093023 17.524692 -12.688152 -5.227052 -43.062823 15.973621 0.000000 0.000000 0.000000 -20.458688 -2.432783 -16.020148 3.627911 11.648082 34.498127 2.777683 5.314481 -33.684418 0.032178 1.157922 3.183436 0.000000 0.000000 0.000000 11.226718 9.486786 -32.367199 -7.972553 -16.047569 52.607129 -0.755775 2.647074 -17.122420 -0.071139 -1.720709 4.734417 -6.513900 -1.955685 7.786638 2.783700 -3.066665 1.783324 6.864422 -1.520495 -2.008798 -9.795785 -1.539241 -9.212131 15.397327 -4.576547 24.891067 6.678199 -1.600682 9.901777 0.000000 0.000000 0.000000 -81.129526 -27.821707 3.470124 13.496636 -22.010546 -2.636510 -0.000001 0.000002 13.294158 2.325306 32.758369 1.255402 -7.125020 0.000002 0.000000 -33.943990 59.381814 -12.825369 0.000000 0.000000 0.000000 86.135523 -4.523454 0.760549 -22.921830 34.003217 -7.094532 0.000002 -0.000001 -16.295936 -12.655316 16.860663 -3.724711 7.125020 -0.000002 0.000000 10.076781 -12.918298 7.693902
9.026674 17.508599 -12.633280 -5.307275 -42.856979 16.144092 0.000000 0.000000 0.000000 -20.314769 -2.456118 -15.846717 3.636368 11.660125 34.539993 2.811763 5.294621 -33.864850 0.023281 0.985052 2.707683 0.000000 0.000000 0.000000 11.369787 9.423020 -32.286603 -8.043870 -16.089978 52.891851 -0.759001 2.646032 -17.338555 -0.081443 -1.840841 5.066010 -6.534665 -2.014521 7.816205 2.860873 -3.147187 1.713084 6.968923 -1.555521 -2.079242 -9.944829 -1.527755 -9.185046 15.469246 -4.557947 24.937944 6.737600 -1.600307 9.914206 0.000000 0.000000 0.000000 -80.680846 -27.725336 2.994209 13.473586 -21.977168 -2.627877 -0.000001 0.000002 12.959230 2.954300 32.834334 1.599058 -7.125020 0.000002 0.000000 -33.397918 59.586196 -12.754224 0.000000 0.000000 0.000000 85.869131 -4.676391 1.352051 -23.258405 34.370167 -7.283652 0.000002 -0.000001 -16.791381 -12.962403 16.666371 -3.775040 7.125020 -0.000002 0.000000 9.872332 -13.086708 7.497904
8.957554 17.491505 -12.577288 -5.393160 -42.652988 16.296195 0.000000 0.000000 0.000000 -20.155492 -2.398966 -15.677596 3.649250 11.678432 34.603684 2.845218 5.249000 -34.029095 0.013335 0.745615 2.049113 0.000000 0.000000 0.000000 11.534091 9.378786 -32.154264 -8.119063 -16.138110 53.180144 -0.770109 2.586796 -17.589424 -0.080716 -1.832625 5.043325 -6.578695 -2.078813 7.859941 2.949617 -3.237396 1.649204 7.100560 -1.595655 -2.147197 -10.092625 -1.511892 -9.172682 15.525537 -4.530912 25.004294 6.792991 -1.596811 9.934871 0.000000 0.000000 0.000000 -80.196086 -27.597234 2.533878 13.449979 -21.942964 -2.619049 -0.000001 0.000002 12.465543 3.833654 32.830806 2.076298 -7.125020 0.000002 0.000000 -32.529181 59.785728 -12.535165 0.000000 0.000000 0.000000 85.594450 -4.807979 1.953927 -23.606108 34.744944 -7.480882 0.000002 -0.000001 -17.267275 -13.234148 16.452105 -3.809110 7.125020 -0.000002 0.000000 9.691131 -13.278592 7.315905
8.885306 17.473523 -12.520757 -5.514845 -42.449584 16.451155 0.000000 0.000000 0.000000 -19.951130 -2.261657 -15.519369 3.668232 11.705325 34.697351 2.878954 5.167762 -34.178058 0.004959 0.454748 1.249535 0.000000 0.000000 0.000000 11.749965 9.362290 -31.967623 -8.195367 -16.188442 53.466078 -0.786000 2.457284 -17.874822 -0.070030 -1.707272 4.697341 -6.620756 -2.136096 7.911574 3.046873 -3.318357 1.597319 7.239611 -1.631895 -2.208086 -10.225786 -1.501242 -9.162916 15.576602 -4.512078 25.065646 6.842581 -1.596153 9.955227 0.000000 0.000000 0.000000 -79.659886 -27.461285 2.071392 13.428363 -21.911627 -2.610977 -0.000001 0.000002 11.971113 4.603302 32.796128 2.493171 -7.125020 0.000002 0.000000 -31.738022 59.937935 -12.309207 0.000000 0.000000 0.000000 85.339939 -4.898043 2.488045 -23.947023 35.108182 -7.676065 0.000002 -0.000001 -17.668358 -13.426889 16.260322 -3.823542 7.125020 -0.000002 0.000000 9.562425 -13.454965 7.178727
8.809856 17.454736 -12.464239 -5.691705 -42.252115 16.629668 0.000000 0.000000 0.000000 -19.684609 -2.067662 -15.380444 3.695330 11.743553 34.830707 2.916076 5.039180 -34.323427 0.000635 0.162719 0.447072 0.000000 0.000000 0.000000 12.035313 9.383593 -31.732780 -8.270509 -16.238589 53.743638 -0.804932 2.249047 -18.195743 -0.051467 -1.464014 4.026534 -6.642617 -2.177176 7.957645 3.148492 -3.375648 1.559553 7.369257 -1.657436 -2.255970 -10.339438 -1.500346 -9.140265 15.632768 -4.509608 25.098678 6.887087 -1.601304 9.965251 0.000000 0.000000 0.000000 -79.072099 -27.324669 1.580486 13.420852 -21.900734 -2.608175 -0.000001 0.000002 11.610202 4.981917 32.794627 2.700001 -7.125020 0.000002 0.000000 -31.365162 60.028385 -12.216185 0.000000 0.000000 0.000000 85.119072 -4.938843 2.911551 -24.265758 35.444029 -7.860141 0.000002 -0.000001 -17.948203 -13.514386 16.130410 -3.820099 7.125020 -0.000002 0.000000 9.503847 -13.578237 7.107534
8.731435 17.435129 -12.408029 -5.928391 -42.073454 16.846042 0.000000 0.000000 0.000000 -19.357827 -1.851735 -15.267217 3.732192 11.795242 35.011428 2.960118 4.864882 -34.484511 0.000136 -0.075259 -0.206773 0.000000 0.000000 0.000000 12.390284 9.455265 -31.462290 -8.343804 -16.288203 54.010157 -0.826855 1.962605 -18.553665 -0.029243 -1.103912 3.034766 -6.641900 -2.199804 7.983338 3.254351 -3.405237 1.532169 7.486999 -1.670327 -2.287383 -10.445857 -1.505200 -9.095362 15.703628 -4.517925 25.098255 6.932705 -1.610330 9.960715 0.000000 0.000000 0.000000 -78.452050 -27.168600 1.031701 13.445957 -21.937135 -2.617547 -0.000001 0.000002 11.433944 4.920558 32.855655 2.671595 -7.125020 0.000002 0.000000 -31.488365 60.067721 -12.300497 0.000000 0.000000 0.000000 84.924383 -4.934857 3.223353 -24.553608 35.744228 -8.027682 0.000002 -0.000001 -18.069526 -13.488420 16.087250 -3.802636 7.125020 -0.000002 0.000000 9.520948 -13.623875 7.111383
8.650662 17.414512 -12.352043 -6.218309 -41.926198 17.104188 0.000000 0.000000 0.000000 -18.987326 -1.643274 -15.179597 3.779310 11.860796 35.241299 3.012669 4.665739 -34.677869 0.001262 -0.229449 -0.630423 0.000000 0.000000 0.000000 12.800454 9.586678 -31.169869 -8.415752 -16.337879 54.266903 -0.851952 1.615350 -18.945151 -0.010358 -0.657175 1.805951 -6.625782 -2.207363 7.982100 3.368606 -3.411800 1.507808 7.601644 -1.672551 -2.304908 -10.570092 -1.507807 -9.028001 15.797045 -4.524526 25.077052 6.989191 -1.619102 9.944683 0.000000 0.000000 0.000000 -77.826127 -26.963203 0.406591 13.518159 -22.041698 -2.644582 -0.000001 0.000002 11.418176 4.565402 32.971385 2.486081 -7.125020 0.000002 0.000000 -31.955503 60.083023 -12.517924 0.000000 0.000000 0.000000 84.734040 -4.896789 3.450647 -24.809493 36.008633 -8.177641 0.000002 -0.000001 -18.009571 -13.355565 16.133107 -3.773808 7.125020 -0.000002 0.000000 9.609383 -13.589011 7.187339
8.568526 17.392609 -12.295384 -6.546618 -41.812211 17.389286 0.000000 0.000000 0.000000 -18.598211 -1.460627 -15.099373 3.835794 11.938631 35.515227 3.072417 4.477076 -34.910621 0.002240 -0.305658 -0.839827 0.000000 0.000000 0.000000 13.244160 9.767559 -30.857967 -8.486964 -16.388025 54.516207 -0.879968 1.240452 -19.358399 -0.000780 -0.180273 0.495304 -6.595100 -2.205716 7.961874 3.491950 -3.403678 1.483520 7.715572 -1.667940 -2.314528 -10.728561 -1.503482 -8.946565 15.913954 -4.521523 25.052445 7.061901 -1.625098 9.924099 0.000000 0.000000 0.000000 -77.205891 -26.693825 -0.290949 13.637191 -22.213670 -2.689418 -0.000001 0.000002 11.498258 4.113406 33.114495 2.248250 -7.125020 0.000002 0.000000 -32.544949 60.097781 -12.790251 0.000000 0.000000 0.000000 84.525520 -4.836687 3.644023 -25.042125 36.247014 -8.314799 0.000002 -0.000001 -17.795394 -13.142656 16.245182 -3.736103 7.125020 -0.000002 0.000000 9.751291 -13.494441 7.317267
8.486185 17.369185 -12.236036 -6.891227 -41.718244 17.662413 0.000000 0.000000 0.000000 -18.219603 -1.317640 -14.983220 3.900195 12.026397 35.825420 3.136171 4.334947 -35.181308 0.002594 -0.328906 -0.903708 0.000000 0.000000 0.000000 13.700221 9.958063 -30.507922 -8.557998 -16.439610 54.758476 -0.911470 0.867354 -19.777085 -0.001876 0.279672 -0.768423 -6.533866 -2.199727 7.944869 3.614340 -3.387473 1.466184 7.810264 -1.659853 -2.321856 -10.913592 -1.495380 -8.863890 16.047518 -4.513593 25.034628 7.147002 -1.629858 9.905743 0.000000 0.000000 0.000000 -76.579430 -26.374881 -1.033069 13.785759 -22.427605 -2.745843 -0.000001 0.000002 11.600840 3.710707 33.242094 2.035273 -7.125020 0.000002 0.000000 -33.070093 60.110579 -13.033967 0.000000 0.000000 0.000000 84.289408 -4.765892 3.867188 -25.270675 36.479367 -8.450308 0.000002 -0.000001 -17.528085 -12.902076 16.383336 -3.695608 7.125020 -0.000002 0.000000 9.911740 -13.376215 7.466672
8.404654 17.344096 -12.171509 -7.225564 -41.623985 17.872647 0.000000 0.000000 0.000000 -17.879591 -1.228907 -14.781031 3.972463 12.123670 36.170877 3.200284 4.261530 -35.482268 0.002477 -0.321423 -0.883147 0.000000 0.000000 0.000000 14.150880 10.105911 -30.090104 -8.630368 -16.495687 54.993365 -0.948650 0.502847 -20.184438 -0.011877 0.703692 -1.933842 -6.416800 -2.190118 7.958309 3.717202 -3.363887 1.468205 7.852279 -1.648918 -2.331665 -11.099954 -1.493607 -8.791138 16.188272 -4.516891 25.024742 7.234615 -1.638889 9.894403 0.000000 0.000000 0.000000 -75.924970 -26.040899 -1.780588 13.938509 -22.646733 -2.804389 -0.000001 0.000002 11.674006 3.442386 33.299832 1.891357 -7.125020 0.000002 0.000000 -33.392885 60.096341 -13.166641 0.000000 0.000000 0.000000 84.035161 -4.690295 4.158692 -25.514331 36.725076 -8.595590 0.000002 -0.000001 -17.325519 -12.689280 16.510809 -3.660458 7.125020 -0.000002 0.000000 10.053696 -13.266540 7.600137
8.324426 17.317445 -12.100777 -7.529354 -41.511748 17.991939 0.000000 0.000000 0.000000 -17.589895 -1.202541 -14.482440 4.056124 12.234716 36.567430 3.259788 4.255823 -35.791342 0.002238 -0.305536 -0.839490 0.000000 0.000000 0.000000 14.584914 10.183270 -29.596251 -8.707017 -16.560591 55.224472 -0.993155 0.131518 -20.563695 -0.028014 1.080484 -2.970287 -6.230460 -2.175253 8.018507 3.785927 -3.330563 1.495238 7.818601 -1.633913 -2.349309 -11.261375 -1.508217 -8.736302 16.327547 -4.547837 25.022295 7.314794 -1.657782 9.893724 0.000000 0.000000 0.000000 -75.226869 -25.724354 -2.509666 14.075290 -22.842239 -2.857272 -0.000001 0.000002 11.705347 3.350707 33.241332 1.837980 -7.125020 0.000002 0.000000 -33.425531 60.026673 -13.125211 0.000000 0.000000 0.000000 83.784474 -4.604458 4.505799 -25.778104 36.988755 -8.753807 0.000002 -0.000001 -17.236806 -12.531369 16.610882 -3.635166 7.125020 -0.000002 0.000000 10.159011 -13.179775 7.700553
8.245199 17.289794 -12.026136 -7.800526 -41.364088 18.045480 0.000000 0.000000 0.000000 -17.325882 -1.225229 -14.155832 4.159258 12.369367 37.051478 3.306054 4.287889 -36.055575 0.002592 -0.328778 -0.903358 0.000000 0.000000 0.000000 15.004077 10.207657 -29.065626 -8.791062 -16.636460 55.462152 -1.042725 -0.267574 -20.901504 -0.046233 1.387676 -3.816175 -5.989654 -2.157063 8.122549 3.822653 -3.290598 1.536133 7.720464 -1.615582 -2.383267 -11.378891 -1.542315 -8.709969 16.456412 -4.612143 25.034191 7.380435 -1.687790 9.908843 0.000000 0.000000 0.000000 -74.476574 -25.439859 -3.227292 14.187217 -23.001718 -2.900865 -0.000001 0.000002 11.706107 3.433071 33.056015 1.873161 -7.125020 0.000002 0.000000 -33.161694 59.891898 -12.900175 0.000000 0.000000 0.000000 83.555948 -4.495192 4.873861 -26.054121 37.262108 -8.920401 0.000002 -0.000001 -17.245556 -12.429787 16.679787 -3.619597 7.125020 -0.000002 0.000000 10.226694 -13.119471 7.766298
8.166016 17.262018 -11.952104 -8.056341 -41.167275 18.095413 0.000000 0.000000 0.000000 -17.032614 -1.256556 -13.921795 4.293706 12.541309 37.674843 3.328542 4.306965 -36.200351 0.005277 -0.469109 -1.289004 0.000000 0.000000 0.000000 15.422472 10.226858 -28.561886 -8.883976 -16.721048 55.719879 -1.091556 -0.693859 -21.193292 -0.061837 1.604500 -4.413844 -5.728615 -2.139754 8.256542 3.844476 -3.250926 1.569589 7.596503 -1.596169 -2.443650 -11.443135 -1.592833 -8.725901 16.567675 -4.705901 25.073508 7.428322 -1.726327 9.946295 0.000000 0.000000 0.000000 -73.667775 -25.184892 -3.955098 14.273509 -23.124360 -2.934669 -0.000001 0.000002 11.676553 3.643887 32.784784 1.973125 -7.125020 0.000002 0.000000 -32.689666 59.714488 -12.552157 0.000000 0.000000 0.000000 83.353794 -4.351681 5.244936 -26.333381 37.536021 -9.090013 0.000002 -0.000001 -17.328354 -12.383996 16.710789 -3.612440 7.125020 -0.000002 0.000000 10.257147 -13.092369 7.796014
8.085862 17.234790 -11.881898 -8.320733 -40.924902 18.190650 0.000000 0.000000 0.000000 -16.660714 -1.246797 -13.877753 4.473102 12.764670 38.493815 3.320289 4.264535 -36.166259 0.015481 -0.803375 -2.207945 0.000000 0.000000 0.000000 15.853622 10.283853 -28.120855 -8.984941 -16.809238 56.006757 -1.134122 -1.111939 -21.440672 -0.072470 1.736704 -4.778554 -5.473785 -2.123446 8.407501 3.868178 -3.212790 1.582783 7.479871 -1.575710 -2.533669 -11.459873 -1.655483 -8.787524 16.663688 -4.822939 25.145120 7.461455 -1.770712 10.007659 0.000000 0.000000 0.000000 -72.796341 -24.950092 -4.705322 14.336241 -23.213348 -2.959350 -0.000001 0.000002 11.593809 3.930969 32.497327 2.111939 -7.125020 0.000002 0.000000 -32.130703 59.539535 -12.173219 0.000000 0.000000 0.000000 83.170938 -4.165908 5.611886 -26.607579 37.802390 -9.257577 0.000002 -0.000001 -17.465208 -12.395825 16.697709 -3.613152 7.125020 -0.000002 0.000000 10.249232 -13.104488 7.787280
8.004318 17.208348 -11.815869 -8.604165 -40.651200 18.340489 0.000000 0.000000 0.000000 -16.192973 -1.170523 -14.062856 4.710917 13.050661 39.558401 3.279347 4.128746 -35.923762 0.045459 -1.376039 -3.784113 0.000000 0.000000 0.000000 16.297500 10.390480 -27.738467 -9.091591 -16.896165 56.323123 -1.167198 -1.479128 -21.643306 -0.080559 1.830853 -5.038430 -5.232241 -2.107788 8.564676 3.900445 -3.175764 1.578403 7.381188 -1.554508 -2.643770 -11.453183 -1.725436 -8.877237 16.758081 -4.954906 25.234483 7.489521 -1.818795 10.083486 0.000000 0.000000 0.000000 -71.861127 -24.726223 -5.479828 14.377562 -23.271886 -2.975656 -0.000001 0.000002 11.430545 4.279435 32.239548 2.283176 -7.125020 0.000002 0.000000 -31.543102 59.401634 -11.816584 0.000000 0.000000 0.000000 82.996666 -3.923422 5.960220 -26.862398 38.047657 -9.414196 0.000002 -0.000000 -17.618598 -12.453865 16.653284 -3.621070 7.125020 -0.000002 0.000000 10.210616 -13.144062 7.748529
7.921715 17.182686 -11.752829 -8.894540 -40.350735 18.526150 0.000000 0.000000 0.000000 -15.640196 -1.045305 -14.480259 5.019530 13.405755 40.906989 3.204961 3.885084 -35.453489 0.115345 -2.189658 -6.030093 0.000000 0.000000 0.000000 16.740885 10.526569 -27.397501 -9.201206 -16.979191 56.661595 -1.189456 -1.781499 -21.796932 -0.092539 1.961931 -5.400462 -5.002672 -2.100427 8.716660 3.941567 -3.149595 1.566929 7.299976 -1.538560 -2.755262 -11.456874 -1.794973 -8.968068 16.864984 -5.086397 25.315352 7.524171 -1.866400 10.157161 0.000000 0.000000 0.000000 -70.864548 -24.503150 -6.285074 14.400270 -23.304027 -2.984633 -0.000001 0.000002 11.179141 4.707038 32.009776 2.495802 -7.125020 0.000002 0.000000 -30.906427 59.303588 -11.475205 0.000000 0.000000 0.000000 82.814752 -3.601996 6.281220 -27.079686 38.255080 -9.548425 0.000002 -0.000000 -17.747308 -12.529329 16.611315 -3.634703 7.125020 -0.000002 0.000000 10.160477 -13.179702 7.701573
7.838857 17.157775 -11.691521 -9.168368 -40.014175 18.721353 0.000000 0.000000 0.000000 -15.022497 -0.917746 -15.124780 5.410305 13.831474 42.566509 3.093995 3.538136 -34.726423 0.247336 -3.200207 -8.836640 0.000000 0.000000 0.000000 17.167518 10.655902 -27.086880 -9.311833 -17.058137 57.012323 -1.201568 -2.029045 -21.897817 -0.114844 2.184909 -6.016951 -4.784706 -2.115839 8.854654 3.992533 -3.153368 1.558384 7.238132 -1.538450 -2.849894 -11.500065 -1.854461 -9.046185 16.988946 -5.197041 25.368684 7.573546 -1.906939 10.216112 0.000000 0.000000 0.000000 -69.814788 -24.266863 -7.139379 14.410093 -23.317925 -2.988521 -0.000001 0.000002 10.864061 5.206525 31.794135 2.745159 -7.125020 0.000002 0.000000 -30.213833 59.232688 -11.135494 0.000000 0.000000 0.000000 82.599777 -3.184294 6.594492 -27.250750 38.417267 -9.654531 0.000002 -0.000000 -17.840312 -12.594132 16.604769 -3.652673 7.125020 -0.000002 0.000000 10.117492 -13.180748 7.667684
7.756718 17.133507 -11.631007 -9.408008 -39.626618 18.906703 0.000000 0.000000 0.000000 -14.354792 -0.833866 -15.994960 5.893467 14.324305 44.552656 2.940428 3.114936 -33.699709 0.451923 -4.312809 -11.958405 0.000000 0.000000 0.000000 17.566735 10.740675 -26.806238 -9.422906 -17.134292 57.368795 -1.206460 -2.225598 -21.945907 -0.149410 2.490856 -6.864295 -4.575806 -2.166367 8.978280 4.057054 -3.203328 1.557226 7.199762 -1.562728 -2.920421 -11.600314 -1.897219 -9.115338 17.127659 -5.271743 25.391402 7.641569 -1.935076 10.257621 0.000000 0.000000 0.000000 -68.726434 -24.001506 -8.061619 14.415396 -23.325428 -2.990620 -0.000001 0.000002 10.537089 5.706784 31.608892 2.995355 -7.125020 0.000002 0.000000 -29.549566 59.187532 -10.829692 0.000000 0.000000 0.000000 82.324063 -2.674510 6.940779 -27.387269 38.546004 -9.739482 0.000002 -0.000000 -17.916692 -12.637789 16.646138 -3.674587 7.125020 -0.000002 0.000000 10.088651 -13.135524 7.654816
7.676231 17.109545 -11.570516 -9.610763 -39.173966 19.075456 0.000000 0.000000 0.000000 -13.641565 -0.820631 -17.092291 6.476689 14.874896 46.866132 2.738269 2.656681 -32.325515 0.710916 -5.388624 -15.020385 0.000000 0.000000 0.000000 17.938189 10.747630 -26.561965 -9.534518 -17.208800 57.728308 -1.207845 -2.359953 -21.944882 -0.192063 2.822332 -7.784499 -4.364227 -2.254318 9.097616 4.139348 -3.301612 1.559734 7.183885 -1.612071 -2.976711 -11.765287 -1.924856 -9.178927 17.280238 -5.310936 25.387397 7.729640 -1.951638 10.284048 0.000000 0.000000 0.000000 -67.618690 -23.696001 -9.049409 14.422828 -23.335939 -2.993564 -0.000001 0.000002 10.252836 6.113493 31.486780 3.200140 -7.125020 0.000002 0.000000 -29.035567 59.175332 -10.610922 0.000000 0.000000 0.000000 81.970385 -2.106081 7.351278 -27.521634 38.672107 -9.823327 0.000002 -0.000000 -17.997108 -12.673023 16.723533 -3.701801 7.125020 -0.000002 0.000000 10.065553 -13.054804 7.653974
7.597985 17.085336 -11.509261 -9.785799 -38.644646 19.226992 0.000000 0.000000 0.000000 -12.879929 -0.886098 -18.409175 7.162743 15.467417 49.487169 2.486952 2.194352 -30.571389 0.967461 -6.262328 -17.547475 0.000000 0.000000 0.000000 18.292629 10.647942 -26.356163 -9.646150 -17.281589 58.088464 -1.208082 -2.422661 -21.901921 -0.235660 3.124294 -8.624984 -4.130117 -2.371138 9.230903 4.241251 -3.435097 1.557484 7.181492 -1.679011 -3.041032 -11.993444 -1.949260 -9.227580 17.448233 -5.333195 25.355823 7.835952 -1.965310 10.296654 0.000000 0.000000 0.000000 -66.509789 -23.351464 -10.073863 14.431946 -23.348834 -2.997177 -0.000001 0.000002 10.046931 6.377709 31.427703 3.334601 -7.125020 0.000002 0.000000 -28.719642 59.184958 -10.488983 0.000000 0.000000 0.000000 81.539218 -1.527231 7.825387 -27.693333 38.832381 -9.930803 0.000002 -0.000000 -18.086123 -12.733996 16.807654 -3.738405 7.125020 -0.000002 0.000000 10.025534 -12.964953 7.641613
7.521939 17.060263 -11.446490 -9.942817 -38.032714 19.355993 0.000000 0.000000 0.000000 -12.068660 -1.025032 -19.919359 7.947472 16.080484 52.373263 2.195039 1.730205 -28.446818 1.136629 -6.770759 -19.037975 0.000000 0.000000 0.000000 18.644735 10.420339 -26.179774 -9.756820 -17.351875 58.446616 -1.207897 -2.419145 -21.828084 -0.274237 3.368412 -9.306177 -3.858077 -2.502607 9.395170 4.360148 -3.583387 1.546462 7.180207 -1.752695 -3.131358 -12.270270 -1.988800 -9.251354 17.629419 -5.367772 25.291806 7.953239 -1.988847 10.296814 0.000000 0.000000 0.000000 -65.405025 -22.988102 -11.103763 14.432868 -23.350138 -2.997542 -0.000001 0.000002 9.945025 6.496575 31.389586 3.393950 -7.125020 0.000002 0.000000 -28.567264 59.179296 -10.423008 0.000000 0.000000 0.000000 81.046796 -0.966503 8.329318 -27.924551 39.046684 -10.076124 0.000002 -0.000001 -18.174488 -12.857354 16.871009 -3.789672 7.125020 -0.000002 0.000000 9.944219 -12.890288 7.593328
7.447532 17.033704 -11.381680 -10.086543 -37.351688 19.455091 0.000000 0.000000 0.000000 -11.217393 -1.214985 -21.586043 8.819263 16.689996 55.462956 1.879209 1.249606 -26.026227 1.147712 -6.802567 -19.131761 0.000000 0.000000 0.000000 19.001855 10.068477 -26.017728 -9.866396 -17.419763 58.801988 -1.208075 -2.365029 -21.736714 -0.303924 3.544506 -9.798586 -3.549311 -2.630499 9.590866 4.488383 -3.722138 1.533166 7.169580 -1.821191 -3.245084 -12.566701 -2.061198 -9.257474 17.813801 -5.442587 25.193232 8.068784 -2.032938 10.289755 0.000000 0.000000 0.000000 -64.289928 -22.646096 -12.129175 14.409845 -23.317577 -2.988423 -0.000001 0.000002 9.977687 6.466510 31.331569 3.372883 -7.125020 0.000002 0.000000 -28.546111 59.122230 -10.374316 0.000000 0.000000 0.000000 80.515861 -0.412225 8.810360 -28.209400 39.308295 -10.256071 0.000002 -0.000001 -18.256249 -13.053964 16.906052 -3.857322 7.125020 -0.000002 0.000000 9.814333 -12.837396 7.502029
7.374147 17.004985 -11.314552 -10.223270 -36.648075 19.527163 0.000000 0.000000 0.000000 -10.348501 -1.408551 -23.376538 9.760491 17.272953 58.684834 1.561496 0.747414 -23.459795 0.998983 -6.360553 -17.834206 0.000000 0.000000 0.000000 19.360451 9.636334 -25.855077 -9.975562 -17.486687 59.154132 -1.210808 -2.273429 -21.640712 -0.322485 3.650137 -10.094399 -3.219152 -2.729528 9.797738 4.614559 -3.819103 1.530560 7.140501 -1.869301 -3.361499 -12.845631 -2.177859 -9.265676 17.987948 -5.575980 25.060315 8.168190 -2.102851 10.282080 0.000000 0.000000 0.000000 -63.139634 -22.371658 -13.154347 14.348692 -23.230994 -2.964259 -0.000001 0.000002 10.164446 6.281288 31.244448 3.267843 -7.125020 0.000002 0.000000 -28.654441 59.004798 -10.335282 0.000000 0.000000 0.000000 79.964381 0.167155 9.219618 -28.532666 39.602004 -10.461499 0.000002 -0.000001 -18.346338 -13.299720 16.921495 -3.935873 7.125020 -0.000002 0.000000 9.651814 -12.799685 7.381763
7.301468 16.973525 -11.244680 -10.366789 -35.981887 19.582670 0.000000 0.000000 0.000000 -9.487017 -1.546780 -25.259360 10.750297 17.810712 61.967985 1.267508 0.231382 -20.962442 0.767967 -5.595946 -15.616444 0.000000 0.000000 0.000000 19.716157 9.185508 -25.670373 -10.083125 -17.553058 59.496196 -1.218726 -2.151073 -21.554411 -0.330599 3.695333 -10.221070 -2.877867 -2.773576 9.994259 4.725941 -3.840904 1.549286 7.079281 -1.881158 -3.461817 -13.072036 -2.341792 -9.289208 18.143779 -5.775477 24.891656 8.240492 -2.198935 10.276554 0.000000 0.000000 0.000000 -61.930964 -22.195876 -14.174664 14.241031 -23.078233 -2.921925 -0.000001 0.000002 10.494631 5.972237 31.135719 3.096731 -7.125020 0.000002 0.000000 -28.867588 58.841288 -10.304904 0.000000 0.000000 0.000000 79.400101 0.788109 9.530931 -28.891747 39.924317 -10.691175 0.000002 -0.000001 -18.473829 -13.550222 16.927437 -4.013922 7.125020 -0.000002 0.000000 9.486071 -12.771016 7.257071
7.229518 16.939044 -11.171103 -10.537717 -35.386786 19.627149 0.000000 0.000000 0.000000 -8.643075 -1.588116 -27.196053 11.767850 18.290777 65.251080 1.022424 -0.300590 -18.769061 0.552572 -4.761878 -13.230631 0.000000 0.000000 0.000000 20.078680 8.752241 -25.428818 -10.183772 -17.616030 59.810557 -1.232685 -2.010898 -21.496142 -0.334538 3.717065 -10.282003 -2.512498 -2.750150 10.178451 4.812308 -3.770121 1.593569 6.964833 -1.848390 -3.543534 -13.221205 -2.549171 -9.330149 18.282290 -6.040734 24.687594 8.281099 -2.318670 10.273163 0.000000 0.000000 0.000000 -60.646260 -22.125745 -15.174502 14.084063 -22.854756 -2.860677 -0.000001 0.000002 10.948287 5.616135 30.998618 2.899875 -7.125020 0.000002 0.000000 -29.103204 58.643732 -10.257724 0.000000 0.000000 0.000000 78.821734 1.444725 9.743118 -29.294327 40.280798 -10.950502 0.000002 -0.000001 -18.653249 -13.760899 16.930150 -4.079167 7.125020 -0.000002 0.000000 9.346655 -12.749134 7.151711
7.158477 16.901917 -11.092725 -10.760048 -34.866544 19.666666 0.000000 0.000000 0.000000 -7.805262 -1.512620 -29.159217 12.794121 18.706541 68.484886 0.842815 -0.876755 -17.056272 0.405059 -4.085889 -11.318428 0.000000 0.000000 0.000000 20.472247 8.344230 -25.096891 -10.269044 -17.670775 60.070578 -1.251340 -1.884962 -21.479441 -0.345766 3.778308 -10.453794 -2.097194 -2.662732 10.361769 4.871726 -3.608659 1.660662 6.780736 -1.771929 -3.616236 -13.289540 -2.792680 -9.389557 18.410158 -6.365307 24.457439 8.292978 -2.458298 10.274404 0.000000 0.000000 0.000000 -59.281080 -22.147282 -16.153639 13.882294 -22.566186 -2.782779 -0.000001 0.000002 11.536908 5.293610 30.799232 2.717075 -7.125020 0.000002 0.000000 -29.252476 58.400943 -10.142411 0.000000 0.000000 0.000000 78.217966 2.127291 9.869626 -29.744466 40.673355 -11.242710 0.000002 -0.000001 -18.864858 -13.899396 16.934384 -4.122726 7.125020 -0.000002 0.000000 9.255056 -12.732234 7.082933
7.088454 16.863153 -11.009208 -11.049752 -34.420974 19.717720 0.000000 0.000000 0.000000 -6.956397 -1.307469 -31.157738 13.812783 19.056228 71.632022 0.729780 -1.537605 -15.874020 0.325694 -3.668084 -10.144693 0.000000 0.000000 0.000000 20.915687 7.967179 -24.667076 -10.331760 -17.713746 60.252887 -1.272255 -1.813472 -21.504270 -0.375392 3.935130 -10.894239 -1.624959 -2.522338 10.551200 4.913520 -3.369591 1.740200 6.534638 -1.657953 -3.691585 -13.304843 -3.062552 -9.470449 18.535632 -6.734520 24.220077 8.287421 -2.612899 10.285958 0.000000 0.000000 0.000000 -57.854620 -22.224759 -17.142854 13.651794 -22.234733 -2.694940 -0.000001 0.000002 12.301117 5.043873 30.501941 2.566222 -7.125020 0.000002 0.000000 -29.248310 58.090348 -9.917785 0.000000 0.000000 0.000000 77.564358 2.838113 9.931191 -30.238022 41.096541 -11.565766 0.000002 -0.000000 -19.063339 -13.949354 16.943521 -4.140321 7.125020 -0.000002 0.000000 9.222174 -12.718450 7.059641
7.019478 16.824062 -10.921174 -11.398477 -34.048654 19.794720 0.000000 0.000000 0.000000 -6.096383 -0.971058 -33.225283 14.808932 19.341195 74.660690 0.670071 -2.298825 -15.141835 0.296223 -3.499711 -9.673244 0.000000 0.000000 0.000000 21.403461 7.627071 -24.159261 -10.368378 -17.743073 60.347046 -1.292829 -1.819200 -21.561263 -0.427659 4.196928 -11.631360 -1.119506 -2.345281 10.748139 4.952139 -3.075972 1.816181 6.258451 -1.517236 -3.780925 -13.315636 -3.345654 -9.570665 18.665367 -7.125082 23.997132 8.280369 -2.775772 10.312277 0.000000 0.000000 0.000000 -56.401679 -22.297797 -18.172541 13.420409 -21.900093 -2.608009 -0.000001 0.000002 13.245970 4.852728 30.120914 2.441061 -7.125020 0.000002 0.000000 -29.120545 57.720140 -9.604016 0.000000 0.000000 0.000000 76.831936 3.591640 9.952668 -30.767340 41.542099 -11.915255 0.000002 -0.000000 -19.203552 -13.912441 16.956498 -4.132182 7.125020 -0.000002 0.000000 9.246907 -12.708757 7.080760
6.951646 16.785745 -10.829590 -11.770112 -33.732523 19.893648 0.000000 0.000000 0.000000 -5.250280 -0.526925 -35.389423 15.766876 19.564716 77.536671 0.644279 -3.129013 -14.715883 0.301741 -3.531869 -9.763221 0.000000 0.000000 0.000000 21.905514 7.317845 -23.602345 -10.378104 -17.757079 60.354769 -1.311003 -1.896046 -21.643398 -0.496537 4.517709 -12.537916 -0.618018 -2.153432 10.955942 4.995615 -2.759925 1.872159 5.986510 -1.364898 -3.896313 -13.357789 -3.627653 -9.680968 18.800390 -7.512935 23.804954 8.282940 -2.939454 10.353621 0.000000 0.000000 0.000000 -54.949512 -22.293196 -19.226667 13.222697 -21.612644 -2.534725 -0.000001 0.000002 14.280311 4.669205 29.740352 2.321391 -7.125020 0.000002 0.000000 -28.991449 57.351368 -9.292900 0.000000 0.000000 0.000000 76.006501 4.403499 9.957953 -31.330601 42.006951 -12.290504 0.000002 -0.000000 -19.263655 -13.814645 16.963807 -4.104024 7.125020 -0.000002 0.000000 9.311909 -12.710402 7.131264
6.885065 16.748928 -10.735059 -12.114675 -33.444766 19.995768 0.000000 0.000000 0.000000 -4.460537 -0.018935 -37.657936 16.669174 19.731721 80.219817 0.635403 -3.967220 -14.468467 0.329522 -3.689369 -10.204354 0.000000 0.000000 0.000000 22.380219 7.025958 -23.018763 -10.360909 -17.753839 60.281495 -1.326136 -2.018592 -21.751245 -0.567204 4.823472 -13.405758 -0.154940 -1.967620 11.178006 5.040030 -2.452477 1.896600 5.738819 -1.215699 -4.046488 -13.431659 -3.897468 -9.792813 18.935169 -7.882657 23.649923 8.295224 -3.097725 10.406999 0.000000 0.000000 0.000000 -53.504723 -22.149461 -20.244630 13.093323 -21.423802 -2.487271 -0.000001 0.000002 15.234066 4.427863 29.476900 2.181851 -7.125020 0.000002 0.000000 -29.017448 57.071100 -9.102840 0.000000 0.000000 0.000000 75.097638 5.280627 9.969719 -31.942288 42.501116 -12.701819 0.000002 -0.000000 -19.256503 -13.708908 16.947265 -4.067823 7.125020 -0.000002 0.000000 9.381843 -12.736856 7.180820
6.819505 16.714460 -10.637326 -12.390598 -33.170560 20.084695 0.000000 0.000000 0.000000 -3.772359 0.511567 -40.020785 17.497136 19.848897 82.665034 0.633004 -4.755160 -14.323965 0.363246 -3.871645 -10.715840 0.000000 0.000000 0.000000 22.790574 6.745361 -22.416551 -10.315330 -17.731498 60.124904 -1.339420 -2.160117 -21.887862 -0.623992 5.054937 -14.065320 0.241201 -1.798612 11.408935 5.074292 -2.171592 1.885935 5.522057 -1.078289 -4.229796 -13.513654 -4.149157 -9.904226 19.063510 -8.228876 23.528934 8.310695 -3.246562 10.468494 0.000000 0.000000 0.000000 -52.055824 -21.834010 -21.167023 13.057842 -21.371908 -2.474326 -0.000001 0.000002 15.942981 4.065864 29.426319 1.996373 -7.125020 0.000002 0.000000 -29.331386 56.949376 -9.129174 0.000000 0.000000 0.000000 74.128918 6.220509 10.014572 -32.635349 43.047871 -13.172496 0.000002 -0.000000 -19.222267 -13.661414 16.887625 -4.039309 7.125020 -0.000002 0.000000 9.412553 -12.801400 7.192289
6.754226 16.683750 -10.535056 -12.585576 -32.922407 20.160221 0.000000 0.000000 0.000000 -3.216324 1.044746 -42.453721 18.232545 19.924621 84.826903 0.632832 -5.451756 -14.250761 0.388083 -4.000354 -11.077663 0.000000 0.000000 0.000000 23.120664 6.483237 -21.784751 -10.236303 -17.687864 59.865448 -1.352934 -2.309560 -22.050659 -0.661452 5.201579 -14.484400 0.553013 -1.643334 11.630626 5.089991 -1.916642 1.843844 5.336070 -0.952474 -4.432589 -13.586023 -4.381938 -10.015399 19.185495 -8.553108 23.433777 8.325337 -3.385017 10.534797 0.000000 0.000000 0.000000 -50.581890 -21.346078 -21.970912 13.118648 -21.460813 -2.496529 -0.000001 0.000002 16.336990 3.541352 29.619976 1.743811 -7.125020 0.000002 0.000000 -29.997272 57.004120 -9.409251 0.000000 0.000000 0.000000 73.120999 7.214160 10.118965 -33.451489 43.674198 -13.732865 0.000002 -0.000000 -19.204752 -13.726801 16.775083 -4.032586 7.125020 -0.000002 0.000000 9.367602 -12.908902 7.136443
6.688257 16.658573 -10.426111 -12.721158 -32.725602 20.237793 0.000000 0.000000 0.000000 -2.794873 1.576397 -44.922383 18.859981 19.968421 86.666145 0.634037 -6.036291 -14.235022 0.398410 -4.052614 -11.224733 0.000000 0.000000 0.000000 23.384162 6.248454 -21.094907 -10.113776 -17.618621 59.463779 -1.367354 -2.478750 -22.227465 -0.688383 5.304303 -14.778557 0.783918 -1.489785 11.819345 5.088318 -1.673162 1.778162 5.176876 -0.831521 -4.635518 -13.651752 -4.601011 -10.121557 19.307138 -8.863068 23.355207 8.340642 -3.516613 10.603704 0.000000 0.000000 0.000000 -49.062265 -20.714414 -22.675555 13.244687 -21.644682 -2.542831 -0.000001 0.000002 16.475892 2.860132 29.990692 1.419851 -7.125020 0.000002 0.000000 -30.959605 57.177201 -9.888068 0.000000 0.000000 0.000000 72.082654 8.248646 10.290988 -34.427728 44.399139 -14.411489 0.000002 -0.000001 -19.228462 -13.927263 16.613747 -4.054661 7.125020 -0.000002 0.000000 9.232156 -13.053313 7.003405
6.620807 16.640730 -10.308298 -12.835588 -32.591221 20.336422 0.000000 0.000000 0.000000 -2.482629 2.094849 -47.389319 19.368084 19.989963 88.153300 0.635748 -6.515988 -14.254365 0.393565 -4.028183 -11.155967 0.000000 0.000000 0.000000 23.614839 6.036669 -20.311388 -9.933675 -17.515658 58.868109 -1.380398 -2.689708 -22.398073 -0.719414 5.420053 -15.110614 0.959159 -1.326237 11.954948 5.077138 -1.424184 1.698935 5.035124 -0.707727 -4.819399 -13.722606 -4.817256 -10.213378 19.435321 -9.173420 23.283857 8.359164 -3.649037 10.673946 0.000000 0.000000 0.000000 -47.482384 -19.992298 -23.330283 13.380438 -21.842091 -2.593120 -0.000001 0.000002 16.501423 2.090204 30.393636 1.048634 -7.125020 0.000002 0.000000 -32.038354 57.357723 -10.423589 0.000000 0.000000 0.000000 71.018252 9.311918 10.502370 -35.587700 45.227246 -15.229070 0.000002 -0.000001 -19.287679 -14.244481 16.417660 -4.102339 7.125020 -0.000002 0.000000 9.018339 -13.222375 6.805728
6.551372 16.632006 -10.179958 -12.961856 -32.506604 20.466908 0.000000 0.000000 0.000000 -2.239824 2.569982 -49.817676 19.748770 19.997966 89.266774 0.635047 -6.929985 -14.267099 0.369727 -3.905653 -10.811386 0.000000 0.000000 0.000000 23.846412 5.830405 -19.401174 -9.681635 -17.367622 58.027943 -1.387924 -2.950160 -22.538744 -0.762619 5.576866 -15.561503 1.116354 -1.146411 12.022791 5.061165 -1.158201 1.617943 4.892228 -0.576286 -4.965816 -13.799313 -5.042942 -10.281624 19.575152 -9.502482 23.209819 8.380046 -3.790883 10.744277 0.000000 0.000000 0.000000 -45.836650 -19.240576 -23.988175 13.475642 -21.980146 -2.628647 -0.000001 0.000002 16.537398 1.335310 30.698156 0.676950 -7.125020 0.000002 0.000000 -33.022922 57.456841 -10.868206 0.000000 0.000000 0.000000 69.941801 10.395956 10.690187 -36.940069 46.148793 -16.196806 0.000002 -0.000001 -19.351403 -14.629680 16.203290 -4.164063 7.125020 -0.000002 0.000000 8.758589 -13.404145 6.571538
6.479627 16.634014 -10.040125 -13.118239 -32.443681 20.627191 0.000000 0.000000 0.000000 -2.026178 2.961603 -52.169093 19.995859 19.999435 89.989346 0.627706 -7.334903 -14.225695 0.322706 -3.651378 -10.097875 0.000000 0.000000 0.000000 24.100559 5.608191 -18.337082 -9.347517 -17.162445 56.906286 -1.385976 -3.243869 -22.625404 -0.814933 5.760517 -16.091130 1.291800 -0.950346 12.015985 5.039168 -0.871917 1.545512 4.725681 -0.436380 -5.061206 -13.868427 -5.285126 -10.318128 19.729288 -9.863461 23.124778 8.399525 -3.947375 10.812406 0.000000 0.000000 0.000000 -44.137256 -18.499771 -24.679766 13.514454 -22.036335 -2.643191 -0.000001 0.000002 16.622525 0.684229 30.864054 0.350484 -7.125020 0.000002 0.000000 -33.789907 57.460393 -11.158657 0.000000 0.000000 0.000000 68.875567 11.491944 10.785893 -38.483495 47.145311 -17.319166 0.000002 -0.000001 -19.386053 -15.025406 15.986145 -4.226117 7.125020 -0.000002 0.000000 8.491289 -13.588275 6.332735
6.405423 16.647675 -9.888672 -13.310880 -32.368969 20.806141 0.000000 0.000000 0.000000 -1.807981 3.231673 -54.403869 20.104683 19.999148 90.307592 0.610817 -7.774483 -14.104548 0.258847 -3.273274 -9.040507 0.000000 0.000000 0.000000 24.388335 5.349202 -17.102015 -8.928359 -16.889917 55.485787 -1.370979 -3.545337 -22.631413 -0.867826 5.939867 -16.610050 1.507652 -0.744626 11.941521 5.012136 -0.571462 1.484666 4.525639 -0.291311 -5.106071 -13.918977 -5.541991 -10.311901 19.899857 -10.256967 23.024088 8.416196 -4.118443 10.874292 0.000000 0.000000 0.000000 -42.423197 -17.772537 -25.408441 13.520318 -22.044820 -2.645392 -0.000001 0.000002 16.714085 0.180349 30.942306 0.094360 -7.125020 0.000002 0.000000 -34.340288 57.420566 -11.334354 0.000000 0.000000 0.000000 67.833076 12.583193 10.753228 -40.215456 48.197022 -18.599691 0.000002 -0.000000 -19.380668 -15.381882 15.783294 -4.278281 7.125020 -0.000002 0.000000 8.249963 -13.761945 6.117252
6.328884 16.672860 -9.726225 -13.540738 -32.254428 20.992931 0.000000 0.000000 0.000000 -1.562088 3.354915 -56.484904 20.072345 19.999283 90.213047 0.585298 -8.255564 -13.921114 0.197964 -2.865115 -7.903446 0.000000 0.000000 0.000000 24.714381 5.037723 -15.694512 -8.429081 -16.543172 53.769446 -1.338610 -3.839192 -22.521383 -0.917279 6.102290 -17.081501 1.768037 -0.539769 11.816712 4.989439 -0.269315 1.430377 4.303113 -0.146903 -5.114150 -13.959005 -5.805367 -10.246524 20.093755 -10.672432 22.904199 8.436045 -4.300540 10.924167 0.000000 0.000000 0.000000 -40.753606 -17.031135 -26.159364 13.536913 -22.068825 -2.651624 -0.000001 0.000002 16.723087 -0.173524 31.033839 -0.087822 -7.125020 0.000002 0.000000 -34.760081 57.421657 -11.498344 0.000000 0.000000 0.000000 66.810991 13.648562 10.599944 -42.135614 49.285478 -20.043273 0.000002 -0.000000 -19.349389 -15.664176 15.613612 -4.315868 7.125020 -0.000002 0.000000 8.058404 -13.908971 5.945648
6.250400 16.708626 -9.553467 -13.810008 -32.090734 21.184628 0.000000 0.000000 0.000000 -1.278116 3.329053 -58.379150 19.898206 19.999181 89.703844 0.555973 -8.754490 -13.727827 0.160455 -2.580860 -7.113917 0.000000 0.000000 0.000000 25.076823 4.672556 -14.126918 -7.861542 -16.119137 51.778726 -1.283768 -4.123993 -22.247991 -0.969008 6.267189 -17.561655 2.066061 -0.343434 11.654578 4.984614 0.024520 1.376251 4.079284 -0.007577 -5.098335 -14.010763 -6.066818 -10.108340 20.322036 -11.096876 22.762291 8.469882 -4.489808 10.957708 0.000000 0.000000 0.000000 -39.187353 -16.240124 -26.907797 13.604403 -22.166348 -2.677035 -0.000001 0.000002 16.548737 -0.390954 31.241235 -0.202094 -7.125020 0.000002 0.000000 -35.154285 57.545322 -11.761974 0.000000 0.000000 0.000000 65.800332 14.674927 10.355445 -44.238295 50.389815 -21.650334 0.000002 -0.000001 -19.311840 -15.857589 15.492150 -4.339429 7.125020 -0.000002 0.000000 7.926853 -14.015145 5.827578
6.170495 16.753642 -9.370544 -14.123445 -31.889772 21.386705 0.000000 0.000000 0.000000 -0.955635 3.174967 -60.059242 19.584995 19.995342 88.787885 0.528124 -9.247436 -13.572566 0.155297 -2.539230 -6.998437 0.000000 0.000000 0.000000 25.465548 4.268659 -12.420573 -7.242884 -15.618605 49.551073 -1.202522 -4.399400 -21.756004 -1.032937 6.464485 -18.138224 2.389423 -0.156786 11.460072 5.008748 0.307519 1.317046 3.873953 0.125882 -5.066719 -14.088399 -6.320952 -9.900194 20.587466 -11.521553 22.606470 8.523435 -4.683254 10.977909 0.000000 0.000000 0.000000 -37.765882 -15.373531 -27.638441 13.741894 -22.364520 -2.729130 -0.000001 0.000002 16.126507 -0.478107 31.615835 -0.250779 -7.125020 0.000002 0.000000 -35.579160 57.832048 -12.185053 0.000000 0.000000 0.000000 64.798934 15.657762 10.052208 -46.506697 51.485614 -23.411832 0.000002 -0.000001 -19.277799 -15.969478 15.428296 -4.354356 7.125020 -0.000002 0.000000 7.850660 -14.070047 5.760787
6.089714 16.806461 -9.177264 -14.484634 -31.670401 21.608040 0.000000 0.000000 0.000000 -0.597088 2.922310 -61.509108 19.139671 19.981777 87.485054 0.503484 -9.728879 -13.462240 0.182740 -2.753358 -7.592821 0.000000 0.000000 0.000000 25.864065 3.842199 -10.605961 -6.593202 -15.046307 47.134637 -1.094545 -4.653798 -20.988094 -1.112074 6.699667 -18.828602 2.718088 0.020787 11.245852 5.071462 0.579620 1.240631 3.709109 0.253974 -5.039768 -14.186421 -6.563487 -9.642601 20.871222 -11.940412 22.468463 8.590760 -4.877766 10.997869 0.000000 0.000000 0.000000 -36.510489 -14.417001 -28.376509 13.936305 -22.643576 -2.803541 -0.000001 0.000002 15.487642 -0.427643 32.113359 -0.228046 -7.125020 0.000002 0.000000 -35.995221 58.246687 -12.724591 0.000000 0.000000 0.000000 63.806898 16.583199 9.736533 -48.919016 52.550107 -25.313416 0.000002 -0.000001 -19.249428 -16.024000 15.431828 -4.370739 7.125020 -0.000002 0.000000 7.813868 -14.061394 5.734977
6.008558 16.865919 -8.973468 -14.895484 -31.444652 21.855350 0.000000 0.000000 0.000000 -0.200705 2.596408 -62.724104 18.572135 19.950654 85.822945 0.479628 -10.201478 -13.360712 0.239846 -3.151723 -8.701443 0.000000 0.000000 0.000000 26.253655 3.415011 -8.778783 -5.960427 -14.437909 44.690760 -0.959573 -4.854840 -19.932342 -1.198352 6.945785 -19.554852 3.029039 0.186988 11.040254 5.184852 0.838614 1.126607 3.611666 0.376079 -5.055837 -14.295310 -6.789834 -9.362371 21.138428 -12.346728 22.398375 8.659929 -5.069968 11.036999 0.000000 0.000000 0.000000 -35.429000 -13.369092 -29.197063 14.145848 -22.942826 -2.884720 -0.000001 0.000002 14.769827 -0.238965 32.605853 -0.130491 -7.125020 0.000002 0.000000 -36.286999 58.685799 -13.241344 0.000000 0.000000 0.000000 62.813565 17.420575 9.473267 -51.454614 53.565582 -27.340172 0.000002 -0.000001 -19.229660 -16.053698 15.516422 -4.401869 7.125020 -0.000002 0.000000 7.794935 -13.972219 5.736636
5.927349 16.931773 -8.758785 -15.358919 -31.219420 22.129226 0.000000 0.000000 0.000000 0.239050 2.219026 -63.699830 17.891967 19.892807 83.826778 0.452255 -10.657181 -13.210895 0.321368 -3.643871 -10.076842 0.000000 0.000000 0.000000 26.621292 3.012293 -7.087620 -5.411052 -13.864464 42.481378 -0.795749 -4.965402 -18.620816 -1.277078 7.161908 -20.195928 3.311141 0.339731 10.868295 5.360229 1.083839 0.962704 3.600747 0.491983 -5.143069 -14.422266 -6.998010 -9.083119 21.361168 -12.734857 22.436762 8.724464 -5.257857 11.112284 0.000000 0.000000 0.000000 -34.522171 -12.246467 -30.184208 14.326608 -23.199694 -2.955556 -0.000001 0.000002 14.129508 0.063062 32.983180 0.031371 -7.125020 0.000002 0.000000 -36.367856 59.056872 -13.609476 0.000000 0.000000 0.000000 61.797249 18.144686 9.314832 -54.087573 54.516698 -29.471593 0.000002 -0.000001 -19.223617 -16.085876 15.697853 -4.459997 7.125020 -0.000002 0.000000 7.775961 -13.783911 5.755330
5.846133 17.004878 -8.532186 -15.874811 -31.005749 22.421190 0.000000 0.000000 0.000000 0.720049 1.813971 -64.421509 17.106153 19.797788 81.512136 0.417336 -11.071950 -12.954234 0.420093 -4.160102 -11.527528 0.000000 0.000000 0.000000 26.962645 2.594939 -5.513116 -4.928833 -13.326635 40.450261 -0.616634 -5.008922 -16.952323 -1.326435 7.293625 -20.588222 3.567388 0.480729 10.729257 5.601230 1.317999 0.758999 3.678356 0.602981 -5.291645 -14.588810 -7.189778 -8.819134 21.530072 -13.100583 22.588722 8.785720 -5.440809 11.228292 0.000000 0.000000 0.000000 -33.790377 -11.071781 -31.368174 14.463644 -23.393637 -3.009752 -0.000001 0.000002 13.622111 0.452245 33.263937 0.245593 -7.125020 0.000002 0.000000 -36.272026 59.371467 -13.845593 0.000000 0.000000 0.000000 60.739153 18.765034 9.272294 -56.770698 55.386148 -31.668369 0.000002 -0.000001 -19.232226 -16.124896 15.994067 -4.551460 7.125020 -0.000002 0.000000 7.754782 -13.477722 5.792297
5.764756 17.086402 -8.292121 -16.432251 -30.820143 22.713481 0.000000 0.000000 0.000000 1.223738 1.404846 -64.866261 16.220132 19.653784 78.887283 0.371683 -11.414636 -12.536158 0.525582 -4.645976 -12.901514 0.000000 0.000000 0.000000 27.264559 2.121928 -4.012747 -4.490854 -12.814444 38.497711 -0.445122 -5.034736 -14.814412 -1.309726 7.249347 -20.456211 3.802599 0.612444 10.595251 5.902629 1.541098 0.543033 3.836019 0.709258 -5.457745 -14.812483 -7.366745 -8.568089 21.644572 -13.436304 22.822015 8.845870 -5.617306 11.371670 0.000000 0.000000 0.000000 -33.239300 -9.848497 -32.699613 14.576570 -23.552941 -3.054733 -0.000001 0.000002 13.173779 0.938632 33.585095 0.521006 -7.125020 0.000002 0.000000 -36.121804 59.743973 -14.099597 0.000000 0.000000 0.000000 59.634426 19.332377 9.324535 -59.422885 56.154176 -33.861337 0.000002 -0.000001 -19.248415 -16.155562 16.420389 -4.676449 7.125020 -0.000002 0.000000 7.742877 -13.039307 5.857799
5.683030 17.176698 -8.037369 -17.009467 -30.676206 22.983720 0.000000 0.000000 0.000000 1.721469 1.007705 -65.016310 15.241175 19.448049 75.962347 0.312783 -11.653964 -11.905040 0.621909 -5.046649 -14.041660 0.000000 0.000000 0.000000 27.515377 1.567887 -2.547036 -4.077586 -12.317753 36.519909 -0.314609 -5.141804 -12.112244 -1.180719 6.896305 -19.408525 4.017080 0.735222 10.430564 6.253252 1.748403 0.341110 4.062063 0.808770 -5.593929 -15.093334 -7.528291 -8.307749 21.701132 -13.732077 23.087811 8.901740 -5.785110 11.516300 0.000000 0.000000 0.000000 -32.876631 -8.553079 -34.063089 14.701932 -23.729241 -3.105003 -0.000001 0.000002 12.650102 1.553049 34.087603 0.879980 -7.125020 0.000002 0.000000 -36.035896 60.296139 -14.530654 0.000000 0.000000 0.000000 58.490896 19.909405 9.445571 -61.939697 56.805034 -35.959713 0.000002 -0.000001 -19.267328 -16.180192 16.972232 -4.835397 7.125020 -0.000002 0.000000 7.740325 -12.472739 5.949461
5.600813 17.274681 -7.767977 -17.580202 -30.576780 23.211642 0.000000 0.000000 0.000000 2.186356 0.628323 -64.872230 14.181397 19.168082 72.757827 0.239556 -11.752035 -11.017423 0.693265 -5.322696 -14.831277 0.000000 0.000000 0.000000 27.541967 0.929933 -1.109273 -3.641436 -11.717609 34.428963 -0.098173 -5.510638 -8.752284 -0.914667 6.093832 -17.056913 4.208640 0.850107 10.219632 6.637021 1.938366 0.159198 4.340662 0.900811 -5.685279 -15.407764 -7.674974 -8.005868 21.689565 -13.986484 23.350708 8.942449 -5.944818 11.638405 0.000000 0.000000 0.000000 -32.697772 -7.151636 -35.302766 14.874016 -23.970310 -3.174584 -0.000001 0.000002 11.931485 2.291869 34.824522 1.326474 -7.125020 0.000002 0.000000 -36.094209 61.069663 -15.217345 0.000000 0.000000 0.000000 57.322575 20.522085 9.621124 -64.230312 57.335687 -37.882410 0.000002 -0.000001 -19.303351 -16.251178 17.613916 -5.036657 7.125020 -0.000002 0.000000 7.713566 -11.808372 6.033644
5.518047 17.377892 -7.485619 -18.118629 -30.512935 23.382175 0.000000 0.000000 0.000000 2.598158 0.264651 -64.455962 13.058809 18.803275 69.308105 0.154057 -11.655729 -9.848275 0.734153 -5.474098 -15.265871 0.000000 0.000000 0.000000 27.405777 0.210035 0.395658 -3.183722 -11.031845 32.112965 0.104914 -6.316474 -4.796212 -0.549968 4.750827 -13.199223 4.374987 0.960770 9.973123 7.032733 2.116363 -0.015148 4.649737 0.987911 -5.750880 -15.713086 -7.812369 -7.644638 21.599019 -14.213489 23.603380 8.952456 -6.101088 11.729983 0.000000 0.000000 0.000000 -32.668036 -5.630122 -36.283948 15.108945 -24.297657 -3.270640 -0.000001 0.000002 10.961759 3.084155 35.728064 1.822536 -7.125020 0.000002 0.000000 -36.326180 61.990787 -16.122322 0.000000 0.000000 0.000000 56.146761 21.149044 9.845052 -66.245586 57.756653 -39.583009 0.000002 -0.000001 -19.389212 -16.455209 18.291253 -5.296392 7.125020 -0.000002 0.000000 7.605631 -11.091108 6.055247
5.434741 17.483095 -7.193054 -18.600998 -30.468417 23.483540 0.000000 0.000000 0.000000 2.942631 -0.090947 -63.801294 11.896311 18.346476 65.659779 0.062529 -11.304540 -8.397027 0.748515 -5.526207 -15.415708 0.000000 0.000000 0.000000 27.105589 -0.567339 1.972765 -2.715946 -10.260387 29.585407 0.243400 -7.654228 -0.391756 -0.203279 2.903100 -8.009092 4.514370 1.069952 9.701667 7.418083 2.286199 -0.189602 4.965929 1.071957 -5.804220 -15.971612 -7.949748 -7.237196 21.431882 -14.434540 23.853852 8.922210 -6.259271 11.799109 0.000000 0.000000 0.000000 -32.721379 -4.016606 -36.973940 15.394120 -24.692275 -3.388878 -0.000001 0.000002 9.776251 3.802506 36.613523 2.287202 -7.125020 0.000002 0.000000 -36.668859 62.877290 -17.068058 0.000000 0.000000 0.000000 54.982700 21.763803 10.104334 -67.969927 58.084333 -41.044101 0.000002 -0.000001 -19.549258 -16.856832 18.954459 -5.626691 7.125020 -0.000002 0.000000 7.373549 -10.363006 5.970650
5.350893 17.587040 -6.893078 -19.008661 -30.426840 23.505462 0.000000 0.000000 0.000000 3.212756 -0.449507 -62.940784 10.719565 17.795110 61.867451 -0.024936 -10.650358 -6.691799 0.740124 -5.495828 -15.328340 0.000000 0.000000 0.000000 26.648461 -1.387948 3.603873 -2.262736 -9.428314 26.938319 0.255110 -9.426145 4.207107 -0.014502 0.777554 -2.136938 4.622979 1.175239 9.401010 7.779520 2.442423 -0.358873 5.277635 1.150471 -5.836372 -16.178848 -8.092474 -6.811574 21.207766 -14.661987 24.111317 8.857323 -6.421343 11.859867 0.000000 0.000000 0.000000 -32.789082 -2.364745 -37.445086 15.694613 -25.104825 -3.515391 -0.000001 0.000002 8.481203 4.311004 37.245893 2.622973 -7.125020 0.000002 0.000000 -36.956971 63.507335 -17.774815 0.000000 0.000000 0.000000 53.847272 22.360903 10.379145 -69.401912 58.334528 -42.261280 0.000002 -0.000001 -19.773068 -17.449622 19.570692 -6.020365 7.125020 -0.000002 0.000000 7.020441 -9.656774 5.775866
5.266468 17.686855 -6.587984 -19.335106 -30.377902 23.441000 0.000000 0.000000 0.000000 3.414818 -0.821513 -61.900557 9.555184 17.152014 57.991036 -0.095864 -9.671074 -4.796518 0.709288 -5.382573 -15.003023 0.000000 0.000000 0.000000 26.048603 -2.250129 5.265114 -1.852843 -8.583342 24.322785 0.109243 -11.345867 8.682615 -0.038116 -1.260141 3.464878 4.694769 1.268953 9.068500 8.118617 2.573291 -0.518194 5.591680 1.217917 -5.840208 -16.364443 -8.235211 -6.384926 20.949682 -14.889206 24.387287 8.775059 -6.584196 11.923516 0.000000 0.000000 0.000000 -32.830636 -0.712737 -37.790147 15.974521 -25.486083 -3.634992 -0.000002 0.000002 7.178557 4.539197 37.465360 2.770507 -7.125020 0.000002 0.000000 -37.015723 63.738568 -18.013073 0.000000 0.000000 0.000000 52.752049 22.940233 10.657188 -70.552660 58.521597 -43.241709 0.000002 -0.000001 -20.014121 -18.151238 20.122740 -6.445441 7.125020 -0.000002 0.000000 6.598451 -8.999033 5.509904
5.181499 17.779993 -6.279974 -19.591472 -30.319896 23.288962 0.000000 0.000000 0.000000 3.572967 -1.212613 -60.704406 8.429851 16.426474 54.096657 -0.138262 -8.373372 -2.813953 0.659308 -5.193303 -14.460722 0.000000 0.000000 0.000000 25.333250 -3.142346 6.943094 -1.509500 -7.786343 21.913511 -0.161544 -13.112896 12.742502 -0.203267 -2.903009 8.008839 4.729643 1.343852 8.715871 8.445039 2.670710 -0.667054 5.919689 1.270289 -5.821546 -16.560742 -8.366318 -5.963385 20.671501 -15.099010 24.693545 8.691239 -6.741569 11.995738 0.000000 0.000000 0.000000 -32.830290 0.925854 -38.050674 16.214216 -25.810239 -3.738743 -0.000002 0.000002 5.899201 4.543855 37.289994 2.760141 -7.125020 0.000002 0.000000 -36.789527 63.600865 -17.773665 0.000000 0.000000 0.000000 51.708195 23.494443 10.927266 -71.450973 58.659165 -44.008391 0.000002 -0.000001 -20.207585 -18.836373 20.601266 -6.852291 7.125020 -0.000002 0.000000 6.186905 -8.415371 5.236859
5.096116 17.864055 -5.971375 -19.806445 -30.260410 23.055303 0.000000 0.000000 0.000000 3.726293 -1.620274 -59.379123 7.369955 15.635628 50.260157 -0.144753 -6.790798 -0.877746 0.602088 -4.967026 -13.814542 0.000000 0.000000 0.000000 24.547221 -4.016045 8.635615 -1.245401 -7.099751 19.876286 -0.482622 -14.602237 16.200812 -0.398670 -4.053918 11.228404 4.743210 1.403094 8.361073 8.762497 2.742101 -0.800156 6.255554 1.310598 -5.784585 -16.769098 -8.481543 -5.555616 20.381490 -15.285885 25.029754 8.610252 -6.889940 12.077608 0.000000 0.000000 0.000000 -32.768951 2.529699 -38.211743 16.411062 -26.074838 -3.824858 -0.000002 0.000002 4.611354 4.496497 36.911165 2.706114 -7.125020 0.000002 0.000000 -36.362399 63.288136 -17.277014 0.000000 0.000000 0.000000 50.734706 24.007924 11.154083 -72.138964 58.759592 -44.596311 0.000002 -0.000001 -20.293815 -19.384287 21.000252 -7.189796 7.125020 -0.000002 0.000000 5.861583 -7.929162 5.020116
5.010485 17.936755 -5.663855 -20.021564 -30.213876 22.753796 0.000000 0.000000 0.000000 3.918040 -2.033614 -57.944989 6.395752 14.801100 46.550312 -0.117001 -4.974734 0.870808 0.553205 -4.764555 -13.238238 0.000000 0.000000 0.000000 23.746468 -4.790782 10.336758 -1.063464 -6.578307 18.348637 -0.785306 -15.866630 18.985862 -0.558123 -4.785344 13.297329 4.769349 1.464863 8.015543 9.063063 2.814515 -0.904349 6.567257 1.350808 -5.721413 -16.955262 -8.593032 -5.176607 20.093541 -15.471105 25.377350 8.525962 -7.033746 12.168445 0.000000 0.000000 0.000000 -32.607501 4.044106 -38.240181 16.567931 -26.284656 -3.894066 -0.000002 0.000002 3.297807 4.573534 36.566768 2.728740 -7.125020 0.000002 0.000000 -35.863949 63.033539 -16.797627 0.000000 0.000000 0.000000 49.858986 24.453888 11.272813 -72.660269 58.832875 -45.042201 0.000002 -0.000001 -20.241864 -19.721834 21.320687 -7.425062 7.125020 -0.000002 0.000000 5.667781 -7.551221 4.899745
4.924820 17.996099 -5.357778 -20.278582 -30.191158 22.401497 0.000000 0.000000 0.000000 4.189512 -2.447473 -56.433678 5.528251 13.954923 43.058071 -0.065085 -2.981995 2.288605 0.522090 -4.630751 -12.858321 0.000000 0.000000 0.000000 22.980863 -5.395935 12.022152 -0.960751 -6.262509 17.428827 -1.029593 -17.002627 21.099609 -0.665946 -5.218870 14.533878 4.851013 1.552638 7.681572 9.333715 2.920843 -0.963523 6.811212 1.405436 -5.615609 -17.073516 -8.724327 -4.846721 19.829186 -15.694239 25.709694 8.429421 -7.183460 12.269782 0.000000 0.000000 0.000000 -32.297639 5.396178 -38.123906 16.683126 -26.438145 -3.945217 -0.000002 0.000002 2.018730 4.838912 36.398247 2.874898 -7.125020 0.000002 0.000000 -35.395446 62.967533 -16.495915 0.000000 0.000000 0.000000 49.108139 24.802636 11.213149 -73.046495 58.885620 -45.372771 0.000002 -0.000001 -20.062623 -19.839187 21.576112 -7.554181 7.125020 -0.000002 0.000000 5.611212 -7.270683 4.884527
4.839473 18.040681 -5.052662 -20.599873 -30.187847 22.008481 0.000000 0.000000 0.000000 4.562274 -2.872159 -54.895428 4.787538 13.140268 39.897056 -0.006119 -0.849700 3.244944 0.506410 -4.561739 -12.662654 0.000000 0.000000 0.000000 22.276100 -5.809652 13.649695 -0.932337 -6.172764 17.163845 -1.203373 -18.049489 22.601720 -0.730657 -5.461332 15.229183 5.019515 1.677374 7.359585 9.567242 3.075884 -0.965117 6.959219 1.480664 -5.453017 -17.096267 -8.895169 -4.593757 19.605564 -15.986242 26.011187 8.315145 -7.346977 12.388153 0.000000 0.000000 0.000000 -31.810458 6.539004 -37.875354 16.752429 -26.530245 -3.976123 -0.000002 0.000002 0.884402 5.251078 36.427185 3.123034 -7.125020 0.000002 0.000000 -35.015874 63.098918 -16.403118 0.000000 0.000000 0.000000 48.497148 25.042034 10.934546 -73.309346 58.920767 -45.597851 0.000002 -0.000001 -19.806665 -19.773471 21.788885 -7.596277 7.125020 -0.000002 0.000000 5.668654 -7.060367 4.959545
4.754926 18.069742 -4.748037 -20.977039 -30.184957 21.570598 0.000000 0.000000 0.000000 5.014498 -3.319369 -53.380565 4.181822 12.398259 37.157294 0.037770 1.427383 3.656576 0.492702 -4.500486 -12.489144 0.000000 0.000000 0.000000 21.626504 -6.060767 15.175421 -0.974247 -6.307504 17.545688 -1.317215 -18.973738 23.617166 -0.770924 -5.606463 15.646737 5.275284 1.827270 7.056002 9.769745 3.263167 -0.906020 7.019394 1.568649 -5.232739 -17.030894 -9.106858 -4.446248 19.421259 -16.344533 26.288987 8.183512 -7.521736 12.532337 0.000000 0.000000 0.000000 -31.160486 7.488223 -37.503981 16.778918 -26.565401 -3.987962 -0.000002 0.000002 -0.024069 5.773158 36.629629 3.453365 -7.125020 0.000002 0.000000 -34.731905 63.400851 -16.494608 0.000000 0.000000 0.000000 48.020102 25.186491 10.455929 -73.446217 58.938829 -45.715086 0.000002 -0.000000 -19.551768 -19.587826 21.976603 -7.581037 7.125020 -0.000002 0.000000 5.800528 -6.893589 5.094653
4.671636 18.082908 -4.443734 -21.378259 -30.160394 21.071127 0.000000 0.000000 0.000000 5.480186 -3.779188 -51.936232 3.708955 11.762419 34.898279 0.042609 3.879980 3.511298 0.464335 -4.370833 -12.122351 0.000000 0.000000 0.000000 21.002687 -6.202338 16.574930 -1.084103 -6.644663 18.515009 -1.396081 -19.706210 24.310033 -0.810334 -5.744628 16.045238 5.589685 1.973693 6.783158 9.958473 3.444110 -0.795699 7.031587 1.651778 -4.971039 -16.915536 -9.339312 -4.408689 19.254457 -16.730601 26.564702 8.040117 -7.695258 12.703583 0.000000 0.000000 0.000000 -30.401310 8.316970 -36.999718 16.776171 -26.561757 -3.986734 -0.000002 0.000001 -0.677945 6.427657 36.985726 3.882734 -7.125020 0.000002 0.000000 -34.501823 63.864884 -16.737467 0.000000 0.000000 0.000000 47.653089 25.260292 9.856780 -73.453327 58.939763 -45.721178 0.000002 -0.000000 -19.378494 -19.364446 22.143121 -7.542825 7.125020 -0.000002 0.000000 5.954713 -6.754487 5.246410
4.589864 18.079849 -4.139586 -21.766529 -30.096460 20.489161 0.000000 0.000000 0.000000 5.868116 -4.207176 -50.603429 3.359883 11.255728 33.148967 -0.014566 6.520334 2.887103 0.410269 -4.111766 -11.391315 0.000000 0.000000 0.000000 20.367348 -6.287246 17.854241 -1.259967 -7.146962 19.974179 -1.464002 -20.190430 24.815558 -0.870390 -5.948408 16.634803 5.929067 2.087135 6.550005 10.150046 3.580100 -0.653350 7.037932 1.712369 -4.692992 -16.796978 -9.563293 -4.440360 19.075854 -17.093421 26.852405 7.892656 -7.854068 12.887180 0.000000 0.000000 0.000000 -29.593289 9.112763 -36.340838 16.762467 -26.543572 -3.980608 -0.000002 0.000001 -1.057652 7.242471 37.469819 4.430939 -7.125020 0.000002 0.000000 -34.276587 64.479313 -17.093875 0.000000 0.000000 0.000000 47.369357 25.269988 9.238323 -73.333577 58.923977 -45.618605 0.000002 -0.000000 -19.337780 -19.201804 22.285152 -7.521529 7.125020 -0.000002 0.000000 6.068793 -6.631659 5.360780
4.509551 18.060159 -3.835182 -22.114214 -29.977966 19.809606 0.000000 0.000000 0.000000 6.088791 -4.530883 -49.417273 3.121634 10.889127 31.908444 -0.149079 9.304858 1.958147 0.325598 -3.667549 -10.143190 0.000000 0.000000 0.000000 19.690178 -6.358543 19.041610 -1.498829 -7.770053 21.807739 -1.532945 -20.422177 25.204992 -0.965743 -6.256922 17.531713 6.275381 2.149259 6.354105 10.350652 3.647969 -0.500396 7.058347 1.739534 -4.419416 -16.707843 -9.757833 -4.469439 18.864363 -17.398507 27.145905 7.746890 -7.992384 13.056991 0.000000 0.000000 0.000000 -28.775307 9.936819 -35.506184 16.756361 -26.535467 -3.977880 -0.000002 0.000001 -1.133694 8.194339 38.027446 5.083166 -7.125020 0.000002 0.000000 -34.023490 65.195340 -17.506003 0.000000 0.000000 0.000000 47.151525 25.193639 8.676173 -73.097574 58.892498 -45.416506 0.000002 -0.000000 -19.432957 -19.202462 22.403720 -7.560985 7.125020 -0.000002 0.000000 6.078528 -6.508237 5.381975
4.430298 18.023478 -3.530256 -22.404491 -29.789643 19.028456 0.000000 0.000000 0.000000 6.074067 -4.669221 -48.409031 2.979595 10.661729 31.148613 -0.356228 12.110841 0.983905 0.215831 -2.990836 -8.253237 0.000000 0.000000 0.000000 18.955627 -6.445088 20.169933 -1.795983 -8.470977 23.903724 -1.604084 -20.457567 25.505972 -1.100678 -6.666380 18.730677 6.620609 2.154786 6.186931 10.556278 3.641831 -0.355271 7.093577 1.730419 -4.164735 -16.657902 -9.919353 -4.434195 18.612911 -17.641246 27.428060 7.603939 -8.113952 13.191349 0.000000 0.000000 0.000000 -27.961542 10.810629 -34.483183 16.776218 -26.561821 -3.986755 -0.000002 0.000001 -0.901603 9.227305 38.576450 5.798601 -7.125020 0.000002 0.000000 -33.697653 65.932326 -17.883618 0.000000 0.000000 0.000000 46.991613 24.992548 8.201898 -72.763325 58.847080 -45.130391 0.000002 -0.000000 -19.631898 -19.445547 22.504715 -7.697428 7.125020 -0.000002 0.000000 5.934988 -6.365479 5.267669
4.351481 17.969783 -3.225386 -22.622595 -29.518863 18.150741 0.000000 0.000000 0.000000 5.781581 -4.553418 -47.606217 2.920017 10.564307 30.824920 -0.597318 14.722313 0.277760 0.107068 -2.109877 -5.809408 0.000000 0.000000 0.000000 18.161099 -6.557317 21.265002 -2.144461 -9.211888 26.161867 -1.676860 -20.381532 25.738297 -1.262180 -7.121590 20.076092 6.946098 2.107543 6.046617 10.758327 3.568240 -0.234276 7.143546 1.688493 -3.946287 -16.642566 -10.057826 -4.307798 18.327040 -17.840515 27.688072 7.462432 -8.228327 13.284889 0.000000 0.000000 0.000000 -27.151909 11.720394 -33.278329 16.837050 -26.642459 -4.013995 -0.000002 0.000002 -0.409035 10.297815 39.026485 6.538202 -7.125020 0.000002 0.000000 -33.212890 66.605731 -18.108879 0.000000 0.000000 0.000000 46.886204 24.627810 7.813739 -72.354926 58.790248 -44.780991 0.000002 -0.000001 -19.897038 -19.949554 22.591505 -7.941251 7.125020 -0.000002 0.000000 5.627031 -6.196131 5.008016
4.272463 17.899438 -2.921878 -22.753980 -29.160746 17.187954 0.000000 0.000000 0.000000 5.190616 -4.135404 -47.030014 2.932985 10.585763 30.895285 -0.798423 16.841870 0.132968 0.031824 -1.151555 -3.165908 0.000000 0.000000 0.000000 17.310759 -6.688369 22.344806 -2.534646 -9.960765 28.493788 -1.755058 -20.268353 25.931041 -1.421416 -7.539553 21.324030 7.219891 2.016199 5.938819 10.949074 3.440741 -0.152880 7.215733 1.620967 -3.786232 -16.660944 -10.185216 -4.088752 18.024781 -18.021380 27.926871 7.325656 -8.345503 13.346469 0.000000 0.000000 0.000000 -26.341987 12.625276 -31.933637 16.943574 -26.783329 -4.061879 -0.000002 0.000002 0.265172 11.373803 39.289270 7.264793 -7.125020 0.000002 0.000000 -32.458278 67.134688 -18.053226 0.000000 0.000000 0.000000 46.833368 24.070974 7.495144 -71.899231 58.725086 -44.391380 0.000002 -0.000001 -20.205250 -20.651143 22.661462 -8.266185 7.125020 -0.000002 0.000000 5.194126 -6.011693 4.636749
4.192747 17.812773 -2.620653 -22.797621 -28.721615 16.160272 0.000000 0.000000 0.000000 4.300037 -3.379137 -46.693394 3.015103 10.719607 31.339142 -0.879721 18.139421 0.700718 0.001307 -0.233436 -0.641377 0.000000 0.000000 0.000000 16.412689 -6.822603 23.427144 -2.953864 -10.690440 30.819075 -1.848072 -20.158984 26.124008 -1.549058 -7.855796 22.276938 7.420536 1.891828 5.862946 11.125879 3.275349 -0.121707 7.317349 1.536093 -3.697886 -16.725444 -10.306442 -3.784153 17.732710 -18.199923 28.152357 7.204716 -8.471521 13.390320 0.000000 0.000000 0.000000 -25.532704 13.469218 -30.533976 17.088555 -26.974370 -4.127426 -0.000002 0.000002 1.045355 12.409060 39.287796 7.929083 -7.125020 0.000002 0.000000 -31.350654 67.440545 -17.612197 0.000000 0.000000 0.000000 46.830238 23.310351 7.226765 -71.421885 58.654832 -43.983550 0.000002 -0.000002 -20.543818 -21.426005 22.710512 -8.618449 7.125020 -0.000002 0.000000 4.713682 -5.835302 4.220858
4.112103 17.709912 -2.321743 -22.773796 -28.218614 15.095504 0.000000 0.000000 0.000000 3.129559 -2.259332 -46.601559 3.170906 10.967033 32.166888 -0.809425 18.334940 1.872108 0.010258 0.653989 1.797192 0.000000 0.000000 0.000000 15.478525 -6.945647 24.534492 -3.385909 -11.377105 33.060118 -1.971451 -20.045674 26.372079 -1.622394 -8.030780 22.807611 7.553333 1.746268 5.806168 11.291517 3.087233 -0.141141 7.447063 1.441264 -3.675357 -16.850796 -10.419430 -3.410687 17.472135 -18.379517 28.377064 7.110930 -8.606701 13.431217 0.000000 0.000000 0.000000 -24.737594 14.199691 -29.184896 17.261637 -27.201398 -4.206241 -0.000002 0.000002 1.862248 13.350604 38.989889 8.482351 -7.125020 0.000002 0.000000 -29.897336 67.474949 -16.769657 0.000000 0.000000 0.000000 46.872680 22.355229 6.988712 -70.940936 58.581966 -43.572954 0.000002 -0.000002 -20.894308 -22.143380 22.741473 -8.942327 7.125020 -0.000002 0.000000 4.267784 -5.685028 3.832430
4.030659 17.591409 -2.025112 -22.712678 -27.676613 14.021135 0.000000 0.000000 0.000000 1.726390 -0.790120 -46.747374 3.411625 11.333852 33.411135 -0.637412 17.310701 3.246589 0.063194 1.621973 4.462033 0.000000 0.000000 0.000000 14.522887 -7.044942 25.685514 -3.813250 -12.002621 35.149909 -2.140698 -19.887948 26.734159 -1.625572 -8.038259 22.830348 7.638390 1.590271 5.754706 11.449525 2.888891 -0.200900 7.596472 1.342325 -3.699809 -17.034747 -10.520875 -3.002733 17.246969 -18.556453 28.617300 7.045607 -8.746633 13.483335 0.000000 0.000000 0.000000 -23.979846 14.784493 -27.975517 17.459676 -27.459772 -4.297165 -0.000002 0.000002 2.638214 14.167628 38.443954 8.905492 -7.125020 0.000002 0.000000 -28.227594 67.259958 -15.642206 0.000000 0.000000 0.000000 46.961143 21.237277 6.757499 -70.459466 58.506908 -43.162236 0.000002 -0.000002 -21.222750 -22.714257 22.768447 -9.203166 7.125020 -0.000002 0.000000 3.913516 -5.561320 3.522980
3.948926 17.458822 -1.731386 -22.642532 -27.123562 12.958638 0.000000 0.000000 0.000000 0.181691 0.937277 -47.095021 3.750395 11.821386 35.098527 -0.460668 15.211513 4.248501 0.181879 2.746903 7.574888 0.000000 0.000000 0.000000 13.568210 -7.097535 26.874168 -4.227173 -12.565602 37.073140 -2.349797 -19.691926 27.205754 -1.572879 -7.913146 22.450590 7.696253 1.432090 5.705384 11.600514 2.689879 -0.284467 7.753860 1.243624 -3.751416 -17.252938 -10.610504 -2.606449 17.045264 -18.726370 28.887179 6.998578 -8.884847 13.557475 0.000000 0.000000 0.000000 -23.284370 15.215223 -26.958101 17.689601 -27.757885 -4.403720 -0.000002 0.000002 3.290140 14.865989 37.778862 9.222312 -7.125020 0.000002 0.000000 -26.550532 66.898946 -14.442489 0.000000 0.000000 0.000000 47.108323 20.003275 6.505072 -69.969024 58.428259 -42.744209 0.000002 -0.000002 -21.484788 -23.103335 22.812761 -9.392191 7.125020 -0.000002 0.000000 3.675050 -5.448597 3.315984
3.867708 17.314669 -1.441815 -22.584046 -26.583240 11.918745 0.000000 0.000000 0.000000 -1.362797 2.746708 -47.562848 4.195288 12.416808 37.216970 -0.342071 12.445688 4.365731 0.383351 3.976167 11.009627 0.000000 0.000000 0.000000 12.650998 -7.058750 28.040095 -4.646264 -13.098009 38.935270 -2.555276 -19.568280 27.650002 -1.526082 -7.800000 22.108246 7.743293 1.276919 5.670721 11.742407 2.497623 -0.375112 7.906966 1.148445 -3.819052 -17.472633 -10.691650 -2.258911 16.850790 -18.888030 29.190857 6.955584 -9.016339 13.657231 0.000000 0.000000 0.000000 -22.675572 15.497321 -26.150171 17.964861 -28.112146 -4.532672 -0.000002 0.000002 3.752952 15.483319 37.162013 9.489749 -7.125020 0.000002 0.000000 -25.061039 66.545539 -13.383275 0.000000 0.000000 0.000000 47.340171 18.697995 6.199880 -69.463969 58.344933 -42.314101 0.000002 -0.000001 -21.640831 -23.308858 22.894088 -9.514864 7.125020 -0.000002 0.000000 3.555316 -5.327430 3.216291
3.788026 17.162456 -1.158121 -22.538237 -26.070509 10.893902 0.000000 0.000000 0.000000 -2.746746 4.417348 -48.029319 4.743729 13.090416 39.700620 -0.270571 9.544109 3.370763 0.649326 5.154602 14.350038 0.000000 0.000000 0.000000 11.814989 -6.862883 29.035834 -5.133766 -13.673706 41.014591 -2.688709 -19.657050 27.830634 -1.558715 -7.879108 22.347493 7.781273 1.127929 5.680187 11.869918 2.319190 -0.460199 8.048159 1.060178 -3.906145 -17.670101 -10.769248 -1.968771 16.655879 -19.045049 29.519510 6.907470 -9.140294 13.777681 0.000000 0.000000 0.000000 -22.179138 15.633032 -25.554290 18.297763 -28.536757 -4.690624 -0.000002 0.000002 4.009589 16.064465 36.729739 9.767079 -7.125020 0.000002 0.000000 -23.866562 66.336020 -12.592905 0.000000 0.000000 0.000000 47.691114 17.351829 5.804886 -68.945268 58.256865 -41.872779 0.000002 -0.000001 -21.666572 -23.334364 23.023521 -9.575711 7.125020 -0.000002 0.000000 3.552946 -5.186462 3.224452
3.711070 17.006798 -0.882165 -22.476711 -25.595589 9.859519 0.000000 0.000000 0.000000 -3.851868 5.759410 -48.371918 5.381355 13.802108 42.442036 -0.199335 6.960211 1.385558 0.922400 6.118834 17.129604 0.000000 0.000000 0.000000 11.092957 -6.432816 29.622141 -5.799417 -14.391345 43.734178 -2.679285 -19.989967 27.525327 -1.706720 -8.226442 23.403997 7.788185 0.989073 5.769461 11.972357 2.162772 -0.531132 8.177035 0.983403 -4.024832 -17.833978 -10.846755 -1.716651 16.464932 -19.203949 29.856404 6.853079 -9.259168 13.908022 0.000000 0.000000 0.000000 -21.822653 15.609415 -25.184977 18.691968 -29.034128 -4.880448 -0.000002 0.000002 4.107269 16.634482 36.533178 10.085401 -7.125020 0.000002 0.000000 -22.977274 66.328830 -12.091688 0.000000 0.000000 0.000000 48.198755 15.983886 5.277531 -68.407679 58.162897 -41.415837 0.000002 -0.000001 -21.549792 -23.180143 23.201203 -9.573525 7.125020 -0.000002 0.000000 3.667398 -5.026286 3.340943
3.638096 16.852724 -0.615397 -22.351062 -25.170972 8.789086 0.000000 0.000000 0.000000 -4.647408 6.682154 -48.516758 6.085906 14.512474 45.322053 -0.101778 4.938209 -1.220409 1.138706 6.776732 19.055583 0.000000 0.000000 0.000000 10.458497 -5.753982 29.717947 -6.684002 -15.242377 47.169362 -2.525619 -20.501309 26.774058 -1.954730 -8.771138 25.082001 7.728050 0.866441 5.959788 12.034541 2.036005 -0.580231 8.296024 0.922895 -4.180272 -17.953312 -10.924339 -1.476505 16.282737 -19.368395 30.188405 6.792812 -9.374414 14.036689 0.000000 0.000000 0.000000 -21.635992 15.404561 -25.074968 19.143501 -29.596595 -5.101530 -0.000002 0.000002 4.133885 17.208426 36.551873 10.454751 -7.125020 0.000002 0.000000 -22.336974 66.514999 -11.829889 0.000000 0.000000 0.000000 48.896801 14.610999 4.581546 -67.830059 58.058842 -40.925397 0.000002 -0.000001 -21.280900 -22.862386 23.417726 -9.510679 7.125020 -0.000002 0.000000 3.887238 -4.854504 3.555654
3.570222 16.704128 -0.358678 -22.114509 -24.811781 7.669797 0.000000 0.000000 0.000000 -5.189134 7.209847 -48.460638 6.833464 15.191461 48.238078 0.014411 3.495039 -4.007928 1.264778 7.128639 20.097034 0.000000 0.000000 0.000000 9.802367 -4.931480 29.620901 -7.630109 -16.046481 50.652923 -2.349059 -21.134447 25.980683 -2.249868 -9.368221 26.954092 7.572105 0.766133 6.244603 12.041463 1.941419 -0.597693 8.404010 0.880739 -4.358734 -18.008916 -10.999515 -1.236427 16.102957 -19.535039 30.512818 6.722143 -9.483405 14.155272 0.000000 0.000000 0.000000 -21.652025 15.006958 -25.255698 19.650058 -30.218424 -5.354105 -0.000002 0.000002 4.165223 17.821464 36.746871 10.893562 -7.125020 0.000002 0.000000 -21.855931 66.873176 -11.738680 0.000000 0.000000 0.000000 49.804729 13.251832 3.704869 -67.178561 57.937589 -40.372906 0.000002 -0.000001 -20.854657 -22.430762 23.658649 -9.403209 7.125020 -0.000002 0.000000 4.179804 -4.677790 3.838789
3.508211 16.562694 -0.112563 -21.735461 -24.531950 6.505175 0.000000 0.000000 0.000000 -5.580953 7.441688 -48.248267 7.602438 15.820310 51.114192 0.129713 2.490478 -6.624959 1.304326 7.234968 20.413374 0.000000 0.000000 0.000000 9.081215 -3.959715 29.289089 -8.629927 -16.794545 54.164758 -2.170231 -21.738295 25.223046 -2.524811 -9.882877 28.598280 7.310120 0.691168 6.592895 11.982299 1.873587 -0.570740 8.494714 0.854441 -4.528146 -17.980668 -11.068554 -1.000520 15.912403 -19.694492 30.831984 6.634019 -9.580334 14.258439 0.000000 0.000000 0.000000 -21.904979 14.428630 -25.738217 20.218128 -30.904243 -5.642953 -0.000002 0.000002 4.227654 18.516666 37.075805 11.423727 -7.125020 0.000002 0.000000 -21.437763 67.380064 -11.748348 0.000000 0.000000 0.000000 50.919455 11.924433 2.669473 -66.416917 57.790531 -39.727952 0.000002 -0.000001 -20.288373 -21.964392 23.909848 -9.281406 7.125020 -0.000002 0.000000 4.494455 -4.497048 4.143952
3.452388 16.428346 0.122625 -21.196434 -24.341934 5.304753 0.000000 0.000000 0.000000 -5.933503 7.494661 -47.927858 8.373882 16.388819 53.895092 0.234244 1.737122 -8.888140 1.279620 7.168758 20.216301 0.000000 0.000000 0.000000 8.264925 -2.828568 28.679044 -9.679572 -17.482237 57.702616 -1.999509 -22.210631 24.521183 -2.726288 -10.238200 29.751586 6.945169 0.640210 6.966605 11.852096 1.821246 -0.487483 8.561639 0.837979 -4.652674 -17.860817 -11.126177 -0.775035 15.699904 -19.833017 31.144686 6.524867 -9.658665 14.340592 0.000000 0.000000 0.000000 -22.425995 13.705278 -26.502602 20.862046 -31.666961 -5.977352 -0.000002 0.000002 4.293559 19.299053 37.476486 12.036641 -7.125020 0.000002 0.000000 -21.006856 67.982266 -11.787404 0.000000 0.000000 0.000000 52.214808 10.637772 1.529579 -65.515002 57.608864 -38.965595 0.000002 -0.000001 -19.634011 -21.562200 24.158422 -9.185990 7.125020 -0.000002 0.000000 4.768830 -4.308294 4.413652
3.402789 16.300758 0.347171 -20.489268 -24.248307 4.073032 0.000000 0.000000 0.000000 -6.345275 7.473697 -47.510951 9.124146 16.888202 56.515310 0.330714 1.092745 -10.771722 1.213831 6.988888 19.682454 0.000000 0.000000 0.000000 7.331884 -1.534670 27.773552 -10.765610 -18.100879 61.234823 -1.836561 -22.528481 23.844853 -2.847806 -10.444507 30.428510 6.485594 0.608571 7.339110 11.652014 1.772757 -0.343741 8.602733 0.824793 -4.711461 -17.659913 -11.163600 -0.553922 15.457987 -19.931954 31.444838 6.397156 -9.712389 14.393157 0.000000 0.000000 0.000000 -23.237917 12.891218 -27.488787 21.598909 -32.520757 -6.368868 -0.000002 0.000002 4.295963 20.120928 37.877286 12.684776 -7.125020 0.000002 0.000000 -20.531922 68.600531 -11.797879 0.000000 0.000000 0.000000 53.650232 9.386049 0.358909 -64.445323 57.382603 -38.063469 0.000002 -0.000001 -18.961843 -21.330253 24.386179 -9.160044 7.125020 -0.000002 0.000000 4.935969 -4.111663 4.585201
3.359502 16.180497 0.562312 -19.615656 -24.254127 2.809226 0.000000 0.000000 0.000000 -6.894209 7.467082 -46.978450 9.825841 17.311902 58.901775 0.426968 0.492876 -12.352039 1.126625 6.741896 18.952935 0.000000 0.000000 0.000000 6.268801 -0.085034 26.577128 -11.863345 -18.640037 64.699151 -1.669066 -22.735996 23.118402 -2.941493 -10.599733 30.941534 5.947071 0.590443 7.697225 11.387464 1.719974 -0.144569 8.616640 0.809817 -4.701674 -17.403661 -11.168782 -0.318924 15.184195 -19.969966 31.725570 6.259118 -9.736588 14.406984 0.000000 0.000000 0.000000 -24.350540 12.052128 -28.599853 22.443539 -33.474665 -6.828880 -0.000002 0.000002 4.152620 20.907569 38.225498 13.304405 -7.125020 0.000002 0.000000 -20.030865 69.161984 -11.755766 0.000000 0.000000 0.000000 55.184844 8.157303 -0.770053 -63.174186 57.098088 -36.994492 0.000002 -0.000001 -18.329974 -21.356073 24.560473 -9.233843 7.125020 -0.000002 0.000000 4.938882 -3.925292 4.603382
3.322855 16.068903 0.769985 -18.590322 -24.358539 1.516765 0.000000 0.000000 0.000000 -7.630103 7.546044 -46.311094 10.453755 17.658276 60.991815 0.530043 -0.062869 -13.742915 1.036036 6.473875 18.165722 0.000000 0.000000 0.000000 5.069793 1.498525 25.098206 -12.939837 -19.091728 68.014688 -1.478018 -22.905398 22.243990 -3.081100 -10.825193 31.692580 5.358475 0.580422 8.027236 11.065785 1.657904 0.101508 8.596292 0.789254 -4.624042 -17.124023 -11.131501 -0.055966 14.882778 -19.930789 31.983666 6.121615 -9.728566 14.378984 0.000000 0.000000 0.000000 -25.758480 11.250310 -29.730515 23.401740 -34.525192 -7.364729 -0.000002 0.000002 3.795807 21.582282 38.491606 13.833471 -7.125020 0.000002 0.000000 -19.552137 69.611209 -11.667335 0.000000 0.000000 0.000000 56.785838 6.948914 -1.802642 -61.668751 56.738449 -35.733071 0.000002 -0.000001 -17.769900 -21.680008 24.634132 -9.410791 7.125020 -0.000002 0.000000 4.747666 -3.790459 4.436504
3.293276 15.967352 0.971944 -17.442215 -24.554354 0.212192 0.000000 0.000000 0.000000 -8.566774 7.756520 -45.514673 10.990862 17.931542 62.749551 0.643942 -0.542979 -15.046665 0.957186 6.229931 17.453029 0.000000 0.000000 0.000000 3.735476 3.173302 23.327006 -13.960449 -19.453717 71.101125 -1.245265 -23.095614 21.129326 -3.309319 -11.179696 32.888330 4.759577 0.574281 8.308092 10.697047 1.584307 0.386215 8.530856 0.760638 -4.474998 -16.849515 -11.049902 0.229780 14.560047 -19.811132 32.222937 5.992165 -9.689448 14.316783 0.000000 0.000000 0.000000 -27.442524 10.522444 -30.801396 24.461540 -35.648529 -7.973961 -0.000002 0.000002 3.196256 22.077306 38.658333 14.217346 -7.125020 0.000002 0.000000 -19.151892 69.904709 -11.552595 0.000000 0.000000 0.000000 58.424128 5.768802 -2.707811 -59.920376 56.288672 -34.274850 0.000002 -0.000001 -17.292888 -22.271683 24.562133 -9.660662 7.125020 -0.000002 0.000000 4.375486 -3.758985 4.093004
3.270988 15.876881 1.168851 -16.215123 -24.826370 -1.074048 0.000000 0.000000 0.000000 -9.677372 8.110190 -44.622790 11.430809 18.140346 64.170788 0.769407 -0.915685 -16.329001 0.899456 6.044312 16.913044 0.000000 0.000000 0.000000 2.277961 4.872887 21.226485 -14.894742 -19.730020 73.893171 -0.959096 -23.333632 19.709049 -3.625499 -11.644643 34.486174 4.193231 0.570132 8.525121 10.297129 1.502687 0.697906 8.413464 0.724882 -4.258927 -16.601666 -10.932140 0.516127 14.219214 -19.622483 32.455731 5.872061 -9.625058 14.237860 0.000000 0.000000 0.000000 -29.371101 9.867489 -31.760426 25.590062 -36.801024 -8.640914 -0.000002 0.000002 2.360577 22.352077 38.726822 14.425038 -7.125020 0.000002 0.000000 -18.881687 70.025012 -11.441433 0.000000 0.000000 0.000000 60.066441 4.617731 -3.477279 -57.964243 55.742601 -32.652777 0.000002 -0.000001 -16.902219 -23.019452 24.325512 -9.922054 7.125020 -0.000002 0.000000 3.888082 -3.871052 3.632210
3.255822 15.798055 1.360058 -14.965698 -25.152080 -2.305915 0.000000 0.000000 0.000000 -10.899407 8.582842 -43.680156 11.776899 18.295448 65.278101 0.904456 -1.167581 -17.614380 0.867047 5.937271 16.602525 0.000000 0.000000 0.000000 0.728093 6.511045 18.749675 -15.717802 -19.928943 76.340546 -0.615974 -23.625973 17.955109 -4.005459 -12.167666 36.327703 3.698071 0.567073 8.688053 9.888540 1.421308 1.018148 8.246646 0.686147 -4.001970 -16.397102 -10.790956 0.776553 13.861099 -19.384191 32.700730 5.759199 -9.543999 14.164291 0.000000 0.000000 0.000000 -31.501731 9.263312 -32.555056 26.740078 -37.930193 -9.338906 -0.000002 0.000002 1.304526 22.412486 38.730411 14.468033 -7.125020 0.000002 0.000000 -18.783657 70.003769 -11.377217 0.000000 0.000000 0.000000 61.677409 3.477665 -4.120076 -55.879095 55.107907 -30.935807 0.000002 -0.000001 -16.601681 -23.753683 23.945024 -10.119682 7.125020 -0.000002 0.000000 3.391968 -4.136908 3.153805
3.247196 15.730656 1.544214 -13.751875 -25.501464 -3.455892 0.000000 0.000000 0.000000 -12.172527 9.118455 -42.698156 12.047389 18.421276 66.111846 1.060133 -1.313214 -18.919661 0.860108 5.914074 16.535314 0.000000 0.000000 0.000000 -0.866840 7.989464 15.873134 -16.407523 -20.060638 78.397084 -0.219826 -23.966660 15.873448 -4.410839 -12.687913 38.211180 3.300691 0.559524 8.831594 9.495290 1.342772 1.326892 8.042307 0.646446 -3.745538 -16.245095 -10.637008 0.987212 13.484856 -19.112837 32.975667 5.650301 -9.453295 14.115035 0.000000 0.000000 0.000000 -33.784035 8.693736 -33.127379 27.856748 -38.984021 -10.033439 -0.000002 0.000002 0.043264 22.293412 38.721299 14.384622 -7.125020 0.000002 0.000000 -18.894104 69.909694 -11.411629 0.000000 0.000000 0.000000 63.231488 2.326969 -4.656180 -53.764189 54.405268 -29.208449 0.000002 -0.000001 -16.395759 -24.297851 23.480204 -10.191717 7.125020 -0.000002 0.000000 3.003516 -4.527433 2.768232
3.244167 15.673385 1.720179 -12.614173 -25.836594 -4.517477 0.000000 0.000000 0.000000 -13.407930 9.653216 -41.724729 12.244972 18.506402 66.727356 1.206331 -1.352827 -20.173886 0.873052 5.957267 16.660485 0.000000 0.000000 0.000000 -2.454668 9.208596 12.620333 -16.941933 -20.135547 80.011483 0.217202 -24.330143 13.497143 -4.789420 -13.142655 39.904845 3.009397 0.533889 8.999748 9.133386 1.255628 1.611292 7.815597 0.600941 -3.526990 -16.141196 -10.477165 1.130183 13.087313 -18.817925 33.287642 5.540278 -9.356065 14.098775 0.000000 0.000000 0.000000 -36.161660 8.150830 -33.443614 28.877794 -39.911868 -10.682220 -0.000002 0.000002 -1.383131 22.017744 38.735661 14.200602 -7.125020 0.000002 0.000000 -19.250213 69.809947 -11.592509 0.000000 0.000000 0.000000 64.722335 1.161104 -5.114681 -51.708551 53.661765 -27.544601 0.000002 -0.000001 -16.278966 -24.512430 23.019671 -10.109558 7.125020 -0.000002 0.000000 2.820242 -4.974666 2.569197
3.245469 15.623954 1.887442 -11.559385 -26.116698 -5.509930 0.000000 0.000000 0.000000 -14.583212 10.121021 -40.749403 12.388407 18.563165 67.181424 1.340946 -1.303772 -21.346595 0.893602 6.025134 16.857363 0.000000 0.000000 0.000000 -3.990918 10.084178 9.061122 -17.299246 -20.163462 81.127109 0.676485 -24.688581 10.875673 -5.091559 -13.486168 41.216754 2.809455 0.473300 9.230402 8.804325 1.139101 1.867686 7.579877 0.540053 -3.369368 -16.072911 -10.314897 1.204614 12.668304 -18.503946 33.626718 5.425485 -9.253149 14.110524 0.000000 0.000000 0.000000 -38.576444 7.620805 -33.509563 29.737004 -40.666897 -11.237844 -0.000002 0.000002 -2.887676 21.584206 38.774750 13.914808 -7.125020 0.000002 0.000000 -19.885718 69.754521 -11.955886 0.000000 0.000000 0.000000 66.158570 -0.011896 -5.530184 -49.771908 52.903089 -25.992116 0.000002 -0.000001 -16.220804 -24.321710 22.664110 -9.882868 7.125020 -0.000002 0.000000 2.900919 -5.384323 2.615173
3.249485 15.579540 2.045937 -10.554166 -26.308053 -6.474773 0.000000 0.000000 0.000000 -15.720639 10.479828 -39.749444 12.494568 18.602431 67.521520 1.463522 -1.183597 -22.414277 0.906612 6.067665 16.980874 0.000000 0.000000 0.000000 -5.445702 10.566565 5.295464 -17.459593 -20.152393 81.687137 1.141510 -25.053838 8.070437 -5.302370 -13.716425 42.113177 2.657994 0.366379 9.547959 8.496443 0.974864 2.098012 7.349861 0.455374 -3.282564 -16.036574 -10.148978 1.237102 12.240171 -18.171989 33.965294 5.310872 -9.145348 14.132951 0.000000 0.000000 0.000000 -40.979479 7.083371 -33.353620 30.378304 -41.215453 -11.658086 -0.000002 0.000002 -4.348988 20.985233 38.808373 13.512719 -7.125020 0.000002 0.000000 -20.816784 69.784708 -12.522894 0.000000 0.000000 0.000000 67.549333 -1.190806 -5.929824 -47.981533 52.148255 -24.571155 0.000002 -0.000001 -16.159870 -23.739431 22.500720 -9.556577 7.125020 -0.000002 0.000000 3.245870 -5.659590 2.911635
3.254359 15.537570 2.195930 -9.537032 -26.390653 -7.464087 0.000000 0.000000 0.000000 -16.873410 10.721771 -38.700253 12.575239 18.632295 67.778225 1.574955 -1.011365 -23.362397 0.901082 6.049625 16.928475 0.000000 0.000000 0.000000 -6.796556 10.653123 1.437455 -17.405700 -20.106924 81.636779 1.605786 -25.492988 5.170968 -5.462900 -13.886855 42.786079 2.490452 0.212697 9.960159 8.191054 0.754899 2.309155 7.143679 0.343518 -3.263126 -16.041330 -9.975056 1.269638 11.829212 -17.822403 34.264804 5.210354 -9.033989 14.143318 0.000000 0.000000 0.000000 -43.339407 6.518180 -33.008133 30.770547 -41.544772 -11.917381 -0.000002 0.000002 -5.642388 20.222623 38.784080 12.980856 -7.125020 0.000002 0.000000 -22.027242 69.930735 -13.292930 0.000000 0.000000 0.000000 68.894694 -2.387853 -6.319467 -46.340323 51.408456 -23.281722 0.000002 -0.000001 -16.019182 -22.885326 22.573442 -9.201629 7.125020 -0.000002 0.000000 3.783870 -5.732041 3.398617
3.258345 15.496607 2.338248 -8.450876 -26.357810 -8.519753 0.000000 0.000000 0.000000 -18.093018 10.869851 -37.584566 12.636352 18.657374 67.965506 1.677058 -0.810920 -24.186149 0.875317 5.964783 16.682277 0.000000 0.000000 0.000000 -8.007490 10.387159 -2.397280 -17.122184 -20.026243 80.921493 2.074168 -26.089517 2.278412 -5.644027 -14.074278 43.535788 2.246646 0.021223 10.455469 7.870052 0.481203 2.516135 6.975960 0.205636 -3.289117 -16.091496 -9.792010 1.324758 11.463295 -17.459841 34.490967 5.136259 -8.920065 14.125260 0.000000 0.000000 0.000000 -45.640482 5.901045 -32.510007 30.912508 -41.662813 -12.011639 -0.000002 0.000002 -6.664785 19.317491 38.645007 12.320049 -7.125020 0.000002 0.000000 -23.448330 70.188852 -14.224668 0.000000 0.000000 0.000000 70.188877 -3.614238 -6.680981 -44.838121 50.688925 -22.113439 0.000002 -0.000001 -15.739443 -21.964803 22.862195 -8.897517 7.125020 -0.000002 0.000000 4.384129 -5.588232 3.959453
3.260182 15.456800 2.474251 -7.281507 -26.216913 -9.648161 0.000000 0.000000 0.000000 -19.390904 10.965530 -36.403907 12.679930 18.679149 68.088654 1.772042 -0.612892 -24.893900 0.836495 5.834361 16.304578 0.000000 0.000000 0.000000 -9.008438 9.850048 -6.111567 -16.596225 -19.902138 79.489032 2.557106 -26.882683 -0.551153 -5.891051 -14.321926 44.542894 1.901270 -0.195954 11.002749 7.525650 0.160955 2.741578 6.851285 0.044721 -3.319765 -16.170443 -9.605310 1.380233 11.155785 -17.092851 34.628248 5.088799 -8.802337 14.076984 0.000000 0.000000 0.000000 -47.879514 5.201156 -31.908377 30.829305 -41.593705 -11.956368 -0.000002 0.000001 -7.350490 18.324050 38.359537 11.564189 -7.125020 0.000002 0.000000 -24.908290 70.477106 -15.184272 0.000000 0.000000 0.000000 71.427946 -4.857679 -6.979624 -43.456457 49.989492 -21.049743 0.000002 -0.000001 -15.304425 -21.206742 23.286856 -8.711687 7.125020 -0.000002 0.000000 4.896584 -5.274858 4.454890
3.259217 15.419653 2.605266 -6.072961 -25.996337 -10.806692 0.000000 0.000000 0.000000 -20.721461 11.054478 -35.188476 12.706386 18.696982 68.151484 1.861394 -0.448262 -25.506178 0.794951 5.691134 15.890835 0.000000 0.000000 0.000000 -9.696468 9.155322 -9.652605 -15.821157 -19.717465 77.299352 3.058826 -27.839279 -3.310400 -6.199337 -14.618773 45.776587 1.474825 -0.428073 11.557620 7.168653 -0.195126 3.003764 6.767228 -0.135027 -3.311515 -16.250775 -9.421596 1.388156 10.901578 -16.725909 34.681103 5.058340 -8.676839 14.007214 0.000000 0.000000 0.000000 -50.069445 4.397268 -31.252362 30.567020 -41.374481 -11.782626 -0.000002 0.000001 -7.686536 17.343407 37.953590 10.798228 -7.125020 0.000002 0.000000 -26.041895 70.568410 -15.848435 0.000000 0.000000 0.000000 72.608473 -6.082382 -7.175544 -42.167404 49.302842 -20.067372 0.000002 -0.000001 -14.735025 -20.783750 23.737915 -8.681128 7.125020 -0.000002 0.000000 5.204295 -4.877909 4.770694
3.255344 15.387344 2.732267 -4.896315 -25.746202 -11.921650 0.000000 0.000000 0.000000 -22.011633 11.175313 -33.991079 12.714647 18.709103 68.154415 1.945110 -0.334677 -26.046005 0.757571 5.558793 15.509474 0.000000 0.000000 0.000000 -9.976423 8.435832 -13.017404 -14.801062 -19.445611 74.336691 3.565157 -28.867768 -5.991400 -6.533328 -14.925979 47.086402 1.010475 -0.665765 12.076023 6.825094 -0.571827 3.300127 6.724269 -0.326960 -3.243156 -16.319863 -9.240544 1.320390 10.684071 -16.353004 34.667186 5.035928 -8.539281 13.925288 0.000000 0.000000 0.000000 -52.242740 3.504252 -30.558797 30.188388 -41.054326 -11.533153 -0.000002 0.000001 -7.724851 16.546538 37.550408 10.181883 -7.125020 0.000002 0.000000 -26.240901 70.031251 -15.649330 0.000000 0.000000 0.000000 73.717811 -7.258627 -7.237150 -40.934608 48.613964 -19.137524 0.000002 -0.000001 -14.060696 -20.750971 24.118304 -8.799928 7.125020 -0.000002 0.000000 5.264294 -4.488550 4.858285
3.248917 15.362276 2.856252 -3.794875 -25.523321 -12.930732 0.000000 0.000000 0.000000 -23.216257 11.357522 -32.859007 12.698687 18.712034 68.081770 2.021820 -0.269416 -26.526596 0.725741 5.443323 15.177445 0.000000 0.000000 0.000000 -9.817232 7.811653 -16.221376 -13.554776 -19.052170 70.618217 4.038232 -29.854019 -8.590194 -6.862005 -15.214581 48.350474 0.534777 -0.899574 12.527059 6.519541 -0.951801 3.606498 6.730702 -0.522553 -3.123580 -16.384340 -9.055051 1.184419 10.479055 -15.961020 34.613929 5.015959 -8.387678 13.838051 0.000000 0.000000 0.000000 -54.442109 2.576859 -29.793909 29.765008 -40.691122 -11.256099 -0.000002 0.000001 -7.579723 16.221687 37.414961 9.989360 -7.125020 0.000002 0.000000 -24.856704 68.190807 -13.986082 0.000000 0.000000 0.000000 74.733146 -8.384047 -7.155829 -39.719444 47.902793 -18.230790 0.000002 -0.000001 -13.300097 -21.031010 24.377085 -9.019246 7.125020 -0.000002 0.000000 5.119328 -4.171744 4.750194
3.240705 15.346589 2.978705 -2.760705 -25.370633 -13.812985 0.000000 0.000000 0.000000 -24.342474 11.624430 -31.809035 12.647166 18.700648 67.899866 2.089873 -0.238226 -26.949303 0.698511 5.342383 14.887727 0.000000 0.000000 0.000000 -9.267453 7.348627 -19.265413 -12.122490 -18.500361 66.212475 4.427481 -30.706861 -11.183445 -7.181648 -15.482965 49.558025 0.044219 -1.119165 12.894952 6.258988 -1.319097 3.895674 6.793002 -0.713463 -2.973297 -16.446380 -8.860289 1.000154 10.256284 -15.541452 34.554399 4.989664 -8.223086 13.752544 0.000000 0.000000 0.000000 -56.697494 1.675846 -28.887163 29.361974 -40.340200 -10.994264 -0.000002 0.000001 -7.402401 16.797845 37.944548 10.627787 -7.125020 0.000002 0.000000 -21.739129 64.020068 -10.765646 0.000000 0.000000 0.000000 75.638684 -9.473597 -6.959039 -38.492049 47.150678 -17.325437 0.000002 -0.000001 -12.467300 -21.450805 24.515415 -9.261974 7.125020 -0.000002 0.000000 4.875810 -3.955299 4.542024
3.231832 15.342505 3.101409 -1.756168 -25.304824 -14.584077 0.000000 0.000000 0.000000 -25.429728 11.991917 -30.823506 12.545520 18.668745 67.563281 2.148343 -0.227391 -27.307343 0.675741 5.256354 14.641190 0.000000 0.000000 0.000000 -8.414391 7.028117 -22.140219 -10.573572 -17.763765 61.266354 4.691280 -31.404735 -13.984265 -7.512373 -15.748607 50.786595 -0.476510 -1.315134 13.170497 6.031009 -1.661583 4.154382 6.903245 -0.893447 -2.802073 -16.486517 -8.659435 0.776136 9.988907 -15.098084 34.517754 4.943430 -8.048500 13.676939 0.000000 0.000000 0.000000 -59.008026 0.828703 -27.769602 29.019278 -40.037802 -10.773117 -0.000002 0.000001 -7.326928 18.764067 39.517821 12.576234 -7.125020 0.000002 0.000000 -17.571662 55.793438 -6.700824 0.000000 0.000000 0.000000 76.444085 -10.539211 -6.710681 -37.243141 46.349035 -16.415732 0.000002 -0.000001 -11.587386 -21.813831 24.556236 -9.445010 7.125020 -0.000002 0.000000 4.656836 -3.849485 4.347152
3.223464 15.352500 3.225486 -0.751960 -25.317153 -15.267824 0.000000 0.000000 0.000000 -26.511851 12.460693 -29.871379 12.381326 18.610828 67.031010 2.197386 -0.230075 -27.590190 0.658082 5.188570 14.447182 0.000000 0.000000 0.000000 -7.322289 6.742739 -24.858467 -9.006930 -16.844795 56.023225 4.814796 -32.004210 -17.341282 -7.882613 -16.032235 52.138766 -1.033044 -1.484171 13.344345 5.816944 -1.974739 4.382520 7.041746 -1.060463 -2.605757 -16.477831 -8.457942 0.507349 9.667056 -14.640356 34.523059 4.867582 -7.866211 13.619639 0.000000 0.000000 0.000000 -61.345451 0.020716 -26.421248 28.737585 -39.786446 -10.592378 -0.000002 0.000000 -7.404770 22.436184 42.171958 16.182630 -7.125020 0.000002 0.000000 -13.424392 40.155546 -2.796477 0.000000 0.000000 0.000000 77.181934 -11.582711 -6.489117 -35.986820 45.504056 -15.513088 0.000002 -0.000000 -10.701937 -21.968275 24.509307 -9.500367 7.125020 -0.000002 0.000000 4.556907 -3.871030 4.251938
3.216235 15.378302 3.350355 0.246000 -25.384623 -15.869485 0.000000 0.000000 0.000000 -27.587088 13.010412 -28.936201 12.150870 18.524046 66.287734 2.237343 -0.248066 -27.787418 0.646214 5.142475 14.315371 0.000000 0.000000 0.000000 -5.986708 6.315884 -27.469691 -7.530584 -15.785907 50.789867 4.802534 -32.562924 -21.636886 -8.307247 -16.340650 53.661951 -1.610371 -1.633536 13.408234 5.606852 -2.264876 4.582277 7.187937 -1.217925 -2.377885 -16.410035 -8.253860 0.185024 9.302483 -14.170226 34.581153 4.764936 -7.675086 13.588535 0.000000 0.000000 0.000000 -63.669962 -0.786816 -24.892281 28.478230 -39.552780 -10.426816 -0.000002 0.000000 -7.581437 27.476746 45.281381 21.167853 -7.125020 0.000002 0.000000 -10.097149 9.818160 0.412644 0.000000 0.000000 0.000000 77.889257 -12.602143 -6.353270 -34.751561 44.633912 -14.638536 0.000002 -0.000000 -9.867815 -21.838674 24.374995 -9.393190 7.125020 -0.000002 0.000000 4.622892 -4.032724 4.298453
3.209925 15.419384 3.473862 1.201762 -25.480241 -16.374608 0.000000 0.000000 0.000000 -28.621401 13.602059 -28.025687 11.862957 18.409616 65.357327 2.268257 -0.286735 -27.894469 0.640890 5.121650 14.255853 0.000000 0.000000 0.000000 -4.284479 5.446047 -29.757532 -6.087320 -14.525878 45.294079 4.498698 -33.132407 -26.633471 -8.747004 -16.642130 55.211000 -2.175980 -1.780221 13.358347 5.400342 -2.548256 4.753617 7.323230 -1.373956 -2.116141 -16.290861 -8.035850 -0.196444 8.919406 -13.677473 34.696611 4.648333 -7.469790 13.588776 0.000000 0.000000 0.000000 -65.943902 -1.627760 -23.267055 28.189565 -39.290162 -10.243506 -0.000002 0.000001 -7.750290 32.294685 47.709541 25.942579 -7.125020 0.000002 0.000000 -8.584249 -51.515083 3.914678 0.000000 0.000000 0.000000 78.594874 -13.598022 -6.320427 -33.567703 43.761870 -13.813183 0.000002 -0.000000 -9.156612 -21.430192 24.172349 -9.134620 7.125020 -0.000002 0.000000 4.854241 -4.312968 4.487225
3.203680 15.472302 3.593492 2.074948 -25.577267 -16.768365 0.000000 0.000000 0.000000 -29.575236 14.188439 -27.159837 11.537601 18.273178 64.300437 2.290425 -0.346190 -27.918412 0.642809 5.129166 14.277330 0.000000 0.000000 0.000000 -2.138194 3.996899 -31.965491 -4.815455 -13.176312 40.009875 3.929351 -33.481994 -31.579430 -9.061434 -16.847089 56.302335 -2.692013 -1.945215 13.199496 5.198322 -2.845948 4.897402 7.428545 -1.538747 -1.821753 -16.131440 -7.789086 -0.635579 8.540833 -13.145753 34.864895 4.531652 -7.242828 13.618883 0.000000 0.000000 0.000000 -68.144121 -2.508335 -21.605816 27.846728 -38.974748 -10.027135 -0.000002 0.000001 -7.840284 34.557470 48.570426 28.078385 -7.125020 0.000002 0.000000 177.164115 -30.411042 -177.083974 0.000000 0.000000 0.000000 79.317376 -14.571716 -6.369813 -32.457978 42.909258 -13.051578 0.000002 -0.000000 -8.647021 -20.828546 23.938176 -8.780049 7.125020 -0.000002 0.000000 5.202531 -4.657413 4.777107
3.196580 15.531624 3.707287 2.830585 -25.655371 -17.047133 0.000000 0.000000 0.000000 -30.413419 14.725554 -26.356283 11.200533 18.123538 63.199150 2.304044 -0.417946 -27.876754 0.652035 5.165138 14.380164 0.000000 0.000000 0.000000 0.481413 1.978668 -34.473291 -3.849377 -11.950297 35.599802 3.249484 -33.265373 -35.057849 -9.027834 -16.825596 56.186329 -3.120689 -2.146007 12.952322 5.003197 -3.175397 5.016325 7.487118 -1.720198 -1.503138 -15.941980 -7.502202 -1.119562 8.182521 -12.562170 35.070799 4.425204 -6.988732 13.669765 0.000000 0.000000 0.000000 -70.270939 -3.414406 -19.935064 27.461317 -38.615571 -9.785659 -0.000002 0.000001 -7.843741 33.450780 47.709314 26.673242 -7.125020 0.000002 0.000000 -179.541640 41.446995 -172.659109 0.000000 0.000000 0.000000 80.062283 -15.520947 -6.467994 -31.430044 42.088039 -12.357106 0.000002 -0.000000 -8.399211 -20.182646 23.699545 -8.408644 7.125020 -0.000002 0.000000 5.578948 -5.011934 5.090050
3.188177 15.591849 3.813911 3.445806 -25.703778 -17.218890 0.000000 0.000000 0.000000 -31.112930 15.174016 -25.623668 10.875877 17.970529 62.133514 2.308340 -0.483896 -27.788358 0.666761 5.222004 14.542847 0.000000 0.000000 0.000000 3.576387 -0.471208 -37.378410 -3.164902 -10.940502 32.182014 2.560183 -32.258834 -35.539597 -8.468253 -16.453087 54.232301 -3.438174 -2.389907 12.656886 4.823183 -3.543638 5.110628 7.496912 -1.920469 -1.181874 -15.738134 -7.170841 -1.624271 7.855138 -11.923236 35.292497 4.336848 -6.707249 13.728334 0.000000 0.000000 0.000000 -72.344749 -4.342496 -18.284845 27.050896 -38.227687 -9.530603 -0.000002 0.000001 -7.761743 30.478830 45.589601 23.267135 -7.125020 0.000002 0.000000 -165.555867 76.155925 -158.679133 0.000000 0.000000 0.000000 80.815764 -16.438178 -6.601768 -30.468709 41.291771 -11.717699 0.000002 -0.000001 -8.414599 -19.643553 23.475886 -8.094596 7.125020 -0.000002 0.000000 5.891980 -5.331532 5.345899
3.178574 15.648723 3.912479 3.939671 -25.711253 -17.307616 0.000000 0.000000 0.000000 -31.697562 15.492364 -24.960435 10.579990 17.822916 61.158593 2.302042 -0.513502 -27.665192 0.681536 5.278393 14.704313 0.000000 0.000000 0.000000 7.007842 -2.997537 -40.562370 -2.687281 -10.145733 29.599475 1.955728 -30.385534 -32.506583 -7.368320 -15.634364 50.253962 -3.670161 -2.671373 12.365316 4.666095 -3.947651 5.174489 7.484395 -2.136779 -0.890184 -15.539945 -6.796314 -2.121543 7.565339 -11.232553 35.506984 4.272501 -6.401962 13.781135 0.000000 0.000000 0.000000 -74.393731 -5.312190 -16.702540 26.615536 -37.810082 -9.262453 -0.000002 0.000001 -7.556504 27.426492 42.966480 19.759524 -7.125020 0.000002 0.000000 -47.122339 83.375155 -40.317854 0.000000 0.000000 0.000000 81.545801 -17.309905 -6.797810 -29.534865 40.491355 -11.106354 0.000002 -0.000001 -8.612594 -19.297654 23.304157 -7.886151 7.125020 -0.000002 0.000000 6.091031 -5.564892 5.504249
3.168140 15.699732 4.002470 4.374186 -25.666762 -17.352600 0.000000 0.000000 0.000000 -32.236778 15.645274 -24.353246 10.318612 17.686212 60.293243 2.284184 -0.471406 -27.510315 0.687237 5.299975 14.766151 0.000000 0.000000 0.000000 10.426751 -5.055161 -43.722498 -2.351196 -9.532243 27.651629 1.534798 -27.760511 -26.803619 -5.881285 -14.312304 44.503398 -3.891178 -2.975013 12.129542 4.533756 -4.377193 5.200101 7.497598 -2.363554 -0.659860 -15.360967 -6.381345 -2.589990 7.312257 -10.493027 35.694122 4.233828 -6.075713 13.816053 0.000000 0.000000 0.000000 -76.443980 -6.345278 -15.219960 26.150335 -37.356782 -8.978717 -0.000002 0.000001 -7.177742 24.993303 40.393598 16.933603 -7.125020 0.000002 0.000000 -21.291819 74.631633 -14.466035 0.000000 0.000000 0.000000 82.215334 -18.119200 -7.109627 -28.583378 39.647775 -10.493840 0.000002 -0.000001 -8.858865 -19.161471 23.226494 -7.801491 7.125020 -0.000002 0.000000 6.168786 -5.666969 5.564496
3.157305 15.744390 4.083784 4.802753 -25.581284 -17.394908 0.000000 0.000000 0.000000 -32.782654 15.628420 -23.774919 10.087885 17.561400 59.523651 2.254510 -0.335814 -27.320583 0.674212 5.250520 14.624483 0.000000 0.000000 0.000000 13.370758 -6.086914 -46.432652 -2.114685 -9.070439 26.194648 1.326404 -24.702811 -20.047899 -4.274763 -12.517323 37.587522 -4.166601 -3.281346 11.993335 4.427583 -4.815409 5.185824 7.577931 -2.592516 -0.512975 -15.203910 -5.927458 -3.020902 7.088864 -9.703488 35.839525 4.218553 -5.728532 13.824252 0.000000 0.000000 0.000000 -78.513036 -7.441358 -13.819962 25.664777 -36.875765 -8.685711 -0.000002 0.000001 -6.622076 23.179035 38.064665 14.808158 -7.125020 0.000002 0.000000 -16.826609 69.169945 -9.841628 0.000000 0.000000 0.000000 82.797381 -18.857942 -7.579873 -27.593190 38.739020 -9.868071 0.000002 -0.000001 -9.030061 -19.219198 23.252727 -7.835276 7.125020 -0.000002 0.000000 6.135324 -5.630845 5.537583
3.146399 15.783729 4.157307 5.259761 -25.484638 -17.479556 0.000000 0.000000 0.000000 -33.358291 15.477152 -23.183372 9.878219 17.446167 58.815322 2.215528 -0.104213 -27.095991 0.636167 5.103098 14.202845 0.000000 0.000000 0.000000 15.483577 -5.798035 -48.344589 -1.956236 -8.747475 25.164648 1.231886 -21.561870 -13.621995 -2.858954 -10.463149 30.489952 -4.531694 -3.572310 11.987297 4.344018 -5.244442 5.139765 7.743119 -2.815044 -0.456477 -15.065169 -5.436579 -3.418400 6.890313 -8.863799 35.936920 4.224240 -5.359887 13.803315 0.000000 0.000000 0.000000 -80.601588 -8.576085 -12.438591 25.179084 -36.386474 -8.395913 -0.000002 0.000001 -5.953016 21.867475 36.029072 13.247876 -7.125020 0.000002 0.000000 -15.300575 65.940206 -8.049179 0.000000 0.000000 0.000000 83.284058 -19.536586 -8.214212 -26.581055 37.776734 -9.241323 0.000002 -0.000001 -9.060750 -19.437589 23.353942 -7.963686 7.125020 -0.000002 0.000000 6.008671 -5.491748 5.436457
3.135469 15.818814 4.225352 5.792886 -25.393575 -17.662081 0.000000 0.000000 0.000000 -34.002605 15.248082 -22.531092 9.679302 17.337501 58.129409 2.174433 0.216506 -26.851399 0.573182 4.848397 13.476669 0.000000 0.000000 0.000000 16.715449 -4.336304 -49.417843 -1.867818 -8.565090 24.560296 1.102971 -18.485865 -8.088754 -1.861077 -8.570506 24.460785 -5.017610 -3.836744 12.123122 4.262146 -5.656007 5.077728 7.989326 -3.027523 -0.479254 -14.930320 -4.915256 -3.810879 6.712750 -7.980527 35.998289 4.246474 -4.970941 13.765325 0.000000 0.000000 0.000000 -82.688049 -9.717287 -10.994117 24.710761 -35.906890 -8.119667 -0.000002 0.000001 -5.264892 21.026048 34.403606 12.199808 -7.125020 0.000002 0.000000 -14.685376 64.144133 -7.162287 0.000000 0.000000 0.000000 83.687079 -20.175529 -8.984363 -25.585859 36.796815 -8.638397 0.000002 -0.000001 -8.940974 -19.753834 23.488718 -8.146634 7.125020 -0.000002 0.000000 5.824349 -5.302174 5.287816
3.124213 15.849639 4.290590 6.428101 -25.305071 -17.971430 0.000000 0.000000 0.000000 -34.741279 14.993947 -21.795220 9.485344 17.233537 57.443821 2.139990 0.612482 -26.616360 0.494335 4.507827 12.509929 0.000000 0.000000 0.000000 17.354833 -2.191173 -49.929422 -1.848478 -8.531120 24.408440 0.869510 -15.440131 -3.387286 -1.322691 -7.283731 20.558716 -5.626381 -4.075656 12.390249 4.156505 -6.055161 5.016172 8.290805 -3.232712 -0.559431 -14.762355 -4.376981 -4.273833 6.540154 -7.065668 36.072708 4.271461 -4.564093 13.749079 0.000000 0.000000 0.000000 -84.735322 -10.839284 -9.415140 24.274149 -35.452823 -7.865008 -0.000002 0.000001 -4.632837 20.664368 33.380677 11.674438 -7.125020 0.000002 0.000000 -14.418968 63.428608 -6.739491 0.000000 0.000000 0.000000 84.029168 -20.791074 -9.840622 -24.644924 35.838849 -8.081088 0.000002 -0.000001 -8.689447 -20.077120 23.630780 -8.336125 7.125020 -0.000002 0.000000 5.636503 -5.103556 5.136690
3.112139 15.875418 4.355087 7.122152 -25.206211 -18.381224 0.000000 0.000000 0.000000 -35.535712 14.752772 -20.989947 9.297548 17.134257 56.765201 2.118142 1.057102 -26.425002 0.415580 4.137970 11.465148 0.000000 0.000000 0.000000 17.834986 0.086808 -50.244939 -1.898795 -8.648073 24.723363 0.566469 -12.434282 0.668694 -1.143687 -6.791033 19.097749 -6.295803 -4.303684 12.761006 4.016732 -6.456942 4.965567 8.601003 -3.437516 -0.676313 -14.510597 -3.837563 -4.911002 6.346747 -6.132140 36.235140 4.278618 -4.141977 13.810747 0.000000 0.000000 0.000000 -86.703635 -11.925132 -7.645986 23.886641 -35.044151 -7.641367 -0.000002 0.000001 -4.099038 20.751038 33.071062 11.652282 -7.125020 0.000002 0.000000 -14.301448 63.593193 -6.650607 0.000000 0.000000 0.000000 84.334462 -21.394776 -10.720434 -23.783717 34.934703 -7.582347 0.000002 -0.000001 -8.347410 -20.324190 23.772551 -8.492618 7.125020 -0.000002 0.000000 5.496092 -4.917180 5.027644
3.098723 15.895575 4.420819 7.788790 -25.072279 -18.834043 0.000000 0.000000 0.000000 -36.307575 14.551308 -20.143569 9.122085 17.041650 56.120420 2.111990 1.513468 -26.306831 0.349915 3.800676 10.516564 0.000000 0.000000 0.000000 18.477806 2.124518 -50.600378 -2.016953 -8.904636 25.478062 0.271148 -9.664547 4.121906 -1.191386 -6.926283 19.497162 -6.927953 -4.544362 13.198131 3.846254 -6.881383 4.929345 8.867257 -3.651016 -0.813666 -14.144947 -3.303635 -5.763489 6.124443 -5.191350 36.517099 4.257258 -3.706975 13.974537 0.000000 0.000000 0.000000 -88.556973 -12.961024 -5.629208 23.562563 -34.698249 -7.456079 -0.000002 0.000000 -3.700263 21.208188 33.375165 12.044221 -7.125020 0.000002 0.000000 -14.221125 64.377996 -6.789673 0.000000 0.000000 0.000000 84.623956 -21.998720 -11.564572 -23.015242 34.105473 -7.146840 0.000002 -0.000001 -7.990003 -20.461788 23.900925 -8.596268 7.125020 -0.000002 0.000000 5.422395 -4.762241 4.976676
3.083337 15.910131 4.489501 8.330527 -24.872239 -19.257304 0.000000 0.000000 0.000000 -36.970065 14.400959 -19.285937 8.965977 16.958882 55.539114 2.122153 1.944630 -26.277316 0.299249 3.517380 9.722675 0.000000 0.000000 0.000000 19.389922 3.828550 -51.060446 -2.198316 -9.277538 26.608538 0.035955 -7.458688 6.876182 -1.338991 -7.326693 20.686905 -7.427266 -4.823607 13.655737 3.660801 -7.347897 4.903515 9.050298 -3.882330 -0.957690 -13.677475 -2.764927 -6.737778 5.897783 -4.250178 36.846449 4.216275 -3.259477 14.189711 0.000000 0.000000 0.000000 -90.265304 -13.933974 -3.290762 23.297783 -34.412832 -7.305895 -0.000002 0.000001 -3.493643 21.953536 33.993391 12.710514 -7.125020 0.000002 0.000000 -14.010690 65.422718 -6.972366 0.000000 0.000000 0.000000 84.908774 -22.613301 -12.331479 -22.341162 33.360442 -6.772497 0.000002 -0.000001 -7.719272 -20.517214 23.975777 -8.645173 7.125020 -0.000002 0.000000 5.394490 -4.676057 4.961090
3.065178 15.919743 4.561502 8.661633 -24.573924 -19.574697 0.000000 0.000000 0.000000 -37.447768 14.287899 -18.442076 8.832656 16.888011 55.036582 2.146165 2.321064 -26.329737 0.256907 3.261074 9.006459 0.000000 0.000000 0.000000 20.515079 5.303767 -51.596689 -2.437064 -9.739367 28.037424 -0.133628 -6.092007 8.831363 -1.470327 -7.662571 21.693791 -7.733681 -5.165442 14.087052 3.487579 -7.874618 4.879277 9.142635 -4.140929 -1.093563 -13.146727 -2.199923 -7.649024 5.702034 -3.306453 37.076114 4.173281 -2.795873 14.350184 0.000000 0.000000 0.000000 -91.811400 -14.837060 -0.557110 23.069572 -34.164801 -7.177328 -0.000002 0.000001 -3.539452 22.920242 34.539646 13.493082 -7.125020 0.000002 0.000000 -13.414460 66.343373 -6.936904 0.000000 0.000000 0.000000 85.178272 -23.242047 -12.981760 -21.755574 32.699682 -6.453298 0.000002 -0.000001 -7.634981 -20.555505 23.937558 -8.648189 7.125020 -0.000002 0.000000 5.366238 -4.709731 4.933476
3.043483 15.926015 4.635764 8.754101 -24.142243 -19.747960 0.000000 0.000000 0.000000 -37.715900 14.184466 -17.613894 8.719131 16.827861 54.603345 2.180151 2.618316 -26.436270 0.216567 2.995889 8.267306 0.000000 0.000000 0.000000 21.721882 6.678134 -52.161995 -2.726752 -10.263149 29.688739 -0.254827 -5.615208 10.014369 -1.506160 -7.751229 21.960996 -7.864115 -5.584878 14.464020 3.350462 -8.478324 4.851215 9.177460 -4.437210 -1.202596 -12.590448 -1.590123 -8.332066 5.553896 -2.350323 37.072980 4.138955 -2.310660 14.358248 0.000000 0.000000 0.000000 -93.199898 -15.673618 2.598347 22.860047 -33.935412 -7.060011 -0.000002 0.000001 -3.841161 24.038640 34.688199 14.240635 -7.125020 0.000002 0.000000 -12.208472 66.838815 -6.455746 0.000000 0.000000 0.000000 85.397725 -23.877863 -13.466778 -21.245887 32.114239 -6.180137 0.000002 -0.000001 -7.790596 -20.636169 23.741525 -8.616806 7.125020 -0.000002 0.000000 5.296653 -4.899924 4.852421
3.017713 15.931473 4.710632 8.659347 -23.560016 -19.799923 0.000000 0.000000 0.000000 -37.812942 14.077435 -16.782620 8.616567 16.773325 54.208533 2.220484 2.808408 -26.559842 0.177925 2.717030 7.491910 0.000000 0.000000 0.000000 22.869608 8.028688 -52.714874 -3.060233 -10.824245 31.493576 -0.340407 -5.822368 10.593132 -1.425370 -7.549586 21.354147 -7.912512 -6.076344 14.781794 3.256596 -9.162324 4.821901 9.212942 -4.776040 -1.263490 -12.037833 -0.933777 -8.722199 5.448425 -1.377152 36.792476 4.114866 -1.804164 14.179336 0.000000 0.000000 0.000000 -94.454610 -16.456869 6.128010 22.673740 -33.730101 -6.956281 -0.000002 0.000001 -4.300989 25.203436 34.295463 14.827700 -7.125020 0.000002 0.000000 -10.412223 66.772019 -5.509026 0.000000 0.000000 0.000000 85.529674 -24.495872 -13.776216 -20.786555 31.578348 -5.937770 0.000002 -0.000001 -8.145754 -20.763806 23.397834 -8.556090 7.125020 -0.000002 0.000000 5.184497 -5.235603 4.717687
2.987544 15.939074 4.784412 8.467843 -22.847679 -19.782697 0.000000 0.000000 0.000000 -37.802183 13.970845 -15.931562 8.513998 16.716925 53.814562 2.263773 2.859001 -26.667963 0.144997 2.453943 6.761965 0.000000 0.000000 0.000000 23.854868 9.405770 -53.223181 -3.429280 -11.400790 33.389938 -0.397322 -6.348875 10.796898 -1.258044 -7.110353 20.042711 -7.990682 -6.613205 15.041284 3.199522 -9.907085 4.797170 9.299748 -5.150677 -1.258007 -11.517503 -0.251571 -8.867562 5.377811 -0.402370 36.299359 4.102277 -1.289442 13.856894 0.000000 0.000000 0.000000 -95.600723 -17.208338 9.944801 22.525869 -33.566244 -6.874347 -0.000002 0.000001 -4.756513 26.262299 33.446612 15.174230 -7.125020 0.000002 0.000000 -8.374765 66.201279 -4.340623 0.000000 0.000000 0.000000 85.563860 -25.053210 -13.995997 -20.339203 31.048846 -5.705268 0.000002 -0.000000 -8.569915 -20.870776 22.982879 -8.461674 7.125020 -0.000002 0.000000 5.079803 -5.648761 4.581425
2.952979 15.951649 4.855693 8.247591 -22.043580 -19.729493 0.000000 0.000000 0.000000 -37.729152 13.854313 -15.058662 8.403813 16.652656 53.396168 2.306758 2.749546 -26.740335 0.121582 2.247863 6.191165 0.000000 0.000000 0.000000 24.638947 10.836084 -53.672776 -3.821919 -11.970392 35.309717 -0.436961 -6.800451 10.846501 -1.055991 -6.533990 18.341901 -8.163961 -7.165859 15.237161 3.171648 -10.683050 4.775076 9.459842 -5.547506 -1.182163 -11.059471 0.422351 -8.879364 5.343382 0.540884 35.728693 4.107126 -0.789385 13.481880 0.000000 0.000000 0.000000 -96.652005 -17.948349 13.980992 22.423870 -33.452751 -6.818035 -0.000002 0.000001 -5.067781 27.052922 32.383470 15.258656 -7.125020 0.000002 0.000000 -6.580596 65.328733 -3.285368 0.000000 0.000000 0.000000 85.520649 -25.510823 -14.284900 -19.867793 30.482731 -5.464123 0.000002 -0.000000 -8.921091 -20.852718 22.604430 -8.325449 7.125020 -0.000002 0.000000 5.057935 -6.044069 4.521012
2.914726 15.971384 4.924210 8.010468 -21.191630 -19.633459 0.000000 0.000000 0.000000 -37.600772 13.692081 -14.183379 8.285944 16.579132 52.955383 2.345703 2.493285 -26.772092 0.109391 2.132571 5.872173 0.000000 0.000000 0.000000 25.262078 12.315283 -54.065844 -4.219479 -12.507413 37.166614 -0.477153 -6.858183 10.922533 -0.860256 -5.914569 16.536748 -8.417740 -7.717486 15.355148 3.174517 -11.464871 4.741622 9.681164 -5.952395 -1.051970 -10.683202 1.057991 -8.862754 5.346450 1.421533 35.217168 4.134374 -0.325362 13.142506 0.000000 0.000000 0.000000 -97.615485 -18.680768 18.199571 22.369258 -33.391829 -6.787954 -0.000002 0.000001 -5.162884 27.471956 31.336151 15.105327 -7.125020 0.000002 0.000000 -5.349394 64.362272 -2.543088 0.000000 0.000000 0.000000 85.424008 -25.859483 -14.776551 -19.355273 29.857740 -5.206540 0.000002 -0.000000 -9.128716 -20.635912 22.340311 -8.143947 7.125020 -0.000002 0.000000 5.171746 -6.351730 4.590488
2.874237 15.999217 4.991441 7.708764 -20.359171 -19.456060 0.000000 0.000000 0.000000 -37.373153 13.453507 -13.350879 8.167988 16.500117 52.522367 2.376284 2.138148 -26.772768 0.108551 2.124392 5.849551 0.000000 0.000000 0.000000 25.844844 13.834637 -54.399285 -4.598141 -12.986410 38.865316 -0.531947 -6.355557 11.136304 -0.687863 -5.302341 14.772932 -8.655265 -8.263840 15.370841 3.221740 -12.229794 4.681570 9.919318 -6.350808 -0.893080 -10.382631 1.640580 -8.880990 5.373419 2.226572 34.852113 4.179437 0.092102 12.891975 0.000000 0.000000 0.000000 -98.497879 -19.392542 22.564260 22.369604 -33.392216 -6.788144 -0.000002 0.000001 -5.021342 27.510749 30.417237 14.761141 -7.125020 0.000002 0.000000 -4.737980 63.419469 -2.132845 0.000000 0.000000 0.000000 85.279904 -26.119714 -15.501319 -18.805835 29.176699 -4.935834 0.000002 -0.000001 -9.203595 -20.242843 22.188957 -7.927508 7.125020 -0.000002 0.000000 5.406533 -6.569327 4.776557
2.833195 16.034161 5.059549 7.275401 -19.616521 -19.159313 0.000000 0.000000 0.000000 -36.982848 13.134949 -12.612033 8.060824 16.422997 52.137399 2.396269 1.740371 -26.756984 0.117930 2.213966 6.097353 0.000000 0.000000 0.000000 26.528646 15.392939 -54.653843 -4.935098 -13.389004 40.326432 -0.601072 -5.308905 11.510588 -0.542533 -4.719124 13.109157 -8.756619 -8.806850 15.266793 3.327971 -12.959961 4.589413 10.120651 -6.730644 -0.728211 -10.122759 2.170794 -8.958341 5.395440 2.962006 34.657470 4.226942 0.465197 12.744341 0.000000 0.000000 0.000000 -99.299355 -20.071933 27.029859 22.438972 -33.469580 -6.826361 -0.000002 0.000001 -4.647432 27.226081 29.658511 14.284192 -7.125020 0.000002 0.000000 -4.654820 62.554021 -1.987580 0.000000 0.000000 0.000000 85.081382 -26.318217 -16.400095 -18.233181 28.454713 -4.659811 0.000002 -0.000001 -9.179860 -19.802120 22.073708 -7.704930 7.125020 -0.000002 0.000000 5.674738 -6.756377 4.994777
2.793109 16.073366 5.129787 6.692837 -18.984948 -18.741077 0.000000 0.000000 0.000000 -36.419570 12.754991 -11.992605 7.972009 16.354769 51.825489 2.407282 1.338181 -26.733899 0.135099 2.369056 6.526745 0.000000 0.000000 0.000000 27.376835 16.975425 -54.809094 -5.215242 -13.708453 41.508374 -0.672175 -3.876111 12.002123 -0.428939 -4.203129 11.648846 -8.669338 -9.347545 15.054403 3.489939 -13.650048 4.469981 10.254944 -7.087407 -0.571540 -9.857480 2.658059 -9.094511 5.387057 3.642100 34.604471 4.260042 0.804063 12.684336 0.000000 0.000000 0.000000 -100.005281 -20.728602 31.567177 22.586764 -33.633821 -6.908044 -0.000002 0.000001 -4.062387 26.701497 29.053915 13.731699 -7.125020 0.000002 0.000000 -4.961093 61.786933 -2.023058 0.000000 0.000000 0.000000 84.829099 -26.464591 -17.408694 -17.648959 27.705337 -4.384808 0.000002 -0.000001 -9.059797 -19.468304 21.906016 -7.511466 7.125020 -0.000002 0.000000 5.871895 -6.981056 5.144872
2.755369 16.113418 5.202232 6.019755 -18.435387 -18.241199 0.000000 0.000000 0.000000 -35.753935 12.351008 -11.485617 7.900359 16.296423 51.579660 2.411823 0.947878 -26.703672 0.157100 2.553863 7.039025 0.000000 0.000000 0.000000 28.344625 18.548106 -54.858736 -5.435455 -13.950627 42.418035 -0.732174 -2.257710 12.551799 -0.351020 -3.806615 10.533233 -8.433760 -9.879025 14.769756 3.681154 -14.301451 4.334183 10.321872 -7.421606 -0.427819 -9.562316 3.110727 -9.275603 5.347998 4.275278 34.634637 4.273554 1.118249 12.680771 0.000000 0.000000 0.000000 -100.597550 -21.396677 36.171697 22.810147 -33.880549 -7.032172 -0.000002 0.000001 -3.292154 26.031846 28.545519 13.142559 -7.125020 0.000002 0.000000 -5.490798 61.086387 -2.149156 0.000000 0.000000 0.000000 84.543968 -26.549993 -18.512920 -17.063457 26.941352 -4.116048 0.000002 -0.000001 -8.826830 -19.319083 21.647861 -7.366356 7.125020 -0.000002 0.000000 5.946264 -7.271192 5.178021
2.721310 16.151746 5.276297 5.359024 -17.926253 -17.722097 0.000000 0.000000 0.000000 -35.099059 11.978960 -11.059629 7.834106 16.239929 51.356725 2.409755 0.572664 -26.656841 0.181624 2.744980 7.569546 0.000000 0.000000 0.000000 29.330636 20.069215 -54.811916 -5.605313 -14.132229 43.109077 -0.774836 -0.596968 13.122913 -0.303068 -3.539558 9.784735 -8.142902 -10.385933 14.463724 3.865786 -14.912835 4.189634 10.342800 -7.732692 -0.303749 -9.253368 3.530986 -9.477514 5.304074 4.859731 34.687817 4.277822 1.411111 12.699497 0.000000 0.000000 0.000000 -101.083475 -22.110460 40.825601 23.097623 -34.195390 -7.193085 -0.000002 0.000002 -2.333308 25.296212 28.036626 12.528386 -7.125020 0.000002 0.000000 -6.089842 60.374435 -2.283864 0.000000 0.000000 0.000000 84.254870 -26.574119 -19.712536 -16.493974 26.185852 -3.861373 0.000002 -0.000001 -8.511653 -19.328731 21.316203 -7.263253 7.125020 -0.000002 0.000000 5.915605 -7.613513 5.111818
2.691967 16.187144 5.351200 4.822756 -17.420389 -17.252260 0.000000 0.000000 0.000000 -34.572270 11.704319 -10.663463 7.753670 16.170536 51.085599 2.398979 0.207366 -26.574890 0.207293 2.931440 8.087935 0.000000 0.000000 0.000000 30.227714 21.488353 -54.685921 -5.743260 -14.276077 43.665045 -0.800488 1.059020 13.713428 -0.269588 -3.339970 9.226728 -7.909148 -10.849774 14.198287 4.011453 -15.480258 4.034193 10.356027 -8.018170 -0.216159 -8.968956 3.916739 -9.670333 5.285976 5.389169 34.721499 4.288613 1.680965 12.713037 0.000000 0.000000 0.000000 -101.508289 -22.877583 45.464616 23.436476 -34.562649 -7.384425 -0.000002 0.000002 -1.128311 24.527086 27.440819 11.878303 -7.125020 0.000002 0.000000 -6.673154 59.571235 -2.376495 0.000000 0.000000 0.000000 83.980984 -26.566124 -20.969624 -15.966307 25.474938 -3.631458 0.000002 -0.000001 -8.219750 -19.416140 20.943393 -7.178388 7.125020 -0.000002 0.000000 5.833770 -7.986930 4.996454
2.667677 16.219604 5.426629 4.529142 -16.883234 -16.898660 0.000000 0.000000 0.000000 -34.294414 11.589306 -10.238036 7.638477 16.072285 50.689793 2.377856 -0.158507 -26.436676 0.233137 3.107634 8.578552 0.000000 0.000000 0.000000 30.930672 22.745637 -54.498235 -5.869150 -14.403977 44.170190 -0.812880 2.714223 14.353777 -0.235170 -3.121063 8.615978 -7.860597 -11.251490 14.024431 4.087201 -15.998752 3.863635 10.405616 -8.275855 -0.172578 -8.729360 4.263575 -9.836785 5.306423 5.856754 34.715301 4.312628 1.924773 12.707905 0.000000 0.000000 0.000000 -101.933687 -23.684099 50.000582 23.814980 -34.967986 -7.600256 -0.000002 0.000002 0.412019 23.719095 26.714109 11.177677 -7.125020 0.000002 0.000000 -7.226710 58.631565 -2.410369 0.000000 0.000000 0.000000 83.735714 -26.566858 -22.228157 -15.506371 24.846781 -3.435908 0.000002 -0.000001 -8.073700 -19.497881 20.544507 -7.082628 7.125020 -0.000002 0.000000 5.754908 -8.388176 4.879816
2.647770 16.249835 5.502866 4.577855 -16.288715 -16.703280 0.000000 0.000000 0.000000 -34.366065 11.675975 -9.744120 7.475109 15.933295 50.117767 2.345025 -0.537053 -26.226609 0.257961 3.267711 9.024984 0.000000 0.000000 0.000000 31.352233 23.794029 -54.265279 -5.996480 -14.529849 44.679881 -0.817047 4.337615 15.089536 -0.195977 -2.850781 7.863590 -8.112053 -11.574803 13.951953 4.066751 -16.462628 3.680633 10.522083 -8.505086 -0.152830 -8.514713 4.564527 -9.989939 5.350202 6.255037 34.669305 4.340689 2.139698 12.688846 0.000000 0.000000 0.000000 -102.408765 -24.517390 54.367265 24.220376 -35.396427 -7.833839 -0.000002 0.000002 2.351793 22.871418 25.855300 10.430604 -7.125020 0.000002 0.000000 -7.756208 57.555638 -2.384840 0.000000 0.000000 0.000000 83.538705 -26.600235 -23.463048 -15.132483 24.330344 -3.280331 0.000002 -0.000001 -8.133439 -19.513357 20.116004 -6.951060 7.125020 -0.000002 0.000000 5.717547 -8.829567 4.793894
2.630925 16.279024 5.579998 4.960926 -15.627083 -16.645744 0.000000 0.000000 0.000000 -34.774295 11.960218 -9.178802 7.262950 15.749792 49.364543 2.298452 -0.945659 -25.936339 0.280536 3.406564 9.412786 0.000000 0.000000 0.000000 31.496301 24.616275 -54.002554 -6.127958 -14.656354 45.204633 -0.818148 5.828174 15.943459 -0.160168 -2.578562 7.107543 -8.669445 -11.820166 13.945146 3.950691 -16.871417 3.494032 10.698732 -8.707811 -0.126807 -8.282147 4.811056 -10.161659 5.384310 6.576199 34.594162 4.353850 2.322771 12.671107 0.000000 0.000000 0.000000 -102.960532 -25.373940 58.538395 24.638432 -35.832129 -8.077286 -0.000002 0.000002 4.681833 22.016748 24.883321 9.664547 -7.125020 0.000002 0.000000 -8.241794 56.371621 -2.298066 0.000000 0.000000 0.000000 83.417015 -26.670034 -24.683364 -14.853954 23.942262 -3.166438 0.000002 -0.000001 -8.375150 -19.441027 19.651501 -6.773698 7.125020 -0.000002 0.000000 5.735138 -9.320588 4.749372
2.616273 16.308743 5.657481 5.524434 -14.895952 -16.643303 0.000000 0.000000 0.000000 -35.356070 12.373959 -8.564989 7.015635 15.529421 48.476055 2.237347 -1.410483 -25.564299 0.300856 3.526732 9.748846 0.000000 0.000000 0.000000 31.489633 25.206544 -53.724589 -6.256714 -14.777013 45.716835 -0.820853 7.067289 16.885060 -0.136780 -2.383687 6.567277 -9.382096 -12.016212 13.948089 3.775782 -17.238592 3.312858 10.885976 -8.890624 -0.083102 -8.007814 4.998181 -10.362692 5.387350 6.815127 34.485400 4.339208 2.472152 12.657443 0.000000 0.000000 0.000000 -103.602147 -26.252842 62.513687 25.054331 -36.259464 -8.322016 -0.000001 0.000002 7.302694 21.206960 23.808956 8.910723 -7.125020 0.000002 0.000000 -8.640730 55.102085 -2.144062 0.000000 0.000000 0.000000 83.395728 -26.773642 -25.887782 -14.671470 23.686454 -3.092755 0.000002 -0.000000 -8.737134 -19.324151 19.152529 -6.567417 7.125020 -0.000002 0.000000 5.779750 -9.853644 4.724393
2.603946 16.340213 5.734503 6.084493 -14.087524 -16.605772 0.000000 0.000000 0.000000 -35.924850 12.811077 -7.933308 6.754627 15.288705 47.526113 2.164179 -1.954012 -25.115957 0.320510 3.639051 10.063339 0.000000 0.000000 0.000000 31.476879 25.554888 -53.448105 -6.372372 -14.882563 46.176061 -0.828285 7.989335 17.837042 -0.127452 -2.301284 6.339052 -10.061077 -12.203356 13.918683 3.589862 -17.587486 3.138591 11.032033 -9.063234 -0.030204 -7.717083 5.129049 -10.559905 5.373399 6.973760 34.309109 4.302898 2.589227 12.623991 0.000000 0.000000 0.000000 -104.349658 -27.151573 66.299699 25.450222 -36.660622 -8.557282 -0.000001 0.000002 10.043899 20.478448 22.621541 8.182241 -7.125020 0.000002 0.000000 -8.920123 53.742536 -1.918981 0.000000 0.000000 0.000000 83.481811 -26.910217 -27.027528 -14.575224 23.551044 -3.054194 0.000002 -0.000000 -9.176011 -19.280932 18.632964 -6.379185 7.125020 -0.000002 0.000000 5.775301 -10.398789 4.660394
2.594367 16.373350 5.810314 6.565262 -13.189203 -16.485268 0.000000 0.000000 0.000000 -36.413754 13.180815 -7.316575 6.499896 15.045767 46.585015 2.083587 -2.580372 -24.604624 0.341081 3.752879 10.382448 0.000000 0.000000 0.000000 31.498153 25.662027 -53.193558 -6.466961 -14.966479 46.552313 -0.840129 8.598447 18.701584 -0.126640 -2.293971 6.318803 -10.636811 -12.403590 13.851895 3.427498 -17.936707 2.956827 11.140441 -9.233058 0.016352 -7.472047 5.211360 -10.710050 5.377709 7.062279 34.036607 4.266091 2.676960 12.543359 0.000000 0.000000 0.000000 -105.242819 -28.061583 69.906719 25.801646 -37.012167 -8.767973 -0.000001 0.000002 12.713103 19.842780 21.307104 7.477004 -7.125020 0.000002 0.000000 -9.074953 52.278656 -1.628249 0.000000 0.000000 0.000000 83.646294 -27.081956 -28.021827 -14.544120 23.507211 -3.041777 0.000002 0.000000 -9.683664 -19.453333 18.124507 -6.267904 7.125020 -0.000002 0.000000 5.630804 -10.905318 4.489767
2.587415 16.406823 5.884029 6.993177 -12.187070 -16.267655 0.000000 0.000000 0.000000 -36.864476 13.425756 -6.754471 6.267528 14.817320 45.712690 2.000419 -3.278042 -24.052515 0.362614 3.868309 10.706469 0.000000 0.000000 0.000000 31.494238 25.553450 -52.987044 -6.535494 -15.025159 46.827468 -0.853607 8.921819 19.384626 -0.126520 -2.292889 6.315808 -11.165839 -12.616046 13.779062 3.315559 -18.296653 2.733714 11.279464 -9.403558 0.032968 -7.331092 5.251096 -10.806543 5.419436 7.096993 33.691401 4.248477 2.736579 12.418852 0.000000 0.000000 0.000000 -106.347470 -28.958526 73.357558 26.081698 -37.289271 -8.937101 -0.000001 0.000002 15.142181 19.309776 19.895956 6.804145 -7.125020 0.000002 0.000000 -9.119410 50.740134 -1.293611 0.000000 0.000000 0.000000 83.822294 -27.295917 -28.809204 -14.551300 23.517332 -3.044641 0.000002 0.000000 -10.272572 -19.902381 17.676024 -6.268554 7.125020 -0.000002 0.000000 5.308624 -11.315511 4.189314
2.582261 16.439215 5.954395 7.379750 -11.080241 -15.936655 0.000000 0.000000 0.000000 -37.295847 13.511893 -6.289037 6.070055 14.618088 44.959681 1.918983 -4.032767 -23.486337 0.383857 3.978758 11.016916 0.000000 0.000000 0.000000 31.424951 25.280806 -52.846120 -6.572176 -15.054241 46.980008 -0.868618 8.945118 19.817937 -0.123599 -2.266360 6.242365 -11.695735 -12.834477 13.734871 3.285840 -18.669586 2.435820 11.519386 -9.574043 -0.009836 -7.324562 5.250969 -10.871344 5.495204 7.092509 33.331208 4.259566 2.767322 12.277496 0.000000 0.000000 0.000000 -107.717421 -29.807268 76.701382 26.273839 -37.477838 -9.053760 -0.000001 0.000002 17.198541 18.904483 18.502332 6.203036 -7.125020 0.000002 0.000000 -9.074700 49.244770 -0.956347 0.000000 0.000000 0.000000 83.943865 -27.556070 -29.392742 -14.574284 23.549719 -3.053818 0.000002 -0.000000 -10.957542 -20.536185 17.338625 -6.366245 7.125020 -0.000002 0.000000 4.871389 -11.587982 3.813740
2.577604 16.470393 6.020393 7.640553 -9.909472 -15.471310 0.000000 0.000000 0.000000 -37.605855 13.436853 -5.951286 5.916363 14.460251 44.364343 1.843774 -4.838154 -22.932152 0.404039 4.080803 11.304103 0.000000 0.000000 0.000000 31.373302 24.919527 -52.741679 -6.568667 -15.046862 46.978034 -0.888768 8.610608 19.968527 -0.120104 -2.234209 6.153374 -12.152414 -13.054468 13.713732 3.368535 -19.036930 2.069623 11.855372 -9.735509 -0.121431 -7.450708 5.210013 -10.922172 5.602603 7.049583 32.986891 4.300768 2.767828 12.137034 0.000000 0.000000 0.000000 -109.352849 -30.587589 80.021056 26.380345 -37.581822 -9.118642 -0.000001 0.000002 18.780498 18.649642 17.302637 5.729309 -7.125020 0.000002 0.000000 -8.969584 47.973959 -0.666970 0.000000 0.000000 0.000000 84.002013 -27.841851 -29.855171 -14.602020 23.588778 -3.064909 0.000002 -0.000000 -11.742781 -21.139947 17.141468 -6.500407 7.125020 -0.000002 0.000000 4.461919 -11.718547 3.475949
2.572286 16.501697 6.082319 7.655918 -8.747173 -14.877010 0.000000 0.000000 0.000000 -37.639362 13.240522 -5.747102 5.809095 14.350199 43.939895 1.779442 -5.693803 -22.408501 0.424757 4.182844 11.591643 0.000000 0.000000 0.000000 31.491077 24.545202 -52.595286 -6.518419 -14.997211 46.795653 -0.914734 7.888677 19.835968 -0.118558 -2.219832 6.113586 -12.392305 -13.268298 13.661526 3.568803 -19.358525 1.692017 12.203949 -9.872753 -0.266894 -7.677294 5.124319 -10.969324 5.749538 6.954042 32.642351 4.367790 2.737569 11.996055 0.000000 0.000000 0.000000 -111.205655 -31.306770 83.405644 26.416169 -37.616710 -9.140499 -0.000001 0.000002 19.832411 18.535266 16.450485 5.419753 -7.125020 0.000002 0.000000 -8.844582 47.081853 -0.463439 0.000000 0.000000 0.000000 84.053028 -28.101108 -30.323733 -14.633814 23.633515 -3.077644 0.000002 -0.000000 -12.615665 -21.487185 17.069430 -6.592238 7.125020 -0.000002 0.000000 4.229037 -11.750642 3.287712
2.566035 16.534721 6.142019 7.402189 -7.639407 -14.200094 0.000000 0.000000 0.000000 -37.350507 12.985075 -5.650339 5.741251 14.283268 43.661099 1.727419 -6.593318 -21.918320 0.450011 4.303798 11.932959 0.000000 0.000000 0.000000 31.833329 24.193874 -52.336305 -6.423707 -14.906579 46.439833 -0.940374 6.828213 19.452867 -0.118795 -2.222040 6.119696 -12.353292 -13.465145 13.512810 3.850336 -19.601538 1.372040 12.471353 -9.977246 -0.378928 -7.959503 4.993231 -11.018987 5.946706 6.792747 32.261812 4.454094 2.679213 11.844411 0.000000 0.000000 0.000000 -113.211376 -31.981710 86.896521 26.398512 -37.599519 -9.129724 -0.000001 0.000002 20.362776 18.511681 16.005201 5.271267 -7.125020 0.000002 0.000000 -8.749040 46.621417 -0.357496 0.000000 0.000000 0.000000 84.169739 -28.276093 -30.887412 -14.672091 23.687326 -3.093005 0.000002 -0.000000 -13.546055 -21.470606 17.061405 -6.584949 7.125020 -0.000002 0.000000 4.240431 -11.761669 3.293901
2.559411 16.570252 6.201811 6.978555 -6.577246 -13.506083 0.000000 0.000000 0.000000 -36.842881 12.725716 -5.606486 5.696264 14.242363 43.466045 1.682821 -7.518904 -21.445568 0.483889 4.460632 12.376328 0.000000 0.000000 0.000000 32.301763 23.856206 -51.945602 -6.298086 -14.786041 45.960631 -0.956458 5.538751 18.878353 -0.119392 -2.227596 6.135072 -12.106477 -13.638106 13.236446 4.152622 -19.765481 1.146541 12.613732 -10.054294 -0.400964 -8.264489 4.825151 -11.063956 6.197095 6.569572 31.820974 4.554031 2.599711 11.672409 0.000000 0.000000 0.000000 -115.305927 -32.613633 90.458713 26.347022 -37.549330 -9.098327 -0.000001 0.000002 20.431421 18.500942 15.928514 5.244557 -7.125020 0.000002 0.000000 -8.738566 46.542067 -0.338693 0.000000 0.000000 0.000000 84.387302 -28.341364 -31.527901 -14.715494 23.748278 -3.110464 0.000002 -0.000000 -14.492289 -21.165089 17.043236 -6.477099 7.125020 -0.000002 0.000000 4.442301 -11.820047 3.445364
2.553176 16.608159 6.263399 6.519443 -5.526621 -12.851164 0.000000 0.000000 0.000000 -36.267132 12.501304 -5.550717 5.653968 14.204557 43.279865 1.636160 -8.448142 -20.963008 0.527774 4.655504 12.928549 0.000000 0.000000 0.000000 32.739490 23.510494 -51.442605 -6.161361 -14.652951 45.433425 -0.955403 4.160447 18.184246 -0.117741 -2.212197 6.092459 -11.779155 -13.787225 12.850778 4.427304 -19.875038 1.009173 12.645319 -10.116054 -0.320055 -8.577980 4.634889 -11.082815 6.485335 6.305560 31.319983 4.660709 2.507694 11.476113 0.000000 0.000000 0.000000 -117.430293 -33.179921 93.997265 26.287977 -37.491664 -9.062366 -0.000001 0.000002 20.122043 18.403194 16.118601 5.275076 -7.125020 0.000002 0.000000 -8.879142 46.724643 -0.384788 0.000000 0.000000 0.000000 84.683495 -28.318257 -32.133330 -14.756916 23.806384 -3.127164 0.000002 -0.000000 -15.415971 -20.750239 16.971725 -6.313996 7.125020 -0.000002 0.000000 4.713327 -11.948078 3.644338
2.548134 16.647469 6.327433 6.119719 -4.463314 -12.263815 0.000000 0.000000 0.000000 -35.733650 12.330022 -5.437993 5.598892 14.150673 43.047092 1.577020 -9.361358 -20.444986 0.579908 4.876275 13.556016 0.000000 0.000000 0.000000 33.024134 23.151132 -50.862258 -6.031248 -14.523870 44.927545 -0.935244 2.839629 17.455378 -0.110220 -2.140607 5.894400 -11.473003 -13.917524 12.400618 4.656301 -19.959247 0.927256 12.611191 -10.172721 -0.161370 -8.899486 4.436416 -11.053232 6.781268 6.027087 30.776490 4.765604 2.409952 11.258013 0.000000 0.000000 0.000000 -119.538125 -33.646198 97.392162 26.247436 -37.452001 -9.037702 -0.000001 0.000002 19.530409 18.113199 16.447248 5.287900 -7.125020 0.000002 0.000000 -9.237570 47.021628 -0.469683 0.000000 0.000000 0.000000 84.997006 -28.250995 -32.585145 -14.784992 23.845732 -3.138506 0.000002 -0.000000 -16.282898 -20.368005 16.848373 -6.144388 7.125020 -0.000002 0.000000 4.959882 -12.125816 3.818834
2.545225 16.686450 6.393293 5.819849 -3.380968 -11.735756 0.000000 0.000000 0.000000 -35.297657 12.199992 -5.265803 5.524587 14.070836 42.747330 1.496889 -10.242238 -19.872752 0.637470 5.108222 14.217486 0.000000 0.000000 0.000000 33.089322 22.797957 -50.251058 -5.918164 -14.409385 44.485331 -0.902894 1.683690 16.792275 -0.096283 -2.001107 5.508716 -11.237646 -14.037239 11.924140 4.846371 -20.040682 0.863186 12.557035 -10.230767 0.039011 -9.235839 4.239346 -10.968177 7.057508 5.755803 30.212599 4.862981 2.310871 11.024957 0.000000 0.000000 0.000000 -121.602502 -33.984111 100.526984 26.237396 -37.442172 -9.031597 -0.000001 0.000002 18.760817 17.562362 16.798251 5.222945 -7.125020 0.000002 0.000000 -9.848245 47.303272 -0.569165 0.000000 0.000000 0.000000 85.262479 -28.168098 -32.833437 -14.786885 23.848385 -3.139271 0.000002 -0.000000 -17.041102 -20.068563 16.703740 -5.995891 7.125020 -0.000002 0.000000 5.150681 -12.314751 3.947971
2.545208 16.723291 6.459647 5.625796 -2.284566 -11.234294 0.000000 0.000000 0.000000 -34.979184 12.079390 -5.062582 5.431433 13.963819 42.383174 1.392330 -11.076076 -19.236126 0.697235 5.337602 14.874014 0.000000 0.000000 0.000000 32.909299 22.489272 -49.655945 -5.826271 -14.314434 44.125037 -0.871168 0.745623 16.291501 -0.079445 -1.818172 5.003421 -11.086106 -14.155145 11.442224 5.014019 -20.134127 0.787291 12.515644 -10.294326 0.252633 -9.588848 4.050139 -10.843110 7.296535 5.506704 29.650850 4.950302 2.214099 10.788055 0.000000 0.000000 0.000000 -123.614333 -34.176592 103.301820 26.250606 -37.455107 -9.039629 -0.000001 0.000002 17.915103 16.748848 17.094249 5.054645 -7.125020 0.000002 0.000000 -10.690665 47.490440 -0.663987 0.000000 0.000000 0.000000 85.433599 -28.071919 -32.891531 -14.753094 23.801026 -3.125621 0.000002 -0.000001 -17.625870 -19.852323 16.578644 -5.882406 7.125020 -0.000002 0.000000 5.287644 -12.472258 4.037837
2.548244 16.756955 6.525680 5.542451 -1.178178 -10.727743 0.000000 0.000000 0.000000 -34.794959 11.941836 -4.851938 5.321169 13.832262 41.956234 1.267348 -11.849740 -18.538376 0.752475 5.540488 15.456792 0.000000 0.000000 0.000000 32.469320 22.259759 -49.108930 -5.758130 -14.242407 43.858625 -0.851449 0.066912 16.018130 -0.062340 -1.610984 4.431727 -11.029015 -14.276758 10.968398 5.170667 -20.248233 0.678449 12.510146 -10.365806 0.460078 -9.945866 3.872644 -10.705838 7.483808 5.288176 29.114962 5.023662 2.122522 10.561671 0.000000 0.000000 0.000000 -125.572920 -34.209719 105.638090 26.268844 -37.472955 -9.050722 -0.000001 0.000002 17.077766 15.727562 17.299872 4.790779 -7.125020 0.000002 0.000000 -11.700929 47.556466 -0.740662 0.000000 0.000000 0.000000 85.485446 -27.961320 -32.778186 -14.681696 23.700822 -3.096865 0.000002 -0.000001 -18.007807 -19.706184 16.505238 -5.810079 7.125020 -0.000002 0.000000 5.380955 -12.566649 4.100100
2.554003 16.787395 6.591877 5.601369 -0.050245 -10.204585 0.000000 0.000000 0.000000 -34.787021 11.780037 -4.622633 5.193358 13.678124 41.454381 1.132583 -12.550215 -17.800000 0.791184 5.677955 15.852814 0.000000 0.000000 0.000000 31.737415 22.111694 -48.622768 -5.717806 -14.198101 43.704077 -0.849467 -0.294234 15.996736 -0.044753 -1.365302 3.754535 -11.100417 -14.400485 10.515626 5.309563 -20.384365 0.524999 12.554367 -10.444923 0.651398 -10.282956 3.703446 -10.577146 7.608052 5.094316 28.622503 5.076436 2.034387 10.357715 0.000000 0.000000 0.000000 -127.470414 -34.072211 107.515207 26.280116 -37.483980 -9.057580 -0.000001 0.000002 16.288633 14.586449 17.415100 4.461493 -7.125020 0.000002 0.000000 -12.794704 47.515756 -0.793417 0.000000 0.000000 0.000000 85.420451 -27.847012 -32.494118 -14.577652 23.554465 -3.055165 0.000002 -0.000001 -18.216877 -19.613146 16.488451 -5.774542 7.125020 -0.000002 0.000000 5.441960 -12.595168 4.144215
2.562074 16.815095 6.660021 5.853218 1.125687 -9.683701 0.000000 0.000000 0.000000 -35.012533 11.607064 -4.319236 5.045951 13.501031 40.858679 1.001215 -13.161985 -17.057674 0.802178 5.716338 15.963562 0.000000 0.000000 0.000000 30.676486 22.003500 -48.181084 -5.710075 -14.186819 43.681951 -0.864332 -0.279765 16.214794 -0.025953 -1.039985 2.858835 -11.346124 -14.513271 10.090696 5.398730 -20.528319 0.339313 12.637212 -10.525338 0.835529 -10.569551 3.525799 -10.465928 7.673168 4.893950 28.176714 5.102602 1.939232 10.182290 0.000000 0.000000 0.000000 -129.274356 -33.772967 109.044308 26.297362 -37.500839 -9.068077 -0.000001 0.000002 15.498931 13.436150 17.480643 4.113947 -7.125020 0.000002 0.000000 -13.881330 47.425620 -0.831269 0.000000 0.000000 0.000000 85.288735 -27.738619 -32.054467 -14.448329 23.371996 -3.003673 0.000002 -0.000002 -18.307169 -19.565036 16.503675 -5.764385 7.125020 -0.000002 0.000000 5.474719 -12.584803 4.170668
2.571926 16.840386 6.732117 6.309350 2.365717 -9.203205 0.000000 0.000000 0.000000 -35.476081 11.446496 -3.872023 4.878556 13.299720 40.162066 0.882854 -13.672100 -16.353088 0.785897 5.659396 15.799292 0.000000 0.000000 0.000000 29.309283 21.884625 -47.730844 -5.737179 -14.210900 43.801725 -0.888597 0.124755 16.621658 -0.008539 -0.596671 1.639623 -11.769227 -14.593211 9.687351 5.399683 -20.647102 0.164067 12.715283 -10.593203 1.038317 -10.774391 3.314166 -10.382886 7.704934 4.638396 27.773868 5.101712 1.821268 10.040109 0.000000 0.000000 0.000000 -130.926899 -33.351769 110.470193 26.360992 -37.562957 -9.106841 -0.000001 0.000002 14.574193 12.402898 17.588637 3.808943 -7.125020 0.000002 0.000000 -14.875593 47.393887 -0.886522 0.000000 0.000000 0.000000 85.178279 -27.628805 -31.515165 -14.299003 23.160545 -2.944689 0.000002 -0.000002 -18.308087 -19.562481 16.514695 -5.767248 7.125020 -0.000002 0.000000 5.476903 -12.573513 4.173710
2.582731 16.863074 6.808971 6.897824 3.654436 -8.791524 0.000000 0.000000 0.000000 -36.083332 11.312146 -3.250741 4.695945 13.076328 39.385116 0.779412 -14.083406 -15.715183 0.757408 5.558209 15.507791 0.000000 0.000000 0.000000 27.756810 21.743012 -47.202509 -5.795867 -14.266634 44.049481 -0.912062 0.829960 17.136683 -0.000114 -0.068721 0.188810 -12.295890 -14.624341 9.290440 5.302347 -20.706708 0.046933 12.737576 -10.634220 1.280137 -10.885418 3.052078 -10.344738 7.742365 4.293736 27.416086 5.083022 1.670660 9.936775 0.000000 0.000000 0.000000 -132.371261 -32.862973 112.029899 26.514648 -37.712395 -9.200673 -0.000001 0.000002 13.391038 11.597916 17.854321 3.603593 -7.125020 0.000002 0.000000 -15.717008 47.546177 -1.006457 0.000000 0.000000 0.000000 85.152216 -27.497845 -30.951195 -14.130506 22.920973 -2.878741 0.000002 -0.000002 -18.207863 -19.595623 16.493592 -5.770360 7.125020 -0.000002 0.000000 5.453606 -12.591701 4.154075
2.593777 16.882771 6.890169 7.506054 4.954039 -8.453819 0.000000 0.000000 0.000000 -36.696727 11.199739 -2.484486 4.509206 12.840741 38.578207 0.687004 -14.420440 -15.157023 0.735852 5.480289 15.283668 0.000000 0.000000 0.000000 26.181072 21.602176 -46.539873 -5.876153 -14.343308 44.383467 -0.929455 1.624364 17.682936 -0.003921 0.404305 -1.110907 -12.818663 -14.608690 8.885550 5.131586 -20.695335 0.009504 12.676470 -10.643439 1.561757 -10.925360 2.745039 -10.355584 7.820693 3.864370 27.105781 5.063524 1.490919 9.871192 0.000000 0.000000 0.000000 -133.580510 -32.352068 113.806199 26.777000 -37.965700 -9.361612 -0.000001 0.000002 11.938534 11.067986 18.338654 3.522536 -7.125020 0.000002 0.000000 -16.388641 47.945315 -1.221245 0.000000 0.000000 0.000000 85.201329 -27.326676 -30.422900 -13.939851 22.648657 -2.804906 0.000002 -0.000002 -17.969868 -19.630752 16.429030 -5.759073 7.125020 -0.000002 0.000000 5.426704 -12.655137 4.126934
2.604622 16.899541 6.974755 8.041688 6.222863 -8.177173 0.000000 0.000000 0.000000 -37.208852 11.096460 -1.643780 4.333928 12.611136 37.812481 0.601737 -14.718451 -14.690308 0.730752 5.461676 15.230174 0.000000 0.000000 0.000000 24.713016 21.496054 -45.712159 -5.961972 -14.424477 44.737880 -0.944446 2.228407 18.219826 -0.010444 0.659869 -1.813360 -13.252231 -14.561484 8.459994 4.926658 -20.623420 0.043679 12.531456 -10.625238 1.871175 -10.939371 2.413994 -10.387276 7.958776 3.382169 26.825639 5.058959 1.294355 9.826543 0.000000 0.000000 0.000000 -134.561183 -31.848407 115.729642 27.137136 -38.309653 -9.584016 -0.000001 0.000002 10.323038 10.772824 18.995127 3.544172 -7.125020 0.000002 0.000000 -16.916719 48.539163 -1.517221 0.000000 0.000000 0.000000 85.267448 -27.098271 -29.977125 -13.721812 22.335619 -2.721492 0.000002 -0.000001 -17.558459 -19.619947 16.328099 -5.720708 7.125020 -0.000002 0.000000 5.428587 -12.761867 4.117298
2.614341 16.913962 7.060808 8.422694 7.414345 -7.933725 0.000000 0.000000 0.000000 -37.532137 10.985391 -0.831133 4.187652 12.411655 37.169928 0.524156 -15.005159 -14.335257 0.737629 5.486759 15.302267 0.000000 0.000000 0.000000 23.458324 21.479347 -44.716910 -6.034076 -14.491371 45.035508 -0.968028 2.342745 18.746570 -0.008827 0.606659 -1.667080 -13.525286 -14.497294 7.997287 4.732984 -20.503469 0.126168 12.315265 -10.583905 2.190138 -10.968634 2.079499 -10.383848 8.154769 2.880442 26.533904 5.075304 1.092435 9.772875 0.000000 0.000000 0.000000 -135.337872 -31.371309 117.677384 27.569132 -38.716537 -9.853020 -0.000001 0.000002 8.707067 10.610241 19.695319 3.613381 -7.125020 0.000002 0.000000 -17.350710 49.189651 -1.842390 0.000000 0.000000 0.000000 85.293774 -26.790893 -29.674706 -13.468067 21.969175 -2.625812 0.000002 -0.000001 -16.932312 -19.521741 16.217110 -5.651639 7.125020 -0.000002 0.000000 5.488433 -12.888901 4.149672
2.621384 16.926369 7.144730 8.555452 8.465116 -7.682589 0.000000 0.000000 0.000000 -37.575165 10.845289 -0.179355 4.086559 12.267306 36.729078 0.459397 -15.288585 -14.115304 0.744156 5.510452 15.370391 0.000000 0.000000 0.000000 22.522348 21.639709 -43.585575 -6.076134 -14.528768 45.212035 -1.015798 1.691506 19.292522 -0.001202 0.223860 -0.615065 -13.557916 -14.418150 7.484467 4.604167 -20.333209 0.223752 12.049842 -10.514630 2.483425 -11.033150 1.752379 -10.288967 8.384553 2.380097 26.190517 5.105895 0.890340 9.683360 0.000000 0.000000 0.000000 -135.938090 -30.933643 119.546358 28.048016 -39.160398 -10.153994 -0.000002 0.000002 7.249776 10.463822 20.291961 3.666194 -7.125020 0.000002 0.000000 -17.738067 49.739572 -2.130849 0.000000 0.000000 0.000000 85.240479 -26.392541 -29.578484 -13.169759 21.535443 -2.515260 0.000002 -0.000001 -16.026895 -19.306228 16.130086 -5.554978 7.125020 -0.000002 0.000000 5.628205 -13.003673 4.243662
2.625204 16.936037 7.221845 8.385887 9.308176 -7.378730 0.000000 0.000000 0.000000 -37.299097 10.660598 0.181603 4.039640 12.193806 36.536867 0.412247 -15.557606 -14.040088 0.741180 5.499662 15.339363 0.000000 0.000000 0.000000 21.963949 22.049610 -42.384479 -6.082614 -14.531915 45.246323 -1.102240 0.175639 19.911283 -0.004736 -0.444363 1.220992 -13.298044 -14.310177 6.938862 4.586589 -20.098123 0.284593 11.776325 -10.403456 2.681436 -11.131247 1.434683 -10.070269 8.603944 1.891472 25.791431 5.134503 0.687480 9.550538 0.000000 0.000000 0.000000 -136.383227 -30.537958 121.273490 28.561591 -39.628118 -10.479940 -0.000002 0.000002 6.063007 10.253274 20.669441 3.655588 -7.125020 0.000002 0.000000 -18.098444 50.067887 -2.324966 0.000000 0.000000 0.000000 85.067617 -25.947279 -29.636608 -12.834795 21.044674 -2.393636 0.000002 -0.000001 -14.859874 -18.966028 16.071269 -5.430952 7.125020 -0.000002 0.000000 5.853488 -13.102154 4.402902
2.628239 16.941343 7.288695 7.986306 9.937444 -6.991503 0.000000 0.000000 0.000000 -36.806799 10.425531 0.203827 4.043589 12.188370 36.581869 0.381268 -15.797539 -14.087853 0.731241 5.463465 15.235316 0.000000 0.000000 0.000000 21.704070 22.666995 -41.195571 -6.062964 -14.510029 45.176208 -1.232994 -1.975238 20.660402 -0.039507 -1.282897 3.527546 -12.795314 -14.159933 6.424165 4.684554 -19.798291 0.245438 11.551524 -10.242914 2.698712 -11.247819 1.124924 -9.730445 8.762415 1.420161 25.376798 5.142813 0.481235 9.389629 0.000000 0.000000 0.000000 -136.681690 -30.182829 122.839205 29.117791 -40.125107 -10.836545 -0.000002 0.000002 5.185773 9.969828 20.773595 3.570973 -7.125020 0.000002 0.000000 -18.409291 50.123417 -2.391277 0.000000 0.000000 0.000000 84.732702 -25.563912 -29.605309 -12.500724 20.551313 -2.275015 0.000002 -0.000001 -13.661567 -18.540609 15.990306 -5.276103 7.125020 -0.000002 0.000000 6.136105 -13.232060 4.599301
2.635173 16.941244 7.345931 7.545751 10.471862 -6.529673 0.000000 0.000000 0.000000 -36.317167 10.126186 -0.008969 4.083594 12.231092 36.795056 0.359140 -16.013272 -14.206614 0.726888 5.447532 15.189536 0.000000 0.000000 0.000000 21.525873 23.296557 -40.075185 -6.037263 -14.482340 45.081558 -1.399822 -4.321832 21.541959 -0.115719 -2.193180 6.039838 -12.206079 -13.982786 6.014815 4.843486 -19.475902 0.075029 11.410053 -10.052125 2.504668 -11.352878 0.818378 -9.318393 8.821107 0.965176 25.007087 5.115417 0.269311 9.231530 0.000000 0.000000 0.000000 -136.825014 -29.885252 124.274802 29.742896 -40.671996 -11.241684 -0.000002 0.000002 4.589729 9.665334 20.610682 3.434777 -7.125020 0.000002 0.000000 -18.621581 49.921580 -2.325035 0.000000 0.000000 0.000000 84.224788 -25.324764 -29.239707 -12.212016 20.121840 -2.174678 0.000002 -0.000001 -12.723554 -18.096572 15.822098 -5.090771 7.125020 -0.000002 0.000000 6.429120 -13.453341 4.789118
2.648835 16.936631 7.398682 7.215977 11.105675 -6.043701 0.000000 0.000000 0.000000 -35.983099 9.733196 -0.247728 4.139989 12.295900 37.081383 0.338836 -16.235686 -14.338788 0.738604 5.490305 15.312460 0.000000 0.000000 0.000000 21.240931 23.713250 -39.021828 -6.024707 -14.467409 45.039024 -1.575672 -6.492036 22.440460 -0.247588 -3.201820 8.841140 -11.672097 -13.823166 5.717776 4.986328 -19.197024 -0.182995 11.319830 -9.871756 2.181136 -11.391547 0.501378 -8.928896 8.760849 0.510348 24.723830 5.038106 0.048361 9.109904 0.000000 0.000000 0.000000 -136.792521 -29.691020 125.657285 30.467341 -41.290617 -11.716795 -0.000002 0.000002 4.214108 9.406006 20.221206 3.279797 -7.125020 0.000002 0.000000 -18.693152 49.511527 -2.142611 0.000000 0.000000 0.000000 83.602188 -25.185533 -28.559043 -11.987730 19.786234 -2.098137 0.000002 -0.000001 -12.123056 -17.684499 15.538397 -4.882371 7.125020 -0.000002 0.000000 6.697992 -13.789432 4.942666
2.667818 16.929722 7.453136 6.995149 11.971328 -5.588249 0.000000 0.000000 0.000000 -35.772297 9.230248 -0.343121 4.196646 12.362210 37.362733 0.317816 -16.498146 -14.450600 0.763594 5.580353 15.571540 0.000000 0.000000 0.000000 20.836285 23.820659 -37.987437 -6.032447 -14.472252 45.077262 -1.714586 -8.218930 23.149891 -0.472294 -4.407616 12.226348 -11.209207 -13.719268 5.439875 5.064173 -18.999969 -0.425568 11.185926 -9.735012 1.889559 -11.296006 0.152239 -8.665981 8.582865 0.025671 24.523585 4.898244 -0.186799 9.045424 0.000000 0.000000 0.000000 -136.565266 -29.653553 127.065451 31.304794 -41.985860 -12.273235 -0.000002 0.000002 4.006872 9.238295 19.658219 3.131845 -7.125020 0.000002 0.000000 -18.608912 48.950177 -1.872056 0.000000 0.000000 0.000000 82.983822 -24.999964 -27.815624 -11.822136 19.537359 -2.042419 0.000002 -0.000001 -11.723518 -17.337388 15.141889 -4.662262 7.125020 -0.000002 0.000000 6.921362 -14.233937 5.044214
2.688950 16.922174 7.512958 6.795059 13.075421 -5.188236 0.000000 0.000000 0.000000 -35.564860 8.638525 -0.251487 4.246656 12.421414 37.606670 0.297303 -16.809558 -14.540933 0.786647 5.662031 15.806889 0.000000 0.000000 0.000000 20.415222 23.657660 -36.920012 -6.051733 -14.488405 45.161123 -1.762950 -9.139453 23.480442 -0.821375 -5.782690 16.155188 -10.750617 -13.679814 5.066114 5.068558 -18.880013 -0.565477 10.921573 -9.650704 1.760708 -11.034229 -0.242647 -8.586253 8.311937 -0.510975 24.374696 4.696147 -0.438795 9.038939 0.000000 0.000000 0.000000 -136.142819 -29.799541 128.506094 32.237658 -42.735826 -12.901818 -0.000002 0.000002 3.944604 9.170159 18.964981 3.000035 -7.125020 0.000002 0.000000 -18.385537 48.278909 -1.539863 0.000000 0.000000 0.000000 82.469525 -24.644869 -27.239157 -11.704089 19.359379 -2.003114 0.000002 -0.000001 -11.367807 -17.078188 14.647547 -4.441712 7.125020 -0.000002 0.000000 7.085115 -14.769191 5.085253
2.710228 16.914082 7.578341 6.561007 14.331772 -4.842967 0.000000 0.000000 0.000000 -35.294322 8.014586 -0.027926 4.291849 12.475196 37.824257 0.278106 -17.149175 -14.621428 0.793391 5.685682 15.875102 0.000000 0.000000 0.000000 20.061980 23.319473 -35.791140 -6.062054 -14.496105 45.208503 -1.677512 -8.783216 23.318259 -1.253047 -7.096744 20.002300 -10.257069 -13.687789 4.568781 5.019033 -18.811932 -0.592280 10.523584 -9.606807 1.807901 -10.663470 -0.671524 -8.661457 8.013804 -1.091782 24.251222 4.464058 -0.702077 9.074473 0.000000 0.000000 0.000000 -135.549913 -30.113197 129.880433 33.218903 -43.497611 -13.572510 -0.000002 0.000002 4.022236 9.156351 18.148664 2.869723 -7.125020 0.000002 0.000000 -18.072878 47.497308 -1.155753 0.000000 0.000000 0.000000 82.057799 -24.108952 -26.873368 -11.625778 19.241052 -1.977231 0.000002 -0.000001 -10.980784 -16.899415 14.097919 -4.230766 7.125020 -0.000002 0.000000 7.196136 -15.352300 5.076900
2.731127 16.904740 7.646887 6.297470 15.618487 -4.544083 0.000000 0.000000 0.000000 -34.968593 7.428984 0.237450 4.337347 12.528212 38.044062 0.256886 -17.478638 -14.689392 0.783805 5.652032 15.778060 0.000000 0.000000 0.000000 19.802265 22.908956 -34.603277 -6.039315 -14.472225 45.123069 -1.448503 -6.891064 22.609856 -1.642463 -8.077870 22.950848 -9.746599 -13.712352 4.026011 4.948952 -18.765813 -0.564689 10.071512 -9.580055 1.934601 -10.325020 -1.100112 -8.783500 7.800235 -1.682621 24.136451 4.267729 -0.963799 9.122592 0.000000 0.000000 0.000000 -134.826373 -30.541567 131.035769 34.186589 -44.222490 -14.243041 -0.000002 0.000002 4.226371 9.118660 17.195972 2.713945 -7.125020 0.000002 0.000000 -17.742866 46.581417 -0.718644 0.000000 0.000000 0.000000 81.656794 -23.480648 -26.613530 -11.582176 19.175082 -1.962886 0.000002 -0.000001 -10.553724 -16.751319 13.571948 -4.038452 7.125020 -0.000002 0.000000 7.289877 -15.906752 5.056695
2.751678 16.894276 7.715334 6.024103 16.841417 -4.283609 0.000000 0.000000 0.000000 -34.614588 6.927263 0.471338 4.386874 12.583465 38.287165 0.228288 -17.762442 -14.722993 0.771391 5.608121 15.651513 0.000000 0.000000 0.000000 19.637062 22.505162 -33.394195 -5.963702 -14.397205 44.824492 -1.119466 -3.710324 21.360431 -1.861348 -8.571096 24.462608 -9.249873 -13.725291 3.552477 4.892540 -18.716440 -0.562614 9.663746 -9.548303 2.007452 -10.159908 -1.492191 -8.810687 7.774943 -2.245402 24.008435 4.170815 -1.211044 9.146521 0.000000 0.000000 0.000000 -134.012434 -31.004567 131.848835 35.079213 -44.868607 -14.869212 -0.000002 0.000002 4.516641 8.997348 16.130011 2.519886 -7.125020 0.000002 0.000000 -17.463960 45.545523 -0.241151 0.000000 0.000000 0.000000 81.163334 -22.881015 -26.333003 -11.571028 19.158206 -1.959226 0.000002 -0.000001 -10.110344 -16.569319 13.151600 -3.871282 7.125020 -0.000002 0.000000 7.410767 -16.353979 5.069398
2.771548 16.884210 7.781360 5.738952 17.969439 -4.060104 0.000000 0.000000 0.000000 -34.234180 6.511524 0.645158 4.441549 12.642362 38.558041 0.190972 -17.985585 -14.703840 0.769454 5.601238 15.631686 0.000000 0.000000 0.000000 19.578003 22.146320 -32.224574 -5.825830 -14.260059 44.271353 -0.777383 0.020858 19.660762 -1.863485 -8.575740 24.476943 -8.777133 -13.711688 3.222053 4.874305 -18.648941 -0.637396 9.360862 -9.499366 1.939149 -10.225555 -1.827376 -8.632362 7.971941 -2.757892 23.835976 4.196751 -1.437227 9.113980 0.000000 0.000000 0.000000 -133.141702 -31.421833 132.283712 35.846526 -45.407221 -15.413100 -0.000002 0.000002 4.827115 8.773299 15.035780 2.298600 -7.125020 0.000002 0.000000 -17.285794 44.469744 0.241690 0.000000 0.000000 0.000000 80.526178 -22.390442 -25.980680 -11.590852 19.188216 -1.965737 0.000002 -0.000001 -9.685902 -16.316878 12.881205 -3.732275 7.125020 -0.000002 0.000000 7.582906 -16.651671 5.139947
2.789822 16.876286 7.844448 5.418667 19.013181 -3.886126 0.000000 0.000000 0.000000 -33.803688 6.163432 0.774570 4.500603 12.705415 38.848870 0.150147 -18.155907 -14.643233 0.780289 5.639633 15.742317 0.000000 0.000000 0.000000 19.656630 21.833146 -31.147581 -5.631092 -14.062546 43.478490 -0.503040 3.392143 17.676012 -1.707433 -8.228071 23.408976 -8.323303 -13.666370 3.037124 4.901824 -18.553872 -0.782964 9.168460 -9.430037 1.733908 -10.475499 -2.110991 -8.237894 8.338815 -3.224451 23.602784 4.318209 -1.645708 9.018331 0.000000 0.000000 0.000000 -132.239286 -31.756347 132.405685 36.455731 -45.824065 -15.848482 -0.000002 0.000002 5.081175 8.449770 14.026015 2.071622 -7.125020 0.000002 0.000000 -17.239797 43.464505 0.688361 0.000000 0.000000 0.000000 79.759775 -22.006840 -25.590662 -11.638993 19.261037 -1.981589 0.000002 -0.000001 -9.319800 -16.007788 12.756206 -3.622511 7.125020 -0.000002 0.000000 7.795559 -16.803872 5.261490
2.805682 16.870993 7.905124 5.037129 19.976982 -3.781688 0.000000 0.000000 0.000000 -33.299210 5.870969 0.889567 4.562808 12.772247 39.150702 0.113921 -18.288513 -14.584505 0.796262 5.695716 15.904052 0.000000 0.000000 0.000000 19.911348 21.539207 -30.194467 -5.399798 -13.821010 42.520750 -0.323439 5.762661 15.592500 -1.487616 -7.705501 21.823100 -7.876907 -13.583741 2.950661 4.967258 -18.417559 -0.949905 9.052544 -9.338518 1.461314 -10.793085 -2.374429 -7.737080 8.756492 -3.673509 23.336471 4.470416 -1.849483 8.891706 0.000000 0.000000 0.000000 -131.318454 -32.030118 132.340072 36.891838 -46.116720 -16.162036 -0.000002 0.000002 5.211097 8.037101 13.198156 1.857618 -7.125020 0.000002 0.000000 -17.340227 42.626282 1.066013 0.000000 0.000000 0.000000 78.920351 -21.668399 -25.210522 -11.717791 19.380064 -2.007660 0.000002 -0.000001 -9.070923 -15.701885 12.728263 -3.541521 7.125020 -0.000002 0.000000 8.006566 -16.856091 5.398301
2.818925 16.867034 7.963303 4.583222 20.828112 -3.754139 0.000000 0.000000 0.000000 -32.721090 5.632465 0.995682 4.628024 12.842407 39.463146 0.088249 -18.386048 -14.578217 0.808152 5.737074 16.023424 0.000000 0.000000 0.000000 20.365417 21.226319 -29.385999 -5.161057 -13.563068 41.513492 -0.215714 6.992619 13.577235 -1.267023 -7.134728 20.115130 -7.424228 -13.450475 2.910202 5.056520 -18.216471 -1.087846 8.970186 -9.217436 1.190028 -11.067823 -2.655217 -7.274496 9.112058 -4.137876 23.084671 4.591798 -2.062824 8.779640 0.000000 0.000000 0.000000 -130.377268 -32.295928 132.203600 37.155019 -46.291045 -16.352002 -0.000002 0.000002 5.172848 7.558383 12.632899 1.671952 -7.125020 0.000002 0.000000 -17.583521 42.035736 1.345562 0.000000 0.000000 0.000000 78.070493 -21.295454 -24.905214 -11.829573 19.548558 -2.044908 0.000002 -0.000001 -8.956925 -15.472067 12.734835 -3.488195 7.125020 -0.000002 0.000000 8.165000 -16.867249 5.506129
2.829857 16.862050 8.017703 4.072315 21.508393 -3.789036 0.000000 0.000000 0.000000 -32.103191 5.448259 1.068255 4.697758 12.916658 39.794976 0.075133 -18.434949 -14.654201 0.811764 5.749574 16.059522 0.000000 0.000000 0.000000 21.007890 20.855457 -28.740738 -4.942759 -13.319043 40.574813 -0.147205 7.294521 11.762694 -1.097752 -6.657805 18.705466 -6.961945 -13.249008 2.903811 5.159570 -17.925004 -1.186246 8.903624 -9.054369 0.928111 -11.258445 -2.970001 -6.922443 9.362954 -4.630888 22.879855 4.659502 -2.291221 8.707636 0.000000 0.000000 0.000000 -129.400832 -32.587520 132.042069 37.255098 -46.356887 -16.424384 -0.000002 0.000002 4.955081 7.054670 12.406862 1.529240 -7.125020 0.000002 0.000000 -17.951376 41.769716 1.492774 0.000000 0.000000 0.000000 77.241168 -20.820004 -24.860938 -11.953630 19.735062 -2.086608 0.000002 -0.000001 -8.820917 -15.350984 12.760083 -3.464913 7.125020 -0.000002 0.000000 8.247737 -16.851327 5.567759
2.839099 16.854006 8.066616 3.542607 21.966267 -3.860782 0.000000 0.000000 0.000000 -31.501658 5.316048 1.078859 4.773893 12.996473 40.155584 0.073851 -18.415397 -14.813374 0.808600 5.738625 16.027903 0.000000 0.000000 0.000000 21.791261 20.393156 -28.268259 -4.763040 -13.111874 39.788699 -0.097737 6.987815 10.227457 -1.034300 -6.468618 18.150328 -6.501708 -12.967062 2.986216 5.275384 -17.528427 -1.292211 8.876276 -8.836757 0.595681 -11.389242 -3.307251 -6.653849 9.520931 -5.139216 22.746791 4.684235 -2.530150 8.677989 0.000000 0.000000 0.000000 -128.367970 -32.877717 131.801010 37.200823 -46.321209 -16.385119 -0.000002 0.000002 4.589328 6.567447 12.563912 1.436928 -7.125020 0.000002 0.000000 -18.420208 41.871923 1.480484 0.000000 0.000000 0.000000 76.408248 -20.235683 -25.329303 -12.050692 19.880620 -2.119499 0.000002 -0.000001 -8.390811 -15.312266 12.851533 -3.477443 7.125020 -0.000002 0.000000 8.272514 -16.761884 5.604647
2.847384 16.842108 8.108859 3.040036 22.182179 -3.946293 0.000000 0.000000 0.000000 -30.974502 5.227775 1.020786 4.856490 13.082038 40.543811 0.083571 -18.312231 -15.039034 0.802017 5.715773 15.961934 0.000000 0.000000 0.000000 22.611244 19.776226 -27.901093 -4.638312 -12.945020 39.289370 -0.025415 6.461579 8.818029 -1.101157 -6.667784 18.734810 -6.064061 -12.603305 3.233399 5.404394 -17.026871 -1.470997 8.925507 -8.557438 0.087770 -11.506970 -3.642813 -6.388584 9.614101 -5.638316 22.697697 4.687642 -2.771255 8.677880 0.000000 0.000000 0.000000 -127.262178 -33.100770 131.383121 36.996054 -46.185954 -16.237192 -0.000002 0.000002 4.145149 6.115224 13.083826 1.388838 -7.125020 0.000002 0.000000 -18.973705 42.321339 1.304723 0.000000 0.000000 0.000000 75.523179 -19.622263 -26.358304 -12.111884 19.972222 -2.140354 0.000002 -0.000001 -7.589561 -15.318464 13.046042 -3.526757 7.125020 -0.000002 0.000000 8.265302 -16.564023 5.640930
2.855152 16.826647 8.144293 2.609688 22.185691 -4.030103 0.000000 0.000000 0.000000 -30.571025 5.164172 0.920944 4.942490 13.171304 40.941577 0.106264 -18.124047 -15.315736 0.791776 5.680025 15.858787 0.000000 0.000000 0.000000 23.449905 19.084907 -27.687660 -4.549089 -12.833869 38.900723 0.014874 5.916755 7.728258 -1.286589 -7.187507 20.272076 -5.690096 -12.169811 3.657819 5.541058 -16.436867 -1.734287 9.068596 -8.222519 -0.603157 -11.646163 -3.960546 -6.069796 9.673495 -6.112158 22.701422 4.688122 -3.007849 8.684907 0.000000 0.000000 0.000000 -126.090328 -33.234785 130.750690 36.648585 -45.954067 -15.986948 -0.000002 0.000002 3.697828 5.692635 13.909381 1.370013 -7.125020 0.000002 0.000000 -19.610341 43.058936 0.975958 0.000000 0.000000 0.000000 74.571001 -19.103046 -27.542162 -12.208308 20.116305 -2.173403 0.000002 -0.000001 -6.820854 -15.386874 13.272080 -3.599129 7.125020 -0.000002 0.000000 8.215100 -16.329045 5.654604
2.862269 16.808241 8.173726 2.293663 22.052079 -4.102860 0.000000 0.000000 0.000000 -30.330073 5.096752 0.832323 5.026245 13.260649 41.317136 0.147099 -17.866579 -15.640017 0.771958 5.610135 15.657317 0.000000 0.000000 0.000000 24.197748 18.341309 -27.591536 -4.489798 -12.764339 38.626319 0.041019 5.547433 6.861765 -1.555415 -7.871151 22.323406 -5.451540 -11.690964 4.194563 5.680251 -15.793080 -2.027332 9.308488 -7.854275 -1.361457 -11.822144 -4.258600 -5.705850 9.724130 -6.556047 22.690739 4.695771 -3.235577 8.677605 0.000000 0.000000 0.000000 -124.888584 -33.332920 129.935519 36.173218 -45.631928 -15.646190 -0.000002 0.000002 3.299893 5.277788 14.983612 1.362726 -7.125020 0.000002 0.000000 -20.345690 44.024303 0.504494 0.000000 0.000000 0.000000 73.579436 -18.772602 -28.126915 -12.472363 20.509250 -2.265068 0.000002 -0.000002 -6.849883 -15.594432 13.353491 -3.668131 7.125020 -0.000002 0.000000 8.069647 -16.230260 5.576015
2.868131 16.787327 8.198343 2.120737 21.870615 -4.158774 0.000000 0.000000 0.000000 -30.270717 4.999010 0.804968 5.101782 13.346015 41.638996 0.209456 -17.567881 -16.009433 0.737156 5.485038 15.297318 0.000000 0.000000 0.000000 24.764959 17.599320 -27.566177 -4.455751 -12.725480 38.464250 0.065404 5.439670 6.132915 -1.851770 -8.550246 24.398261 -5.415976 -11.195407 4.755219 5.820396 -15.138792 -2.278920 9.642605 -7.481774 -2.040435 -12.034857 -4.542055 -5.348601 9.778572 -6.969677 22.607152 4.712731 -3.451066 8.645679 0.000000 0.000000 0.000000 -123.695229 -33.469073 128.965859 35.583359 -45.224213 -15.225988 -0.000002 0.000002 2.980301 4.834543 16.243491 1.345974 -7.125020 0.000002 0.000000 -21.205579 45.150162 -0.095355 0.000000 0.000000 0.000000 72.580114 -18.603086 -27.653250 -12.983288 21.262722 -2.447223 0.000002 -0.000002 -8.133472 -15.998942 13.173812 -3.716552 7.125020 -0.000002 0.000000 7.789139 -16.382177 5.356504
2.871937 16.764242 8.219278 2.089899 21.709354 -4.196651 0.000000 0.000000 0.000000 -30.375848 4.856626 0.859116 5.165296 13.423642 41.891455 0.288760 -17.261575 -16.403426 0.690786 5.313362 14.804523 0.000000 0.000000 0.000000 25.108405 16.941957 -27.571278 -4.445048 -12.711920 38.416754 0.094686 5.585326 5.483848 -2.111763 -9.095095 26.093249 -5.590335 -10.706820 5.262783 5.951620 -14.508819 -2.437987 10.038367 -7.128757 -2.540238 -12.264823 -4.816278 -5.051725 9.844180 -7.356549 22.427071 4.736297 -3.652008 8.590837 0.000000 0.000000 0.000000 -122.511795 -33.686840 127.834371 34.887701 -44.731772 -14.734265 -0.000002 0.000002 2.753920 4.335650 17.613713 1.301115 -7.125020 0.000002 0.000000 -22.200130 46.359736 -0.801250 0.000000 0.000000 0.000000 71.600324 -18.422734 -26.428616 -13.686344 22.284537 -2.708028 0.000002 -0.000002 -10.351187 -16.570389 12.810200 -3.754275 7.125020 -0.000002 0.000000 7.394207 -16.709416 5.026042
2.873032 16.739629 8.237599 2.167855 21.604687 -4.223175 0.000000 0.000000 0.000000 -30.591535 4.671135 0.987273 5.215679 13.490231 42.076921 0.373227 -16.981648 -16.785333 0.643663 5.132503 14.286869 0.000000 0.000000 0.000000 25.243019 16.452166 -27.579242 -4.457732 -12.723470 38.485433 0.127193 5.894458 4.889675 -2.292452 -9.450372 27.214563 -5.902121 -10.242101 5.656029 6.045463 -13.922067 -2.476250 10.413350 -6.809909 -2.820196 -12.470817 -5.085076 -4.849616 9.933153 -7.726083 22.158784 4.762094 -3.837596 8.522038 0.000000 0.000000 0.000000 -121.288190 -33.994019 126.520223 34.095265 -44.155179 -14.179385 -0.000002 0.000002 2.626874 3.801016 19.030254 1.226445 -7.125020 0.000002 0.000000 -23.295930 47.594140 -1.592661 0.000000 0.000000 0.000000 70.698997 -18.047684 -25.134729 -14.462832 23.392490 -3.009428 0.000002 -0.000002 -12.812614 -17.222474 12.442160 -3.806553 7.125020 -0.000002 0.000000 6.943947 -17.035674 4.659144
2.871281 16.714693 8.254346 2.308279 21.574381 -4.252810 0.000000 0.000000 0.000000 -30.852058 4.456851 1.176953 5.253302 13.543220 42.205982 0.450787 -16.756607 -17.123465 0.605535 4.980970 13.854297 0.000000 0.000000 0.000000 25.221555 16.164511 -27.577433 -4.493765 -12.762088 38.663752 0.155314 6.238729 4.354435 -2.388717 -9.632700 27.795298 -6.240617 -9.815171 5.899085 6.065252 -13.387761 -2.384610 10.665913 -6.533520 -2.884980 -12.607609 -5.349715 -4.757328 10.059672 -8.088617 21.831080 4.786364 -4.007762 8.451600 0.000000 0.000000 0.000000 -119.951446 -34.374927 125.002668 33.216563 -43.495829 -13.570900 -0.000002 0.000002 2.603889 3.299092 20.450493 1.141403 -7.125020 0.000002 0.000000 -24.418620 48.822485 -2.452967 0.000000 0.000000 0.000000 69.954949 -17.402488 -24.217341 -15.235499 24.473154 -3.322890 0.000002 -0.000001 -15.058206 -17.887453 12.187703 -3.890668 7.125020 -0.000002 0.000000 6.484262 -17.244480 4.308418
2.867180 16.690994 8.270345 2.472451 21.632815 -4.303768 0.000000 0.000000 0.000000 -31.106210 4.232020 1.425295 5.279275 13.581652 42.289834 0.514077 -16.602852 -17.402795 0.580868 4.880239 13.567303 0.000000 0.000000 0.000000 25.104492 16.038605 -27.568257 -4.551421 -12.828438 38.933903 0.170918 6.507406 3.904557 -2.428839 -9.707354 28.034157 -6.518361 -9.439515 6.000278 5.991555 -12.915203 -2.176325 10.736191 -6.304098 -2.775191 -12.659189 -5.607961 -4.772645 10.229884 -8.447099 21.482187 4.808783 -4.162602 8.392008 0.000000 0.000000 0.000000 -118.454889 -34.799272 123.250289 32.259423 -42.753024 -12.916592 -0.000002 0.000002 2.695889 2.903468 21.838390 1.073270 -7.125020 0.000002 0.000000 -25.485808 50.022763 -3.358750 0.000000 0.000000 0.000000 69.403013 -16.510707 -23.754278 -15.986290 25.502054 -3.640058 0.000002 -0.000001 -16.967658 -18.547210 12.060698 -4.008532 7.125020 -0.000002 0.000000 6.027093 -17.321716 3.983890
2.861505 16.669871 8.285998 2.632775 21.796199 -4.393591 0.000000 0.000000 0.000000 -31.322346 4.008195 1.736465 5.295798 13.607095 42.340441 0.560614 -16.520434 -17.619271 0.570024 4.835243 13.439242 0.000000 0.000000 0.000000 24.944548 15.978556 -27.564795 -4.626661 -12.919782 39.268537 0.169500 6.639481 3.575450 -2.457968 -9.761078 28.206443 -6.696693 -9.127651 6.015354 5.835635 -12.517739 -1.888805 10.634295 -6.123303 -2.562059 -12.656518 -5.854538 -4.869159 10.441578 -8.795815 21.147855 4.835578 -4.303226 8.351321 0.000000 0.000000 0.000000 -116.799539 -35.223641 121.210116 31.227376 -41.922473 -12.221481 -0.000002 0.000002 2.918505 2.655527 23.164163 1.043034 -7.125020 0.000002 0.000000 -26.441085 51.176296 -4.280989 0.000000 0.000000 0.000000 69.004075 -15.441925 -23.606329 -16.723038 26.491211 -3.963004 0.000002 -0.000000 -18.603611 -19.214007 12.023774 -4.154432 7.125020 -0.000002 0.000000 5.564138 -17.303930 3.672405
2.854846 16.651893 8.301449 2.767425 22.079331 -4.535738 0.000000 0.000000 0.000000 -31.480436 3.786472 2.114000 5.306264 13.623391 42.371950 0.590977 -16.497198 -17.773414 0.570807 4.838508 13.448533 0.000000 0.000000 0.000000 24.783173 15.878902 -27.579611 -4.713299 -13.029174 39.635664 0.152057 6.630052 3.385256 -2.514800 -9.864763 28.539896 -6.774999 -8.888236 6.018001 5.630570 -12.208417 -1.570575 10.418148 -5.990552 -2.324660 -12.660859 -6.083162 -4.992902 10.692867 -9.125884 20.844775 4.879046 -4.432257 8.327208 0.000000 0.000000 0.000000 -115.025204 -35.594757 118.815187 30.119278 -40.995415 -11.487790 -0.000002 0.000002 3.289567 2.564235 24.418033 1.062921 -7.125020 0.000002 0.000000 -27.263791 52.279299 -5.198979 0.000000 0.000000 0.000000 68.673079 -14.275434 -23.574934 -17.451888 27.449641 -4.293575 0.000002 -0.000000 -20.072556 -19.891256 12.051461 -4.324357 7.125020 -0.000002 0.000000 5.094121 -17.216421 3.366320
2.847254 16.636732 8.317001 2.858588 22.484155 -4.736082 0.000000 0.000000 0.000000 -31.564959 3.565938 2.553362 5.314457 13.634918 42.399645 0.606838 -16.523398 -17.872869 0.579177 4.873252 13.547411 0.000000 0.000000 0.000000 24.650815 15.670147 -27.611026 -4.803350 -13.145527 40.002667 0.124638 6.518765 3.313929 -2.610961 -10.036920 29.096369 -6.774212 -8.720706 6.055041 5.413753 -11.989607 -1.257537 10.154409 -5.902249 -2.111371 -12.725700 -6.289735 -5.079927 10.981922 -9.430757 20.560767 4.949795 -4.552970 8.305693 0.000000 0.000000 0.000000 -113.197265 -35.863334 116.007578 28.927006 -39.955747 -10.713810 -0.000002 0.000002 3.835592 2.624577 25.606231 1.140612 -7.125020 0.000002 0.000000 -27.953975 53.340817 -6.102702 0.000000 0.000000 0.000000 68.327769 -13.078839 -23.491528 -18.173328 28.378535 -4.631330 0.000002 0.000000 -21.457290 -20.551463 12.147877 -4.516401 7.125020 -0.000002 0.000000 4.637733 -17.056526 3.076681
2.837985 16.623780 8.333184 2.889627 22.983345 -4.988922 0.000000 0.000000 0.000000 -31.556260 3.355376 3.029469 5.323862 13.645051 42.439148 0.609037 -16.605600 -17.933599 0.591020 4.921964 13.686128 0.000000 0.000000 0.000000 24.573810 15.352311 -27.638892 -4.887593 -13.255040 40.337641 0.095603 6.361610 3.310315 -2.725212 -10.236347 29.745529 -6.719051 -8.610919 6.123355 5.214861 -11.844096 -0.961852 9.890165 -5.848927 -1.924137 -12.866808 -6.474717 -5.087319 11.294859 -9.708529 20.270825 5.046578 -4.668217 8.270457 0.000000 0.000000 0.000000 -111.389172 -36.000618 112.760931 27.639175 -38.781933 -9.896862 -0.000002 0.000002 4.589435 2.833026 26.736912 1.283682 -7.125020 0.000002 0.000000 -28.512238 54.371865 -6.984619 0.000000 0.000000 0.000000 67.922792 -11.900222 -23.243027 -18.891136 29.283181 -4.977490 0.000002 0.000000 -22.795833 -21.141990 12.320956 -4.722979 7.125020 -0.000002 0.000000 4.232808 -16.820159 2.827334
2.825395 16.613234 8.350225 2.831543 23.514069 -5.273606 0.000000 0.000000 0.000000 -31.414178 3.171963 3.481142 5.337643 13.656120 42.506373 0.595899 -16.765412 -17.966536 0.605302 4.980028 13.851611 0.000000 0.000000 0.000000 24.590097 15.007766 -27.640720 -4.956906 -13.344328 40.610870 0.071878 6.192499 3.322872 -2.816916 -10.392605 30.257690 -6.611571 -8.533970 6.180962 5.055395 -11.736848 -0.684239 9.641975 -5.814084 -1.742424 -13.062646 -6.641187 -5.009040 11.603309 -9.960018 19.965490 5.155793 -4.779227 8.214835 0.000000 0.000000 0.000000 -109.656421 -36.006244 109.084646 26.253535 -37.457976 -9.041408 -0.000002 0.000002 5.570628 3.193033 27.818276 1.501459 -7.125020 0.000002 0.000000 -28.934375 55.384428 -7.838705 0.000000 0.000000 0.000000 67.453336 -10.767549 -22.781061 -19.611481 30.171410 -5.334703 0.000002 0.000000 -24.062804 -21.596316 12.561755 -4.925319 7.125020 -0.000002 0.000000 3.925857 -16.522929 2.647366
2.807467 16.606386 8.367589 2.648031 24.003639 -5.555730 0.000000 0.000000 0.000000 -31.088967 3.023961 3.822225 5.358457 13.670122 42.614464 0.563848 -17.021104 -17.962623 0.625154 5.059553 14.078495 0.000000 0.000000 0.000000 24.740891 14.763891 -27.614070 -5.004340 -13.404221 40.798816 0.056147 6.000983 3.327645 -2.852653 -10.452617 30.455235 -6.427298 -8.465751 6.178483 4.948703 -11.631668 -0.430698 9.402097 -5.779966 -1.555133 -13.278838 -6.790112 -4.863767 11.882347 -10.185255 19.659129 5.262793 -4.884682 8.143892 0.000000 0.000000 0.000000 -108.018745 -35.904201 104.998878 24.784787 -35.983206 -8.163120 -0.000002 0.000002 6.782121 3.697161 28.858299 1.796424 -7.125020 0.000002 0.000000 -29.228965 56.387610 -8.663658 0.000000 0.000000 0.000000 66.938461 -9.694456 -22.116027 -20.337242 31.046506 -5.704258 0.000002 0.000000 -25.175907 -21.846537 12.845899 -5.096248 7.125020 -0.000002 0.000000 3.763214 -16.197710 2.565772
2.783244 16.604201 8.384283 2.353029 24.423006 -5.799357 0.000000 0.000000 0.000000 -30.595028 2.896212 4.003739 5.387497 13.688812 42.766910 0.511899 -17.363512 -17.902737 0.654299 5.173922 14.405287 0.000000 0.000000 0.000000 25.009265 14.693565 -27.572617 -5.027807 -13.433061 40.893273 0.046773 5.760435 3.328752 -2.825100 -10.406390 30.303027 -6.167562 -8.395716 6.101993 4.885616 -11.514800 -0.213586 9.159708 -5.738392 -1.372751 -13.490342 -6.919524 -4.674696 12.125333 -10.383689 19.378277 5.361095 -4.981986 8.068725 0.000000 0.000000 0.000000 -106.466295 -35.726138 100.493955 23.261011 -34.372994 -7.285121 -0.000001 0.000002 8.230925 4.300065 29.857930 2.150232 -7.125020 0.000002 0.000000 -29.437972 57.375817 -9.462097 0.000000 0.000000 0.000000 66.403934 -8.695930 -21.280030 -21.075052 31.915849 -6.089571 0.000002 -0.000000 -26.052044 -21.845964 13.140914 -5.208797 7.125020 -0.000002 0.000000 3.775472 -15.884549 2.601707
2.753768 16.605784 8.399187 2.037910 24.804088 -5.983105 0.000000 0.000000 0.000000 -30.047800 2.756485 4.056307 5.423531 13.712797 42.953298 0.445450 -17.747851 -17.781800 0.692360 5.319289 14.821512 0.000000 0.000000 0.000000 25.294275 14.756496 -27.527856 -5.031712 -13.437462 40.910036 0.040354 5.478426 3.335949 -2.746134 -10.272287 29.863053 -5.891298 -8.328499 5.992806 4.830288 -11.399930 -0.042461 8.916454 -5.693985 -1.221704 -13.685932 -7.029595 -4.466012 12.336067 -10.558119 19.149757 5.449717 -5.070246 8.002368 0.000000 0.000000 0.000000 -104.982676 -35.496044 95.508447 21.717853 -32.656685 -6.432930 -0.000001 0.000002 9.933306 4.922478 30.812153 2.524443 -7.125020 0.000002 0.000000 -29.632053 58.329576 -10.240955 0.000000 0.000000 0.000000 65.870605 -7.792922 -20.293107 -21.844111 32.800398 -6.501196 0.000002 -0.000000 -26.657285 -21.584514 13.416570 -5.245396 7.125020 -0.000002 0.000000 3.967308 -15.617604 2.757984
2.721163 16.609060 8.410912 1.797810 25.190019 -6.102072 0.000000 0.000000 0.000000 -29.577281 2.575846 4.044479 5.462977 13.740591 43.152469 0.374286 -18.114842 -17.615027 0.734037 5.473674 15.264655 0.000000 0.000000 0.000000 25.490741 14.864763 -27.490899 -5.024283 -13.428054 40.880974 0.034562 5.199539 3.350400 -2.628936 -10.068656 29.199346 -5.659425 -8.272613 5.908383 4.747996 -11.305749 0.081956 8.678514 -5.654666 -1.125916 -13.863215 -7.127136 -4.267602 12.517505 -10.717455 18.989610 5.527684 -5.151970 7.956686 0.000000 0.000000 0.000000 -103.561141 -35.232986 89.946318 20.197703 -30.879796 -5.632465 -0.000001 0.000002 11.894130 5.491162 31.719704 2.881112 -7.125020 0.000002 0.000000 -29.878244 59.232029 -11.011763 0.000000 0.000000 0.000000 65.348920 -6.992149 -19.171976 -22.667011 33.722663 -6.952545 0.000002 -0.000001 -26.994104 -21.078942 13.660247 -5.202608 7.125020 -0.000002 0.000000 4.325160 -15.409172 3.026995
2.687144 16.612653 8.418287 1.664173 25.592126 -6.158840 0.000000 0.000000 0.000000 -29.239407 2.344772 4.009666 5.500606 13.768356 43.338346 0.307782 -18.423808 -17.429517 0.771299 5.607795 15.650578 0.000000 0.000000 0.000000 25.562575 14.965928 -27.476334 -5.011800 -13.412560 40.831173 0.029057 4.966515 3.370187 -2.483940 -9.808643 28.359259 -5.482080 -8.229004 5.876669 4.627033 -11.234931 0.164310 8.443510 -5.621694 -1.095479 -14.026601 -7.223163 -4.099844 12.676802 -10.875462 18.894421 5.595950 -5.232593 7.936788 0.000000 0.000000 0.000000 -102.200750 -34.950959 83.727541 18.751453 -29.108669 -4.909351 -0.000001 0.000002 14.078346 5.995715 32.590233 3.215363 -7.125020 0.000002 0.000000 -30.189849 60.088862 -11.782227 0.000000 0.000000 0.000000 64.842354 -6.284059 -17.953703 -23.554691 34.689799 -7.451599 0.000002 -0.000001 -27.062221 -20.353173 13.884231 -5.088957 7.125020 -0.000002 0.000000 4.831402 -15.243897 3.400819
2.652575 16.616615 8.421363 1.620354 25.999958 -6.160437 0.000000 0.000000 0.000000 -29.023034 2.075963 3.973539 5.530092 13.790116 43.483321 0.252239 -18.672064 -17.260239 0.794785 5.690556 15.889166 0.000000 0.000000 0.000000 25.529442 15.046274 -27.488557 -4.995041 -13.392200 40.762894 0.024080 4.793914 3.397041 -2.324725 -9.512013 27.410484 -5.335734 -8.189800 5.896323 4.471044 -11.174717 0.209048 8.202006 -5.589244 -1.130923 -14.184250 -7.327028 -3.956476 12.830172 -11.046391 18.844520 5.659731 -5.318484 7.938398 0.000000 0.000000 0.000000 -100.897000 -34.652045 76.853237 17.436258 -27.429298 -4.286371 -0.000001 0.000002 16.377932 6.525181 33.450480 3.580063 -7.125020 0.000002 0.000000 -30.496956 60.944456 -12.550040 0.000000 0.000000 0.000000 64.352939 -5.667969 -16.692844 -24.506168 35.694955 -7.999987 0.000002 -0.000001 -26.850748 -19.434324 14.117986 -4.920110 7.125020 -0.000002 0.000000 5.466904 -15.087940 3.872440
2.617777 16.621858 8.421572 1.639004 26.404263 -6.119529 0.000000 0.000000 0.000000 -28.890783 1.796268 3.958377 5.544862 13.798442 43.562223 0.209338 -18.894611 -17.144449 0.795767 5.693990 15.899074 0.000000 0.000000 0.000000 25.428168 15.101927 -27.513668 -4.970230 -13.363222 40.658188 0.018833 4.665576 3.435871 -2.169906 -9.211362 26.458749 -5.199980 -8.144456 5.950192 4.288197 -11.108657 0.225428 7.947520 -5.550468 -1.218239 -14.339410 -7.444668 -3.821338 12.990904 -11.240126 18.813724 5.723057 -5.414224 7.952229 0.000000 0.000000 0.000000 -99.637975 -34.342534 69.444709 16.305765 -25.933483 -3.778691 -0.000001 0.000002 18.591873 7.234512 34.354190 4.073315 -7.125020 0.000002 0.000000 -30.694149 61.884858 -13.321430 0.000000 0.000000 0.000000 63.879291 -5.151659 -15.443439 -25.516770 36.727522 -8.597048 0.000002 -0.000001 -26.355413 -18.366061 14.396345 -4.717178 7.125020 -0.000002 0.000000 6.201513 -14.900783 4.428114
2.582774 16.629203 8.420867 1.695460 26.800988 -6.051005 0.000000 0.000000 0.000000 -28.799866 1.532374 3.980915 5.540262 13.786317 43.561767 0.173947 -19.147334 -17.103758 0.772209 5.611030 15.659895 0.000000 0.000000 0.000000 25.296374 15.129684 -27.531203 -4.932278 -13.320721 40.492013 0.010841 4.539931 3.497367 -2.043009 -8.955092 25.654952 -5.070023 -8.084602 6.013029 4.090992 -11.024162 0.229357 7.684111 -5.501287 -1.327351 -14.487083 -7.580130 -3.690488 13.154555 -11.459824 18.778631 5.782752 -5.521464 7.969726 0.000000 0.000000 0.000000 -98.402224 -34.045770 61.717128 15.397230 -24.696565 -3.390177 -0.000001 0.000002 20.462915 8.256169 35.386030 4.792999 -7.125020 0.000002 0.000000 -30.744052 63.020754 -14.146728 0.000000 0.000000 0.000000 63.410801 -4.734982 -14.244796 -26.582357 37.777991 -9.242121 0.000002 -0.000001 -25.596811 -17.219043 14.749902 -4.506018 7.125020 -0.000002 0.000000 6.986910 -14.644562 5.040830
2.547254 16.638760 8.420697 1.765701 27.184767 -5.966576 0.000000 0.000000 0.000000 -28.708279 1.296442 4.034951 5.516092 13.750099 43.489625 0.134434 -19.478132 -17.125940 0.734010 5.473578 15.264377 0.000000 0.000000 0.000000 25.170798 15.131412 -27.530396 -4.877418 -13.261258 40.244223 -0.003398 4.364119 3.600110 -1.969162 -8.801543 25.176476 -4.949112 -8.004701 6.064648 3.897712 -10.913148 0.231801 7.427403 -5.439368 -1.432545 -14.620391 -7.736039 -3.568615 13.299233 -11.703251 18.726879 5.829754 -5.640082 7.985684 0.000000 0.000000 0.000000 -97.161678 -33.783867 53.913251 14.723133 -23.759002 -3.113539 -0.000001 0.000002 21.765155 9.641882 36.646602 5.802947 -7.125020 0.000002 0.000000 -30.740309 64.458704 -15.138439 0.000000 0.000000 0.000000 62.927458 -4.414499 -13.109581 -27.702721 38.841112 -9.936688 0.000002 -0.000001 -24.636359 -16.087300 15.189489 -4.312561 7.125020 -0.000002 0.000000 7.759266 -14.300219 5.668708
2.510608 16.650130 8.421675 1.825291 27.546800 -5.873282 0.000000 0.000000 0.000000 -28.581072 1.083491 4.092442 5.476775 13.691843 43.369796 0.079317 -19.897356 -17.168576 0.698898 5.343829 14.891875 0.000000 0.000000 0.000000 25.084262 15.113373 -27.513222 -4.804472 -13.183200 39.907922 -0.025566 4.106047 3.757602 -1.959977 -8.782205 25.116380 -4.839631 -7.901673 6.096668 3.728044 -10.771127 0.232784 7.197214 -5.362948 -1.525329 -14.737667 -7.912737 -3.456067 13.402728 -11.966052 18.656339 5.856438 -5.769477 7.997469 0.000000 0.000000 0.000000 -95.887554 -33.561303 46.252806 14.270574 -23.120196 -2.933516 -0.000001 0.000002 22.377047 11.379597 38.217804 7.136262 -7.125020 0.000002 0.000000 -30.882721 66.271375 -16.456693 0.000000 0.000000 0.000000 62.409160 -4.193448 -12.018936 -28.888231 39.921178 -10.688916 0.000002 -0.000001 -23.580033 -15.075376 15.690097 -4.157128 7.125020 -0.000002 0.000000 8.447991 -13.884448 6.257171
2.472264 16.663104 8.423839 1.856693 27.878127 -5.775543 0.000000 0.000000 0.000000 -28.401433 0.883558 4.124979 5.428555 13.618968 43.225063 0.006465 -20.365741 -17.185699 0.681939 5.279916 14.708680 0.000000 0.000000 0.000000 25.056829 15.079173 -27.485530 -4.715008 -13.086420 39.491898 -0.053429 3.776873 3.965942 -2.002769 -8.871841 25.395248 -4.740778 -7.774312 6.108028 3.592997 -10.596267 0.228109 7.004489 -5.270893 -1.607624 -14.846179 -8.106465 -3.338190 13.466827 -12.243837 18.562014 5.865739 -5.908566 8.000738 0.000000 0.000000 0.000000 -94.554299 -33.368176 38.903498 14.008684 -22.747122 -2.831466 -0.000001 0.000002 22.302715 13.427613 40.120170 8.802956 -7.125020 0.000002 0.000000 -31.426700 68.463908 -18.285840 0.000000 0.000000 0.000000 61.849111 -4.081768 -10.935279 -30.161077 41.031057 -11.515218 0.000002 -0.000001 -22.551416 -14.272465 16.204358 -4.053096 7.125020 -0.000002 0.000000 8.993121 -13.437455 6.753211
2.431970 16.677833 8.426777 1.860650 28.175209 -5.675313 0.000000 0.000000 0.000000 -28.181781 0.688733 4.122800 5.376455 13.541023 43.064923 -0.074499 -20.811661 -17.153629 0.689505 5.308534 14.790684 0.000000 0.000000 0.000000 25.085605 15.025104 -27.452534 -4.612800 -12.972986 39.015509 -0.083194 3.413300 4.213643 -2.074338 -9.019233 25.855509 -4.652846 -7.622919 6.102842 3.487462 -10.389272 0.216675 6.844797 -5.163203 -1.683691 -14.960050 -8.308600 -3.187626 13.526049 -12.532003 18.428576 5.873617 -6.054929 7.987827 0.000000 0.000000 0.000000 -93.143342 -33.192189 31.961167 13.901886 -22.594272 -2.790303 -0.000001 0.000002 21.644629 15.697219 42.276936 10.760450 -7.125020 0.000002 0.000000 -32.664536 70.932626 -20.818573 0.000000 0.000000 0.000000 61.258964 -4.088196 -9.832799 -31.540819 42.178022 -12.431418 0.000002 -0.000001 -21.633465 -13.713023 16.708706 -4.007106 7.125020 -0.000002 0.000000 9.372024 -12.979619 7.133949
2.389811 16.694211 8.429457 1.861224 28.444402 -5.567299 0.000000 0.000000 0.000000 -27.966045 0.483932 4.094923 5.323470 13.466030 42.889249 -0.148228 -21.164878 -17.079002 0.720310 5.423352 15.120086 0.000000 0.000000 0.000000 25.139566 14.940644 -27.424435 -4.503208 -12.847814 38.503467 -0.112634 3.055181 4.493720 -2.157292 -9.186300 26.379845 -4.584986 -7.450218 6.091268 3.393853 -10.155103 0.202099 6.706229 -5.042111 -1.756489 -15.090658 -8.509517 -2.988213 13.626232 -12.825739 18.241179 5.899074 -6.204682 7.953842 0.000000 0.000000 0.000000 -91.643907 -33.032136 25.449576 13.919107 -22.618946 -2.796922 -0.000001 0.000002 20.552450 18.004191 44.487766 12.857402 -7.125020 0.000002 0.000000 -34.837708 73.429133 -24.167005 0.000000 0.000000 0.000000 60.659943 -4.206494 -8.724934 -33.023100 43.347781 -13.437920 0.000002 -0.000001 -20.819300 -13.357881 17.229700 -4.017427 7.125020 -0.000002 0.000000 9.612478 -12.487307 7.422301
2.346082 16.711455 8.430476 1.893481 28.695314 -5.437196 0.000000 0.000000 0.000000 -27.811008 0.244961 4.055530 5.271242 13.398871 42.696852 -0.200310 -21.381640 -16.993749 0.767808 5.595379 15.614813 0.000000 0.000000 0.000000 25.173083 14.816533 -27.418918 -4.392226 -12.717590 37.982465 -0.140943 2.744991 4.802238 -2.238552 -9.346231 26.884490 -4.553244 -7.260761 6.083035 3.294104 -9.901601 0.191076 6.579815 -4.911571 -1.823953 -15.238296 -8.704368 -2.752826 13.794898 -13.121621 17.996498 5.951605 -6.353974 7.901450 0.000000 0.000000 0.000000 -90.048616 -32.902503 19.338067 14.031437 -22.779632 -2.840270 -0.000001 0.000002 19.187786 20.030801 46.438140 14.787489 -7.125020 0.000002 0.000000 -37.833620 75.576231 -28.074308 0.000000 0.000000 0.000000 60.070645 -4.407019 -7.657258 -34.578189 44.508573 -14.516862 0.000002 -0.000001 -20.045633 -13.141959 17.804247 -4.077261 7.125020 -0.000002 0.000000 9.760816 -11.929029 7.655650
2.301145 16.728535 8.428789 1.977724 28.926766 -5.270480 0.000000 0.000000 0.000000 -27.751610 -0.045497 4.012054 5.220514 13.341378 42.488272 -0.220830 -21.452043 -16.941474 0.821822 5.784221 16.159615 0.000000 0.000000 0.000000 25.157672 14.655745 -27.454687 -4.284743 -12.588726 37.473523 -0.168751 2.516752 5.141907 -2.310494 -9.484897 27.324246 -4.563375 -7.058425 6.078104 3.179317 -9.634462 0.190057 6.458985 -4.774764 -1.879115 -15.393451 -8.894224 -2.511234 14.031659 -13.418333 17.700661 6.028443 -6.500573 7.837489 0.000000 0.000000 0.000000 -88.347002 -32.817310 13.569155 14.208660 -23.032220 -2.909249 -0.000001 0.000002 17.698779 21.321845 47.792387 16.098795 -7.125020 0.000002 0.000000 -40.826101 76.978421 -31.564052 0.000000 0.000000 0.000000 59.503387 -4.643259 -6.668999 -36.173887 45.632393 -15.646670 0.000002 -0.000001 -19.294158 -13.054536 18.414056 -4.184381 7.125020 -0.000002 0.000000 9.827272 -11.323676 7.832114
2.255414 16.744888 8.424105 2.105512 29.125293 -5.063038 0.000000 0.000000 0.000000 -27.782213 -0.388616 3.962769 5.171277 13.292628 42.265922 -0.207865 -21.394905 -16.953708 0.872403 5.955103 16.654213 0.000000 0.000000 0.000000 25.099589 14.470686 -27.544548 -4.183355 -12.465947 36.985717 -0.199070 2.382479 5.526776 -2.375581 -9.608089 27.716694 -4.598450 -6.846112 6.069229 3.050603 -9.356029 0.199659 6.334614 -4.633055 -1.919503 -15.545156 -9.082111 -2.286722 14.316841 -13.715052 17.367059 6.120102 -6.643933 7.768683 0.000000 0.000000 0.000000 -86.524042 -32.759083 8.107333 14.427218 -23.342151 -2.995303 -0.000001 0.000002 16.170995 21.385877 48.317330 16.321642 -7.125020 0.000002 0.000000 -42.515341 77.355902 -33.184617 0.000000 0.000000 0.000000 58.964511 -4.866934 -5.775742 -37.783051 46.700191 -16.807531 0.000002 -0.000001 -18.610139 -13.131784 18.993139 -4.340374 7.125020 -0.000002 0.000000 9.789042 -10.733223 7.916679
2.209361 16.760559 8.416719 2.252839 29.277081 -4.821717 0.000000 0.000000 0.000000 -27.871740 -0.774939 3.902314 5.122723 13.249120 42.033186 -0.169338 -21.245230 -17.030675 0.914386 6.092921 17.054268 0.000000 0.000000 0.000000 25.025207 14.270541 -27.692391 -4.088682 -12.352277 36.517582 -0.237096 2.335501 5.973290 -2.444889 -9.737004 28.129200 -4.630754 -6.626889 6.054259 2.913889 -9.068227 0.211427 6.198288 -4.486966 -1.955917 -15.688921 -9.269071 -2.086669 14.623607 -14.009623 17.018913 6.216645 -6.784239 7.701691 0.000000 0.000000 0.000000 -84.571161 -32.663517 2.993173 14.681215 -23.700148 -3.096671 -0.000001 0.000002 14.578472 19.917776 47.915203 15.191783 -7.125020 0.000002 0.000000 -42.262948 76.581840 -32.176577 0.000000 0.000000 0.000000 58.452826 -5.042136 -4.986475 -39.367413 47.690617 -17.970016 0.000002 -0.000001 -18.023352 -13.369355 19.499672 -4.537388 7.125020 -0.000002 0.000000 9.648101 -10.199148 7.901680
2.163348 16.775885 8.407224 2.403263 29.376432 -4.556642 0.000000 0.000000 0.000000 -27.991601 -1.188830 3.830026 5.072610 13.205137 41.788738 -0.118261 -21.037039 -17.147102 0.946573 6.196274 17.354973 0.000000 0.000000 0.000000 24.956319 14.059650 -27.894181 -4.000438 -12.250078 36.062182 -0.290045 2.349814 6.492465 -2.539770 -9.909858 28.685316 -4.646127 -6.403353 6.040362 2.775233 -8.773704 0.213982 6.050714 -4.337037 -2.005138 -15.828185 -9.453598 -1.911216 14.928165 -14.298341 16.684657 6.311105 -6.921230 7.643858 0.000000 0.000000 0.000000 -82.501628 -32.447562 -1.652931 14.979310 -24.117279 -3.217484 -0.000001 0.000002 12.786077 17.010346 46.599151 12.829290 -7.125020 0.000002 0.000000 -40.791586 74.685187 -29.236990 0.000000 0.000000 0.000000 57.961248 -5.152590 -4.309019 -40.885322 48.585754 -19.100552 0.000002 -0.000001 -17.532848 -13.703068 19.935972 -4.755364 7.125020 -0.000002 0.000000 9.445437 -9.724865 7.820718
2.117406 16.791274 8.396261 2.555718 29.425346 -4.275139 0.000000 0.000000 0.000000 -28.128469 -1.608861 3.753801 5.016985 13.154011 41.520991 -0.063892 -20.788896 -17.277161 0.966833 6.260352 17.541714 0.000000 0.000000 0.000000 24.899641 13.843042 -28.141566 -3.918433 -12.161431 35.614072 -0.365040 2.390819 7.088870 -2.682284 -10.162048 29.503096 -4.652709 -6.176837 6.034951 2.639256 -8.475025 0.204910 5.902522 -4.184323 -2.071575 -15.968914 -9.633516 -1.768388 15.217778 -14.576827 16.384086 6.400417 -7.053236 7.601791 0.000000 0.000000 0.000000 -80.348434 -32.064432 -5.700475 15.326042 -24.598349 -3.360490 -0.000001 0.000002 10.616849 13.286848 44.585224 9.812242 -7.125020 0.000002 0.000000 -39.376486 71.992922 -25.829608 0.000000 0.000000 0.000000 57.483180 -5.191905 -3.742770 -42.315001 49.383185 -20.179340 0.000002 -0.000000 -17.154091 -14.065817 20.306152 -4.972045 7.125020 -0.000002 0.000000 9.223940 -9.312806 7.709610
2.071300 16.807205 8.384308 2.716223 29.429399 -3.981022 0.000000 0.000000 0.000000 -28.279717 -2.010546 3.686227 4.951692 13.090868 41.211543 -0.005786 -20.502033 -17.416854 0.969642 6.269178 17.567455 0.000000 0.000000 0.000000 24.850852 13.624626 -28.424643 -3.842996 -12.087248 35.175381 -0.464030 2.451790 7.756768 -2.869486 -10.480719 30.547901 -4.667876 -5.948012 6.038140 2.508036 -8.174201 0.193351 5.764689 -4.030408 -2.142684 -16.113089 -9.806838 -1.673154 15.494314 -14.840840 16.118149 6.485407 -7.177296 7.577903 0.000000 0.000000 0.000000 -78.142489 -31.529342 -9.102351 15.703690 -25.117239 -3.519244 -0.000001 0.000002 7.962646 9.799846 42.437126 7.023321 -7.125020 0.000002 0.000000 -38.673214 69.251884 -23.114136 0.000000 0.000000 0.000000 57.017967 -5.146568 -3.284090 -43.644783 50.087020 -21.194088 0.000002 -0.000000 -16.920345 -14.420246 20.596762 -5.170455 7.125020 -0.000002 0.000000 9.006684 -8.980437 7.585016
2.024720 16.824050 8.371639 2.889994 29.392948 -3.675057 0.000000 0.000000 0.000000 -28.446663 -2.370781 3.637320 4.874724 13.015365 40.845026 0.066494 -20.168807 -17.592045 0.947092 6.197923 17.359774 0.000000 0.000000 0.000000 24.800752 13.403417 -28.730628 -3.774792 -12.026228 34.757083 -0.579154 2.585523 8.469676 -3.052401 -10.779401 31.539461 -4.703628 -5.716707 6.045907 2.379419 -7.871665 0.188254 5.640212 -3.876065 -2.205547 -16.257309 -9.970445 -1.625708 15.770735 -15.086771 15.871786 6.570408 -7.290731 7.567272 0.000000 0.000000 0.000000 -75.897724 -30.887692 -11.936011 16.072150 -25.618378 -3.677104 -0.000002 0.000002 4.888594 7.445176 40.839364 5.140915 -7.125020 0.000002 0.000000 -38.531099 67.269915 -21.535350 0.000000 0.000000 0.000000 56.571335 -5.000839 -2.929525 -44.851888 50.695713 -22.124089 0.000002 -0.000000 -16.856703 -14.754204 20.795644 -5.342260 7.125020 -0.000002 0.000000 8.800401 -8.741543 7.450806
1.977299 16.841747 8.358488 3.076884 29.314471 -3.356133 0.000000 0.000000 0.000000 -28.627880 -2.670981 3.607746 4.787277 12.931776 40.417086 0.167655 -19.782916 -17.846348 0.892538 6.021640 16.847223 0.000000 0.000000 0.000000 24.743193 13.182562 -29.040525 -3.714447 -11.975684 34.373519 -0.694972 2.881748 9.173811 -3.145590 -10.927087 32.034370 -4.763537 -5.480626 6.054760 2.249981 -7.564574 0.188986 5.526864 -3.719813 -2.259418 -16.397721 -10.120024 -1.601400 16.062696 -15.312325 15.624427 6.661656 -7.392705 7.559181 0.000000 0.000000 0.000000 -73.619260 -30.165841 -14.361069 16.388298 -26.044316 -3.814858 -0.000002 0.000002 1.653674 6.363633 40.048598 4.237326 -7.125020 0.000002 0.000000 -38.583740 66.295444 -20.926189 0.000000 0.000000 0.000000 56.149908 -4.757302 -2.667305 -45.913430 51.208200 -22.948519 0.000002 -0.000001 -16.973876 -15.068847 20.905565 -5.487279 7.125020 -0.000002 0.000000 8.603784 -8.593574 7.307202
1.928601 16.859743 8.345123 3.264434 29.184962 -3.026095 0.000000 0.000000 0.000000 -28.808015 -2.900228 3.583558 4.693144 12.846029 39.938528 0.305326 -19.351293 -18.209480 0.808140 5.737034 16.023308 0.000000 0.000000 0.000000 24.689161 12.986526 -29.333338 -3.662361 -11.935376 34.030442 -0.803256 3.374535 9.805336 -3.088408 -10.836811 31.731474 -4.843304 -5.236288 6.061926 2.122253 -7.247909 0.188546 5.424792 -3.558753 -2.311112 -16.535644 -10.251635 -1.565930 16.381462 -15.516006 15.357097 6.765100 -7.483897 7.541985 0.000000 0.000000 0.000000 -71.319815 -29.351350 -16.526261 16.628615 -26.365577 -3.920979 -0.000002 0.000001 -1.405325 6.026949 39.784031 3.914653 -7.125020 0.000002 0.000000 -38.655468 65.960585 -20.811509 0.000000 0.000000 0.000000 55.754225 -4.445458 -2.467718 -46.837405 51.637515 -23.670866 0.000002 -0.000001 -17.272894 -15.366535 20.937003 -5.607660 7.125020 -0.000002 0.000000 8.415144 -8.526151 7.155564
1.878392 16.877287 8.331684 3.427937 28.993137 -2.693977 0.000000 0.000000 0.000000 -28.954908 -3.058894 3.538368 4.597048 12.761597 39.434355 0.469545 -18.905152 -18.666394 0.710892 5.388533 15.020125 0.000000 0.000000 0.000000 24.670255 12.856136 -29.594255 -3.618835 -11.910376 33.718723 -0.915842 3.989869 10.315479 -2.894450 -10.522196 30.684866 -4.930247 -4.982543 6.067243 2.005782 -6.919095 0.180561 5.337162 -3.391287 -2.368045 -16.676945 -10.363174 -1.495717 16.730096 -15.696385 15.056974 6.884050 -7.565242 7.507749 0.000000 0.000000 0.000000 -69.025728 -28.408136 -18.498565 16.796521 -26.588747 -3.995838 -0.000002 0.000001 -4.047029 5.847147 39.650394 3.744551 -7.125020 0.000002 0.000000 -38.708478 65.788749 -20.764315 0.000000 0.000000 0.000000 55.378304 -4.112347 -2.282963 -47.671636 52.012153 -24.326684 0.000002 -0.000001 -17.744694 -15.640790 20.900083 -5.702321 7.125020 -0.000002 0.000000 8.238595 -8.530307 7.001883
1.826979 16.893782 8.318104 3.544582 28.735028 -2.374388 0.000000 0.000000 0.000000 -29.035011 -3.157251 3.448540 4.502420 12.676956 38.933787 0.634221 -18.497039 -19.158144 0.626295 5.064085 14.091433 0.000000 0.000000 0.000000 24.578007 12.769959 -29.927011 -3.563865 -11.830036 33.449362 -0.906940 4.589689 10.753402 -2.615237 -10.044483 29.120897 -5.008197 -4.722434 6.076340 1.909562 -6.581044 0.165594 5.265066 -3.218893 -2.433435 -16.826099 -10.457572 -1.396102 17.102329 -15.855310 14.724294 7.016493 -7.638070 7.457721 0.000000 0.000000 0.000000 -66.769654 -27.311626 -20.270983 16.910701 -26.739900 -4.047078 -0.000002 0.000001 -6.193727 5.611266 39.456262 3.560637 -7.125020 0.000002 0.000000 -38.690422 65.566331 -20.588844 0.000000 0.000000 0.000000 55.016466 -3.794531 -2.069491 -48.471074 52.359934 -24.958251 0.000002 -0.000001 -18.362532 -15.874369 20.808590 -5.767369 7.125020 -0.000002 0.000000 8.085501 -8.594584 6.858541
1.775113 16.908904 8.304369 3.608940 28.419672 -2.080973 0.000000 0.000000 0.000000 -29.034471 -3.207817 3.311053 4.410181 12.587359 38.455872 0.773513 -18.176872 -19.622155 0.572109 4.843931 13.463961 0.000000 0.000000 0.000000 24.520950 12.738294 -30.246929 -3.512532 -11.753873 33.197130 -0.890551 5.136996 11.036500 -2.282912 -9.432052 27.156410 -5.068257 -4.461752 6.098555 1.834717 -6.241057 0.153138 5.205405 -3.045646 -2.502866 -16.983650 -10.542982 -1.297851 17.489204 -15.999772 14.370441 7.156923 -7.704597 7.401745 0.000000 0.000000 0.000000 -64.578858 -26.066952 -21.813532 16.990743 -26.845567 -4.083158 -0.000002 0.000001 -7.872929 5.413944 39.203065 3.412141 -7.125020 0.000002 0.000000 -38.529826 65.315925 -20.281212 0.000000 0.000000 0.000000 54.670021 -3.490793 -1.815891 -49.253895 52.690115 -25.579519 0.000002 -0.000001 -19.079286 -16.049285 20.683419 -5.800928 7.125020 -0.000002 0.000000 7.968212 -8.700247 6.739645
1.723510 16.922425 8.290813 3.636412 28.065944 -1.818686 0.000000 0.000000 0.000000 -28.968830 -3.220510 3.145110 4.319828 12.490055 38.003814 0.879333 -17.961974 -20.036520 0.548584 4.744942 13.182503 0.000000 0.000000 0.000000 24.481930 12.722767 -30.548601 -3.465350 -11.682867 32.964733 -0.867196 5.621366 11.136241 -1.904998 -8.665325 24.753901 -5.116185 -4.206427 6.142642 1.773235 -5.907915 0.151514 5.153659 -2.876193 -2.572045 -17.149567 -10.624547 -1.219121 17.889944 -16.135406 14.004651 7.303513 -7.766588 7.347106 0.000000 0.000000 0.000000 -62.470900 -24.685092 -23.094376 17.054263 -26.929251 -4.111884 -0.000002 0.000001 -9.146381 5.376652 38.948437 3.372196 -7.125020 0.000002 0.000000 -38.202153 65.111763 -19.905918 0.000000 0.000000 0.000000 54.347596 -3.173449 -1.538415 -49.994195 52.993157 -26.169520 0.000002 -0.000001 -19.840696 -16.160145 20.544592 -5.806108 7.125020 -0.000002 0.000000 7.891099 -8.827743 6.652272
1.672484 16.933893 8.277964 3.652159 27.693466 -1.581614 0.000000 0.000000 0.000000 -28.873336 -3.205355 2.976365 4.231404 12.387447 37.572075 0.963343 -17.826959 -20.425306 0.542324 4.718227 13.106612 0.000000 0.000000 0.000000 24.432197 12.706102 -30.830670 -3.423973 -11.619709 32.760686 -0.837023 6.037549 11.023192 -1.485677 -7.700702 21.808636 -5.168044 -3.960267 6.215434 1.713400 -5.588607 0.156742 5.107606 -2.713519 -2.647893 -17.324756 -10.698947 -1.146309 18.310118 -16.260709 13.631171 7.459503 -7.823835 7.293001 0.000000 0.000000 0.000000 -60.458337 -23.159237 -24.085415 17.117626 -27.012575 -4.140621 -0.000002 0.000001 -10.071997 5.514801 38.719252 3.446529 -7.125020 0.000002 0.000000 -37.735730 64.976104 -19.507954 0.000000 0.000000 0.000000 54.058017 -2.824231 -1.253202 -50.650974 53.254697 -26.694903 0.000002 -0.000001 -20.604114 -16.217058 20.402953 -5.789717 7.125020 -0.000002 0.000000 7.848242 -8.964835 6.593269
1.621997 16.942715 8.266130 3.672889 27.315522 -1.359830 0.000000 0.000000 0.000000 -28.779655 -3.176282 2.821338 4.146004 12.285052 37.155801 1.044165 -17.721772 -20.827041 0.537241 4.696414 13.044670 0.000000 0.000000 0.000000 24.348944 12.696409 -31.097412 -3.391006 -11.568583 32.598473 -0.800275 6.380795 10.671950 -1.039952 -6.485725 18.200435 -5.236868 -3.724151 6.318080 1.648723 -5.285751 0.159721 5.068525 -2.558269 -2.739716 -17.507496 -10.761837 -1.069541 18.748153 -16.371995 13.259031 7.625315 -7.874902 7.239507 0.000000 0.000000 0.000000 -58.553318 -21.485106 -24.795490 17.190973 -27.108840 -4.173989 -0.000002 0.000001 -10.674641 5.778319 38.507512 3.599517 -7.125020 0.000002 0.000000 -37.171182 64.887494 -19.097039 0.000000 0.000000 0.000000 53.802256 -2.442516 -0.967131 -51.194184 53.465923 -27.130778 0.000002 -0.000001 -21.342918 -16.239685 20.262841 -5.760495 7.125020 -0.000002 0.000000 7.827323 -9.104682 6.553028
1.571961 16.948714 8.255266 3.699227 26.939129 -1.145995 0.000000 0.000000 0.000000 -28.701179 -3.150858 2.683909 4.064653 12.187163 36.753066 1.134193 -17.599529 -21.263350 0.524086 4.639462 12.883032 0.000000 0.000000 0.000000 24.226754 12.704471 -31.360481 -3.369720 -11.534762 32.495013 -0.756785 6.666632 10.077398 -0.603309 -4.971973 13.828644 -5.324696 -3.497102 6.438379 1.581652 -4.997550 0.163247 5.039040 -2.409954 -2.837696 -17.691347 -10.817872 -1.018595 19.191986 -16.472058 12.902177 7.793766 -7.919282 7.195326 0.000000 0.000000 0.000000 -56.766648 -19.692928 -25.294992 17.274239 -27.217878 -4.212003 -0.000002 0.000001 -10.935866 6.112802 38.300667 3.794575 -7.125020 0.000002 0.000000 -36.546110 64.820607 -18.675087 0.000000 0.000000 0.000000 53.574563 -2.025083 -0.692416 -51.610834 53.624869 -27.465903 0.000002 -0.000001 -22.033523 -16.248638 20.128868 -5.727575 7.125020 -0.000002 0.000000 7.815427 -9.240038 6.521473
1.522469 16.952485 8.245220 3.727206 26.569234 -0.933910 0.000000 0.000000 0.000000 -28.641316 -3.147387 2.561627 3.987208 12.094629 36.361460 1.235911 -17.430294 -21.730362 0.502573 4.544680 12.614317 0.000000 0.000000 0.000000 24.068022 12.728421 -31.636835 -3.363645 -11.523927 32.468447 -0.706745 6.931950 9.267386 -0.241202 -3.160563 8.726089 -5.428074 -3.277484 6.554271 1.517528 -4.720010 0.181988 5.020146 -2.267907 -2.914716 -17.869525 -10.879582 -1.044376 19.630597 -16.571236 12.569682 7.955611 -7.958814 7.173041 0.000000 0.000000 0.000000 -55.105593 -17.839887 -25.686251 17.360003 -27.329913 -4.251303 -0.000002 0.000001 -10.821136 6.474864 38.099882 4.004456 -7.125020 0.000002 0.000000 -35.905380 64.764334 -18.258641 0.000000 0.000000 0.000000 53.371122 -1.561578 -0.453106 -51.900812 53.733939 -27.699544 0.000002 -0.000001 -22.643070 -16.253681 20.008302 -5.696712 7.125020 -0.000002 0.000000 7.806691 -9.362274 6.494791
1.473809 16.955128 8.235951 3.760427 26.211261 -0.717087 0.000000 0.000000 0.000000 -28.607071 -3.180411 2.454629 3.912363 12.005753 35.975391 1.346246 -17.197794 -22.209215 0.475997 4.424621 12.274442 0.000000 0.000000 0.000000 23.868097 12.761186 -31.939677 -3.376028 -11.541166 32.535170 -0.652435 7.208480 8.298519 -0.033113 -1.174616 3.229394 -5.545944 -3.063423 6.651203 1.457266 -4.449531 0.225151 5.010382 -2.131156 -2.953732 -18.041680 -10.956824 -1.169364 20.064165 -16.680243 12.261942 8.108114 -7.997108 7.179109 0.000000 0.000000 0.000000 -53.574791 -15.972318 -26.048203 17.440139 -27.434345 -4.288160 -0.000002 0.000001 -10.328187 6.828194 37.913504 4.207750 -7.125020 0.000002 0.000000 -35.295912 64.715453 -17.870828 0.000000 0.000000 0.000000 53.193818 -1.052552 -0.269040 -52.069804 53.796921 -27.835855 0.000002 -0.000001 -23.134986 -16.248410 19.908875 -5.667774 7.125020 -0.000002 0.000000 7.805617 -9.464236 6.477797
1.426341 16.957817 8.227497 3.805487 25.870872 -0.493525 0.000000 0.000000 0.000000 -28.606429 -3.256171 2.369197 3.838509 11.918219 35.587847 1.461550 -16.894946 -22.681540 0.445496 4.282437 11.872641 0.000000 0.000000 0.000000 23.616407 12.804234 -32.268774 -3.409189 -11.589799 32.706330 -0.598210 7.501707 7.237055 -0.012689 0.727331 -1.998838 -5.677974 -2.853616 6.730926 1.397934 -4.184616 0.287237 5.006817 -1.998571 -2.962082 -18.216471 -11.048287 -1.361795 20.504431 -16.801962 11.971164 8.258385 -8.037327 7.207937 0.000000 0.000000 0.000000 -52.179552 -14.102169 -26.405486 17.513392 -27.529595 -4.321963 -0.000002 0.000001 -9.522573 7.152230 37.747419 4.393096 -7.125020 0.000002 0.000000 -34.744808 64.673299 -17.524774 0.000000 0.000000 0.000000 53.045603 -0.517822 -0.138412 -52.124430 53.817186 -27.879941 0.000002 -0.000001 -23.486714 -16.220648 19.833970 -5.637309 7.125020 -0.000002 0.000000 7.820184 -9.543898 6.477505
1.380397 16.961558 8.219870 3.860920 25.551791 -0.268911 0.000000 0.000000 0.000000 -28.637197 -3.371463 2.311795 3.764898 11.830551 35.196366 1.578753 -16.525153 -23.137457 0.410181 4.111330 11.390086 0.000000 0.000000 0.000000 23.307559 12.869888 -32.609813 -3.463791 -11.670168 32.983994 -0.548723 7.794949 6.138815 -0.122927 2.260213 -6.225349 -5.819163 -2.647783 6.802740 1.338674 -3.925333 0.355089 5.007175 -1.869260 -2.959193 -18.409628 -11.141822 -1.550515 20.969697 -16.928520 11.677768 8.420820 -8.080216 7.242143 0.000000 0.000000 0.000000 -50.929807 -12.214784 -26.735713 17.589832 -27.628774 -4.357353 -0.000002 0.000001 -8.533506 7.473331 37.617299 4.579420 -7.125020 0.000002 0.000000 -34.243324 64.658163 -17.229489 0.000000 0.000000 0.000000 52.924677 0.013935 -0.039158 -52.074062 53.798498 -27.839292 0.000002 -0.000001 -23.701120 -16.166280 19.780211 -5.602956 7.125020 -0.000002 0.000000 7.852872 -9.605164 6.495372
1.336166 16.966996 8.213062 3.912847 25.251626 -0.053667 0.000000 0.000000 0.000000 -28.681967 -3.516192 2.278758 3.692865 11.743707 34.809667 1.694694 -16.100886 -23.574178 0.370767 3.911084 10.826653 0.000000 0.000000 0.000000 22.948706 12.977304 -32.941369 -3.538265 -11.778865 33.358421 -0.507774 8.061348 5.036099 -0.257279 3.263418 -9.013001 -5.958587 -2.445233 6.871736 1.284985 -3.670250 0.418866 5.011963 -1.741923 -2.958696 -18.639173 -11.222459 -1.665083 21.477596 -17.045831 11.350859 8.610620 -8.124067 7.259789 0.000000 0.000000 0.000000 -49.840262 -10.295501 -27.005856 17.685372 -27.752422 -4.401751 -0.000002 0.000001 -7.509632 7.883892 37.563528 4.829145 -7.125020 0.000002 0.000000 -33.746023 64.728873 -17.002863 0.000000 0.000000 0.000000 52.823188 0.519229 0.054862 -51.934541 53.746537 -27.726744 0.000002 -0.000000 -23.802127 -16.092496 19.741538 -5.565713 7.125020 -0.000002 0.000000 7.898766 -9.653336 6.526407
1.293557 16.974215 8.206972 3.937145 24.960000 0.142371 0.000000 0.000000 0.000000 -28.711168 -3.678544 2.250421 3.626565 11.662818 34.450531 1.806679 -15.636441 -23.992235 0.330446 3.694485 10.218693 0.000000 0.000000 0.000000 22.559570 13.149622 -33.243732 -3.628826 -11.909074 33.808765 -0.478514 8.266625 3.935261 -0.341185 3.753441 -10.384027 -6.079077 -2.243357 6.936203 1.247631 -3.414101 0.477091 5.022471 -1.614048 -2.962101 -18.917058 -11.283834 -1.679343 22.033348 -17.144894 10.967000 8.834105 -8.167207 7.248726 0.000000 0.000000 0.000000 -48.922775 -8.353229 -27.214791 17.807596 -27.910100 -4.458813 -0.000002 0.000001 -6.561390 8.489708 37.625353 5.213379 -7.125020 0.000002 0.000000 -33.192510 64.947913 -16.856011 0.000000 0.000000 0.000000 52.732744 0.987073 0.157872 -51.728468 53.669259 -27.560647 0.000002 -0.000000 -23.818958 -16.013906 19.713921 -5.529791 7.125020 -0.000002 0.000000 7.948260 -9.690781 6.562139
1.252171 16.982751 8.201226 3.906645 24.663650 0.314990 0.000000 0.000000 0.000000 -28.691675 -3.850141 2.193639 3.572346 11.597139 34.151626 1.913715 -15.142819 -24.393619 0.292113 3.475553 9.605667 0.000000 0.000000 0.000000 22.166329 13.406037 -33.507451 -3.730271 -12.052158 34.307796 -0.463730 8.368019 2.830277 -0.359090 3.849657 -10.654082 -6.158057 -2.038383 6.994495 1.236943 -3.149524 0.531898 5.035968 -1.482331 -2.967722 -19.240177 -11.335221 -1.626799 22.617215 -17.232132 10.535116 9.080567 -8.211393 7.217288 0.000000 0.000000 0.000000 -48.177661 -6.419928 -27.408305 17.945945 -28.087896 -4.523762 -0.000002 0.000001 -5.725767 9.311109 37.789709 5.745550 -7.125020 0.000002 0.000000 -32.545821 65.312560 -16.762157 0.000000 0.000000 0.000000 52.653717 1.413276 0.269313 -51.483632 53.576615 -27.363520 0.000002 -0.000000 -23.772383 -15.949424 19.695720 -5.501586 7.125020 -0.000002 0.000000 7.989083 -9.716936 6.592316
1.211299 16.991913 8.195321 3.800134 24.352878 0.468057 0.000000 0.000000 0.000000 -28.595067 -4.026309 2.071366 3.536424 11.556750 33.943891 2.016279 -14.630058 -24.779228 0.256595 3.259110 9.000979 0.000000 0.000000 0.000000 21.794473 13.754199 -33.735921 -3.837448 -12.200065 34.829528 -0.465119 8.321560 1.719348 -0.327022 3.675477 -10.165414 -6.175987 -1.827022 7.050417 1.258649 -2.870651 0.580194 5.047078 -1.343734 -2.982302 -19.589224 -11.395422 -1.568463 23.186749 -17.325610 10.093032 9.325341 -8.261584 7.186393 0.000000 0.000000 0.000000 -47.594501 -4.528797 -27.652848 18.076966 -28.255607 -4.585620 -0.000002 0.000001 -4.984015 10.253619 37.986504 6.360828 -7.125020 0.000002 0.000000 -31.814292 65.741287 -16.660999 0.000000 0.000000 0.000000 52.598062 1.788489 0.384611 -51.227251 53.478627 -27.157353 0.000002 0.000000 -23.672962 -15.918642 19.689240 -5.488780 7.125020 -0.000002 0.000000 8.008702 -9.727141 6.607122
1.170049 17.001252 8.189133 3.610984 24.024400 0.611568 0.000000 0.000000 0.000000 -28.404663 -4.204677 1.858431 3.521466 11.546531 33.840786 2.113027 -14.114895 -25.140877 0.224931 3.052826 8.425852 0.000000 0.000000 0.000000 21.459781 14.191373 -33.939366 -3.947119 -12.347971 35.358111 -0.481934 8.100872 0.605009 -0.267962 3.329959 -9.198771 -6.130112 -1.607589 7.108585 1.313581 -2.575428 0.613152 5.055365 -1.196581 -3.018003 -19.938221 -11.477136 -1.540386 23.699718 -17.438037 9.672135 9.544949 -8.321271 7.168187 0.000000 0.000000 0.000000 -47.160582 -2.697125 -27.988039 18.180660 -28.387876 -4.634815 -0.000002 0.000001 -4.325287 11.182083 38.143581 6.966117 -7.125020 0.000002 0.000000 -31.042058 66.137352 -16.504283 0.000000 0.000000 0.000000 52.581722 2.098461 0.504257 -50.973732 53.380744 -26.953745 0.000002 0.000000 -23.527395 -15.935799 19.704175 -5.499105 7.125020 -0.000002 0.000000 7.998343 -9.709848 6.601020
1.127936 17.010796 8.183232 3.357667 23.686078 0.756156 0.000000 0.000000 0.000000 -28.128333 -4.388316 1.562071 3.523742 11.560605 33.825943 2.196787 -13.626285 -25.453002 0.201268 2.888785 7.969275 0.000000 0.000000 0.000000 21.153370 14.697375 -34.128007 -4.059433 -12.495998 35.894057 -0.510285 7.717862 -0.510373 -0.203261 2.902963 -8.008713 -6.042475 -1.381400 7.167493 1.396230 -2.267473 0.625800 5.067968 -1.042160 -3.078059 -20.265570 -11.578701 -1.529368 24.135793 -17.566914 9.270632 9.729401 -8.389809 7.154440 0.000000 0.000000 0.000000 -46.866185 -0.927956 -28.398719 18.252765 -28.479610 -4.669147 -0.000002 0.000001 -3.791809 11.998325 38.233656 7.494843 -7.125020 0.000002 0.000000 -30.292915 66.449168 -16.292191 0.000000 0.000000 0.000000 52.616231 2.335712 0.630036 -50.716931 53.280582 -26.747765 0.000002 -0.000000 -23.343133 -16.004694 19.753207 -5.537372 7.125020 -0.000002 0.000000 7.956105 -9.651675 6.574547
1.085745 17.020980 8.179077 3.091192 23.365559 0.904025 0.000000 0.000000 0.000000 -27.813105 -4.585084 1.238636 3.533250 11.582511 33.853872 2.256769 -13.198257 -25.682032 0.190457 2.810576 7.751819 0.000000 0.000000 0.000000 20.831922 15.208417 -34.305680 -4.177657 -12.648415 36.452007 -0.543997 7.229481 -1.615012 -0.145180 2.455490 -6.766254 -5.956369 -1.155014 7.220206 1.491363 -1.958788 0.626593 5.094099 -0.886685 -3.147233 -20.557291 -11.691812 -1.494092 24.493390 -17.703577 8.865363 9.879005 -8.465644 7.126390 0.000000 0.000000 0.000000 -46.703415 0.779687 -28.834378 18.302575 -28.542865 -4.692923 -0.000002 0.000001 -3.456057 12.654959 38.276786 7.918466 -7.125020 0.000002 0.000000 -29.644156 66.677942 -16.073112 0.000000 0.000000 0.000000 52.707058 2.503317 0.757409 -50.439205 53.171104 -26.525307 0.000002 -0.000000 -23.129380 -16.114623 19.839056 -5.600567 7.125020 -0.000002 0.000000 7.889042 -9.551078 6.533859
1.045687 17.032424 8.178864 2.879623 23.106390 1.042041 0.000000 0.000000 0.000000 -27.535312 -4.796027 0.981994 3.537616 11.592705 33.866325 2.287257 -12.849447 -25.811815 0.192281 2.823923 7.788922 0.000000 0.000000 0.000000 20.435149 15.614283 -34.464109 -4.305895 -12.810252 37.049564 -0.577030 6.720003 -2.677586 -0.094310 1.980558 -5.451932 -5.916075 -0.939695 7.262709 1.576671 -1.668054 0.634709 5.136511 -0.740308 -3.200126 -20.805220 -11.812527 -1.402863 24.772237 -17.845989 8.443275 9.993938 -8.549781 7.072451 0.000000 0.000000 0.000000 -46.663615 2.428869 -29.249601 18.342094 -28.592985 -4.711821 -0.000002 0.000001 -3.367245 13.138498 38.321218 8.234876 -7.125020 0.000002 0.000000 -29.178927 66.858487 -15.922519 0.000000 0.000000 0.000000 52.856023 2.604927 0.878112 -50.130181 53.047865 -26.278155 0.000002 -0.000000 -22.899335 -16.238540 19.946448 -5.674887 7.125020 -0.000002 0.000000 7.813975 -9.426796 6.490119
1.010062 17.045589 8.183910 2.760355 22.937377 1.150821 0.000000 0.000000 0.000000 -27.348065 -5.009061 0.865296 3.527650 11.578071 33.816790 2.292213 -12.569186 -25.853582 0.199819 2.878430 7.940476 0.000000 0.000000 0.000000 19.931719 15.824467 -34.592488 -4.446096 -12.983327 37.693845 -0.606012 6.261147 -3.656679 -0.048696 1.424124 -3.916607 -5.929961 -0.743783 7.302094 1.636145 -1.407869 0.661926 5.184078 -0.609889 -3.226815 -21.007770 -11.940891 -1.250141 24.970260 -17.997229 8.013542 10.072974 -8.643674 6.994348 0.000000 0.000000 0.000000 -46.736338 4.030777 -29.621798 18.378227 -28.638758 -4.729127 -0.000002 0.000001 -3.526708 13.446828 38.416513 8.450054 -7.125020 0.000002 0.000000 -28.971999 67.030623 -15.913898 0.000000 0.000000 0.000000 53.063135 2.636758 0.989132 -49.793606 52.911914 -26.009426 0.000002 -0.000000 -22.671970 -16.340514 20.049350 -5.740165 7.125020 -0.000002 0.000000 7.752907 -9.309667 6.457036
0.979533 17.060489 8.193125 2.707241 22.847342 1.222636 0.000000 0.000000 0.000000 -27.235779 -5.210067 0.886949 3.501280 11.537011 33.690815 2.280877 -12.329391 -25.831958 0.204499 2.911740 8.033127 0.000000 0.000000 0.000000 19.346778 15.840074 -34.693357 -4.596161 -13.164154 38.373900 -0.630750 5.877262 -4.523888 -0.013671 0.754948 -2.074777 -5.956191 -0.565730 7.352554 1.672156 -1.173741 0.700984 5.215556 -0.492991 -3.244118 -21.171392 -12.074535 -1.051047 25.093579 -18.156026 7.594000 10.119221 -8.745071 6.900922 0.000000 0.000000 0.000000 -46.911409 5.600535 -29.952774 18.410761 -28.679929 -4.744730 -0.000002 0.000001 -3.893853 13.565556 38.582942 8.557064 -7.125020 0.000002 0.000000 -29.072549 67.206011 -16.087466 0.000000 0.000000 0.000000 53.325154 2.597025 1.093426 -49.432372 52.763982 -25.721548 0.000002 -0.000000 -22.465646 -16.392866 20.128617 -5.780886 7.125020 -0.000002 0.000000 7.722750 -9.222598 6.445375
0.952869 17.076771 8.204127 2.657377 22.800288 1.263793 0.000000 0.000000 0.000000 -27.134730 -5.394752 0.985698 3.463748 11.478572 33.509924 2.262320 -12.108250 -25.772687 0.202222 2.895580 7.988174 0.000000 0.000000 0.000000 18.736946 15.739855 -34.776644 -4.750415 -13.345145 39.064018 -0.652648 5.544817 -5.277976 -0.000001 -0.006378 0.017522 -5.939867 -0.397542 7.418990 1.702670 -0.950421 0.739855 5.217747 -0.381752 -3.269926 -21.307578 -12.209563 -0.837433 25.156991 -18.316075 7.197646 10.139694 -8.848179 6.802915 0.000000 0.000000 0.000000 -47.185808 7.137695 -30.277089 18.433570 -28.708771 -4.755681 -0.000002 0.000001 -4.400973 13.480028 38.803236 8.541826 -7.125020 0.000002 0.000000 -29.477532 67.364531 -16.432330 0.000000 0.000000 0.000000 53.631873 2.504528 1.190496 -49.030748 52.597022 -25.402149 0.000002 -0.000000 -22.285919 -16.391467 20.182794 -5.794969 7.125020 -0.000002 0.000000 7.726043 -9.167632 6.457027
0.928026 17.093908 8.215375 2.559519 22.764151 1.283432 0.000000 0.000000 0.000000 -26.986400 -5.565330 1.094321 3.424256 11.417536 33.316441 2.244538 -11.896308 -25.701246 0.193631 2.833766 7.816284 0.000000 0.000000 0.000000 18.149800 15.614474 -34.843317 -4.902343 -13.518410 39.736304 -0.672976 5.217106 -5.937990 -0.015893 -0.813977 2.237102 -5.856206 -0.231250 7.487326 1.749288 -0.723477 0.781167 5.197915 -0.269569 -3.295435 -21.430768 -12.345398 -0.652717 25.179748 -18.472533 6.829042 10.142309 -8.947286 6.711979 0.000000 0.000000 0.000000 -47.569014 8.611633 -30.662371 18.437867 -28.714203 -4.757746 -0.000002 0.000001 -4.972572 13.224311 39.049667 8.419911 -7.125020 0.000002 0.000000 -30.112751 67.492244 -16.898417 0.000000 0.000000 0.000000 53.966770 2.399910 1.269318 -48.560675 52.398238 -25.029225 0.000002 -0.000000 -22.120415 -16.356067 20.220799 -5.792072 7.125020 -0.000002 0.000000 7.750472 -9.133304 6.483364
0.903313 17.111153 8.226708 2.395863 22.721226 1.287178 0.000000 0.000000 0.000000 -26.767185 -5.721702 1.171468 3.391520 11.368198 33.151379 2.234811 -11.686446 -25.641326 0.180295 2.734972 7.541746 0.000000 0.000000 0.000000 17.606834 15.521149 -34.884873 -5.047784 -13.679525 40.374135 -0.692137 4.848095 -6.527389 -0.062700 -1.615636 4.444557 -5.715183 -0.060319 7.534770 1.825827 -0.482849 0.839284 5.174906 -0.152453 -3.293709 -21.560058 -12.479959 -0.519763 25.193934 -18.620153 6.474946 10.141588 -9.038188 6.632813 0.000000 0.000000 0.000000 -48.075310 9.973114 -31.180733 18.415981 -28.686532 -4.747235 -0.000002 0.000001 -5.545336 12.892091 39.310710 8.249114 -7.125020 0.000002 0.000000 -30.859386 67.607289 -17.428411 0.000000 0.000000 0.000000 54.316369 2.318411 1.314852 -48.008503 52.160021 -24.592455 0.000002 -0.000000 -21.946751 -16.314606 20.248429 -5.784110 7.125020 -0.000002 0.000000 7.778337 -9.110309 6.510808
0.877979 17.127456 8.238549 2.178606 22.667526 1.279951 0.000000 0.000000 0.000000 -26.487942 -5.861299 1.201900 3.371134 11.339928 33.041868 2.237849 -11.472131 -25.609839 0.162650 2.598366 7.162491 0.000000 0.000000 0.000000 17.106154 15.469085 -34.895557 -5.186309 -13.828684 40.977034 -0.709806 4.405213 -7.065744 -0.131816 -2.340211 6.446848 -5.540882 0.119605 7.548203 1.931393 -0.224064 0.922039 5.160811 -0.028468 -3.249376 -21.714393 -12.601115 -0.407322 25.246224 -18.746218 6.098115 10.161984 -9.117216 6.553136 0.000000 0.000000 0.000000 -48.706780 11.186356 -31.869945 18.363584 -28.620215 -4.722111 -0.000002 0.000001 -6.077102 12.576418 39.581063 8.088823 -7.125020 0.000002 0.000000 -31.608299 67.733091 -17.973060 0.000000 0.000000 0.000000 54.679990 2.261263 1.323203 -47.389484 51.886797 -24.104501 0.000002 -0.000000 -21.745344 -16.283720 20.266247 -5.777410 7.125020 -0.000002 0.000000 7.798968 -9.096032 6.530699
0.852134 17.141590 8.250970 1.935840 22.612049 1.270573 0.000000 0.000000 0.000000 -26.177039 -5.985561 1.182613 3.365269 11.335719 33.000709 2.252699 -11.258727 -25.611234 0.140990 2.419944 6.667740 0.000000 0.000000 0.000000 16.632944 15.423472 -34.881888 -5.320044 -13.968904 41.554894 -0.725327 3.875065 -7.568709 -0.201229 -2.888512 7.968514 -5.352806 0.307788 7.530851 2.052656 0.049127 1.022958 5.153275 0.101231 -3.170287 -21.900716 -12.695037 -0.259226 25.370783 -18.838735 5.663134 10.222813 -9.182925 6.454199 0.000000 0.000000 0.000000 -49.448121 12.249000 -32.721416 18.280007 -28.514218 -4.682146 -0.000002 0.000001 -6.542223 12.315320 39.838485 7.960457 -7.125020 0.000002 0.000000 -32.284552 67.862919 -18.481495 0.000000 0.000000 0.000000 55.066548 2.203081 1.305028 -46.731796 51.589217 -23.588089 0.000002 -0.000000 -21.505400 -16.256357 20.274977 -5.769567 7.125020 -0.000002 0.000000 7.816926 -9.090560 6.546905
0.826365 17.152523 8.263452 1.695825 22.574112 1.270254 0.000000 0.000000 0.000000 -25.861463 -6.102235 1.115065 3.372971 11.352438 33.027527 2.272376 -11.068467 -25.635545 0.116868 2.204001 6.069780 0.000000 0.000000 0.000000 16.170959 15.322955 -34.859398 -5.451203 -14.103076 42.117430 -0.737946 3.265394 -8.048433 -0.242302 -3.167706 8.746005 -5.159134 0.497425 7.494093 2.174113 0.325335 1.132010 5.142232 0.231835 -3.071671 -22.110660 -12.763698 -0.058664 25.564770 -18.902682 5.167865 10.321745 -9.239051 6.332528 0.000000 0.000000 0.000000 -50.280131 13.183144 -33.692819 18.168817 -28.372789 -4.629187 -0.000002 0.000001 -6.931253 12.107311 40.050745 7.858507 -7.125020 0.000002 0.000000 -32.838187 67.970680 -18.902298 0.000000 0.000000 0.000000 55.481765 2.126475 1.270679 -46.051684 51.273416 -23.056331 0.000002 -0.000001 -21.222524 -16.201756 20.275994 -5.749575 7.125020 -0.000002 0.000000 7.852034 -9.096168 6.575926
0.801345 17.160082 8.275436 1.476743 22.574905 1.286346 0.000000 0.000000 0.000000 -25.556789 -6.220223 1.008297 3.390272 11.381952 33.107035 2.287617 -10.929099 -25.663348 0.093020 1.966999 5.414465 0.000000 0.000000 0.000000 15.706996 15.111559 -34.839926 -5.580009 -14.231757 42.665895 -0.746949 2.600181 -8.511828 -0.242746 -3.170588 8.754041 -4.959386 0.679229 7.447229 2.286366 0.591195 1.246628 5.119248 0.356985 -2.959511 -22.328502 -12.825511 0.160352 25.797962 -18.958847 4.637438 10.438962 -9.293085 6.201772 0.000000 0.000000 0.000000 -51.192385 14.019770 -34.713231 18.040438 -28.208913 -4.568342 -0.000002 0.000001 -7.268036 11.957410 40.204349 7.785148 -7.125020 0.000002 0.000000 -33.239033 68.047999 -19.207597 0.000000 0.000000 0.000000 55.923149 2.039269 1.218376 -45.346385 50.937047 -22.507391 0.000002 -0.000001 -20.896296 -16.081232 20.268760 -5.703032 7.125020 -0.000002 0.000000 7.929134 -9.117994 6.638037
0.777558 17.165486 8.287021 1.286323 22.627439 1.319121 0.000000 0.000000 0.000000 -25.268299 -6.343219 0.882045 3.410884 11.413241 33.210636 2.291043 -10.860511 -25.674155 0.072489 1.736926 4.779169 0.000000 0.000000 0.000000 15.224858 14.771035 -34.823383 -5.704020 -14.352673 43.190842 -0.751965 1.912768 -8.961646 -0.222236 -3.034604 8.375102 -4.751504 0.846653 7.395661 2.386066 0.837726 1.368559 5.080696 0.472191 -2.833635 -22.537594 -12.902192 0.350524 26.031688 -19.030692 4.105467 10.549908 -9.352684 6.079839 0.000000 0.000000 0.000000 -52.180897 14.794845 -35.686044 17.912390 -28.044839 -4.507977 -0.000002 0.000001 -7.616543 11.896787 40.317728 7.765017 -7.125020 0.000002 0.000000 -33.479579 68.120153 -19.408461 0.000000 0.000000 0.000000 56.385688 1.959942 1.141616 -44.600886 50.571447 -21.930041 0.000002 -0.000001 -20.534415 -15.872259 20.251062 -5.621199 7.125020 -0.000002 0.000000 8.062631 -9.160852 6.744625
0.755163 17.170954 8.299035 1.124259 22.731247 1.363435 0.000000 0.000000 0.000000 -24.993970 -6.467037 0.760894 3.428004 11.435627 33.304994 2.279289 -10.869918 -25.654065 0.057547 1.547938 4.257877 0.000000 0.000000 0.000000 14.704570 14.329071 -34.800423 -5.818821 -14.461663 43.675307 -0.753398 1.238845 -9.402728 -0.216291 -2.994002 8.262050 -4.534874 0.999350 7.346690 2.472564 1.064141 1.492449 5.025518 0.577457 -2.703311 -22.722996 -13.009643 0.481274 26.225276 -19.137573 3.612569 10.631527 -9.424435 5.982303 0.000000 0.000000 0.000000 -53.238298 15.546070 -36.521114 17.800664 -27.901171 -4.455570 -0.000002 0.000001 -8.042300 11.972381 40.427927 7.835951 -7.125020 0.000002 0.000000 -33.567272 68.231854 -19.540871 0.000000 0.000000 0.000000 56.866532 1.892359 1.044713 -43.798050 50.165869 -21.311717 0.000002 -0.000001 -20.159611 -15.581339 20.220648 -5.506200 7.125020 -0.000002 0.000000 8.248292 -9.226036 6.891738
0.733802 17.178359 8.312343 0.978413 22.871403 1.413332 0.000000 0.000000 0.000000 -24.720530 -6.581947 0.660195 3.436316 11.441959 33.361703 2.254034 -10.948976 -25.600422 0.048733 1.424657 3.918073 0.000000 0.000000 0.000000 14.139746 13.843604 -34.761262 -5.919319 -14.554146 44.100089 -0.752284 0.597022 -9.845885 -0.253319 -3.238398 8.943180 -4.305515 1.143769 7.313010 2.548059 1.278885 1.600209 4.952606 0.678058 -2.595146 -22.876394 -13.153900 0.547315 26.345321 -19.291431 3.203065 10.667853 -9.512864 5.920785 0.000000 0.000000 0.000000 -54.350758 16.300458 -37.184785 17.707550 -27.781074 -4.412083 -0.000002 0.000001 -8.554369 12.223617 40.565535 8.029404 -7.125020 0.000002 0.000000 -33.510352 68.420218 -19.637013 0.000000 0.000000 0.000000 57.365348 1.813994 0.946461 -42.930900 49.713600 -20.648017 0.000002 -0.000001 -19.805690 -15.234773 20.179050 -5.368443 7.125020 -0.000002 0.000000 8.469297 -9.308633 7.065792
0.712597 17.188287 8.327106 0.826431 23.023653 1.467024 0.000000 0.000000 0.000000 -24.425725 -6.679315 0.578265 3.432833 11.429599 33.361575 2.221227 -11.072616 -25.519942 0.044957 1.368418 3.763118 0.000000 0.000000 0.000000 13.548351 13.376814 -34.702256 -6.000924 -14.626261 44.448219 -0.749130 -0.030156 -10.301999 -0.351909 -3.811381 10.546614 -4.055866 1.289205 7.305401 2.618784 1.494846 1.671271 4.862604 0.781471 -2.537889 -23.000689 -13.329087 0.562503 26.383845 -19.490782 2.903332 10.658015 -9.617540 5.899131 0.000000 0.000000 0.000000 -55.507090 17.061668 -37.727196 17.617758 -27.664953 -4.370313 -0.000002 0.000001 -9.072951 12.630771 40.731465 8.332045 -7.125020 0.000002 0.000000 -33.336072 68.680365 -19.711554 0.000000 0.000000 0.000000 57.882881 1.695137 0.866440 -42.006092 49.214521 -19.945151 0.000002 -0.000001 -19.496742 -14.858209 20.138708 -5.220624 7.125020 -0.000002 0.000000 8.709586 -9.392848 7.255916
0.690836 17.200451 8.342954 0.654843 23.168955 1.527387 0.000000 0.000000 0.000000 -24.099481 -6.757059 0.508706 3.416269 11.398472 33.293459 2.187454 -11.208221 -25.420925 0.044521 1.361779 3.744827 0.000000 0.000000 0.000000 12.952449 12.963094 -34.623694 -6.060326 -14.675509 44.707726 -0.742824 -0.682524 -10.770784 -0.522058 -4.630613 12.857929 -3.785856 1.440314 7.323300 2.691170 1.718769 1.700218 4.761489 0.891168 -2.537818 -23.107490 -13.519729 0.550396 26.365510 -19.718205 2.697874 10.618014 -9.731813 5.908329 0.000000 0.000000 0.000000 -56.709500 17.813071 -38.255983 17.507278 -27.521656 -4.319139 -0.000002 0.000001 -9.451466 13.062179 40.893082 8.649361 -7.125020 0.000002 0.000000 -33.137549 68.945274 -19.776659 0.000000 0.000000 0.000000 58.416888 1.532460 0.809978 -41.032631 48.669923 -19.211099 0.000002 -0.000001 -19.226263 -14.467588 20.124929 -5.074590 7.125020 -0.000002 0.000000 8.959666 -9.451231 7.459205
0.668713 17.214631 8.359747 0.475936 23.305724 1.598697 0.000000 0.000000 0.000000 -23.760984 -6.818696 0.457129 3.385983 11.348406 33.151243 2.156184 -11.331586 -25.307009 0.045997 1.384140 3.806432 0.000000 0.000000 0.000000 12.352851 12.590363 -34.523508 -6.095920 -14.700990 44.873052 -0.730914 -1.390234 -11.236212 -0.759147 -5.564446 15.525744 -3.511174 1.593311 7.355102 2.766192 1.945173 1.700630 4.660021 1.003561 -2.574303 -23.207947 -13.707202 0.541992 26.330370 -19.947226 2.530284 10.571400 -9.846084 5.925788 0.000000 0.000000 0.000000 -57.972728 18.538125 -38.849677 17.362979 -27.333801 -4.252670 -0.000002 0.000001 -9.591091 13.357747 41.018557 8.867737 -7.125020 0.000002 0.000000 -33.034491 69.138647 -19.854420 0.000000 0.000000 0.000000 58.957905 1.356679 0.768017 -40.010270 48.075977 -18.446881 0.000002 -0.000001 -18.954743 -14.079464 20.167874 -4.942933 7.125020 -0.000002 0.000000 9.209667 -9.451677 7.673646
0.647007 17.230886 8.377838 0.318194 23.445215 1.685110 0.000000 0.000000 0.000000 -23.444799 -6.868793 0.437026 3.341923 11.278862 32.934042 2.127319 -11.436355 -25.178066 0.048504 1.421295 3.908810 0.000000 0.000000 0.000000 11.734114 12.216258 -34.398585 -6.107961 -14.703426 44.945535 -0.710844 -2.162642 -11.673993 -1.040158 -6.486347 18.202258 -3.256318 1.740488 7.383374 2.839518 2.162433 1.692876 4.569233 1.111782 -2.615897 -23.304560 -13.877303 0.569981 26.307716 -20.155068 2.334663 10.535771 -9.952954 5.924469 0.000000 0.000000 0.000000 -59.311365 19.234909 -39.488775 17.194415 -27.113358 -4.175558 -0.000002 0.000001 -9.545388 13.492479 41.111856 8.971668 -7.125020 0.000002 0.000000 -33.055366 69.255278 -19.957936 0.000000 0.000000 0.000000 59.491480 1.209579 0.725589 -38.930058 47.423066 -17.647270 0.000002 -0.000000 -18.622901 -13.718792 20.292381 -4.839435 7.125020 -0.000002 0.000000 9.444087 -9.366761 7.891853
0.626105 17.248901 8.397589 0.201106 23.596354 1.790653 0.000000 0.000000 0.000000 -23.171300 -6.910445 0.450953 3.285925 11.191495 32.651511 2.099572 -11.530377 -25.035926 0.051465 1.463973 4.026423 0.000000 0.000000 0.000000 11.089530 11.800307 -34.253180 -6.098431 -14.684972 44.932892 -0.681129 -2.995391 -12.065093 -1.331159 -7.306089 20.625411 -3.037948 1.877873 7.390566 2.906318 2.364154 1.691483 4.494688 1.211927 -2.637502 -23.390273 -14.025611 0.652002 26.304820 -20.332530 2.071968 10.515623 -10.050030 5.887466 0.000000 0.000000 0.000000 -60.726346 19.906601 -40.093650 17.020227 -26.884433 -4.096482 -0.000002 0.000001 -9.454018 13.574008 41.199540 9.039785 -7.125020 0.000002 0.000000 -33.123553 69.350639 -20.075434 0.000000 0.000000 0.000000 60.007093 1.117471 0.666273 -37.786291 46.702276 -16.809889 0.000002 -0.000000 -18.169674 -13.403700 20.508958 -4.771851 7.125020 -0.000002 0.000000 9.651450 -9.184313 8.107070
0.605606 17.267389 8.418728 0.122770 23.756520 1.918695 0.000000 0.000000 0.000000 -22.935398 -6.946488 0.480608 3.222787 11.092629 32.328344 2.072868 -11.624012 -24.888765 0.054250 1.503002 4.133998 0.000000 0.000000 0.000000 10.431932 11.322607 -34.101952 -6.070480 -14.648708 44.847150 -0.641962 -3.874725 -12.405627 -1.605084 -7.989897 22.683402 -2.854653 2.007707 7.365932 2.964670 2.553362 1.702012 4.433631 1.305213 -2.627636 -23.455066 -14.156562 0.777514 26.314749 -20.482978 1.741518 10.505485 -10.138207 5.815241 0.000000 0.000000 0.000000 -62.204962 20.541046 -40.620177 16.847892 -26.656815 -4.018858 -0.000002 0.000001 -9.398389 13.709432 41.298630 9.148299 -7.125020 0.000002 0.000000 -33.150214 69.472647 -20.182727 0.000000 0.000000 0.000000 60.503807 1.083263 0.573191 -36.589644 45.914440 -15.944596 0.000002 -0.000000 -17.548281 -13.124235 20.805253 -4.732718 7.125020 -0.000002 0.000000 9.837735 -8.918138 8.322388
0.584893 17.284351 8.440245 0.071322 23.916340 2.071630 0.000000 0.000000 0.000000 -22.723391 -6.982952 0.496765 3.159379 10.992426 32.000019 2.048835 -11.721232 -24.750913 0.056208 1.529853 4.208018 0.000000 0.000000 0.000000 9.778459 10.780971 -33.961380 -6.027470 -14.597785 44.701044 -0.594969 -4.777763 -12.706146 -1.853578 -8.554187 24.410422 -2.693068 2.133474 7.308260 3.014628 2.735500 1.726185 4.378162 1.394265 -2.584019 -23.495371 -14.275579 0.914291 26.332759 -20.611002 1.363685 10.499900 -10.216986 5.719722 0.000000 0.000000 0.000000 -63.733978 21.103462 -41.109074 16.669526 -26.420051 -3.939164 -0.000002 0.000001 -9.350995 13.929727 41.406729 9.317835 -7.125020 0.000002 0.000000 -33.098355 69.629449 -20.261617 0.000000 0.000000 0.000000 60.987845 1.099491 0.431967 -35.367251 45.072597 -15.072780 0.000002 -0.000000 -16.736192 -12.844655 21.145838 -4.700345 7.125020 -0.000002 0.000000 10.024759 -8.607872 8.549309
0.563906 17.298066 8.461066 0.042816 24.071991 2.249569 0.000000 0.000000 0.000000 -22.534507 -7.030666 0.480232 3.102022 10.900787 31.700118 2.029445 -11.819006 -24.638184 0.057075 1.541581 4.240351 0.000000 0.000000 0.000000 9.131923 10.173482 -33.838161 -5.971907 -14.534451 44.503901 -0.542242 -5.674759 -12.980231 -2.079967 -9.030697 25.891398 -2.540101 2.254339 7.224105 3.054285 2.910062 1.765504 4.318899 1.478813 -2.508169 -23.518111 -14.382252 1.034078 26.367198 -20.714708 0.956723 10.501344 -10.283103 5.612916 0.000000 0.000000 0.000000 -65.304560 21.553802 -41.655523 16.469366 -26.152929 -3.850520 -0.000002 0.000001 -9.218267 14.183071 41.507587 9.509692 -7.125020 0.000002 0.000000 -32.997747 69.791503 -20.311029 0.000000 0.000000 0.000000 61.470267 1.159519 0.236716 -34.147941 44.194035 -14.216091 0.000002 -0.000000 -15.744992 -12.529014 21.484879 -4.651074 7.125020 -0.000002 0.000000 10.234031 -8.303429 8.796827
0.543164 17.307911 8.480938 0.040091 24.228165 2.446179 0.000000 0.000000 0.000000 -22.377514 -7.100042 0.434225 3.053988 10.823028 31.447444 2.015268 -11.911610 -24.560812 0.057279 1.544343 4.247965 0.000000 0.000000 0.000000 8.486458 9.490645 -33.725306 -5.904656 -14.459307 44.258519 -0.485223 -6.538444 -13.231874 -2.282796 -9.431828 27.155702 -2.383474 2.367458 7.129588 3.077928 3.073668 1.815203 4.242743 1.557418 -2.412753 -23.534670 -14.473254 1.136844 26.433322 -20.793012 0.532247 10.517432 -10.335922 5.501632 0.000000 0.000000 0.000000 -66.898625 21.881259 -42.328617 16.233335 -25.836003 -3.747071 -0.000002 0.000001 -8.914831 14.361760 41.579036 9.645317 -7.125020 0.000002 0.000000 -32.928266 69.906149 -20.346981 0.000000 0.000000 0.000000 61.969379 1.246270 -0.004816 -32.948899 43.290719 -13.387012 0.000002 -0.000001 -14.632684 -12.163339 21.781653 -4.571147 7.125020 -0.000002 0.000000 10.473113 -8.046958 9.062990
0.523186 17.314401 8.500597 0.058316 24.387303 2.646312 0.000000 0.000000 0.000000 -22.251429 -7.191388 0.378971 3.014717 10.758235 31.241056 2.004684 -11.994388 -24.518097 0.057825 1.551664 4.268150 0.000000 0.000000 0.000000 7.846641 8.729851 -33.605446 -5.824789 -14.371105 43.960405 -0.423891 -7.358122 -13.451519 -2.446805 -9.740536 28.140530 -2.206426 2.474742 7.051132 3.079366 3.229682 1.859492 4.132225 1.632407 -2.327774 -23.551018 -14.550885 1.245570 26.535517 -20.856863 0.106630 10.550327 -10.382241 5.390921 0.000000 0.000000 0.000000 -68.483243 22.121152 -43.112493 15.958210 -25.463946 -3.627976 -0.000002 0.000001 -8.428914 14.391866 41.598735 9.669127 -7.125020 0.000002 0.000000 -32.931192 69.931324 -20.367636 0.000000 0.000000 0.000000 62.508417 1.321722 -0.275131 -31.777223 42.368847 -12.590439 0.000002 -0.000001 -13.493943 -11.755886 22.007356 -4.458503 7.125020 -0.000002 0.000000 10.735862 -7.865994 9.336325
0.504138 17.318612 8.521021 0.085571 24.542048 2.832549 0.000000 0.000000 0.000000 -22.144563 -7.290835 0.337006 2.980981 10.701146 31.065201 1.994866 -12.064686 -24.498927 0.059476 1.573625 4.328703 0.000000 0.000000 0.000000 7.226907 7.907580 -33.456850 -5.730180 -14.267261 43.599976 -0.357033 -8.143772 -13.623780 -2.549658 -9.927639 28.742723 -1.996073 2.582521 7.011342 3.057141 3.387418 1.884717 3.976560 1.708958 -2.279840 -23.564215 -14.626083 1.371136 26.658919 -20.926434 -0.296161 10.590947 -10.432249 5.288610 0.000000 0.000000 0.000000 -70.035536 22.321732 -43.940691 15.654192 -25.049525 -3.498258 -0.000002 0.000001 -7.820727 14.323404 41.544624 9.611217 -7.125020 0.000002 0.000000 -32.911732 69.865812 -20.309392 0.000000 0.000000 0.000000 63.101825 1.353375 -0.561813 -30.638336 41.434291 -11.829791 0.000002 -0.000001 -12.415905 -11.324160 22.145732 -4.317867 7.125020 -0.000002 0.000000 11.010820 -7.774369 9.603086
0.485932 17.321604 8.542629 0.118324 24.681633 2.996471 0.000000 0.000000 0.000000 -22.051544 -7.376563 0.321677 2.948985 10.645901 30.899340 1.984189 -12.121922 -24.488940 0.061751 1.603385 4.410770 0.000000 0.000000 0.000000 6.632800 7.051071 -33.260508 -5.618668 -14.144930 43.167044 -0.283826 -8.913591 -13.742609 -2.581553 -9.984700 28.927199 -1.757045 2.694924 7.013488 3.014760 3.552345 1.894123 3.781451 1.789685 -2.268151 -23.567382 -14.712163 1.494323 26.781295 -21.017847 -0.657199 10.625259 -10.492010 5.203599 0.000000 0.000000 0.000000 -71.562778 22.498101 -44.773875 15.336911 -24.613353 -3.365015 -0.000002 0.000001 -7.157282 14.279854 41.401753 9.553831 -7.125020 0.000002 0.000000 -32.709099 69.737880 -20.086271 0.000000 0.000000 0.000000 63.745877 1.346860 -0.869456 -29.536840 40.493075 -11.107635 0.000002 -0.000001 -11.439441 -10.886703 22.195228 -4.157530 7.125020 -0.000002 0.000000 11.286471 -7.771192 9.852389
0.468270 17.324174 8.565336 0.165900 24.801198 3.142641 0.000000 0.000000 0.000000 -21.978208 -7.429085 0.333784 2.915993 10.588827 30.726753 1.973711 -12.168715 -24.478241 0.062937 1.618687 4.452972 0.000000 0.000000 0.000000 6.054798 6.184836 -33.006689 -5.489252 -14.002199 42.655596 -0.205137 -9.678940 -13.820731 -2.558107 -9.942798 28.791694 -1.508676 2.811781 7.047082 2.955435 3.723220 1.898743 3.561843 1.873566 -2.276353 -23.556674 -14.814328 1.595562 26.892706 -21.134038 -0.974257 10.646814 -10.561470 5.138727 0.000000 0.000000 0.000000 -73.084109 22.640577 -45.591417 15.020704 -24.174942 -3.234416 -0.000002 0.000001 -6.498314 14.326215 41.182079 9.543789 -7.125020 0.000002 0.000000 -32.276926 69.577439 -19.690771 0.000000 0.000000 0.000000 64.427559 1.332845 -1.214585 -28.470421 39.545712 -10.421842 0.000002 -0.000001 -10.561947 -10.465101 22.174637 -3.990491 7.125020 -0.000002 0.000000 11.549997 -7.835283 10.076689
0.450517 17.326822 8.589191 0.234948 24.901722 3.281566 0.000000 0.000000 0.000000 -21.925148 -7.438006 0.363858 2.880949 10.529106 30.539164 1.966034 -12.211335 -24.462699 0.061441 1.599365 4.399683 0.000000 0.000000 0.000000 5.485640 5.328692 -32.697970 -5.342697 -13.838782 42.066413 -0.123315 -10.441709 -13.886442 -2.509731 -9.855575 28.510299 -1.269399 2.931757 7.099997 2.881392 3.897323 1.900648 3.331076 1.959074 -2.296219 -23.534613 -14.924559 1.687327 27.001904 -21.264290 -1.262265 10.662400 -10.636673 5.086328 0.000000 0.000000 0.000000 -74.606533 22.754043 -46.337698 14.717989 -23.751781 -3.111467 -0.000002 0.000001 -5.925782 14.427513 40.930245 9.565286 -7.125020 0.000002 0.000000 -31.734952 69.407940 -19.220116 0.000000 0.000000 0.000000 65.135457 1.333529 -1.609771 -27.427397 38.583726 -9.764497 0.000002 -0.000001 -9.763990 -10.089049 22.130249 -3.836937 7.125020 -0.000002 0.000000 11.784012 -7.917755 10.270931
0.431849 17.329774 8.614641 0.311894 24.983901 3.419252 0.000000 0.000000 0.000000 -21.871654 -7.404172 0.396860 2.844467 10.468259 30.338327 1.963086 -12.256752 -24.441671 0.056999 1.540564 4.237549 0.000000 0.000000 0.000000 4.939927 4.501628 -32.346950 -5.181328 -13.655966 41.406550 -0.041407 -11.199603 -13.977278 -2.462325 -9.769078 28.232131 -1.042695 3.054554 7.159489 2.799783 4.074494 1.893096 3.098812 2.046134 -2.327957 -23.509463 -15.028701 1.802306 27.124083 -21.392644 -1.542210 10.684782 -10.712778 5.033787 0.000000 0.000000 0.000000 -76.125388 22.861954 -46.946515 14.435254 -23.353514 -2.998488 -0.000002 0.000001 -5.504929 14.500539 40.698608 9.571432 -7.125020 0.000002 0.000000 -31.264925 69.244442 -18.803427 0.000000 0.000000 0.000000 65.859885 1.352104 -2.055835 -26.395364 37.596456 -9.127802 0.000002 -0.000001 -9.029851 -9.791036 22.127168 -3.720282 7.125020 -0.000002 0.000000 11.969531 -7.951190 10.433343
0.411691 17.333070 8.642159 0.364210 25.045139 3.553082 0.000000 0.000000 0.000000 -21.781204 -7.338916 0.418053 2.808455 10.409385 30.134830 1.965326 -12.307546 -24.418471 0.050512 1.450395 3.989001 0.000000 0.000000 0.000000 4.452245 3.719877 -31.970900 -5.008451 -13.456173 40.687286 0.037054 -11.947645 -14.137777 -2.432682 -9.714464 28.056941 -0.812703 3.181259 7.213119 2.723429 4.257854 1.869309 2.869470 2.136259 -2.371417 -23.491876 -15.119715 1.958563 27.264897 -21.511759 -1.822273 10.720515 -10.787780 4.975754 0.000000 0.000000 0.000000 -77.631140 22.982600 -47.396958 14.168125 -22.974550 -2.893408 -0.000002 0.000001 -5.225568 14.465032 40.520500 9.514419 -7.125020 0.000002 0.000000 -31.009232 69.088752 -18.532161 0.000000 0.000000 0.000000 66.592905 1.378336 -2.549068 -25.373433 36.583242 -8.511475 0.000002 -0.000001 -8.354166 -9.589203 22.211881 -3.654691 7.125020 -0.000002 0.000000 12.096129 -7.888185 10.565448
0.389741 17.336672 8.671887 0.359312 25.080083 3.676640 0.000000 0.000000 0.000000 -21.621539 -7.258931 0.416713 2.775356 10.356184 29.943491 1.972601 -12.360509 -24.401368 0.043135 1.340451 3.686073 0.000000 0.000000 0.000000 4.057450 2.995684 -31.587053 -4.827945 -13.242694 39.922816 0.108598 -12.680989 -14.417339 -2.435491 -9.719656 28.073584 -0.556702 3.314643 7.254874 2.664129 4.453139 1.826098 2.642138 2.232195 -2.426068 -23.489828 -15.203758 2.141160 27.414137 -21.629720 -2.085707 10.763844 -10.864108 4.920988 0.000000 0.000000 0.000000 -79.111985 23.114326 -47.719688 13.904498 -22.598015 -2.791306 -0.000002 0.000001 -5.017928 14.276607 40.403835 9.366207 -7.125020 0.000002 0.000000 -31.026885 68.934033 -18.437141 0.000000 0.000000 0.000000 67.330474 1.398019 -3.090424 -24.371496 35.554644 -7.921543 0.000002 -0.000001 -7.739338 -9.476487 22.378447 -3.636298 7.125020 -0.000002 0.000000 12.168389 -7.735512 10.669487
0.365619 17.340431 8.703687 0.286645 25.082394 3.788608 0.000000 0.000000 0.000000 -21.383813 -7.178696 0.386724 2.747230 10.311783 29.777325 1.984901 -12.410750 -24.400361 0.035722 1.219962 3.354241 0.000000 0.000000 0.000000 3.769727 2.336964 -31.210368 -4.644106 -13.019671 39.129897 0.171490 -13.401336 -14.856866 -2.484234 -9.809181 28.360991 -0.268945 3.457858 7.286602 2.626787 4.665094 1.764512 2.418148 2.336220 -2.492207 -23.504114 -15.294782 2.308813 27.549370 -21.762563 -2.299568 10.799572 -10.945605 4.886771 0.000000 0.000000 0.000000 -80.562226 23.235232 -47.971664 13.633697 -22.208628 -2.688097 -0.000002 0.000001 -4.816063 13.965673 40.336844 9.145287 -7.125020 0.000002 0.000000 -31.262109 68.781150 -18.481612 0.000000 0.000000 0.000000 68.069941 1.406380 -3.685165 -23.399515 34.522792 -7.363468 0.000002 -0.000001 -7.188110 -9.426333 22.576308 -3.647021 7.125020 -0.000002 0.000000 12.202378 -7.545715 10.747184
0.338934 17.343962 8.737540 0.167827 25.048655 3.896797 0.000000 0.000000 0.000000 -21.091040 -7.107299 0.328906 2.725163 10.277762 29.643934 2.001855 -12.455202 -24.422072 0.028809 1.095693 3.012145 0.000000 0.000000 0.000000 3.573524 1.738193 -30.850517 -4.461276 -12.791800 38.326553 0.227108 -14.115132 -15.461543 -2.581218 -9.984102 28.925267 0.026873 3.610869 7.309816 2.608250 4.891654 1.691797 2.207959 2.447330 -2.564914 -23.528303 -15.403215 2.418899 27.648871 -21.919281 -2.441242 10.813243 -11.032739 4.885102 0.000000 0.000000 0.000000 -81.989551 23.313661 -48.211475 13.352576 -21.801626 -2.582762 -0.000002 0.000000 -4.598381 13.634710 40.299537 8.916734 -7.125020 0.000002 0.000000 -31.567404 68.646609 -18.582414 0.000000 0.000000 0.000000 68.808322 1.413493 -4.336804 -22.464583 33.498098 -6.840490 0.000002 -0.000001 -6.692777 -9.407530 22.746056 -3.665682 7.125020 -0.000002 0.000000 12.216682 -7.380434 10.800580
0.309635 17.346745 8.773996 0.039380 24.978681 4.011893 0.000000 0.000000 0.000000 -20.781592 -7.049768 0.252481 2.709192 10.253840 29.545121 2.021953 -12.490125 -24.467091 0.022799 0.974809 2.679500 0.000000 0.000000 0.000000 3.439022 1.182051 -30.507847 -4.283031 -12.563387 37.528551 0.279506 -14.827515 -16.186562 -2.707852 -10.206390 29.647701 0.293342 3.769841 7.316309 2.601832 5.124268 1.620079 2.027478 2.561429 -2.629320 -23.556082 -15.524837 2.461741 27.712324 -22.089401 -2.525481 10.805436 -11.119927 4.909981 0.000000 0.000000 0.000000 -83.407981 23.323272 -48.493597 13.063465 -21.380131 -2.476375 -0.000002 0.000001 -4.368748 13.376982 40.275426 8.739914 -7.125020 0.000002 0.000000 -31.812774 68.546254 -18.668165 0.000000 0.000000 0.000000 69.545716 1.431269 -5.041039 -21.575079 32.493464 -6.356062 0.000002 -0.000001 -6.229539 -9.399984 22.847657 -3.678327 7.125020 -0.000002 0.000000 12.223040 -7.281102 10.830512
0.278088 17.348582 8.813757 -0.080256 24.869076 4.137676 0.000000 0.000000 0.000000 -20.477842 -7.009043 0.169304 2.698527 10.238332 29.477724 2.042926 -12.504479 -24.530129 0.017948 0.864986 2.377392 0.000000 0.000000 0.000000 3.349920 0.662896 -30.176157 -4.111356 -12.337177 36.745353 0.333221 -15.542365 -16.961784 -2.828820 -10.412650 30.323621 0.513048 3.931544 7.294448 2.603629 5.356688 1.558024 1.884158 2.675581 -2.670762 -23.590259 -15.638617 2.476783 27.770565 -22.243536 -2.607003 10.797806 -11.197219 4.936598 0.000000 0.000000 0.000000 -84.824116 23.250857 -48.880118 12.768557 -20.947157 -2.369903 -0.000002 0.000001 -4.108685 13.202466 40.252715 8.619385 -7.125020 0.000002 0.000000 -31.968172 68.473380 -18.715383 0.000000 0.000000 0.000000 70.285697 1.458056 -5.783677 -20.737620 31.520793 -5.912166 0.000002 -0.000001 -5.766177 -9.404193 22.867961 -3.683153 7.125020 -0.000002 0.000000 12.220784 -7.260621 10.833344
0.244969 17.349916 8.856617 -0.202493 24.710568 4.267807 0.000000 0.000000 0.000000 -20.175794 -6.986974 0.088238 2.691832 10.228916 29.434531 2.063101 -12.477148 -24.603161 0.014093 0.766521 2.106600 0.000000 0.000000 0.000000 3.310568 0.201455 -29.849186 -3.946504 -12.113895 35.978901 0.390922 -16.263349 -17.734327 -2.913294 -10.553351 30.787903 0.705722 4.097029 7.246181 2.613426 5.591713 1.504705 1.766402 2.791111 -2.689391 -23.640895 -15.721460 2.522825 27.863761 -22.353336 -2.744138 10.817792 -11.256846 4.938333 0.000000 0.000000 0.000000 -86.229976 23.092903 -49.435187 12.466898 -20.501138 -2.263153 -0.000002 0.000001 -3.763741 13.049520 40.215332 8.511305 -7.125020 0.000002 0.000000 -32.075347 68.395583 -18.727676 0.000000 0.000000 0.000000 71.029886 1.481850 -6.547582 -19.949337 30.581255 -5.505550 0.000002 -0.000000 -5.277248 -9.435395 22.810855 -3.686713 7.125020 -0.000002 0.000000 12.200443 -7.313656 10.801726
0.211006 17.351561 8.901408 -0.349317 24.492653 4.391209 0.000000 0.000000 0.000000 -19.863117 -6.982904 0.017233 2.687314 10.222828 29.404692 2.082254 -12.381588 -24.679819 0.010538 0.662865 1.821594 0.000000 0.000000 0.000000 3.328686 -0.166217 -29.521006 -3.787841 -11.893090 35.226962 0.452621 -16.990787 -18.486507 -2.957389 -10.625751 31.027846 0.908463 4.271283 7.188708 2.631163 5.839144 1.454197 1.651258 2.912609 -2.697658 -23.713084 -15.767714 2.626617 28.006140 -22.414156 -2.953285 10.874578 -11.299106 4.907521 0.000000 0.000000 0.000000 -87.605536 22.850103 -50.183420 12.155348 -20.037206 -2.155222 -0.000002 0.000001 -3.279986 12.848044 40.139027 8.364959 -7.125020 0.000002 0.000000 -32.172736 68.271446 -18.699977 0.000000 0.000000 0.000000 71.775553 1.493259 -7.321606 -19.201711 29.668548 -5.130311 0.000002 -0.000000 -4.757881 -9.505569 22.682937 -3.694532 7.125020 -0.000002 0.000000 12.154665 -7.432551 10.730866
0.176632 17.354099 8.946973 -0.529430 24.207231 4.500987 0.000000 0.000000 0.000000 -19.539443 -6.991836 -0.033203 2.682522 10.216252 29.373289 2.101033 -12.193082 -24.756835 0.006550 0.522606 1.436038 0.000000 0.000000 0.000000 3.399584 -0.409355 -29.185106 -3.635188 -11.674883 34.489390 0.516200 -17.717271 -19.223359 -2.985238 -10.671117 31.178562 1.142782 4.460390 7.139519 2.654479 6.109002 1.402982 1.522129 3.044830 -2.706954 -23.800655 -15.791750 2.764210 28.176185 -22.445743 -3.200578 10.952886 -11.330945 4.858913 0.000000 0.000000 0.000000 -88.928425 22.530982 -51.065593 11.832965 -19.553662 -2.046041 -0.000002 0.000001 -2.656061 12.572388 40.005252 8.160435 -7.125020 0.000002 0.000000 -32.260784 68.078170 -18.616511 0.000000 0.000000 0.000000 72.520638 1.487790 -8.100003 -18.494197 28.785338 -4.784839 0.000002 -0.000000 -4.224824 -9.613633 22.492951 -3.707130 7.125020 -0.000002 0.000000 12.084265 -7.608891 10.623760
0.141914 17.357607 8.993097 -0.730417 23.854012 4.598571 0.000000 0.000000 0.000000 -19.220812 -7.007388 -0.048691 2.674318 10.203949 29.321954 2.119699 -11.898474 -24.832293 0.002362 0.313859 0.862363 0.000000 0.000000 0.000000 3.505297 -0.521294 -28.836260 -3.489784 -11.461462 33.773154 0.577779 -18.425506 -19.955957 -3.029003 -10.741855 31.414138 1.401625 4.666469 7.105691 2.678142 6.403577 1.350846 1.376856 3.188915 -2.721829 -23.891887 -15.814842 2.883475 28.336429 -22.475081 -3.429235 11.026713 -11.359945 4.817266 0.000000 0.000000 0.000000 -90.183482 22.160556 -51.939405 11.505548 -19.058995 -1.937790 -0.000002 0.000001 -1.967509 12.255857 39.821416 7.921442 -7.125020 0.000002 0.000000 -32.318165 67.832160 -18.476065 0.000000 0.000000 0.000000 73.269184 1.461317 -8.877461 -17.837877 27.949078 -4.472997 0.000002 -0.000001 -3.698281 -9.751551 22.260075 -3.723867 7.125020 -0.000002 0.000000 11.994547 -7.824691 10.489879
0.106705 17.361850 9.040877 -0.924860 23.452618 4.689317 0.000000 0.000000 0.000000 -18.930971 -7.026243 -0.004731 2.659521 10.180291 29.232600 2.138465 -11.511076 -24.907441 0.000010 0.020428 0.056127 0.000000 0.000000 0.000000 3.622091 -0.531626 -28.468373 -3.354176 -11.257204 33.092447 0.631298 -19.089547 -20.699164 -3.111533 -10.873450 31.854265 1.657971 4.881278 7.084604 2.694812 6.709614 1.298571 1.224257 3.338478 -2.742076 -23.975748 -15.851873 2.935824 28.456328 -22.520122 -3.590423 11.074965 -11.389685 4.803215 0.000000 0.000000 0.000000 -91.366572 21.779314 -52.633969 11.185827 -18.572529 -1.834670 -0.000002 0.000001 -1.343816 11.964189 39.621259 7.697090 -7.125020 0.000002 0.000000 -32.328396 67.580813 -18.302915 0.000000 0.000000 0.000000 74.029234 1.412291 -9.645418 -17.244319 27.178735 -4.198327 0.000002 -0.000001 -3.185156 -9.909091 22.009297 -3.744316 7.125020 -0.000002 0.000000 11.892262 -8.056430 10.341278
0.070711 17.366450 9.092267 -1.081974 23.044292 4.776755 0.000000 0.000000 0.000000 -18.688894 -7.054042 0.117076 2.636324 10.141692 29.095309 2.155030 -11.071232 -24.973666 0.002934 -0.349798 -0.961121 0.000000 0.000000 0.000000 3.729271 -0.497310 -28.071708 -3.231185 -11.067324 32.463863 0.668301 -19.678988 -21.478782 -3.242884 -11.078224 32.544145 1.878472 5.084870 7.069961 2.697851 6.997761 1.246356 1.078937 3.479229 -2.766823 -24.040899 -15.904341 2.897497 28.519843 -22.580983 -3.661502 11.088171 -11.417688 4.823273 0.000000 0.000000 0.000000 -92.484337 21.431021 -53.020766 10.889041 -18.117975 -1.741258 -0.000002 0.000001 -0.919222 11.750035 39.442397 7.527775 -7.125020 0.000002 0.000000 -32.291688 67.370412 -18.130767 0.000000 0.000000 0.000000 74.804767 1.346356 -10.385667 -16.713182 26.478113 -3.958609 0.000002 -0.000001 -2.681593 -10.071486 21.761265 -3.765965 7.125020 -0.000002 0.000000 11.786942 -8.285226 10.191227
0.033428 17.370898 9.148793 -1.179490 22.666252 4.865783 0.000000 0.000000 0.000000 -18.502538 -7.099284 0.316768 2.605267 10.088684 28.913048 2.166928 -10.628463 -25.018208 0.014122 -0.767293 -2.108724 0.000000 0.000000 0.000000 3.816735 -0.468154 -27.643084 -3.122661 -10.895926 31.899864 0.680241 -20.167494 -22.324192 -3.419460 -11.344957 33.452283 2.034614 5.256012 7.056517 2.684126 7.237547 1.191033 0.956083 3.596282 -2.799392 -24.074971 -15.961220 2.776191 28.521479 -22.641454 -3.648833 11.067384 -11.436794 4.867621 0.000000 0.000000 0.000000 -93.549910 21.148642 -53.059638 10.626520 -17.713541 -1.660501 -0.000002 0.000001 -0.784447 11.621013 39.305493 7.421316 -7.125020 0.000002 0.000000 -32.228586 67.219844 -17.985665 0.000000 0.000000 0.000000 75.590695 1.274034 -11.071351 -16.227644 25.828339 -3.744592 0.000002 -0.000001 -2.178650 -10.227466 21.542706 -3.789106 7.125020 -0.000002 0.000000 11.686083 -8.485699 10.052379
-0.005812 17.374743 9.210428 -1.210443 22.319807 4.971813 0.000000 0.000000 0.000000 -18.369962 -7.168313 0.563185 2.569456 10.026484 28.703039 2.172916 -10.213466 -25.032364 0.033991 -1.190066 -3.271929 0.000000 0.000000 0.000000 3.888082 -0.455143 -27.203555 -3.028570 -10.744287 31.403317 0.663889 -20.546865 -23.238495 -3.619339 -11.635854 34.455641 2.110245 5.387758 7.038191 2.654006 7.418633 1.125148 0.865687 3.684616 -2.846440 -24.072099 -16.007575 2.599248 28.465455 -22.681147 -3.577508 11.020889 -11.439903 4.919029 0.000000 0.000000 0.000000 -94.574704 20.940330 -52.806028 10.400231 -17.363173 -1.592310 -0.000002 0.000001 -0.944812 11.540548 39.209689 7.353488 -7.125020 0.000002 0.000000 -32.174823 67.117365 -17.880467 0.000000 0.000000 0.000000 76.376083 1.205987 -11.684164 -15.760903 25.195383 -3.543563 0.000002 -0.000001 -1.662694 -10.385867 21.403827 -3.826045 7.125020 -0.000002 0.000000 11.584926 -8.607122 9.932036
-0.047778 17.378003 9.275586 -1.185456 21.970302 5.120184 0.000000 0.000000 0.000000 -18.278845 -7.264533 0.799518 2.533754 9.963786 28.492688 2.172862 -9.828842 -25.012337 0.059476 -1.573629 -4.328716 0.000000 0.000000 0.000000 3.961783 -0.431501 -26.799775 -2.946654 -10.609947 30.964819 0.626276 -20.841500 -24.179105 -3.802934 -11.893447 35.356075 2.105590 5.490913 7.003116 2.611090 7.555347 1.042462 0.810614 3.751409 -2.908790 -24.041166 -16.033854 2.389980 28.369622 -22.687365 -3.476985 10.961484 -11.423545 4.965753 0.000000 0.000000 0.000000 -95.564207 20.779542 -52.390159 10.202159 -17.055179 -1.533708 -0.000002 0.000001 -1.296333 11.450798 39.139088 7.284294 -7.125020 0.000002 0.000000 -32.167622 67.032775 -17.815411 0.000000 0.000000 0.000000 77.150715 1.153414 -12.225968 -15.293514 24.553403 -3.346961 0.000002 -0.000001 -1.122625 -10.574876 21.403286 -3.898291 7.125020 -0.000002 0.000000 11.466742 -8.588339 9.828908
-0.093442 17.381582 9.341910 -1.143302 21.576682 5.328773 0.000000 0.000000 0.000000 -18.188628 -7.385664 0.964757 2.502914 9.909380 28.309401 2.165949 -9.463303 -24.949932 0.085048 -1.881044 -5.177026 0.000000 0.000000 0.000000 4.082324 -0.351768 -26.482600 -2.872830 -10.487066 30.564161 0.585699 -21.114328 -25.074963 -3.925685 -12.060852 35.947581 2.048057 5.582303 6.939634 2.565330 7.672218 0.941854 0.784929 3.808736 -2.979414 -24.002251 -16.038241 2.155243 28.262160 -22.657272 -3.371875 10.903093 -11.387664 5.005870 0.000000 0.000000 0.000000 -96.519746 20.610185 -52.003611 10.018412 -16.768375 -1.480257 -0.000002 0.000001 -1.625531 11.287833 39.071315 7.169237 -7.125020 0.000002 0.000000 -32.241905 66.928952 -17.784067 0.000000 0.000000 0.000000 77.908442 1.129326 -12.709075 -14.826347 23.903639 -3.155243 0.000002 -0.000001 -0.557680 -10.822501 21.569348 -4.022641 7.125020 -0.000002 0.000000 11.314797 -8.398136 9.734315
-0.143764 17.387183 9.407490 -1.158049 21.119026 5.584152 0.000000 0.000000 0.000000 -18.018463 -7.517021 1.023707 2.479692 9.868535 28.169738 2.150041 -9.108752 -24.829171 0.105399 -2.093427 -5.763923 0.000000 0.000000 0.000000 4.326682 -0.174907 -26.275342 -2.802211 -10.367966 30.175554 0.567876 -21.449932 -25.851573 -3.954262 -12.099291 36.084129 2.002639 5.672390 6.854699 2.534401 7.789084 0.824588 0.768997 3.865810 -3.055108 -23.974816 -16.022573 1.897849 28.171777 -22.593587 -3.280624 10.858019 -11.334357 5.041348 0.000000 0.000000 0.000000 -97.435308 20.364258 -51.912389 9.832303 -16.476833 -1.427017 -0.000002 0.000001 -1.622485 10.992514 38.976541 6.966277 -7.125020 0.000002 0.000000 -32.417201 66.764474 -17.767149 0.000000 0.000000 0.000000 78.648831 1.140919 -13.141504 -14.376367 23.270192 -2.975184 0.000002 -0.000001 0.020641 -11.137530 21.878430 -4.200031 7.125020 -0.000002 0.000000 11.124016 -8.058482 9.637487
-0.199002 17.396534 9.472271 -1.316597 20.607608 5.832573 0.000000 0.000000 0.000000 -17.674771 -7.631260 0.995373 2.464131 9.841467 28.074754 2.123737 -8.766449 -24.639666 0.118188 -2.216378 -6.104029 0.000000 0.000000 0.000000 4.778910 0.110079 -26.150840 -2.730434 -10.245335 29.774903 0.596812 -21.913433 -26.439159 -3.877927 -11.996166 35.718414 2.056390 5.761680 6.782317 2.537987 7.915020 0.692949 0.731654 3.925909 -3.143802 -23.971079 -15.987939 1.632445 28.122098 -22.500794 -3.215340 10.836555 -11.267229 5.072679 0.000000 0.000000 0.000000 -98.289147 19.981681 -52.422029 9.625609 -16.151821 -1.368955 -0.000002 0.000001 -0.948715 10.548143 38.808870 6.658930 -7.125020 0.000002 0.000000 -32.646448 66.497890 -17.705182 0.000000 0.000000 0.000000 79.379176 1.176929 -13.518488 -13.965987 22.686060 -2.814977 0.000002 -0.000001 0.582193 -11.499543 22.259458 -4.411445 7.125020 -0.000002 0.000000 10.906632 -7.641536 9.532212
-0.258363 17.410606 9.537925 -1.673759 20.070631 6.010818 0.000000 0.000000 0.000000 -17.103329 -7.705754 0.940468 2.454066 9.824224 28.012396 2.088155 -8.440241 -24.388910 0.124799 -2.277302 -6.272657 0.000000 0.000000 0.000000 5.480680 0.484724 -26.049157 -2.654785 -10.114056 29.346872 0.683710 -22.511775 -26.782812 -3.716342 -11.773058 34.933809 2.275780 5.843886 6.761554 2.588146 8.048296 0.551247 0.645783 3.986959 -3.255699 -23.995468 -15.934574 1.375625 28.126475 -22.383484 -3.176852 10.844554 -11.189762 5.100676 0.000000 0.000000 0.000000 -99.048437 19.437186 -53.675365 9.387086 -15.775182 -1.303355 -0.000002 0.000001 0.550046 10.022247 38.524804 6.285623 -7.125020 0.000002 0.000000 -32.801823 66.114369 -17.511403 0.000000 0.000000 0.000000 80.110527 1.209954 -13.816003 -13.616398 22.183662 -2.681561 0.000002 -0.000002 1.074807 -11.866674 22.617683 -4.623720 7.125020 -0.000002 0.000000 10.686868 -7.245607 9.418415
-0.320251 17.429305 9.605841 -2.207953 19.532714 6.102660 0.000000 0.000000 0.000000 -16.335995 -7.745561 0.907994 2.446252 9.810825 27.963858 2.045903 -8.123014 -24.096078 0.129155 -2.316554 -6.381336 0.000000 0.000000 0.000000 6.502275 1.018999 -26.029002 -2.592194 -10.046503 28.872739 0.630613 -23.213129 -26.753723 -3.515501 -11.486141 33.937521 2.659643 5.910350 6.799818 2.679682 8.177606 0.405827 0.507569 4.043055 -3.387924 -24.044136 -15.864645 1.121996 28.179273 -22.245163 -3.152627 10.878339 -11.102894 5.129384 0.000000 0.000000 0.000000 -99.694449 18.767413 -55.410669 9.126785 -15.362254 -1.233491 -0.000001 0.000002 2.608144 9.541539 38.133380 5.929445 -7.125020 0.000002 0.000000 -32.772535 65.657601 -17.155808 0.000000 0.000000 0.000000 80.845658 1.218922 -13.992359 -13.341144 21.785015 -2.578518 0.000002 -0.000002 1.439901 -12.200724 22.874675 -4.806214 7.125020 -0.000002 0.000000 10.485942 -6.952925 9.298076
-0.382831 17.451512 9.675898 -2.821209 19.005530 6.153381 0.000000 0.000000 0.000000 -15.487070 -7.780293 0.906503 2.437548 9.795476 27.910662 1.998970 -7.793514 -23.777468 0.136369 -2.380120 -6.557397 0.000000 0.000000 0.000000 7.590494 1.562884 -25.941603 -2.524540 -9.961708 28.383246 0.635950 -23.837122 -26.518950 -3.324815 -11.203168 32.968171 3.132934 5.953766 6.867041 2.790001 8.285997 0.263126 0.339666 4.086773 -3.524151 -24.107428 -15.783114 0.844768 28.256164 -22.088551 -3.123219 10.925114 -11.005379 5.164540 0.000000 0.000000 0.000000 -100.240979 18.056903 -57.073084 8.873933 -14.959282 -1.167363 -0.000001 0.000002 4.660502 9.193811 37.706473 5.655571 -7.125020 0.000002 0.000000 -32.571533 65.209865 -16.710757 0.000000 0.000000 0.000000 81.573473 1.202608 -14.008088 -13.140716 21.493045 -2.504608 0.000002 -0.000002 1.639214 -12.485683 22.998811 -4.944879 7.125020 -0.000002 0.000000 10.312030 -6.797112 9.172449
-0.445060 17.475571 9.747282 -3.397056 18.488470 6.227001 0.000000 0.000000 0.000000 -14.685775 -7.834234 0.921269 2.425691 9.773952 27.839393 1.947744 -7.428931 -23.438326 0.152014 -2.512362 -6.923925 0.000000 0.000000 0.000000 8.594519 2.107122 -25.817846 -2.455928 -9.864623 27.906534 0.673450 -24.256954 -26.128087 -3.174525 -10.972353 32.186697 3.590854 5.972727 6.927006 2.892444 8.361108 0.124492 0.176233 4.113611 -3.653339 -24.174546 -15.696107 0.522579 28.326076 -21.918286 -3.070671 10.969583 -10.897344 5.209803 0.000000 0.000000 0.000000 -100.717325 17.382713 -58.240106 8.655240 -14.609298 -1.111556 -0.000001 0.000002 6.283100 8.955873 37.320972 5.458800 -7.125020 0.000002 0.000000 -32.323098 64.826629 -16.289050 0.000000 0.000000 0.000000 82.279227 1.166756 -13.850490 -13.004775 21.294209 -2.455021 0.000002 -0.000002 1.670929 -12.724123 22.999736 -5.041047 7.125020 -0.000002 0.000000 10.163132 -6.768765 9.042695
-0.507503 17.500009 9.819721 -3.849388 17.967515 6.370050 0.000000 0.000000 0.000000 -14.020096 -7.907139 0.934632 2.409469 9.743923 27.742795 1.891176 -7.016300 -23.072145 0.181517 -2.744172 -7.567302 0.000000 0.000000 0.000000 9.402790 2.685040 -25.680910 -2.391164 -9.761509 27.477295 0.726725 -24.407513 -25.670101 -3.072456 -10.811430 31.646528 3.935289 5.974661 6.957200 2.968338 8.403002 -0.014372 0.052793 4.125291 -3.778171 -24.233526 -15.609997 0.154409 28.361147 -21.742352 -2.985005 10.998414 -10.782311 5.264380 0.000000 0.000000 0.000000 -101.140425 16.775712 -58.835461 8.480586 -14.328839 -1.067917 -0.000001 0.000002 7.420211 8.729702 37.006293 5.281393 -7.125020 0.000002 0.000000 -32.161161 64.504930 -15.961478 0.000000 0.000000 0.000000 82.955623 1.111012 -13.536290 -12.921404 21.171944 -2.424827 0.000002 -0.000002 1.563031 -12.922659 22.896608 -5.099874 7.125020 -0.000002 0.000000 10.035322 -6.848529 8.910184
-0.571651 17.523974 9.893640 -4.131669 17.423357 6.605820 0.000000 0.000000 0.000000 -13.530695 -7.984211 0.932139 2.388612 9.704757 27.619049 1.827499 -6.553753 -22.664260 0.229381 -3.082669 -8.508988 0.000000 0.000000 0.000000 9.958211 3.351591 -25.545509 -2.334914 -9.660491 27.126679 0.788853 -24.305222 -25.235021 -3.012819 -10.715775 31.327200 4.093362 5.970587 6.942939 3.009086 8.418736 -0.155984 0.000269 4.126938 -3.901849 -24.271295 -15.530744 -0.251722 28.341754 -21.568992 -2.866050 11.001696 -10.664918 5.324480 0.000000 0.000000 0.000000 -101.510411 16.221913 -58.995224 8.346342 -14.112706 -1.034939 -0.000001 0.000002 8.245394 8.448234 36.747272 5.079523 -7.125020 0.000002 0.000000 -32.131905 64.214300 -15.729160 0.000000 0.000000 0.000000 83.602498 1.032223 -13.090649 -12.884997 21.118477 -2.411694 0.000002 -0.000002 1.349709 -13.084224 22.700039 -5.123710 7.125020 -0.000002 0.000000 9.926951 -7.025906 8.776270
-0.638060 17.547152 9.969480 -4.236671 16.855849 6.932624 0.000000 0.000000 0.000000 -13.220091 -8.057952 0.909616 2.363740 9.657454 27.471603 1.755180 -6.050824 -22.197502 0.297380 -3.506472 -9.692157 0.000000 0.000000 0.000000 10.264475 4.099817 -25.436037 -2.291040 -9.571826 26.873809 0.851130 -24.009203 -24.852594 -2.982129 -10.666067 31.161766 4.048142 5.962117 6.876851 3.012908 8.407935 -0.297736 0.026961 4.119296 -4.019706 -24.278776 -15.460460 -0.691737 28.261594 -21.400968 -2.716865 10.975652 -10.547004 5.387361 0.000000 0.000000 0.000000 -101.820307 15.691075 -58.849918 8.245807 -13.950526 -1.010563 -0.000001 0.000002 8.921236 8.149301 36.521377 4.872528 -7.125020 0.000002 0.000000 -32.166250 63.946658 -15.548325 0.000000 0.000000 0.000000 84.223587 0.927084 -12.527584 -12.895171 21.133424 -2.415361 0.000002 -0.000002 1.049261 -13.213885 22.436908 -5.119760 7.125020 -0.000002 0.000000 9.835986 -7.273701 8.644746
-0.705400 17.569479 10.047197 -4.194119 16.298032 7.322292 0.000000 0.000000 0.000000 -13.058755 -8.136456 0.879063 2.336502 9.604953 27.310144 1.673919 -5.531895 -21.659417 0.380908 -3.963615 -10.974326 0.000000 0.000000 0.000000 10.388116 4.805878 -25.393703 -2.262069 -9.506757 26.721381 0.895390 -23.574292 -24.469628 -2.960466 -10.630779 31.044534 3.855101 5.934525 6.768731 2.981216 8.355902 -0.436448 0.105323 4.094416 -4.126708 -24.252066 -15.393788 -1.162598 28.128755 -21.232255 -2.537729 10.924214 -10.426070 5.451990 0.000000 0.000000 0.000000 -102.063736 15.172414 -58.390669 8.178808 -13.842296 -0.994472 -0.000001 0.000002 9.443939 7.950207 36.326734 4.729985 -7.125020 0.000002 0.000000 -32.139222 63.731833 -15.374908 0.000000 0.000000 0.000000 84.826711 0.788441 -11.848795 -12.949471 21.213134 -2.434974 0.000002 -0.000002 0.663193 -13.326090 22.180335 -5.109423 7.125020 -0.000002 0.000000 9.756333 -7.517160 8.524674
-0.771629 17.590976 10.126154 -4.057687 15.796605 7.730706 0.000000 0.000000 0.000000 -12.993425 -8.231893 0.860215 2.309515 9.552131 27.150375 1.585232 -5.033365 -21.049270 0.466449 -4.380634 -12.150058 0.000000 0.000000 0.000000 10.435568 5.294278 -25.457165 -2.248693 -9.474350 26.656533 0.900512 -23.049484 -24.006272 -2.925252 -10.573057 30.853137 3.611282 5.866167 6.649059 2.917816 8.243616 -0.572540 0.186013 4.040788 -4.227787 -24.186670 -15.319947 -1.653336 27.959398 -21.051552 -2.329863 10.855903 -10.297692 5.515600 0.000000 0.000000 0.000000 -102.236853 14.686603 -57.491021 8.153333 -13.801112 -0.988386 -0.000001 0.000002 9.670068 7.938614 36.170772 4.704414 -7.125020 0.000002 0.000000 -31.967431 63.598950 -15.187192 0.000000 0.000000 0.000000 85.421588 0.606648 -11.049578 -13.041100 21.347405 -2.468229 0.000002 -0.000002 0.194368 -13.437449 22.014926 -5.117831 7.125020 -0.000002 0.000000 9.680622 -7.669584 8.426280
-0.835963 17.611756 10.205244 -3.884741 15.377871 8.117086 0.000000 0.000000 0.000000 -12.962126 -8.346087 0.863729 2.285701 9.504641 27.010041 1.492221 -4.590205 -20.381450 0.536958 -4.695197 -13.041213 0.000000 0.000000 0.000000 10.508752 5.468643 -25.634532 -2.249619 -9.478006 26.657297 0.855192 -22.499539 -23.445524 -2.861433 -10.467288 30.503600 3.399728 5.745333 6.560217 2.830043 8.064700 -0.710616 0.228049 3.952989 -4.341257 -24.076598 -15.230790 -2.146023 27.769459 -20.852139 -2.098893 10.778417 -10.160231 5.573909 0.000000 0.000000 0.000000 -102.334727 14.269229 -56.052717 8.177803 -13.840674 -0.994232 -0.000001 0.000002 9.500064 8.073346 36.038351 4.769013 -7.125020 0.000002 0.000000 -31.673624 63.524370 -14.979566 0.000000 0.000000 0.000000 86.013216 0.374135 -10.119449 -13.164400 21.527623 -2.513294 0.000002 -0.000001 -0.342419 -13.555862 21.964415 -5.153639 7.125020 -0.000002 0.000000 9.604537 -7.706162 8.350499
-0.899562 17.631996 10.283756 -3.720530 15.031714 8.457897 0.000000 0.000000 0.000000 -12.910740 -8.467009 0.884345 2.267394 9.467189 26.903485 1.399395 -4.224981 -19.687830 0.584014 -4.893212 -13.604239 0.000000 0.000000 0.000000 10.668125 5.378944 -25.892283 -2.261915 -9.513872 26.700826 0.762877 -21.997460 -22.868348 -2.772366 -10.317108 30.009845 3.254146 5.578806 6.537594 2.729055 7.833092 -0.857979 0.219396 3.836638 -4.491457 -23.922394 -15.127483 -2.628398 27.569627 -20.639581 -1.846712 10.695313 -10.017363 5.627712 0.000000 0.000000 0.000000 -102.347907 13.951167 -54.106420 8.254485 -13.964539 -1.012656 -0.000001 0.000002 9.005847 8.189608 35.886661 4.820874 -7.125020 0.000002 0.000000 -31.376726 63.428879 -14.755011 0.000000 0.000000 0.000000 86.597669 0.084524 -9.046349 -13.318128 21.751561 -2.569983 0.000002 -0.000001 -0.926905 -13.683871 21.980518 -5.207605 7.125020 -0.000002 0.000000 9.524671 -7.674864 8.284863
-0.964582 17.651781 10.362371 -3.590363 14.722140 8.749012 0.000000 0.000000 0.000000 -12.805870 -8.575658 0.908339 2.255882 9.442533 26.838723 1.312342 -3.949282 -19.015902 0.612209 -5.007853 -13.930963 0.000000 0.000000 0.000000 10.922658 5.174888 -26.170116 -2.281708 -9.572154 26.768760 0.637640 -21.588745 -22.397094 -2.678947 -10.156240 29.484177 3.159057 5.386164 6.590205 2.628029 7.574671 -1.019917 0.178252 3.704725 -4.692510 -23.737317 -15.018450 -3.106835 27.364807 -20.427394 -1.561767 10.606813 -9.874848 5.687400 0.000000 0.000000 0.000000 -102.267639 13.747724 -51.755129 8.382415 -14.170834 -1.043752 -0.000001 0.000002 8.343944 8.111204 35.675955 4.751654 -7.125020 0.000002 0.000000 -31.213088 63.232748 -14.525044 0.000000 0.000000 0.000000 87.160711 -0.264440 -7.827772 -13.497997 22.012516 -2.637020 0.000002 -0.000001 -1.537637 -13.823941 22.000786 -5.267116 7.125020 -0.000002 0.000000 9.437224 -7.637940 8.213800
-1.032801 17.671000 10.442702 -3.498265 14.412293 9.000464 0.000000 0.000000 0.000000 -12.639929 -8.657600 0.922496 2.251329 9.431192 26.816851 1.235558 -3.768163 -18.408858 0.629435 -5.076527 -14.126957 0.000000 0.000000 0.000000 11.244929 4.999539 -26.414607 -2.305229 -9.641030 26.849402 0.498371 -21.268035 -22.098945 -2.604309 -10.025139 29.058181 3.072793 5.186526 6.695252 2.540165 7.310775 -1.192062 0.141304 3.569352 -4.933781 -23.544346 -14.911703 -3.605442 27.157270 -20.224749 -1.227681 10.513362 -9.734939 5.767253 0.000000 0.000000 0.000000 -102.097490 13.647596 -49.066553 8.563365 -14.461874 -1.088497 -0.000001 0.000002 7.595626 7.765946 35.396271 4.519688 -7.125020 0.000002 0.000000 -31.247856 62.909374 -14.301862 0.000000 0.000000 0.000000 87.673136 -0.652356 -6.477342 -13.683176 22.279970 -2.706828 0.000002 -0.000001 -2.145499 -13.970779 21.995440 -5.323529 7.125020 -0.000002 0.000000 9.344464 -7.625875 8.133364
-1.105045 17.689513 10.525734 -3.435535 14.083744 9.227404 0.000000 0.000000 0.000000 -12.421658 -8.709082 0.916807 2.252807 9.431449 26.832238 1.169273 -3.676557 -17.874393 0.638279 -5.111402 -14.226571 0.000000 0.000000 0.000000 11.599575 4.920518 -26.604235 -2.329878 -9.710991 26.938468 0.364703 -20.995121 -21.944459 -2.558351 -9.943233 28.793102 2.956047 4.990053 6.812493 2.478032 7.049516 -1.357587 0.147166 3.436799 -5.181208 -23.366658 -14.809944 -4.145345 26.951682 -20.029809 -0.848357 10.418986 -9.595279 5.872537 0.000000 0.000000 0.000000 -101.855725 13.604501 -46.091148 8.798662 -14.838978 -1.148010 -0.000001 0.000002 6.784976 7.195499 35.053185 4.153627 -7.125020 0.000002 0.000000 -31.446777 62.476218 -14.076974 0.000000 0.000000 0.000000 88.093632 -1.025065 -5.021925 -13.836370 22.500301 -2.765181 0.000002 -0.000001 -2.710715 -14.105680 21.966533 -5.369915 7.125020 -0.000002 0.000000 9.258282 -7.638857 8.054086
-1.181321 17.707292 10.611310 -3.393296 13.737046 9.438765 0.000000 0.000000 0.000000 -12.162346 -8.732389 0.889679 2.258610 9.439972 26.874416 1.108455 -3.648081 -17.372440 0.644050 -5.134017 -14.291195 0.000000 0.000000 0.000000 11.966193 4.933303 -26.744058 -2.354740 -9.777281 27.038119 0.253308 -20.732065 -21.843195 -2.532167 -9.896156 28.641107 2.791200 4.797994 6.909018 2.450200 6.788952 -1.496251 0.219090 3.307919 -5.397945 -23.217492 -14.709325 -4.721775 26.758381 -19.832065 -0.456415 10.332094 -9.451802 5.993113 0.000000 0.000000 0.000000 -101.561459 13.553144 -42.972719 9.079484 -15.287013 -1.220991 -0.000002 0.000002 6.033473 6.482751 34.633757 3.704412 -7.125020 0.000002 0.000000 -31.713627 61.945999 -13.807518 0.000000 0.000000 0.000000 88.393428 -1.323669 -3.492244 -13.927966 22.631635 -2.800331 0.000002 -0.000001 -3.191294 -14.207067 21.930071 -5.401380 7.125020 -0.000002 0.000000 9.192917 -7.663414 7.991210
-1.260791 17.724267 10.699042 -3.369499 13.380685 9.629155 0.000000 0.000000 0.000000 -11.871504 -8.728284 0.857746 2.266854 9.453066 26.931812 1.045088 -3.632012 -16.833056 0.665677 -5.217837 -14.530921 0.000000 0.000000 0.000000 12.346690 4.990059 -26.845066 -2.380385 -9.840067 27.153986 0.173869 -20.461429 -21.695175 -2.500527 -9.838861 28.456478 2.588669 4.605918 6.976438 2.456311 6.523269 -1.597790 0.353326 3.180054 -5.566918 -23.096064 -14.601106 -5.309765 26.588125 -19.619225 -0.083161 10.261121 -9.300951 6.113851 0.000000 0.000000 0.000000 -101.221187 13.449085 -39.949436 9.387833 -15.776367 -1.303559 -0.000002 0.000002 5.579142 5.716272 34.117113 3.224300 -7.125020 0.000002 0.000000 -31.942091 61.324848 -13.444773 0.000000 0.000000 0.000000 88.579540 -1.529115 -1.914080 -13.958768 22.675733 -2.812195 0.000002 -0.000001 -3.553731 -14.264714 21.912134 -5.419926 7.125020 -0.000002 0.000000 9.155881 -7.674563 7.956065
-1.341800 17.740158 10.788996 -3.370651 13.021905 9.781140 0.000000 0.000000 0.000000 -11.555932 -8.693471 0.853758 2.276091 9.467905 26.995514 0.972277 -3.575593 -16.189427 0.726397 -5.445732 -15.184363 0.000000 0.000000 0.000000 12.760076 5.028434 -26.912167 -2.408210 -9.902784 27.292013 0.127395 -20.180460 -21.427290 -2.432965 -9.714986 28.058614 2.381373 4.408100 7.027640 2.489073 6.248196 -1.664807 0.523645 3.049674 -5.693203 -22.992066 -14.478161 -5.893847 26.440120 -19.385528 0.275740 10.206980 -9.140933 6.230746 0.000000 0.000000 0.000000 -100.831328 13.296086 -37.199289 9.712993 -16.289384 -1.393366 -0.000002 0.000002 5.600660 5.000595 33.526865 2.776222 -7.125020 0.000002 0.000000 -32.059744 60.657879 -12.991025 0.000000 0.000000 0.000000 88.684312 -1.666805 -0.306463 -13.953658 22.668419 -2.810225 0.000002 -0.000001 -3.781967 -14.282796 21.950291 -5.435959 7.125020 -0.000002 0.000000 9.146103 -7.634012 7.954730
-1.422483 17.754616 10.881416 -3.405989 12.665039 9.877793 0.000000 0.000000 0.000000 -11.220271 -8.624818 0.907277 2.285863 9.483616 27.062664 0.887978 -3.451329 -15.411088 0.840132 -5.846720 -16.340330 0.000000 0.000000 0.000000 13.225491 5.001899 -26.944292 -2.439485 -9.969028 27.456009 0.108337 -19.890892 -21.020637 -2.312232 -9.488214 27.334792 2.205677 4.202113 7.077719 2.540577 5.964418 -1.704375 0.699988 2.915275 -5.787511 -22.892634 -14.339793 -6.477992 26.300375 -19.134054 0.650585 10.162046 -8.972434 6.350856 0.000000 0.000000 0.000000 -100.387595 13.138986 -34.705749 10.065790 -16.842424 -1.493956 -0.000002 0.000002 6.061575 4.429922 32.944111 2.418072 -7.125020 0.000002 0.000000 -32.057845 60.033952 -12.514318 0.000000 0.000000 0.000000 88.736617 -1.772495 1.317673 -13.939227 22.647761 -2.804666 0.000002 -0.000001 -3.887928 -14.272676 22.074542 -5.460911 7.125020 -0.000002 0.000000 9.157737 -7.510243 7.987755
-1.501568 17.767476 10.976149 -3.474382 12.313994 9.916181 0.000000 0.000000 0.000000 -10.874200 -8.527778 1.024641 2.297228 9.502247 27.139583 0.796263 -3.262071 -14.522497 1.007378 -6.386427 -17.909836 0.000000 0.000000 0.000000 13.740820 4.898003 -26.940005 -2.474404 -10.039502 27.645478 0.108112 -19.591943 -20.517882 -2.147055 -9.165895 26.315651 2.077830 3.989634 7.129384 2.603638 5.675689 -1.721353 0.864660 2.777688 -5.853666 -22.786594 -14.187863 -7.064520 26.156209 -18.869388 1.057996 10.118735 -8.797312 6.477612 0.000000 0.000000 0.000000 -99.886138 13.043832 -32.246589 10.478263 -17.484171 -1.615678 -0.000002 0.000002 6.696486 4.050238 32.467200 2.178377 -7.125020 0.000002 0.000000 -31.981741 59.544537 -12.107883 0.000000 0.000000 0.000000 88.748932 -1.865000 2.954030 -13.930679 22.635520 -2.801375 0.000002 -0.000001 -3.915037 -14.245111 22.279452 -5.497629 7.125020 -0.000002 0.000000 9.183940 -7.307489 8.048240
-1.578681 17.778864 11.072366 -3.561212 11.972135 9.908865 0.000000 0.000000 0.000000 -10.534498 -8.418481 1.185687 2.312773 9.528760 27.241798 0.704568 -3.030145 -13.587464 1.206327 -6.968029 -19.620692 0.000000 0.000000 0.000000 14.280289 4.736060 -26.900813 -2.511845 -10.111417 27.854989 0.117853 -19.278931 -19.999437 -1.966340 -8.795610 25.158031 1.988714 3.774016 7.176241 2.671074 5.385243 -1.718467 1.014774 2.638503 -5.890982 -22.667879 -14.021465 -7.637519 26.008962 -18.591195 1.482089 10.077061 -8.616845 6.602918 0.000000 0.000000 0.000000 -99.318221 13.077291 -29.487753 10.989495 -18.272147 -1.772627 -0.000002 0.000002 7.113733 3.872835 32.175660 2.063674 -7.125020 0.000002 0.000000 -31.885925 59.257949 -11.848386 0.000000 0.000000 0.000000 88.721953 -1.944235 4.606738 -13.932071 22.637511 -2.801910 0.000002 -0.000001 -3.925014 -14.209777 22.530546 -5.541766 7.125020 -0.000002 0.000000 9.217321 -7.059330 8.123432
-1.654054 17.789067 11.168810 -3.653147 11.639698 9.871540 0.000000 0.000000 0.000000 -10.212582 -8.313865 1.359026 2.335771 9.569312 27.388721 0.618590 -2.778004 -12.664642 1.392137 -7.464759 -21.099780 0.000000 0.000000 0.000000 14.817325 4.553143 -26.827629 -2.550139 -10.180949 28.076461 0.130663 -18.951790 -19.544382 -1.799703 -8.435780 24.045717 1.922166 3.558711 7.213980 2.738893 5.096010 -1.697592 1.154590 2.499506 -5.900330 -22.536504 -13.837558 -8.166687 25.869451 -18.296161 1.887359 10.042675 -8.432108 6.711554 0.000000 0.000000 0.000000 -98.667802 13.258945 -26.231211 11.613115 -19.221903 -1.973061 -0.000002 0.000002 7.047975 3.901254 32.098891 2.074043 -7.125020 0.000002 0.000000 -31.786486 59.199296 -11.761589 0.000000 0.000000 0.000000 88.652160 -2.002908 6.279635 -13.943366 22.653683 -2.806259 0.000002 -0.000001 -3.974743 -14.177721 22.800417 -5.591268 7.125020 -0.000002 0.000000 9.249824 -6.792021 8.201344
-1.728108 17.798326 11.264438 -3.748981 11.313894 9.812043 0.000000 0.000000 0.000000 -9.906270 -8.222607 1.520822 2.369001 9.628905 27.596348 0.539691 -2.510531 -11.775171 1.522088 -7.790252 -22.078798 0.000000 0.000000 0.000000 15.342541 4.388198 -26.716084 -2.588146 -10.246166 28.302955 0.142958 -18.624218 -19.203273 -1.661811 -8.122955 23.088160 1.869668 3.346963 7.242499 2.808515 4.811782 -1.660446 1.289475 2.362761 -5.884683 -22.391686 -13.634774 -8.621036 25.739154 -17.983682 2.244551 10.017253 -8.245513 6.789435 0.000000 0.000000 0.000000 -97.922242 13.519548 -22.663683 12.309687 -20.267451 -2.208395 -0.000002 0.000002 6.600541 4.119998 32.184204 2.196711 -7.125020 0.000002 0.000000 -31.648163 59.320652 -11.795761 0.000000 0.000000 0.000000 88.537365 -2.038917 7.966130 -13.966239 22.686420 -2.815076 0.000002 -0.000001 -4.098200 -14.155208 23.078739 -5.646234 7.125020 -0.000002 0.000000 9.277073 -6.515192 8.276337
-1.801090 17.806772 11.359094 -3.850180 10.991611 9.730973 0.000000 0.000000 0.000000 -9.612725 -8.148022 1.663166 2.414167 9.710231 27.873611 0.466454 -2.214659 -10.908847 1.580028 -7.930261 -22.502463 0.000000 0.000000 0.000000 15.855523 4.263903 -26.558826 -2.625788 -10.308041 28.531293 0.153122 -18.314778 -18.989920 -1.550680 -7.859719 22.288804 1.824985 3.141283 7.261929 2.882817 4.535711 -1.610354 1.425260 2.229991 -5.848612 -22.224129 -13.417468 -8.990353 25.595019 -17.661003 2.557482 9.989834 -8.061585 6.833967 0.000000 0.000000 0.000000 -97.090652 13.749041 -19.228629 13.012000 -21.304793 -2.457645 -0.000002 0.000002 6.114647 4.476794 32.331098 2.398010 -7.125020 0.000002 0.000000 -31.430826 59.525877 -11.859802 0.000000 0.000000 0.000000 88.379318 -2.060660 9.646147 -14.004231 22.740753 -2.829745 0.000002 -0.000001 -4.302751 -14.133731 23.347619 -5.699043 7.125020 -0.000002 0.000000 9.303497 -6.247877 8.349060
-1.872926 17.814501 11.453422 -3.948187 10.669948 9.628763 0.000000 0.000000 0.000000 -9.343258 -8.094654 1.787688 2.472187 9.814226 28.224114 0.397357 -1.871322 -10.048656 1.577448 -7.924090 -22.483755 0.000000 0.000000 0.000000 16.348524 4.180359 -26.352720 -2.663783 -10.369200 28.762162 0.159479 -18.029725 -18.891811 -1.457471 -7.630467 21.597179 1.775595 2.943551 7.278108 2.960982 4.269702 -1.555904 1.567389 2.102402 -5.805498 -22.020739 -13.197037 -9.301015 25.396328 -17.343948 2.872401 9.939229 -7.886011 6.861324 0.000000 0.000000 0.000000 -96.200493 13.891185 -16.243568 13.680541 -22.276171 -2.705828 -0.000002 0.000002 5.827456 4.898055 32.483312 2.635680 -7.125020 0.000002 0.000000 -31.155274 59.751386 -11.912766 0.000000 0.000000 0.000000 88.183176 -2.086270 11.288856 -14.061624 22.822733 -2.851969 0.000002 -0.000001 -4.576170 -14.095297 23.572247 -5.734245 7.125020 -0.000002 0.000000 9.338468 -6.027286 8.421409
-1.943489 17.821566 11.548005 -4.028579 10.347256 9.510914 0.000000 0.000000 0.000000 -9.115127 -8.069194 1.890560 2.543968 9.941532 28.650775 0.331929 -1.468237 -9.183013 1.537833 -7.828595 -22.194669 0.000000 0.000000 0.000000 16.807126 4.129314 -26.103223 -2.702887 -10.431791 28.997630 0.160269 -17.762892 -18.892462 -1.376810 -7.425252 20.981493 1.706950 2.754709 7.310320 3.039097 4.014886 -1.514049 1.718564 1.980747 -5.784975 -21.777513 -12.985508 -9.598600 25.109731 -17.048283 3.253090 9.847643 -7.722894 6.898354 0.000000 0.000000 0.000000 -95.276359 13.968039 -13.755503 14.319090 -23.189031 -2.952593 -0.000002 0.000002 5.752976 5.310918 32.654729 2.871946 -7.125020 0.000002 0.000000 -30.906949 59.992492 -11.986946 0.000000 0.000000 0.000000 87.955865 -2.141774 12.859850 -14.143877 22.940016 -2.883951 0.000002 -0.000001 -4.895129 -14.033237 23.722910 -5.742301 7.125020 -0.000002 0.000000 9.384443 -5.884054 8.490111
-2.012821 17.827913 11.642840 -4.084560 10.029532 9.386811 0.000000 0.000000 0.000000 -8.932071 -8.078528 1.955191 2.631098 10.093707 29.159771 0.270431 -1.008728 -8.302515 1.479404 -7.685145 -21.761770 0.000000 0.000000 0.000000 17.225018 4.100297 -25.823250 -2.743198 -10.496275 29.237285 0.154123 -17.505913 -18.979722 -1.307047 -7.242220 20.434978 1.614401 2.572849 7.379443 3.115165 3.769686 -1.502678 1.878192 1.864257 -5.817911 -21.505971 -12.788398 -9.914145 24.730172 -16.780206 3.739159 9.712550 -7.572998 6.964995 0.000000 0.000000 0.000000 -94.331453 14.028275 -11.672455 14.947678 -24.073166 -3.204570 -0.000002 0.000002 5.802408 5.653703 32.865970 3.075085 -7.125020 0.000002 0.000000 -30.767842 60.252057 -12.120466 0.000000 0.000000 0.000000 87.703170 -2.249226 14.330041 -14.256666 23.100442 -2.928058 0.000002 -0.000001 -5.233908 -13.963842 23.796819 -5.729584 7.125020 -0.000002 0.000000 9.431036 -5.818840 8.545397
-2.080913 17.833412 11.737527 -4.121865 9.732469 9.264040 0.000000 0.000000 0.000000 -8.780085 -8.127660 1.959244 2.736024 10.273383 29.761201 0.213329 -0.510983 -7.397471 1.408080 -7.505594 -21.222164 0.000000 0.000000 0.000000 17.611281 4.072175 -25.527888 -2.783847 -10.561384 29.475520 0.140025 -17.251626 -19.134451 -1.244412 -7.073159 19.932290 1.508787 2.393567 7.487095 3.191674 3.529502 -1.525086 2.043316 1.750518 -5.908069 -21.228355 -12.606582 -10.254262 24.282496 -16.537835 4.324333 9.546426 -7.435228 7.065822 0.000000 0.000000 0.000000 -93.373323 14.093484 -9.892463 15.579077 -24.946600 -3.466516 -0.000002 0.000002 5.885316 5.895800 33.101904 3.227082 -7.125020 0.000002 0.000000 -30.755259 60.509473 -12.306795 0.000000 0.000000 0.000000 87.427315 -2.406291 15.677472 -14.403421 23.308485 -2.985881 0.000002 -0.000001 -5.572723 -13.912178 23.816323 -5.711934 7.125020 -0.000002 0.000000 9.463845 -5.805968 8.578481
-2.147446 17.837980 11.831515 -4.152708 9.471458 9.144698 0.000000 0.000000 0.000000 -8.639768 -8.217288 1.885183 2.861649 10.483362 30.466304 0.161134 0.003020 -6.462281 1.321054 -7.279398 -20.545796 0.000000 0.000000 0.000000 17.982520 4.017118 -25.227674 -2.823069 -10.624392 29.701922 0.117992 -16.994032 -19.323425 -1.182014 -6.899952 19.419309 1.409387 2.213023 7.615707 3.272924 3.290061 -1.569232 2.209385 1.637138 -6.031789 -20.965666 -12.437890 -10.602653 23.805027 -16.315141 4.967156 9.368020 -7.308053 7.190990 0.000000 0.000000 0.000000 -92.408828 14.160784 -8.325604 16.222170 -25.820960 -3.742207 -0.000002 0.000002 5.911906 6.057466 33.341891 3.337165 -7.125020 0.000002 0.000000 -30.829186 60.751612 -12.519341 0.000000 0.000000 0.000000 87.129000 -2.588532 16.884931 -14.582793 23.561703 -3.057219 0.000002 -0.000001 -5.898663 -13.884609 23.806372 -5.697828 7.125020 -0.000002 0.000000 9.480252 -5.819552 8.591520
-2.211891 17.841651 11.924198 -4.188399 9.252040 9.026426 0.000000 0.000000 0.000000 -8.497021 -8.342841 1.723745 3.010740 10.725498 31.283945 0.114397 0.518353 -5.498022 1.213378 -6.987632 -19.678738 0.000000 0.000000 0.000000 18.352009 3.916807 -24.925066 -2.858608 -10.681531 29.904433 0.090057 -16.730607 -19.508809 -1.114347 -6.706284 18.848079 1.332189 2.029581 7.746256 3.361892 3.049743 -1.622813 2.372094 1.522989 -6.164577 -20.728399 -12.273262 -10.916710 23.329978 -16.100241 5.613742 9.194343 -7.188749 7.318703 0.000000 0.000000 0.000000 -91.443566 14.241650 -6.867877 16.899087 -26.724546 -4.041853 -0.000002 0.000002 5.765756 6.199703 33.610145 3.441238 -7.125020 0.000002 0.000000 -30.952546 61.013442 -12.767770 0.000000 0.000000 0.000000 86.809299 -2.772793 17.941980 -14.785618 23.846609 -3.138758 0.000002 -0.000001 -6.201902 -13.856935 23.773273 -5.678594 7.125020 -0.000002 0.000000 9.495626 -5.856285 8.599228
-2.273758 17.844523 12.014970 -4.236677 9.071966 8.905391 0.000000 0.000000 0.000000 -8.342932 -8.495312 1.470609 3.185633 11.000223 32.219077 0.073652 1.028416 -4.508269 1.082581 -6.613127 -18.574164 0.000000 0.000000 0.000000 18.726290 3.769717 -24.616265 -2.888325 -10.728889 30.073090 0.059709 -16.463809 -19.665685 -1.041301 -6.489799 18.212369 1.285529 1.844045 7.869522 3.460535 2.810137 -1.679697 2.529322 1.408607 -6.294603 -20.517987 -12.100646 -11.145293 22.874888 -15.878931 6.214050 9.036331 -7.074037 7.423269 0.000000 0.000000 0.000000 -90.480877 14.364040 -5.407835 17.643792 -27.698648 -4.382406 -0.000002 0.000002 5.329535 6.386338 33.981868 3.581975 -7.125020 0.000002 0.000000 -31.139817 61.373722 -13.118589 0.000000 0.000000 0.000000 86.467175 -2.944440 18.847188 -14.995742 24.140175 -3.224201 0.000002 -0.000001 -6.480766 -13.791503 23.704228 -5.635671 7.125020 -0.000002 0.000000 9.532732 -5.933681 8.619311
-2.332788 17.846662 12.103343 -4.302570 8.926345 8.778714 0.000000 0.000000 0.000000 -8.169315 -8.661405 1.122173 3.388263 11.306710 33.273229 0.039285 1.531522 -3.490957 0.931705 -6.148770 -17.216684 0.000000 0.000000 0.000000 19.107758 3.589267 -24.294793 -2.910750 -10.763590 30.202013 0.030346 -16.201913 -19.792320 -0.967773 -6.263306 17.550329 1.272583 1.659961 7.986500 3.570740 2.576521 -1.736680 2.680698 1.296449 -6.419427 -20.332948 -11.916358 -11.263699 22.443249 -15.645972 6.737299 8.896610 -6.963108 7.489470 0.000000 0.000000 0.000000 -89.522842 14.529659 -3.897205 18.466467 -28.750330 -4.771494 -0.000002 0.000002 4.572351 6.644245 34.513109 3.780452 -7.125020 0.000002 0.000000 -31.431667 61.885376 -13.634763 0.000000 0.000000 0.000000 86.099229 -3.093387 19.608341 -15.198670 24.422141 -3.307648 0.000002 -0.000001 -6.754497 -13.665173 23.581853 -5.555799 7.125020 -0.000002 0.000000 9.605220 -6.071943 8.660410
-2.389064 17.848095 12.189179 -4.389403 8.805362 8.646652 0.000000 0.000000 0.000000 -7.968113 -8.823073 0.674418 3.620189 11.643077 34.445069 0.011515 2.031665 -2.431521 0.769844 -5.602624 -15.635678 0.000000 0.000000 0.000000 19.497707 3.403492 -23.953583 -2.925369 -10.784760 30.289382 0.004685 -15.961475 -19.904988 -0.898858 -6.042353 16.907356 1.291453 1.483779 8.102901 3.693649 2.357762 -1.793220 2.827069 1.190913 -6.542460 -20.171348 -11.728829 -11.287576 22.028982 -15.410400 7.186295 8.770306 -6.859053 7.521674 0.000000 0.000000 0.000000 -88.572972 14.686731 -2.413943 19.318484 -29.812491 -5.188239 -0.000002 0.000002 3.608258 6.947748 35.150174 4.018080 -7.125020 0.000002 0.000000 -31.813202 62.495396 -14.276833 0.000000 0.000000 0.000000 85.703522 -3.216975 20.241793 -15.389042 24.685276 -3.386757 0.000002 -0.000001 -7.064272 -13.481712 23.397505 -5.439247 7.125020 -0.000002 0.000000 9.710640 -6.279052 8.718374
-2.443032 17.848891 12.272852 -4.497591 8.691926 8.513805 0.000000 0.000000 0.000000 -7.735597 -8.960987 0.125188 3.882298 12.006171 35.729429 -0.009202 2.541299 -1.303402 0.608934 -4.994678 -13.893385 0.000000 0.000000 0.000000 19.896690 3.248581 -23.587527 -2.932656 -10.793801 30.336761 -0.015771 -15.763824 -20.027463 -0.836603 -5.834731 16.305648 1.332234 1.324017 8.217887 3.828975 2.164280 -1.848733 2.971979 1.097468 -6.663600 -20.031282 -11.551537 -11.254975 21.627510 -15.188331 7.586223 8.651167 -6.766506 7.536963 0.000000 0.000000 0.000000 -87.637644 14.756383 -1.101608 20.117830 -30.784036 -5.591529 -0.000002 0.000002 2.624779 7.238948 35.750435 4.247990 -7.125020 0.000002 0.000000 -32.194347 63.069234 -14.902744 0.000000 0.000000 0.000000 85.281199 -3.314279 20.765446 -15.568704 24.932372 -3.462142 0.000002 -0.000001 -7.453277 -13.263736 23.157605 -5.297553 7.125020 -0.000002 0.000000 9.835645 -6.545546 8.782200
-2.495352 17.849231 12.355167 -4.621053 8.569375 8.387427 0.000000 0.000000 0.000000 -7.477637 -9.062906 -0.522033 4.174257 12.391159 37.115490 -0.021508 3.080041 -0.075368 0.459140 -4.346642 -12.053985 0.000000 0.000000 0.000000 20.301583 3.149607 -23.196788 -2.933840 -10.793728 30.348512 -0.032042 -15.622632 -20.186076 -0.781711 -5.644651 15.756784 1.376785 1.187932 8.316757 3.974528 2.002914 -1.897059 3.122237 1.020104 -6.768883 -19.908859 -11.393769 -11.195686 21.242908 -14.991612 7.952774 8.536733 -6.688352 7.547844 0.000000 0.000000 0.000000 -86.720970 14.684000 -0.032757 20.816722 -31.613783 -5.953576 -0.000002 0.000002 1.743069 7.466380 36.212077 4.429047 -7.125020 0.000002 0.000000 -32.502462 63.509924 -15.398460 0.000000 0.000000 0.000000 84.835761 -3.376096 21.190017 -15.741636 25.169078 -3.535365 0.000002 -0.000001 -7.940814 -13.037580 22.883843 -5.146817 7.125020 -0.000002 0.000000 9.965163 -6.846345 8.842429
-2.546694 17.849362 12.437141 -4.746271 8.431943 8.273270 0.000000 0.000000 0.000000 -7.210346 -9.129920 -1.254572 4.494178 12.791603 38.586317 -0.022566 3.669659 1.279262 0.325794 -3.668643 -10.146257 0.000000 0.000000 0.000000 20.703658 3.104813 -22.786811 -2.930541 -10.788055 30.331247 -0.047380 -15.535587 -20.402297 -0.734193 -5.474247 15.266301 1.404701 1.077108 8.378836 4.125680 1.871926 -1.929027 3.284633 0.958583 -6.837267 -19.792231 -11.258233 -11.119871 20.875294 -14.824365 8.285219 8.423823 -6.625331 7.555435 0.000000 0.000000 0.000000 -85.818470 14.462921 0.834574 21.426533 -32.322837 -6.276449 -0.000002 0.000001 0.971384 7.610255 36.549133 4.549630 -7.125020 0.000002 0.000000 -32.760228 63.825058 -15.776036 0.000000 0.000000 0.000000 84.372935 -3.392694 21.521304 -15.912148 25.401381 -3.608195 0.000002 -0.000001 -8.513616 -12.822098 22.607132 -5.001475 7.125020 -0.000002 0.000000 10.088860 -7.148238 8.895903
-2.597641 17.849496 12.519759 -4.860208 8.284746 8.171853 0.000000 0.000000 0.000000 -6.950591 -9.173722 -2.049307 4.838737 13.200155 40.120548 -0.007916 4.323037 2.766571 0.210919 -2.956821 -8.158559 0.000000 0.000000 0.000000 21.094494 3.090872 -22.364480 -2.924468 -10.779811 30.293625 -0.064524 -15.487669 -20.678991 -0.691492 -5.316025 14.812155 1.404959 0.986030 8.394985 4.277133 1.761664 -1.941148 3.460929 0.908347 -6.859634 -19.664785 -11.143242 -11.031319 20.510776 -14.684569 8.587038 8.304875 -6.576378 7.557861 0.000000 0.000000 0.000000 -84.919246 14.124919 1.593898 21.989014 -32.964604 -6.579866 -0.000002 0.000001 0.261349 7.683687 36.841233 4.624777 -7.125020 0.000002 0.000000 -33.042637 64.084004 -16.125840 0.000000 0.000000 0.000000 83.899409 -3.368099 21.773708 -16.084295 25.634810 -3.682356 0.000002 -0.000001 -9.140736 -12.623786 22.352836 -4.869231 7.125020 -0.000002 0.000000 10.203534 -7.425207 8.945000
-2.648815 17.849718 12.603646 -4.962007 8.133651 8.077805 0.000000 0.000000 0.000000 -6.701778 -9.206844 -2.875693 5.203443 13.609306 41.694376 0.027051 5.026033 4.349239 0.117927 -2.213955 -6.097321 0.000000 0.000000 0.000000 21.476053 3.084064 -21.934545 -2.917233 -10.770832 30.246516 -0.083286 -15.458163 -20.995047 -0.650313 -5.158446 14.361032 1.384116 0.904337 8.379623 4.427094 1.659647 -1.940208 3.646853 0.862877 -6.850762 -19.521495 -11.040933 -10.937503 20.137298 -14.560825 8.874908 8.176595 -6.536107 7.557139 0.000000 0.000000 0.000000 -84.014778 13.720400 2.322737 22.543956 -33.586327 -6.884350 -0.000002 0.000000 -0.430520 7.719878 37.141245 4.679144 -7.125020 0.000002 0.000000 -33.379567 64.338675 -16.504425 0.000000 0.000000 0.000000 83.419678 -3.320465 21.984025 -16.260413 25.872476 -3.758881 0.000002 -0.000002 -9.793463 -12.437625 22.122168 -4.747866 7.125020 -0.000002 0.000000 10.312077 -7.676809 8.992854
