HIERARCHY
ROOT root
{
	OFFSET	0.000000	0.000000	0.000000
	CHANNELS 6 Xposition Yposition Zposition Zrotation Yrotation Xrotation
	JOINT lhipjoint
	{
		OFFSET	0.000000	0.000000	0.000000
		CHANNELS 3 Zrotation Yrotation Xrotation
		JOINT lfemur
		{
			OFFSET	1.288582	-1.832915	1.039701
			CHANNELS 3 Zrotation Yrotation Xrotation
			JOINT ltibia
			{
				OFFSET	2.478461	-6.809521	0.000000
				CHANNELS 3 Zrotation Yrotation Xrotation
				JOINT lfoot
				{
					OFFSET	2.752744	-7.563107	0.000000
					CHANNELS 3 Zrotation Yrotation Xrotation
					JOINT ltoes
					{
						OFFSET	0.128484	-0.353008	1.682235
						CHANNELS 3 Zrotation Yrotation Xrotation
						End Site
						{
							OFFSET	0.000000	-0.000000	0.873110
						}
					}
				}
			}
		}
	}
	JOINT rhipjoint
	{
		OFFSET	0.000000	0.000000	0.000000
		CHANNELS 3 Zrotation Yrotation Xrotation
		JOINT rfemur
		{
			OFFSET	-1.311834	-1.832916	1.039700
			CHANNELS 3 Zrotation Yrotation Xrotation
			JOINT rtibia
			{
				OFFSET	-2.447395	-6.724169	0.000000
				CHANNELS 3 Zrotation Yrotation Xrotation
				JOINT rfoot
				{
					OFFSET	-2.673429	-7.345193	0.000000
					CHANNELS 3 Zrotation Yrotation Xrotation
					JOINT rtoes
					{
						OFFSET	-0.169142	-0.464715	1.776261
						CHANNELS 3 Zrotation Yrotation Xrotation
						End Site
						{
							OFFSET	-0.000000	-0.000000	0.927771
						}
					}
				}
			}
		}
	}
	JOINT lowerback
	{
		OFFSET	0.000000	0.000000	0.000000
		CHANNELS 3 Zrotation Yrotation Xrotation
		JOINT upperback
		{
			OFFSET	0.012494	2.142519	0.038421
			CHANNELS 3 Zrotation Yrotation Xrotation
			JOINT thorax
			{
				OFFSET	-0.029567	2.141988	-0.037509
				CHANNELS 3 Zrotation Yrotation Xrotation
				JOINT lowerneck
				{
					OFFSET	-0.033793	2.137338	-0.054507
					CHANNELS 3 Zrotation Yrotation Xrotation
					JOINT upperneck
					{
						OFFSET	-0.016776	1.657091	-0.054760
						CHANNELS 3 Zrotation Yrotation Xrotation
						JOINT head
						{
							OFFSET	0.079125	1.583306	-0.118434
							CHANNELS 3 Zrotation Yrotation Xrotation
							End Site
							{
								OFFSET	0.032982	1.739403	-0.042712
							}
						}
					}
				}
				JOINT lclavicle
				{
					OFFSET	-0.033793	2.137338	-0.054507
					CHANNELS 3 Zrotation Yrotation Xrotation
					JOINT lhumerus
					{
						OFFSET	3.395560	1.164964	0.086733
						CHANNELS 3 Zrotation Yrotation Xrotation
						JOINT lradius
						{
							OFFSET	5.239100	-0.000000	-0.000000
							CHANNELS 3 Zrotation Yrotation Xrotation
							JOINT lwrist
							{
								OFFSET	3.314670	-0.000000	0.000000
								CHANNELS 3 Zrotation Yrotation Xrotation
								JOINT lhand
								{
									OFFSET	1.657340	-0.000000	0.000000
									CHANNELS 3 Zrotation Yrotation Xrotation
									JOINT lfingers
									{
										OFFSET	0.965900	-0.000000	0.000000
										CHANNELS 3 Zrotation Yrotation Xrotation
										End Site
										{
											OFFSET	0.778733	-0.000000	0.000000
										}
									}
								}
								JOINT lthumb
								{
									OFFSET	1.657340	-0.000000	0.000000
									CHANNELS 3 Zrotation Yrotation Xrotation
									End Site
									{
										OFFSET	0.790623	-0.000000	0.790623
									}
								}
							}
						}
					}
				}
				JOINT rclavicle
				{
					OFFSET	-0.033793	2.137338	-0.054507
					CHANNELS 3 Zrotation Yrotation Xrotation
					JOINT rhumerus
					{
						OFFSET	-3.271929	1.313306	0.339403
						CHANNELS 3 Zrotation Yrotation Xrotation
						JOINT rradius
						{
							OFFSET	-5.302520	-0.000000	0.000000
							CHANNELS 3 Zrotation Yrotation Xrotation
							JOINT rwrist
							{
								OFFSET	-3.678750	-0.000000	0.000000
								CHANNELS 3 Zrotation Yrotation Xrotation
								JOINT rhand
								{
									OFFSET	-1.839370	-0.000000	0.000000
									CHANNELS 3 Zrotation Yrotation Xrotation
									JOINT rfingers
									{
										OFFSET	-0.594811	-0.000000	0.000000
										CHANNELS 3 Zrotation Yrotation Xrotation
										End Site
										{
											OFFSET	-0.479552	-0.000000	0.000000
										}
									}
								}
								JOINT rthumb
								{
									OFFSET	-1.839370	-0.000000	0.000000
									CHANNELS 3 Zrotation Yrotation Xrotation
									End Site
									{
										OFFSET	-0.486874	-0.000000	0.486874
									}
								}
							}
						}
					}
				}
			}
		}
	}
}
MOTION
Frames:	781
Frame Time:	0.008333
8.811661 17.843671 -27.816181 12.183707 -85.960082 -8.822115 0.000000 0.000000 0.000000 -6.256798 -1.797216 7.312470 0.000901 -0.194024 -0.533126 1.378102 -0.420346 -22.085113 1.336683 7.320623 20.668787 0.000000 0.000000 0.000000 10.295958 9.210573 13.041021 -0.023005 0.979202 -2.691703 -0.977635 -17.577512 -32.023373 -0.053162 -1.487887 4.092332 -1.398369 0.211678 -8.805289 -0.400204 0.437724 0.250237 0.427264 0.179714 5.196201 -0.666465 6.630827 -1.143184 1.627798 8.834396 0.877127 0.648344 4.423676 0.346864 0.000000 0.000000 0.000000 -60.622005 -2.115446 31.799210 14.430370 -23.346598 -2.996549 -0.000002 -0.000000 -2.275465 -14.760811 -15.676295 4.072655 -7.125020 0.000002 0.000000 -27.455706 14.721307 22.360917 0.000000 0.000000 0.000000 64.395808 -3.115893 15.439500 -13.891762 22.579766 -2.786413 0.000001 -0.000002 13.573955 16.298080 -40.711080 -10.796824 7.125020 -0.000002 0.000000 60.373530 -60.475447 -28.533691
8.821981 17.843864 -27.822266 6.309795 -86.233014 -2.855692 0.000000 0.000000 0.000000 -5.725231 -1.910074 7.287203 0.001007 -0.205366 -0.562567 1.465802 -0.426812 -22.335992 1.432979 7.568848 21.411980 0.000000 0.000000 0.000000 10.830983 9.647453 12.889110 -0.020619 0.924739 -2.554203 -0.859965 -17.796180 -32.109268 -0.040909 -1.305429 3.589604 -0.660900 0.973274 -8.688951 -0.953297 1.395400 -0.001761 -0.448056 0.677556 4.908590 1.000950 5.964415 -0.550813 1.586154 7.922527 0.829321 0.353462 3.967102 0.302663 0.000000 0.000000 0.000000 -57.371646 -3.057321 33.511633 14.297160 -23.157925 -2.943962 -0.000002 0.000001 -2.439857 -14.516214 -15.371597 3.927122 -7.125020 0.000002 0.000000 -27.366858 15.012950 22.068014 0.000000 0.000000 0.000000 63.619081 -3.816177 13.335602 -13.542526 22.076944 -2.653732 0.000001 -0.000002 14.175553 15.288287 -40.824043 -10.132038 7.125020 -0.000002 0.000000 59.683953 -60.800808 -28.514781
8.831290 17.843851 -27.827723 -0.139608 -86.458833 3.696413 0.000000 0.000000 0.000000 -5.212576 -2.027626 7.259067 0.001121 -0.217024 -0.592930 1.547815 -0.432941 -22.604225 1.523722 7.794239 22.090841 0.000000 0.000000 0.000000 11.344019 10.092152 12.739085 -0.018444 0.872513 -2.421066 -0.750103 -18.003243 -32.208427 -0.031066 -1.137760 3.127934 -0.011541 1.587557 -8.596736 -1.369834 2.160874 -0.225671 -1.152415 1.074068 4.662623 2.316235 5.417594 -0.103487 1.567896 7.189604 0.830601 0.125110 3.600627 0.281759 0.000000 0.000000 0.000000 -54.394397 -3.899494 34.760337 14.161054 -22.964480 -2.890648 -0.000002 0.000001 -2.565951 -14.169666 -15.035054 3.747665 -7.125020 0.000002 0.000000 -27.224190 15.337792 21.697137 0.000000 0.000000 0.000000 62.510932 -4.270394 11.645472 -13.170540 21.536581 -2.515546 0.000001 -0.000002 14.688061 14.331867 -40.924449 -9.501595 7.125020 -0.000002 0.000000 59.026317 -61.108610 -28.489774
8.838756 17.843581 -27.832228 -6.649372 -86.629078 10.318313 0.000000 0.000000 0.000000 -4.747047 -2.161876 7.234131 0.001251 -0.229399 -0.625673 1.615775 -0.454773 -22.894239 1.614081 8.011178 22.748037 0.000000 0.000000 0.000000 11.804965 10.528861 12.598195 -0.016601 0.825966 -2.301536 -0.654801 -18.185897 -32.321319 -0.023786 -0.995661 2.736874 0.491436 1.984684 -8.547084 -1.588861 2.645203 -0.395691 -1.602268 1.325100 4.486676 3.126133 5.062764 0.148135 1.583779 6.717972 0.904094 -0.006194 3.365990 0.293696 0.000000 0.000000 0.000000 -51.772484 -4.498945 35.378251 14.022889 -22.767420 -2.836960 -0.000002 0.000001 -2.660709 -13.664975 -14.672632 3.523517 -7.125020 0.000002 0.000000 -26.992238 15.691917 21.218475 0.000000 0.000000 0.000000 60.885510 -4.355452 10.533729 -12.767508 20.945613 -2.369528 0.000001 -0.000002 15.077867 13.463225 -41.012316 -8.928867 7.125020 -0.000002 0.000000 58.425650 -61.388842 -28.462005
8.843824 17.843092 -27.835729 -12.366981 -86.745998 16.145612 0.000000 0.000000 0.000000 -4.366448 -2.332624 7.231145 0.001411 -0.243579 -0.664316 1.658297 -0.516358 -23.207678 1.720305 8.257433 23.498756 0.000000 0.000000 0.000000 12.173472 10.916973 12.478997 -0.015225 0.789565 -2.207758 -0.580851 -18.326582 -32.432978 -0.018968 -0.889193 2.443977 0.825296 2.177366 -8.536432 -1.638233 2.868674 -0.506291 -1.812814 1.441894 4.380916 3.469788 4.888946 0.220438 1.641542 6.483446 1.043648 -0.044217 3.251141 0.335776 0.000000 0.000000 0.000000 -49.434764 -4.827796 35.455073 13.887487 -22.573631 -2.784772 -0.000002 0.000001 -2.774212 -12.999697 -14.305173 3.263174 -7.125020 0.000002 0.000000 -26.663466 16.055284 20.643927 0.000000 0.000000 0.000000 58.787809 -4.110077 9.897779 -12.348719 20.325548 -2.221935 0.000001 -0.000002 15.371414 12.690072 -41.092244 -8.419733 7.125020 -0.000002 0.000000 57.892466 -61.641173 -28.438618
8.846335 17.842434 -27.838309 -16.545771 -86.828182 20.419203 0.000000 0.000000 0.000000 -4.099606 -2.560541 7.270226 0.001624 -0.260991 -0.713354 1.666917 -0.624632 -23.554210 1.852829 8.552554 24.405382 0.000000 0.000000 0.000000 12.420006 11.218828 12.389263 -0.014366 0.765993 -2.147085 -0.534230 -18.409336 -32.527034 -0.016503 -0.829429 2.279598 0.997971 2.222086 -8.549291 -1.586796 2.908040 -0.567052 -1.851197 1.463779 4.328422 3.472773 4.835536 0.158756 1.752846 6.403370 1.225458 -0.007139 3.214399 0.398128 0.000000 0.000000 0.000000 -47.249156 -4.939792 35.195341 13.759515 -22.389869 -2.735837 -0.000002 0.000001 -2.969631 -12.191896 -13.934611 2.976228 -7.125020 0.000002 0.000000 -26.244937 16.424173 19.990476 0.000000 0.000000 0.000000 56.392692 -3.660944 9.500872 -11.944945 19.722018 -2.083676 0.000001 -0.000002 15.627789 12.003968 -41.173895 -7.969789 7.125020 -0.000002 0.000000 57.432855 -61.872879 -28.434121
8.846595 17.841710 -27.840154 -19.068989 -86.895822 23.017826 0.000000 0.000000 0.000000 -3.943291 -2.850000 7.357049 0.001904 -0.281957 -0.774059 1.642336 -0.759243 -23.940636 2.005026 8.876538 25.409878 0.000000 0.000000 0.000000 12.550414 11.424780 12.326523 -0.013947 0.754198 -2.116946 -0.513898 -18.434619 -32.595144 -0.015987 -0.816350 2.243630 1.045453 2.180240 -8.570963 -1.495114 2.843499 -0.592730 -1.790614 1.431739 4.309622 3.260468 4.834364 0.009815 1.923540 6.388937 1.421896 0.084742 3.210905 0.469499 0.000000 0.000000 0.000000 -45.104222 -4.910815 34.779884 13.639992 -22.217708 -2.690476 -0.000002 0.000001 -3.289673 -11.259048 -13.544773 2.668272 -7.125020 0.000002 0.000000 -25.746180 16.811476 19.266978 0.000000 0.000000 0.000000 53.878066 -3.139400 9.120016 -11.585357 19.179899 -1.963931 0.000001 -0.000002 15.902806 11.394855 -41.269106 -7.573614 7.125020 -0.000002 0.000000 57.056135 -62.093355 -28.467805
8.845159 17.841120 -27.841520 -20.396522 -86.956899 24.404160 0.000000 0.000000 0.000000 -3.865654 -3.171053 7.475368 0.002235 -0.304561 -0.840982 1.595530 -0.881463 -24.345792 2.151891 9.175542 26.345996 0.000000 0.000000 0.000000 12.600795 11.544963 12.279340 -0.013816 0.750424 -2.107601 -0.508834 -18.423718 -32.625880 -0.016254 -0.823150 2.262328 1.020212 2.099932 -8.593685 -1.398405 2.735074 -0.596363 -1.689438 1.376732 4.310613 2.932617 4.833059 -0.186753 2.139063 6.373225 1.610875 0.209443 3.206826 0.541117 0.000000 0.000000 0.000000 -42.939778 -4.804624 34.308328 13.526704 -22.054055 -2.647788 -0.000002 0.000001 -3.744533 -10.213170 -13.107585 2.341855 -7.125020 0.000002 0.000000 -25.175498 17.241364 18.473826 0.000000 0.000000 0.000000 51.360293 -2.636711 8.618911 -11.285309 18.724252 -1.866481 0.000001 -0.000002 16.224585 10.851135 -41.390514 -7.224569 7.125020 -0.000002 0.000000 56.772081 -62.313148 -28.560303
8.842541 17.840896 -27.842622 -21.126943 -87.010907 25.182317 0.000000 0.000000 0.000000 -3.830322 -3.465036 7.594037 0.002563 -0.325161 -0.903117 1.542778 -0.951855 -24.718247 2.258705 9.385347 27.008329 0.000000 0.000000 0.000000 12.611056 11.593520 12.234152 -0.013831 0.750767 -2.108885 -0.504778 -18.404591 -32.603718 -0.015684 -0.808585 2.222274 0.974092 2.017744 -8.615073 -1.317810 2.627024 -0.589157 -1.593079 1.321751 4.322103 2.578185 4.796857 -0.395431 2.363554 6.312222 1.779554 0.340719 3.179898 0.607845 0.000000 0.000000 0.000000 -40.731403 -4.670150 33.822485 13.417696 -21.896154 -2.606997 -0.000002 0.000001 -4.320213 -9.061639 -12.592135 1.998813 -7.125020 0.000002 0.000000 -24.539482 17.741096 17.607036 0.000000 0.000000 0.000000 48.902019 -2.214365 7.942610 -11.047294 18.360706 -1.790790 0.000001 -0.000002 16.589414 10.347772 -41.551396 -6.906719 7.125020 -0.000002 0.000000 56.580215 -62.546977 -28.730133
8.839094 17.841156 -27.843499 -21.686897 -87.057680 25.784159 0.000000 0.000000 0.000000 -3.812745 -3.679345 7.685589 0.002830 -0.340838 -0.951073 1.497764 -0.949947 -25.008952 2.300840 9.466445 27.265607 0.000000 0.000000 0.000000 12.607784 11.590261 12.184513 -0.013915 0.753066 -2.115240 -0.494661 -18.392083 -32.530421 -0.013664 -0.754749 2.074229 0.944891 1.959623 -8.632776 -1.268568 2.550612 -0.582295 -1.534800 1.282998 4.334117 2.273061 4.707240 -0.587460 2.559130 6.182149 1.926431 0.454280 3.118127 0.668539 0.000000 0.000000 0.000000 -38.472444 -4.538223 33.337349 13.312813 -21.743831 -2.568013 -0.000002 0.000001 -4.985009 -7.813684 -11.990379 1.645438 -7.125020 0.000002 0.000000 -23.843556 18.317397 16.672234 0.000000 0.000000 0.000000 46.531004 -1.917944 7.104657 -10.867622 18.085057 -1.734604 0.000001 -0.000002 16.963109 9.840315 -41.764055 -6.590528 7.125020 -0.000002 0.000000 56.462615 -62.814389 -28.989597
8.835044 17.841844 -27.843990 -22.279982 -87.099831 26.417127 0.000000 0.000000 0.000000 -3.800567 -3.802160 7.742236 0.003023 -0.351675 -0.984337 1.466091 -0.887880 -25.206943 2.283574 9.433323 27.160444 0.000000 0.000000 0.000000 12.603477 11.564098 12.134375 -0.014065 0.757184 -2.126470 -0.482537 -18.380489 -32.435785 -0.011353 -0.688000 1.890698 0.950346 1.934997 -8.641982 -1.255705 2.516705 -0.585478 -1.528742 1.266107 4.335137 2.053843 4.563365 -0.748946 2.709117 5.981395 2.059234 0.539079 3.020768 0.725156 0.000000 0.000000 0.000000 -36.170881 -4.411648 32.847257 13.211593 -21.596457 -2.530637 -0.000002 0.000001 -5.692720 -6.491826 -11.340369 1.296042 -7.125020 0.000002 0.000000 -23.095640 18.934875 15.699984 0.000000 0.000000 0.000000 44.242925 -1.765379 6.180398 -10.740335 17.889147 -1.695297 0.000001 -0.000002 17.287714 9.270845 -42.036772 -6.236413 7.125020 -0.000002 0.000000 56.385306 -63.136379 -29.341357
8.830625 17.842774 -27.843901 -22.990246 -87.138709 27.168171 0.000000 0.000000 0.000000 -3.785717 -3.861628 7.772297 0.003169 -0.359695 -1.008640 1.446747 -0.804818 -25.338155 2.239435 9.347950 26.889928 0.000000 0.000000 0.000000 12.604440 11.544578 12.091256 -0.014299 0.763551 -2.143794 -0.477288 -18.355542 -32.360424 -0.010357 -0.657121 1.805803 0.991360 1.936683 -8.638036 -1.271031 2.515268 -0.603669 -1.568425 1.265973 4.316771 1.909518 4.377813 -0.880954 2.822337 5.725916 2.185582 0.599761 2.895893 0.779584 0.000000 0.000000 0.000000 -33.845944 -4.270914 32.331414 13.110796 -21.449339 -2.493657 -0.000002 0.000001 -6.394706 -5.134769 -10.716624 0.968612 -7.125020 0.000002 0.000000 -22.309091 19.524564 14.742471 0.000000 0.000000 0.000000 42.010103 -1.738768 5.269597 -10.658049 17.762225 -1.670108 0.000001 -0.000002 17.507334 8.586216 -42.368668 -5.806530 7.125020 -0.000002 0.000000 56.306954 -63.527402 -29.774334
8.826205 17.843743 -27.843252 -23.903001 -87.169628 28.125283 0.000000 0.000000 0.000000 -3.757147 -3.894232 7.783072 0.003281 -0.365812 -1.026879 1.437585 -0.743202 -25.432821 2.203514 9.277711 26.667954 0.000000 0.000000 0.000000 12.619312 11.550689 12.057309 -0.014587 0.771328 -2.165004 -0.482639 -18.312913 -32.331375 -0.011476 -0.691692 1.900848 1.060102 1.948022 -8.619089 -1.296238 2.524215 -0.636173 -1.633264 1.271324 4.276847 1.801301 4.168132 -0.992037 2.916586 5.438891 2.306351 0.648222 2.755071 0.831644 0.000000 0.000000 0.000000 -31.523007 -4.090547 31.763624 13.005199 -21.294830 -2.455175 -0.000002 0.000001 -7.052532 -3.786890 -10.191300 0.676118 -7.125020 0.000002 0.000000 -21.501780 20.019642 13.851178 0.000000 0.000000 0.000000 39.798654 -1.795036 4.445550 -10.612334 17.691618 -1.656189 0.000001 -0.000002 17.598875 7.768077 -42.741813 -5.284754 7.125020 -0.000002 0.000000 56.191596 -63.982353 -30.256332
8.822142 17.844643 -27.842300 -25.110310 -87.184078 29.382200 0.000000 0.000000 0.000000 -3.702507 -3.922072 7.775039 0.003349 -0.369435 -1.037615 1.436934 -0.731189 -25.505858 2.197376 9.265638 26.629853 0.000000 0.000000 0.000000 12.658553 11.586810 12.028429 -0.014853 0.778353 -2.184478 -0.493904 -18.262513 -32.352303 -0.014707 -0.783020 2.151970 1.146943 1.952128 -8.585446 -1.311519 2.521367 -0.678957 -1.699988 1.270845 4.217672 1.691448 3.949258 -1.090527 3.000615 5.140697 2.417518 0.693367 2.608347 0.879905 0.000000 0.000000 0.000000 -29.228914 -3.850570 31.119085 12.891985 -21.128743 -2.414212 -0.000002 0.000001 -7.638299 -2.488758 -9.793833 0.422555 -7.125020 0.000002 0.000000 -20.696391 20.392995 13.055743 0.000000 0.000000 0.000000 37.584500 -1.887437 3.728150 -10.595127 17.665025 -1.650964 0.000001 -0.000002 17.580655 6.853536 -43.117319 -4.691472 7.125020 -0.000002 0.000000 56.015339 -64.468236 -30.728678
8.818488 17.845525 -27.841302 -26.624022 -87.177928 30.949792 0.000000 0.000000 0.000000 -3.616428 -3.951884 7.749777 0.003370 -0.370528 -1.041004 1.441279 -0.785735 -25.562159 2.234496 9.338331 26.859503 0.000000 0.000000 0.000000 12.725999 11.646212 12.000256 -0.015025 0.782734 -2.197395 -0.502882 -18.217530 -32.408822 -0.019346 -0.897999 2.468196 1.244392 1.939953 -8.538501 -1.305783 2.495145 -0.727291 -1.754206 1.258612 4.143732 1.559839 3.729493 -1.180264 3.073602 4.843068 2.513558 0.738229 2.461407 0.922590 0.000000 0.000000 0.000000 -26.986699 -3.543320 30.374079 12.773422 -20.954326 -2.371642 -0.000002 0.000001 -8.125632 -1.278407 -9.495045 0.206349 -7.125020 0.000002 0.000000 -19.923946 20.672372 12.359540 0.000000 0.000000 0.000000 35.362478 -1.986195 3.091691 -10.600465 17.673277 -1.652584 0.000001 -0.000002 17.492529 5.920237 -43.446697 -4.075725 7.125020 -0.000002 0.000000 55.765163 -64.934660 -31.119038
8.814940 17.846583 -27.840330 -28.351270 -87.155556 32.732141 0.000000 0.000000 0.000000 -3.503564 -3.979016 7.712381 0.003366 -0.370241 -1.040614 1.445329 -0.921284 -25.602422 2.328115 9.518457 27.430992 0.000000 0.000000 0.000000 12.815251 11.718768 11.971784 -0.015078 0.783800 -2.202101 -0.503429 -18.185138 -32.479863 -0.024114 -1.002504 2.755701 1.348220 1.912803 -8.481320 -1.279942 2.447878 -0.777236 -1.794050 1.235764 4.060837 1.401180 3.512118 -1.261526 3.138803 4.550676 2.589235 0.784610 2.316484 0.957853 0.000000 0.000000 0.000000 -24.814448 -3.177305 29.493382 12.652795 -20.776372 -2.328678 -0.000002 0.000001 -8.480699 -0.196301 -9.233230 0.026265 -7.125020 0.000002 0.000000 -19.223194 20.916286 11.753713 0.000000 0.000000 0.000000 33.143415 -2.086918 2.499567 -10.625047 17.711262 -1.660055 0.000001 -0.000002 17.362599 5.047602 -43.696488 -3.490961 7.125020 -0.000002 0.000000 55.445359 -65.339034 -31.377909
8.811091 17.848053 -27.839308 -30.154793 -87.126193 34.589985 0.000000 0.000000 0.000000 -3.374294 -3.994340 7.666484 0.003361 -0.369799 -1.040139 1.444915 -1.146580 -25.625291 2.487735 9.815567 28.381526 0.000000 0.000000 0.000000 12.914148 11.797733 11.943315 -0.015018 0.781725 -2.198982 -0.493292 -18.166859 -32.547930 -0.027750 -1.075374 2.956226 1.455771 1.878606 -8.419339 -1.241963 2.390722 -0.826731 -1.824720 1.207878 3.974919 1.217241 3.299601 -1.336766 3.208274 4.266359 2.645776 0.836013 2.175104 0.986295 0.000000 0.000000 0.000000 -22.729033 -2.774647 28.419524 12.528738 -20.592830 -2.284858 -0.000002 0.000001 -8.662624 0.716610 -8.965111 -0.116421 -7.125020 0.000002 0.000000 -18.631540 21.166137 11.236288 0.000000 0.000000 0.000000 30.943064 -2.205035 1.940333 -10.667719 17.777153 -1.673060 0.000001 -0.000002 17.181913 4.288580 -43.865358 -2.975722 7.125020 -0.000002 0.000000 55.089176 -65.664632 -31.509650
8.806670 17.850122 -27.838112 -31.898561 -87.099192 36.387760 0.000000 0.000000 0.000000 -3.241372 -3.992458 7.612891 0.003364 -0.369738 -1.041139 1.438752 -1.451988 -25.631079 2.709514 10.209262 29.657074 0.000000 0.000000 0.000000 13.009485 11.880675 11.914288 -0.014864 0.777085 -2.189286 -0.473523 -18.162153 -32.602799 -0.029637 -1.111306 3.055121 1.561604 1.845898 -8.358634 -1.199778 2.335779 -0.875866 -1.849710 1.180918 3.889947 1.015999 3.095544 -1.417581 3.289025 3.993660 2.702021 0.893826 2.039460 1.015824 0.000000 0.000000 0.000000 -20.746832 -2.358767 27.097830 12.397800 -20.398532 -2.239012 -0.000002 0.000001 -8.646147 1.432077 -8.689234 -0.220896 -7.125020 0.000002 0.000000 -18.171948 21.423794 10.814967 0.000000 0.000000 0.000000 28.772244 -2.362099 1.438066 -10.728631 17.871109 -1.691705 0.000001 -0.000002 16.903378 3.661793 -43.977214 -2.546272 7.125020 -0.000002 0.000000 54.747592 -65.919135 -31.562157
8.801609 17.852888 -27.836641 -33.462175 -87.081481 38.006020 0.000000 0.000000 0.000000 -3.118837 -3.968091 7.549916 0.003365 -0.369544 -1.041957 1.428602 -1.803016 -25.617205 2.970259 10.646750 31.097575 0.000000 0.000000 0.000000 13.089745 11.965773 11.884384 -0.014652 0.770867 -2.175311 -0.447182 -18.169673 -32.640161 -0.029948 -1.117125 3.071135 1.655302 1.818915 -8.301791 -1.157248 2.289691 -0.926019 -1.866285 1.158008 3.805986 0.811566 2.903587 -1.524249 3.371362 3.735822 2.794489 0.953726 1.911811 1.061782 0.000000 0.000000 0.000000 -18.875306 -1.936789 25.542007 12.264715 -20.200445 -2.192841 -0.000002 0.000001 -8.471295 1.957817 -8.417831 -0.291058 -7.125020 0.000002 0.000000 -17.839663 21.677850 10.487142 0.000000 0.000000 0.000000 26.635707 -2.569160 1.028213 -10.807580 17.992710 -1.716012 0.000001 -0.000002 16.473216 3.158620 -44.060740 -2.199541 7.125020 -0.000002 0.000000 54.461458 -66.121101 -31.589266
8.796052 17.856341 -27.834893 -34.754598 -87.074367 39.353953 0.000000 0.000000 0.000000 -3.018167 -3.908131 7.470627 0.003328 -0.367344 -1.036790 1.418863 -2.150246 -25.568402 3.232033 11.061517 32.487629 0.000000 0.000000 0.000000 13.148872 12.049770 11.854466 -0.014431 0.764427 -2.160471 -0.418213 -18.187288 -32.662730 -0.029390 -1.106674 3.042369 1.727163 1.796069 -8.246265 -1.115296 2.251214 -0.978889 -1.870183 1.138357 3.719448 0.618854 2.724324 -1.672366 3.438945 3.492563 2.953643 1.008967 1.792512 1.136921 0.000000 0.000000 0.000000 -17.102087 -1.493336 23.881140 12.148061 -20.026315 -2.152727 -0.000002 0.000001 -8.281396 2.356756 -8.139031 -0.337152 -7.125020 0.000002 0.000000 -17.593343 21.939391 10.218841 0.000000 0.000000 0.000000 24.541581 -2.816620 0.714996 -10.901471 18.137066 -1.745126 0.000001 -0.000002 15.880377 2.762616 -44.138474 -1.926007 7.125020 -0.000002 0.000000 54.257101 -66.288091 -31.632655
8.790289 17.860369 -27.832996 -35.694657 -87.073603 40.351318 0.000000 0.000000 0.000000 -2.946191 -3.798742 7.364504 0.003210 -0.360759 -1.018323 1.414426 -2.447042 -25.462702 3.456025 11.399022 33.637725 0.000000 0.000000 0.000000 13.186070 12.129634 11.825223 -0.014254 0.759176 -2.148532 -0.391092 -18.211483 -32.682245 -0.028918 -1.097766 3.017852 1.774335 1.773256 -8.188552 -1.076373 2.215202 -1.035756 -1.863084 1.119384 3.626811 0.448497 2.551965 -1.856498 3.487499 3.256354 3.172952 1.056135 1.677743 1.238523 0.000000 0.000000 0.000000 -15.396320 -1.007884 22.320097 12.071871 -19.912336 -2.126706 -0.000002 0.000001 -8.278938 2.734486 -7.820321 -0.373236 -7.125020 0.000002 0.000000 -17.363665 22.238942 9.951729 0.000000 0.000000 0.000000 22.510272 -3.081497 0.449259 -11.002989 18.292828 -1.776859 0.000001 -0.000002 15.181024 2.464624 -44.228478 -1.720490 7.125020 -0.000002 0.000000 54.160440 -66.433097 -31.727785
8.784572 17.864846 -27.831098 -36.164389 -87.076749 40.882223 0.000000 0.000000 0.000000 -2.910008 -3.644029 7.229115 0.003005 -0.349224 -0.984817 1.416759 -2.662413 -25.296020 3.616595 11.631935 34.442034 0.000000 0.000000 0.000000 13.198102 12.203778 11.796270 -0.014162 0.756295 -2.142722 -0.370948 -18.235010 -32.714490 -0.029552 -1.109718 3.050749 1.797559 1.749459 -8.129215 -1.047165 2.180391 -1.096434 -1.852513 1.100567 3.528850 0.307376 2.375072 -2.049158 3.527509 3.013240 3.404831 1.095797 1.559935 1.346880 0.000000 0.000000 0.000000 -13.725495 -0.481862 21.028470 12.048786 -19.877761 -2.118850 -0.000002 0.000001 -8.600134 3.188190 -7.442829 -0.411040 -7.125020 0.000002 0.000000 -17.085216 22.594338 9.636928 0.000000 0.000000 0.000000 20.570164 -3.345933 0.146103 -11.101645 18.443883 -1.807948 0.000001 -0.000002 14.478767 2.257435 -44.341942 -1.578625 7.125020 -0.000002 0.000000 54.186978 -66.564535 -31.896873
8.778982 17.869674 -27.829215 -36.040106 -87.087962 40.824106 0.000000 0.000000 0.000000 -2.918151 -3.473957 7.079265 0.002768 -0.335450 -0.944472 1.421981 -2.789607 -25.098052 3.710544 11.764928 34.905385 0.000000 0.000000 0.000000 13.176233 12.270681 11.766948 -0.014180 0.756473 -2.144888 -0.362720 -18.246013 -32.769563 -0.032209 -1.158478 3.184967 1.796750 1.729056 -8.072447 -1.035955 2.152772 -1.158769 -1.846218 1.085033 3.430769 0.200918 2.184349 -2.222098 3.570081 2.752029 3.598040 1.128837 1.432880 1.440896 0.000000 0.000000 0.000000 -12.072117 0.055238 20.062808 12.072411 -19.913145 -2.126890 -0.000002 0.000001 -9.230250 3.752518 -7.019827 -0.454236 -7.125020 0.000002 0.000000 -16.732458 22.993495 9.264186 0.000000 0.000000 0.000000 18.744249 -3.607630 -0.278411 -11.186516 18.573577 -1.834890 0.000001 -0.000002 13.884902 2.123676 -44.473283 -1.488321 7.125020 -0.000002 0.000000 54.312428 -66.683972 -32.124962
8.773487 17.874781 -27.827194 -35.304951 -87.112754 40.158900 0.000000 0.000000 0.000000 -2.971967 -3.328933 6.939458 0.002576 -0.323845 -0.910513 1.423626 -2.848574 -24.917680 3.757278 11.830212 35.133962 0.000000 0.000000 0.000000 13.114817 12.327741 11.736623 -0.014305 0.759625 -2.154711 -0.368992 -18.232544 -32.846304 -0.037544 -1.250655 3.438756 1.773967 1.718173 -8.021542 -1.046517 2.140344 -1.219863 -1.848239 1.076908 3.338025 0.131460 1.981225 -2.370168 3.614249 2.474741 3.742405 1.154123 1.297446 1.516383 0.000000 0.000000 0.000000 -10.434875 0.569970 19.395613 12.127032 -19.994875 -2.145529 -0.000002 0.000001 -10.054191 4.388203 -6.586454 -0.498520 -7.125020 0.000002 0.000000 -16.329193 23.403869 8.862206 0.000000 0.000000 0.000000 17.039589 -3.873862 -0.869501 -11.250495 18.671190 -1.855321 0.000001 -0.000002 13.476828 2.036232 -44.600125 -1.430156 7.125020 -0.000002 0.000000 54.472049 -66.786188 -32.359116
8.768067 17.880125 -27.824851 -34.097914 -87.151504 39.023748 0.000000 0.000000 0.000000 -3.060356 -3.235535 6.826605 0.002470 -0.317257 -0.891460 1.417227 -2.873633 -24.793134 3.784700 11.868256 35.267507 0.000000 0.000000 0.000000 13.019084 12.373684 11.703892 -0.014507 0.764929 -2.169907 -0.388345 -18.190237 -32.935387 -0.045813 -1.381364 3.798785 1.735986 1.718597 -7.976251 -1.074396 2.144703 -1.278463 -1.857566 1.077096 3.251942 0.095105 1.776473 -2.508704 3.647510 2.195145 3.868046 1.169240 1.160734 1.585364 0.000000 0.000000 0.000000 -8.820957 1.048545 18.980040 12.197814 -20.100639 -2.169794 -0.000002 0.000001 -10.954218 5.021442 -6.181265 -0.537493 -7.125020 0.000002 0.000000 -15.923241 23.789191 8.474555 0.000000 0.000000 0.000000 15.445717 -4.147853 -1.609195 -11.294143 18.737706 -1.869318 0.000001 -0.000002 13.268660 1.966855 -44.699154 -1.383823 7.125020 -0.000002 0.000000 54.597134 -66.866124 -32.542835
8.762759 17.885702 -27.822115 -32.644869 -87.199404 37.644835 0.000000 0.000000 0.000000 -3.165323 -3.196620 6.740649 0.002441 -0.315337 -0.886410 1.402346 -2.893765 -24.735848 3.811439 11.905167 35.397325 0.000000 0.000000 0.000000 12.903109 12.413788 11.666940 -0.014747 0.771306 -2.187655 -0.415842 -18.126856 -33.029207 -0.056811 -1.538014 4.230518 1.690893 1.725344 -7.934238 -1.108897 2.158135 -1.336460 -1.868601 1.081768 3.168783 0.081203 1.581065 -2.651127 3.656788 1.927685 4.006976 1.172913 1.030069 1.660067 0.000000 0.000000 0.000000 -7.244435 1.494669 18.755467 12.268536 -20.206142 -2.194160 -0.000002 0.000001 -11.833236 5.587493 -5.832634 -0.567382 -7.125020 0.000002 0.000000 -15.557433 24.122155 8.136384 0.000000 0.000000 0.000000 13.941707 -4.421580 -2.427493 -11.325255 18.785081 -1.879325 0.000001 -0.000002 13.217442 1.891581 -44.761411 -1.332309 7.125020 -0.000002 0.000000 54.649017 -66.926101 -32.649759
8.757627 17.891510 -27.819018 -31.163586 -87.249708 36.242355 0.000000 0.000000 0.000000 -3.270333 -3.199148 6.669673 0.002450 -0.315697 -0.888466 1.381423 -2.921976 -24.734815 3.841611 11.946598 35.543332 0.000000 0.000000 0.000000 12.783281 12.461279 11.625912 -0.015001 0.777999 -2.206243 -0.445211 -18.059418 -33.129808 -0.069917 -1.705909 4.693580 1.645225 1.729696 -7.893340 -1.138511 2.168052 -1.397843 -1.874595 1.084591 3.082418 0.071267 1.401886 -2.798068 3.642068 1.682065 4.170271 1.168860 0.910156 1.743800 0.000000 0.000000 0.000000 -5.725259 1.916919 18.638055 12.320871 -20.284105 -2.212270 -0.000002 0.000000 -12.605197 6.041719 -5.548070 -0.586350 -7.125020 0.000002 0.000000 -15.263130 24.395103 7.866925 0.000000 0.000000 0.000000 12.505698 -4.680468 -3.237983 -11.354581 18.829708 -1.888779 0.000001 -0.000002 13.253415 1.793575 -44.794525 -1.263978 7.125020 -0.000002 0.000000 54.626721 -66.975991 -32.690114
8.752741 17.897463 -27.815602 -29.796730 -87.297001 34.960211 0.000000 0.000000 0.000000 -3.365734 -3.227842 6.602545 0.002463 -0.316243 -0.891477 1.357344 -2.957299 -24.771134 3.871436 11.987329 35.687171 0.000000 0.000000 0.000000 12.672032 12.530504 11.584924 -0.015272 0.784995 -2.226083 -0.471397 -18.005589 -33.246362 -0.084166 -1.871291 5.150092 1.605384 1.724535 -7.851342 -1.157112 2.164234 -1.465809 -1.874018 1.080447 2.987808 0.036703 1.243375 -2.943072 3.627573 1.464739 4.352610 1.169877 0.804114 1.833374 0.000000 0.000000 0.000000 -4.278589 2.323077 18.554992 12.343882 -20.318354 -2.220254 -0.000002 0.000000 -13.222354 6.361376 -5.309983 -0.592709 -7.125020 0.000002 0.000000 -15.059248 24.624524 7.668471 0.000000 0.000000 0.000000 11.122769 -4.913289 -3.967854 -11.391350 18.885621 -1.900663 0.000001 -0.000002 13.304119 1.668111 -44.814560 -1.175896 7.125020 -0.000002 0.000000 54.556175 -67.026794 -32.695566
8.748176 17.903344 -27.811885 -28.565984 -87.340005 33.817806 0.000000 0.000000 0.000000 -3.451029 -3.274433 6.537472 0.002472 -0.316533 -0.894023 1.331652 -2.993904 -24.831672 3.897616 12.022900 35.813036 0.000000 0.000000 0.000000 12.573092 12.629120 11.551168 -0.015590 0.792990 -2.249426 -0.492073 -17.975908 -33.386438 -0.098510 -2.024053 5.572135 1.578755 1.708434 -7.804326 -1.168627 2.144365 -1.540972 -1.875443 1.068243 2.882439 -0.055694 1.107053 -3.079542 3.661674 1.277417 4.541914 1.197030 0.713068 1.923488 0.000000 0.000000 0.000000 -2.904990 2.716060 18.471064 12.340564 -20.313417 -2.219102 -0.000002 0.000000 -13.694680 6.554211 -5.089834 -0.586190 -7.125020 0.000002 0.000000 -14.944155 24.837561 7.527927 0.000000 0.000000 0.000000 9.793206 -5.117718 -4.583743 -11.439921 18.959415 -1.916415 0.000001 -0.000002 13.317352 1.526692 -44.834866 -1.076474 7.125020 -0.000002 0.000000 54.472556 -67.082826 -32.697121
8.744010 17.908905 -27.807925 -27.397921 -87.381388 32.737615 0.000000 0.000000 0.000000 -3.531688 -3.337434 6.479874 0.002493 -0.317510 -0.898718 1.304973 -3.028169 -24.912932 3.920510 12.053868 35.922804 0.000000 0.000000 0.000000 12.482861 12.758026 11.531266 -0.015987 0.802772 -2.278606 -0.507094 -17.972100 -33.551561 -0.112359 -2.161214 5.951401 1.572131 1.686050 -7.746344 -1.185350 2.114576 -1.622846 -1.894904 1.051096 2.764504 -0.221255 0.989779 -3.203082 3.789439 1.114535 4.726824 1.267060 0.634842 2.009684 0.000000 0.000000 0.000000 -1.595912 3.088542 18.363200 12.322635 -20.286730 -2.212882 -0.000002 0.000000 -14.054612 6.652855 -4.873363 -0.569842 -7.125020 0.000002 0.000000 -14.896561 25.047616 7.426848 0.000000 0.000000 0.000000 8.537642 -5.297748 -5.115586 -11.498127 19.047742 -1.935368 0.000001 -0.000002 13.290381 1.391970 -44.858592 -0.981756 7.125020 -0.000002 0.000000 54.401483 -67.138896 -32.707906
8.740292 17.914000 -27.803823 -26.217175 -87.424192 31.641891 0.000000 0.000000 0.000000 -3.612784 -3.415300 6.434304 0.002547 -0.320523 -0.909328 1.278759 -3.056875 -25.014372 3.940677 12.081041 36.019268 0.000000 0.000000 0.000000 12.396720 12.914861 11.527395 -0.016479 0.814618 -2.314433 -0.516801 -17.991054 -33.737632 -0.125540 -2.284024 6.291264 1.588162 1.664438 -7.671059 -1.218867 2.084443 -1.713043 -1.945051 1.033692 2.629798 -0.429719 0.886383 -3.311421 4.005951 0.967628 4.903479 1.372824 0.565656 2.090499 0.000000 0.000000 0.000000 -0.349714 3.423196 18.183893 12.300449 -20.253693 -2.205196 -0.000002 0.000001 -14.307037 6.693762 -4.669089 -0.549043 -7.125020 0.000002 0.000000 -14.889563 25.246126 7.352398 0.000000 0.000000 0.000000 7.387964 -5.457206 -5.647615 -11.558927 19.139886 -1.955257 0.000001 -0.000002 13.271861 1.281229 -44.878551 -0.903827 7.125020 -0.000002 0.000000 54.344184 -67.185350 -32.717920
8.737013 17.918613 -27.799651 -24.983238 -87.469143 30.490883 0.000000 0.000000 0.000000 -3.697031 -3.503362 6.400871 0.002656 -0.326914 -0.929543 1.255563 -3.071480 -25.132281 3.954065 12.099024 36.083184 0.000000 0.000000 0.000000 12.311677 13.093834 11.536061 -0.017060 0.828328 -2.356279 -0.521202 -18.029943 -33.935388 -0.137388 -2.388961 6.581889 1.620442 1.648578 -7.574388 -1.271168 2.061108 -1.816031 -2.023783 1.019302 2.471636 -0.611878 0.793540 -3.403236 4.245375 0.831664 5.076852 1.481079 0.502822 2.167461 0.000000 0.000000 0.000000 0.818534 3.699732 17.862029 12.278327 -20.220734 -2.197543 -0.000002 0.000001 -14.423846 6.703191 -4.492183 -0.528480 -7.125020 0.000002 0.000000 -14.902552 25.418215 7.298185 0.000000 0.000000 0.000000 6.365811 -5.597662 -6.266327 -11.615421 19.225393 -1.973819 0.000001 -0.000002 13.315623 1.190207 -44.882743 -0.839541 7.125020 -0.000002 0.000000 54.273882 -67.216391 -32.700764
8.734104 17.922759 -27.795409 -23.661968 -87.514029 29.252856 0.000000 0.000000 0.000000 -3.786362 -3.598090 6.378850 0.002853 -0.338458 -0.964288 1.237693 -3.056241 -25.261466 3.950834 12.094689 36.067769 0.000000 0.000000 0.000000 12.225357 13.284343 11.550454 -0.017723 0.843643 -2.403174 -0.520541 -18.087604 -34.132819 -0.146623 -2.467614 6.799860 1.654117 1.640191 -7.456452 -1.334017 2.047663 -1.936410 -2.114017 1.009124 2.284691 -0.709195 0.709093 -3.476627 4.432327 0.704421 5.254511 1.557451 0.444588 2.242682 0.000000 0.000000 0.000000 1.882553 3.901122 17.332866 12.257474 -20.189650 -2.190341 -0.000002 0.000001 -14.383303 6.700817 -4.347928 -0.510651 -7.125020 0.000002 0.000000 -14.920550 25.558703 7.257957 0.000000 0.000000 0.000000 5.470618 -5.723594 -7.011844 -11.666115 19.302032 -1.990544 0.000001 -0.000002 13.429943 1.092512 -44.859817 -0.770213 7.125020 -0.000002 0.000000 54.145833 -67.233478 -32.624994
8.731479 17.926375 -27.791058 -22.242157 -87.553323 27.918685 0.000000 0.000000 0.000000 -3.881031 -3.697186 6.368218 0.003183 -0.357181 -1.019198 1.226985 -2.990929 -25.395355 3.917092 12.049253 35.906434 0.000000 0.000000 0.000000 12.137583 13.473087 11.563925 -0.018461 0.860413 -2.454375 -0.515921 -18.162146 -34.320801 -0.152586 -2.517072 6.936987 1.676459 1.639461 -7.321099 -1.395643 2.044874 -2.076313 -2.196340 1.003349 2.068105 -0.714151 0.629809 -3.528074 4.538385 0.582845 5.438752 1.591482 0.388808 2.316232 0.000000 0.000000 0.000000 2.816743 4.014522 16.554222 12.240212 -20.163908 -2.184387 -0.000002 0.000002 -14.201250 6.712191 -4.235276 -0.497450 -7.125020 0.000002 0.000000 -14.924822 25.668558 7.221674 0.000000 0.000000 0.000000 4.687005 -5.846666 -7.867196 -11.716180 19.377634 -2.007124 0.000001 -0.000002 13.565583 0.952740 -44.802121 -0.670959 7.125020 -0.000002 0.000000 53.914581 -67.242978 -32.464400
8.729087 17.929331 -27.786588 -20.803710 -87.579044 26.569472 0.000000 0.000000 0.000000 -3.977059 -3.789875 6.363776 0.003675 -0.383683 -1.095630 1.226170 -2.856392 -25.518133 3.837982 11.941628 35.525795 0.000000 0.000000 0.000000 12.053597 13.649593 11.572030 -0.019270 0.878434 -2.509123 -0.508363 -18.251044 -34.496362 -0.155609 -2.541774 7.005494 1.686936 1.645900 -7.174224 -1.446705 2.051801 -2.235289 -2.260787 1.001534 1.825243 -0.666213 0.551992 -3.550779 4.589702 0.463263 5.622161 1.598404 0.333285 2.384515 0.000000 0.000000 0.000000 3.600677 4.031665 15.493467 12.230137 -20.148878 -2.180916 -0.000002 0.000001 -13.920709 6.772375 -4.160711 -0.492248 -7.125020 0.000002 0.000000 -14.888717 25.741361 7.177991 0.000000 0.000000 0.000000 3.995873 -5.978896 -8.775929 -11.773537 19.464145 -2.026196 0.000001 -0.000002 13.638131 0.738246 -44.708891 -0.519104 7.125020 -0.000002 0.000000 53.550107 -67.254329 -32.208017
8.726916 17.931540 -27.782067 -19.541987 -87.584069 25.400770 0.000000 0.000000 0.000000 -4.066035 -3.853116 6.352138 0.004315 -0.415823 -1.186773 1.238874 -2.640977 -25.602589 3.701882 11.752764 34.862876 0.000000 0.000000 0.000000 11.984267 13.811594 11.573897 -0.020136 0.897329 -2.566456 -0.496939 -18.354689 -34.660918 -0.155956 -2.544591 7.013307 1.696228 1.657735 -7.022498 -1.481569 2.065189 -2.411199 -2.307695 1.002194 1.562026 -0.620704 0.473217 -3.533345 4.636687 0.343427 5.789387 1.603991 0.276698 2.440552 0.000000 0.000000 0.000000 4.218764 3.951989 14.117510 12.230416 -20.149294 -2.181012 -0.000002 0.000001 -13.585676 6.912172 -4.141581 -0.499508 -7.125020 0.000002 0.000000 -14.787494 25.760053 7.120265 0.000000 0.000000 0.000000 3.380574 -6.118984 -9.682647 -11.843134 19.568969 -2.049447 0.000001 -0.000002 13.575321 0.425781 -44.587938 -0.298883 7.125020 -0.000002 0.000000 53.046473 -67.279064 -31.865259
8.724941 17.933066 -27.777628 -18.676250 -87.565757 24.630262 0.000000 0.000000 0.000000 -4.138544 -3.865887 6.319809 0.005032 -0.449549 -1.280355 1.266634 -2.347123 -25.624379 3.506247 11.472653 33.891021 0.000000 0.000000 0.000000 11.941172 13.964505 11.573077 -0.021048 0.916742 -2.625735 -0.478826 -18.475984 -34.816725 -0.153459 -2.524230 6.956836 1.717397 1.672362 -6.871850 -1.498611 2.080736 -2.601022 -2.342979 1.003316 1.285023 -0.616984 0.392629 -3.462944 4.719771 0.222571 5.926949 1.628019 0.218552 2.477698 0.000000 0.000000 0.000000 4.664180 3.782924 12.405771 12.243960 -20.169497 -2.185679 -0.000002 0.000001 -13.228584 7.140220 -4.196402 -0.522695 -7.125020 0.000002 0.000000 -14.612789 25.706320 7.050246 0.000000 0.000000 0.000000 2.833504 -6.247433 -10.579828 -11.923156 19.689296 -2.076328 0.000001 -0.000002 13.368831 0.006289 -44.451643 -0.004674 7.125020 -0.000002 0.000000 52.418120 -67.327112 -31.458624
8.723050 17.934145 -27.773373 -18.280196 -87.527197 24.328751 0.000000 0.000000 0.000000 -4.189871 -3.826899 6.262742 0.005742 -0.481074 -1.365482 1.305905 -1.998250 -25.579077 3.265244 11.112530 32.660335 0.000000 0.000000 0.000000 11.927928 14.113321 11.574717 -0.022009 0.936608 -2.687132 -0.451517 -18.616063 -34.963372 -0.148007 -2.479187 6.831943 1.756731 1.687848 -6.727374 -1.501331 2.095641 -2.801545 -2.373907 1.003575 1.000554 -0.663767 0.310370 -3.332189 4.852252 0.100388 6.033429 1.676268 0.158693 2.494189 0.000000 0.000000 0.000000 4.942394 3.534435 10.363025 12.273420 -20.213420 -2.195848 -0.000002 0.000001 -12.864303 7.442793 -4.335602 -0.563419 -7.125020 0.000002 0.000000 -14.374033 25.569473 6.975258 0.000000 0.000000 0.000000 2.360281 -6.334226 -11.522474 -12.003660 19.810127 -2.103531 0.000001 -0.000002 13.089921 -0.518268 -44.309511 0.361428 7.125020 -0.000002 0.000000 51.683021 -67.403414 -31.007229
8.720984 17.935118 -27.769277 -18.188394 -87.476355 24.328722 0.000000 0.000000 0.000000 -4.224399 -3.754072 6.186546 0.006389 -0.508549 -1.437653 1.349067 -1.638733 -25.482875 3.011316 10.713348 31.319119 0.000000 0.000000 0.000000 11.934106 14.254470 11.580343 -0.023032 0.957165 -2.751361 -0.414339 -18.773075 -35.095023 -0.139649 -2.408463 6.635924 1.808820 1.703696 -6.596179 -1.497222 2.109725 -3.008958 -2.404975 1.002974 0.716544 -0.746370 0.226506 -3.143304 5.021804 -0.023863 6.118697 1.742286 0.096818 2.493652 0.000000 0.000000 0.000000 5.068206 3.213784 8.022155 12.318496 -20.280567 -2.211447 -0.000002 0.000002 -12.489030 7.806970 -4.563304 -0.623385 -7.125020 0.000002 0.000000 -14.081270 25.344554 6.899897 0.000000 0.000000 0.000000 1.975489 -6.347292 -12.612634 -12.066137 19.903751 -2.124753 0.000001 -0.000002 12.869050 -1.144289 -44.163008 0.796265 7.125020 -0.000002 0.000000 50.844926 -67.507642 -30.513619
8.718377 17.936332 -27.765195 -18.074871 -87.424203 24.303395 0.000000 0.000000 0.000000 -4.255726 -3.665174 6.099705 0.006964 -0.532023 -1.498019 1.389198 -1.316114 -25.355680 2.779664 10.329529 30.050569 0.000000 0.000000 0.000000 11.938632 14.378464 11.588662 -0.024150 0.979098 -2.820070 -0.368897 -18.943078 -35.204107 -0.128951 -2.314734 6.376297 1.858197 1.720563 -6.487873 -1.493864 2.124791 -3.217899 -2.434815 1.002657 0.443667 -0.844277 0.138631 -2.906062 5.201166 -0.153529 6.194046 1.813750 0.031209 2.481565 0.000000 0.000000 0.000000 5.061938 2.826369 5.453583 12.373565 -20.362507 -2.230572 -0.000002 0.000002 -12.095055 8.244703 -4.884406 -0.707130 -7.125020 0.000002 0.000000 -13.726628 25.025404 6.818971 0.000000 0.000000 0.000000 1.692573 -6.258832 -13.965993 -12.087307 19.935446 -2.131966 0.000001 -0.000002 12.855720 -1.868399 -44.008127 1.296926 7.125020 -0.000002 0.000000 49.896744 -67.636266 -29.968758
8.714898 17.938029 -27.760936 -17.618554 -87.381265 23.930620 0.000000 0.000000 0.000000 -4.302184 -3.558064 6.005910 0.007463 -0.551880 -1.548115 1.424226 -1.054081 -25.201689 2.585114 9.991044 28.947735 0.000000 0.000000 0.000000 11.920818 14.482353 11.602689 -0.025436 1.003803 -2.896846 -0.319711 -19.118997 -35.292749 -0.117704 -2.211846 6.091487 1.886061 1.738682 -6.409564 -1.494969 2.142145 -3.422197 -2.456241 1.003689 0.191755 -0.946223 0.040067 -2.632143 5.360372 -0.296409 6.263972 1.878917 -0.042315 2.461655 0.000000 0.000000 0.000000 4.947540 2.381889 2.769018 12.428120 -20.443579 -2.249591 -0.000002 0.000002 -11.681049 8.783947 -5.300572 -0.820799 -7.125020 0.000002 0.000000 -13.291129 24.608857 6.719852 0.000000 0.000000 0.000000 1.511794 -6.058607 -15.630159 -12.052703 19.883630 -2.120182 0.000001 -0.000002 13.135373 -2.683876 -43.847067 1.858505 7.125020 -0.000002 0.000000 48.845933 -67.788773 -29.376982
8.710395 17.940290 -27.756340 -16.633394 -87.352853 23.022862 0.000000 0.000000 0.000000 -4.378698 -3.410225 5.900704 0.007869 -0.567812 -1.586776 1.456734 -0.844025 -25.005825 2.417350 9.686056 27.965949 0.000000 0.000000 0.000000 11.870119 14.574787 11.630777 -0.026976 1.032789 -2.985767 -0.273486 -19.290309 -35.377046 -0.108126 -2.120238 5.838065 1.878721 1.755391 -6.362015 -1.498863 2.158961 -3.616994 -2.459841 1.005093 -0.034484 -1.055559 -0.077682 -2.330506 5.475758 -0.461755 6.323697 1.930535 -0.128890 2.434192 0.000000 0.000000 0.000000 4.749016 1.899294 0.090487 12.468086 -20.502906 -2.263569 -0.000002 0.000002 -11.231682 9.429417 -5.797655 -0.966578 -7.125020 0.000002 0.000000 -12.774490 24.107660 6.594471 0.000000 0.000000 0.000000 1.413754 -5.766571 -17.494690 -11.970476 19.760346 -2.092299 0.000001 -0.000002 13.642665 -3.579603 -43.696978 2.473850 7.125020 -0.000002 0.000000 47.732447 -67.973196 -28.774053
8.704943 17.943033 -27.751312 -15.135097 -87.335767 21.595643 0.000000 0.000000 0.000000 -4.488123 -3.202879 5.777518 0.008165 -0.579665 -1.613160 1.489797 -0.662748 -24.753553 2.259063 9.386041 27.010529 0.000000 0.000000 0.000000 11.789431 14.665660 11.677883 -0.028802 1.066286 -3.087410 -0.236125 -19.446085 -35.475112 -0.101111 -2.050520 5.645294 1.835559 1.764890 -6.341906 -1.501001 2.167614 -3.799613 -2.441072 1.003321 -0.234773 -1.180853 -0.220144 -2.006117 5.531829 -0.654770 6.360706 1.964919 -0.231630 2.396010 0.000000 0.000000 0.000000 4.488204 1.403304 -2.494783 12.477565 -20.516969 -2.266891 -0.000002 0.000002 -10.694694 10.141100 -6.347176 -1.139535 -7.125020 0.000002 0.000000 -12.210211 23.549495 6.448881 0.000000 0.000000 0.000000 1.369740 -5.424276 -19.324655 -11.865939 19.603282 -2.057092 0.000001 -0.000002 14.196691 -4.532887 -43.580469 3.128606 7.125020 -0.000002 0.000000 46.618545 -68.198055 -28.210989
8.698794 17.946083 -27.745847 -13.341207 -87.319370 19.868494 0.000000 0.000000 0.000000 -4.618139 -2.950557 5.639123 0.008384 -0.588755 -1.631202 1.522776 -0.492644 -24.458880 2.103729 9.078880 26.042384 0.000000 0.000000 0.000000 11.692802 14.756392 11.739348 -0.030839 1.102562 -3.196741 -0.210505 -19.578549 -35.595179 -0.096146 -1.999690 5.504801 1.772183 1.762247 -6.346154 -1.499200 2.160876 -3.968691 -2.406963 0.994704 -0.409388 -1.317400 -0.387331 -1.663362 5.518108 -0.874321 6.361095 1.977744 -0.350063 2.342967 0.000000 0.000000 0.000000 4.188559 0.913786 -4.941961 12.443073 -20.465782 -2.254816 -0.000002 0.000002 -10.004149 10.858239 -6.922822 -1.331016 -7.125020 0.000002 0.000000 -11.646046 22.960604 6.299043 0.000000 0.000000 0.000000 1.361050 -5.071792 -20.915134 -11.759887 19.443565 -2.021650 0.000001 -0.000002 14.652480 -5.494917 -43.503797 3.790064 7.125020 -0.000002 0.000000 45.562335 -68.453069 -27.716676
8.692296 17.949257 -27.740069 -11.585594 -87.291067 18.178592 0.000000 0.000000 0.000000 -4.746669 -2.704716 5.501149 0.008605 -0.597758 -1.649362 1.551128 -0.328140 -24.169741 1.957209 8.776371 25.098253 0.000000 0.000000 0.000000 11.599660 14.843812 11.804580 -0.032928 1.138595 -3.305046 -0.196768 -19.684704 -35.738207 -0.092729 -1.963930 5.405985 1.714242 1.747870 -6.373584 -1.496502 2.138157 -4.122966 -2.375100 0.978602 -0.556729 -1.439239 -0.571613 -1.314557 5.431578 -1.110913 6.320060 1.963606 -0.478685 2.274871 0.000000 0.000000 0.000000 3.879253 0.440390 -7.211731 12.359042 -20.340909 -2.225521 -0.000002 0.000002 -9.139975 11.538163 -7.506961 -1.533444 -7.125020 0.000002 0.000000 -11.114921 22.358867 6.157425 0.000000 0.000000 0.000000 1.384184 -4.737797 -22.189356 -11.655343 19.285750 -1.986985 0.000001 -0.000002 14.990899 -6.389416 -43.447987 4.404980 7.125020 -0.000002 0.000000 44.602009 -68.701711 -27.281459
8.685804 17.952379 -27.734276 -10.165107 -87.242667 16.826012 0.000000 0.000000 0.000000 -4.852679 -2.522592 5.381910 0.008909 -0.609227 -1.675730 1.570262 -0.171406 -23.938617 1.828599 8.499542 24.241955 0.000000 0.000000 0.000000 11.527152 14.928631 11.864027 -0.034884 1.171271 -3.403485 -0.193495 -19.765897 -35.904869 -0.091089 -1.946535 5.357925 1.684306 1.727043 -6.424168 -1.498427 2.105507 -4.260516 -2.363432 0.957656 -0.673527 -1.513670 -0.755688 -0.984327 5.285683 -1.343695 6.244941 1.921748 -0.605534 2.197491 0.000000 0.000000 0.000000 3.590950 -0.009731 -9.236009 12.230018 -20.148702 -2.180875 -0.000002 0.000002 -8.162745 12.169427 -8.077862 -1.740029 -7.125020 0.000002 0.000000 -10.626268 21.766368 6.024500 0.000000 0.000000 0.000000 1.438523 -4.444285 -23.158822 -11.543804 19.116975 -1.950301 0.000001 -0.000002 15.266445 -7.136298 -43.388240 4.916570 7.125020 -0.000002 0.000000 43.769005 -68.901170 -26.886918
8.679588 17.955240 -27.728880 -9.191574 -87.173672 15.924468 0.000000 0.000000 0.000000 -4.926828 -2.429877 5.289228 0.009331 -0.624137 -1.713297 1.579358 -0.022204 -23.786073 1.720046 8.256843 23.496953 0.000000 0.000000 0.000000 11.482744 15.015986 11.912396 -0.036556 1.198349 -3.485797 -0.198502 -19.825730 -36.094179 -0.091793 -1.954023 5.378612 1.689858 1.705237 -6.497027 -1.507834 2.069946 -4.378983 -2.378656 0.935259 -0.757092 -1.525028 -0.918726 -0.697060 5.108557 -1.546853 6.140631 1.859454 -0.716270 2.116077 0.000000 0.000000 0.000000 3.344366 -0.422273 -10.927599 12.067386 -19.905621 -2.125179 -0.000002 0.000002 -7.186050 12.755861 -8.596589 -1.940665 -7.125020 0.000002 0.000000 -10.178304 21.222906 5.891921 0.000000 0.000000 0.000000 1.516310 -4.205805 -23.855966 -11.418781 18.927305 -1.909552 0.000001 -0.000002 15.528205 -7.683936 -43.322502 5.289255 7.125020 -0.000002 0.000000 43.111785 -69.032658 -26.550497
8.673799 17.957584 -27.724241 -8.562608 -87.089647 15.370897 0.000000 0.000000 0.000000 -4.974385 -2.409551 5.216749 0.009842 -0.641399 -1.758531 1.581680 0.123412 -23.690468 1.626225 8.039797 22.835021 0.000000 0.000000 0.000000 11.461945 15.109266 11.948909 -0.037870 1.218999 -3.549665 -0.209432 -19.868259 -36.298975 -0.095314 -1.991040 5.480898 1.721266 1.684388 -6.587724 -1.522817 2.034658 -4.476729 -2.413298 0.913237 -0.808399 -1.483947 -1.048602 -0.458450 4.926388 -1.704353 5.994006 1.787661 -0.802478 2.027416 0.000000 0.000000 0.000000 3.142129 -0.777162 -12.222571 11.883639 -19.629899 -2.063034 -0.000002 0.000002 -6.311266 13.293393 -9.013311 -2.120157 -7.125020 0.000002 0.000000 -9.774404 20.780303 5.753189 0.000000 0.000000 0.000000 1.607144 -4.020466 -24.335862 -11.281419 18.718322 -1.865233 0.000001 -0.000002 15.815786 -8.023023 -43.273096 5.518979 7.125020 -0.000002 0.000000 42.685599 -69.108043 -26.322764
8.668501 17.959203 -27.720485 -8.098286 -86.997240 14.981061 0.000000 0.000000 0.000000 -5.006427 -2.417889 5.149757 0.010353 -0.658170 -1.802710 1.582136 0.254553 -23.604469 1.547366 7.851704 22.264556 0.000000 0.000000 0.000000 11.455048 15.206049 11.977479 -0.038836 1.233755 -3.596532 -0.224015 -19.898057 -36.508057 -0.101878 -2.058263 5.666698 1.762255 1.662395 -6.686495 -1.538201 1.997886 -4.553383 -2.453273 0.891086 -0.833270 -1.416557 -1.146271 -0.255440 4.751266 -1.816257 5.781016 1.714901 -0.864750 1.922066 0.000000 0.000000 0.000000 2.971555 -1.055081 -13.107772 11.688805 -19.336300 -1.998050 -0.000002 0.000002 -5.585360 13.759885 -9.289444 -2.261816 -7.125020 0.000002 0.000000 -9.429772 20.480230 5.612242 0.000000 0.000000 0.000000 1.706577 -3.866293 -24.702045 -11.136357 18.496954 -1.818945 0.000001 -0.000002 16.188224 -8.174009 -43.260788 5.622175 7.125020 -0.000002 0.000000 42.513319 -69.148246 -26.239336
8.663766 17.960022 -27.717462 -7.700105 -86.900477 14.648549 0.000000 0.000000 0.000000 -5.029067 -2.410512 5.075573 0.010750 -0.671109 -1.835929 1.584839 0.336828 -23.482431 1.496580 7.727646 21.889854 0.000000 0.000000 0.000000 11.456421 15.299234 12.006036 -0.039518 1.243830 -3.629771 -0.240244 -19.920414 -36.712442 -0.111189 -2.149970 5.920299 1.801958 1.634625 -6.778969 -1.547533 1.954391 -4.609050 -2.486537 0.866451 -0.840611 -1.349461 -1.220024 -0.071754 4.583083 -1.892588 5.485974 1.645567 -0.908884 1.793031 0.000000 0.000000 0.000000 2.814631 -1.239977 -13.610053 11.490353 -19.035946 -1.932831 -0.000002 0.000001 -5.014108 14.124925 -9.414900 -2.353970 -7.125020 0.000002 0.000000 -9.164543 20.335932 5.482275 0.000000 0.000000 0.000000 1.815636 -3.710520 -25.079696 -10.987264 18.268722 -1.771927 0.000001 -0.000002 16.708640 -8.167898 -43.287820 5.620582 7.125020 -0.000002 0.000000 42.570633 -69.164893 -26.294255
8.659760 17.960101 -27.714864 -7.353520 -86.801630 14.349084 0.000000 0.000000 0.000000 -5.043781 -2.366138 4.994268 0.010968 -0.678438 -1.853128 1.591291 0.340069 -23.306932 1.487043 7.704083 21.818822 0.000000 0.000000 0.000000 11.464971 15.379362 12.042998 -0.039962 1.250148 -3.651856 -0.257159 -19.939084 -36.906978 -0.122119 -2.252797 6.204822 1.835749 1.596151 -6.848359 -1.544821 1.898331 -4.643807 -2.505089 0.836534 -0.840415 -1.301731 -1.278246 0.101501 4.416659 -1.944436 5.108217 1.581115 -0.940932 1.639470 0.000000 0.000000 0.000000 2.656924 -1.320149 -13.770362 11.294759 -18.738644 -1.869516 -0.000002 0.000001 -4.602636 14.367086 -9.405892 -2.393672 -7.125020 0.000002 0.000000 -8.992177 20.333215 5.377333 0.000000 0.000000 0.000000 1.934227 -3.528312 -25.542192 -10.839039 18.041107 -1.725742 0.000001 -0.000002 17.385652 -8.041796 -43.345437 5.538883 7.125020 -0.000002 0.000000 42.804960 -69.163890 -26.456691
8.656764 17.959572 -27.712368 -7.012148 -86.704424 14.027699 0.000000 0.000000 0.000000 -5.055515 -2.296232 4.921466 0.011029 -0.680908 -1.856876 1.599177 0.266097 -23.099439 1.519077 7.782894 22.056572 0.000000 0.000000 0.000000 11.476409 15.436380 12.092622 -0.040158 1.252664 -3.662235 -0.275706 -19.952717 -37.086867 -0.132914 -2.349895 6.473670 1.858243 1.543734 -6.877752 -1.527041 1.826114 -4.658605 -2.503378 0.799599 -0.843404 -1.281830 -1.325852 0.265927 4.247608 -1.979076 4.654463 1.521535 -0.964648 1.464033 0.000000 0.000000 0.000000 2.491031 -1.290598 -13.631996 11.109000 -18.455131 -1.810276 -0.000002 0.000001 -4.375181 14.480237 -9.288983 -2.384667 -7.125020 0.000002 0.000000 -8.915627 20.446115 5.306158 0.000000 0.000000 0.000000 2.058043 -3.320678 -26.047498 -10.703342 17.832112 -1.683952 0.000001 -0.000002 18.121999 -7.846739 -43.428727 5.411760 7.125020 -0.000002 0.000000 43.156884 -69.158304 -26.697492
8.655103 17.958568 -27.709717 -6.546453 -86.615265 13.550350 0.000000 0.000000 0.000000 -5.075573 -2.230852 4.877873 0.011000 -0.680437 -1.853336 1.603661 0.138880 -22.903564 1.584526 7.941008 22.535045 0.000000 0.000000 0.000000 11.479276 15.463183 12.153446 -0.040045 1.250568 -3.658010 -0.298088 -19.954613 -37.245811 -0.141942 -2.428070 6.690257 1.860683 1.477065 -6.853414 -1.495820 1.738026 -4.656328 -2.478411 0.755791 -0.860232 -1.288725 -1.364739 0.421309 4.077559 -2.000222 4.128731 1.467209 -0.981731 1.268687 0.000000 0.000000 0.000000 2.314593 -1.154957 -13.247240 10.940981 -18.197728 -1.757446 -0.000002 0.000001 -4.358149 14.470017 -9.090800 -2.334194 -7.125020 0.000002 0.000000 -8.930008 20.647543 5.271730 0.000000 0.000000 0.000000 2.180594 -3.120201 -26.430278 -10.599760 17.672187 -1.652370 0.000001 -0.000002 18.713232 -7.650139 -43.546420 5.286674 7.125020 -0.000002 0.000000 43.577698 -69.175850 -27.008460
8.654986 17.957195 -27.706795 -5.823459 -86.541288 12.785163 0.000000 0.000000 0.000000 -5.115834 -2.188624 4.872605 0.010912 -0.677894 -1.845473 1.601627 -0.016843 -22.751189 1.673396 8.149803 23.170011 0.000000 0.000000 0.000000 11.460734 15.458609 12.220101 -0.039581 1.243218 -3.636984 -0.325723 -19.937215 -37.377070 -0.148352 -2.482055 6.839894 1.835391 1.399301 -6.769116 -1.456061 1.638565 -4.641673 -2.430736 0.707263 -0.898901 -1.316780 -1.395884 0.571448 3.915310 -2.010404 3.527632 1.420124 -0.993245 1.052290 0.000000 0.000000 0.000000 2.126743 -0.926975 -12.686780 10.798468 -17.978686 -1.713198 -0.000002 0.000001 -4.550378 14.354670 -8.841161 -2.253372 -7.125020 0.000002 0.000000 -9.021598 20.906232 5.271797 0.000000 0.000000 0.000000 2.297498 -2.974113 -26.493409 -10.547510 17.591385 -1.636544 0.000001 -0.000002 18.940325 -7.520716 -43.717299 5.213129 7.125020 -0.000002 0.000000 44.038751 -69.251298 -27.402491
8.656370 17.955548 -27.703732 -4.816385 -86.486986 11.711354 0.000000 0.000000 0.000000 -5.181324 -2.157406 4.895139 0.010727 -0.672112 -1.829736 1.595330 -0.175806 -22.640418 1.768223 8.365630 23.830245 0.000000 0.000000 0.000000 11.415750 15.425325 12.285311 -0.038784 1.230809 -3.599720 -0.357923 -19.897023 -37.474199 -0.152330 -2.514965 6.931143 1.780714 1.316236 -6.628377 -1.412326 1.535060 -4.620173 -2.363555 0.657490 -0.962587 -1.359221 -1.421409 0.724285 3.769081 -2.013411 2.846799 1.381962 -1.001008 0.812511 0.000000 0.000000 0.000000 1.926608 -0.630816 -12.037130 10.687049 -17.806983 -1.678966 -0.000002 0.000001 -4.910739 14.170581 -8.576448 -2.158166 -7.125020 0.000002 0.000000 -9.163411 21.183297 5.297599 0.000000 0.000000 0.000000 2.410132 -2.907308 -26.181005 -10.550451 17.595937 -1.637432 0.000001 -0.000002 18.740445 -7.501969 -43.945430 5.222032 7.125020 -0.000002 0.000000 44.510165 -69.400858 -27.875101
8.658957 17.953741 -27.700854 -3.620096 -86.452486 10.432441 0.000000 0.000000 0.000000 -5.268069 -2.112699 4.926810 0.010384 -0.661303 -1.800338 1.590036 -0.305331 -22.551955 1.841016 8.526761 24.325831 0.000000 0.000000 0.000000 11.349648 15.366462 12.341652 -0.037728 1.214335 -3.549339 -0.392351 -19.836188 -37.532362 -0.154885 -2.535879 6.989144 1.701013 1.234188 -6.442504 -1.366565 1.435006 -4.597338 -2.280615 0.609982 -1.050082 -1.408582 -1.445472 0.885958 3.637099 -2.015604 2.095085 1.351092 -1.008197 0.551133 0.000000 0.000000 0.000000 1.713013 -0.298807 -11.389576 10.607930 -17.684817 -1.654851 -0.000002 0.000001 -5.364588 13.968877 -8.334487 -2.066713 -7.125020 0.000002 0.000000 -9.317523 21.437851 5.334746 0.000000 0.000000 0.000000 2.524507 -2.902252 -25.651156 -10.591273 17.659069 -1.649794 0.000001 -0.000002 18.275078 -7.597997 -44.200361 5.313968 7.125020 -0.000002 0.000000 44.932897 -69.604687 -28.367108
8.662296 17.951890 -27.698462 -2.357668 -86.434826 9.080785 0.000000 0.000000 0.000000 -5.366985 -2.064983 4.964882 0.009914 -0.646154 -1.759106 1.586090 -0.374064 -22.495111 1.869610 8.589032 24.517989 0.000000 0.000000 0.000000 11.271550 15.286628 12.384162 -0.036527 1.195426 -3.490882 -0.426522 -19.760974 -37.551270 -0.157277 -2.555292 7.042988 1.601772 1.158383 -6.226518 -1.319134 1.344330 -4.578213 -2.184729 0.567505 -1.157794 -1.455758 -1.471521 1.056084 3.507776 -2.022528 1.299438 1.322350 -1.017505 0.276263 0.000000 0.000000 0.000000 1.484402 0.032431 -10.829065 10.556574 -17.605413 -1.639283 -0.000002 0.000001 -5.816935 13.800281 -8.147917 -1.994876 -7.125020 0.000002 0.000000 -9.446099 21.634539 5.368481 0.000000 0.000000 0.000000 2.645567 -2.923487 -25.135907 -10.644933 17.741976 -1.666109 0.000001 -0.000002 17.782763 -7.783614 -44.433472 5.467326 7.125020 -0.000002 0.000000 45.235012 -69.822068 -28.788430
8.665894 17.950091 -27.696627 -1.099625 -86.429952 7.735847 0.000000 0.000000 0.000000 -5.468541 -2.082048 5.033312 0.009475 -0.631380 -1.720396 1.574855 -0.366652 -22.531853 1.855946 8.559345 24.426335 0.000000 0.000000 0.000000 11.187878 15.195301 12.412263 -0.035318 1.176185 -3.430813 -0.459107 -19.678835 -37.538407 -0.160752 -2.583240 7.120522 1.486060 1.092410 -5.996237 -1.270911 1.266978 -4.566699 -2.078058 0.531923 -1.280710 -1.486860 -1.498605 1.225203 3.366562 -2.033850 0.495373 1.288598 -1.028569 -0.000241 0.000000 0.000000 0.000000 1.241376 0.328259 -10.418642 10.523667 -17.554488 -1.629344 -0.000002 0.000001 -6.174571 13.701339 -8.039268 -1.953187 -7.125020 0.000002 0.000000 -9.521642 21.749066 5.388329 0.000000 0.000000 0.000000 2.774393 -2.949941 -24.780219 -10.695283 17.819686 -1.681485 0.000001 -0.000002 17.410414 -8.021663 -44.609104 5.652850 7.125020 -0.000002 0.000000 45.375649 -70.017850 -29.074552
8.669302 17.948395 -27.695196 0.113603 -86.433351 6.446001 0.000000 0.000000 0.000000 -5.564264 -2.254889 5.167444 0.009278 -0.623785 -1.704864 1.544120 -0.284511 -22.746824 1.820108 8.480869 24.184445 0.000000 0.000000 0.000000 11.103505 15.107720 12.429396 -0.034231 1.158689 -3.375644 -0.490127 -19.596300 -37.510921 -0.166810 -2.631229 7.253690 1.358089 1.037925 -5.767221 -1.224676 1.204446 -4.564209 -1.965550 0.503893 -1.411500 -1.481349 -1.522947 1.372925 3.201560 -2.045121 -0.283451 1.242142 -1.038874 -0.265516 0.000000 0.000000 0.000000 0.993066 0.565147 -10.179441 10.498921 -17.516171 -1.621888 -0.000002 0.000001 -6.377858 13.687143 -8.013577 -1.944595 -7.125020 0.000002 0.000000 -9.532802 21.775841 5.389329 0.000000 0.000000 0.000000 2.913752 -2.975645 -24.634570 -10.737527 17.884822 -1.694435 0.000001 -0.000002 17.201508 -8.273480 -44.716435 5.842051 7.125020 -0.000002 0.000000 45.363635 -70.172895 -29.211806
8.672178 17.946811 -27.693936 1.228117 -86.440239 5.271182 0.000000 0.000000 0.000000 -5.647771 -2.641863 5.389708 0.009496 -0.629092 -1.729739 1.486273 -0.141596 -23.192559 1.783624 8.400040 23.935886 0.000000 0.000000 0.000000 11.024358 15.039947 12.440471 -0.033352 1.144402 -3.330231 -0.520254 -19.517837 -37.491588 -0.177136 -2.711039 7.475271 1.229127 0.995137 -5.554654 -1.186699 1.156255 -4.568567 -1.859829 0.482944 -1.539268 -1.420010 -1.543350 1.473250 3.011048 -2.054888 -1.011177 1.178555 -1.047475 -0.507969 0.000000 0.000000 0.000000 0.761848 0.736024 -10.081250 10.475837 -17.480410 -1.614948 -0.000002 0.000000 -6.425863 13.746775 -8.053340 -1.963029 -7.125020 0.000002 0.000000 -9.488071 21.733131 5.372667 0.000000 0.000000 0.000000 3.074915 -2.997382 -24.713814 -10.772011 17.937951 -1.705040 0.000001 -0.000002 17.156233 -8.507444 -44.763877 6.013029 7.125020 -0.000002 0.000000 45.242461 -70.282623 -29.226484
8.674292 17.945317 -27.692680 2.198580 -86.446315 4.260386 0.000000 0.000000 0.000000 -5.716962 -3.235370 5.694882 0.010230 -0.649869 -1.802894 1.402094 0.027093 -23.852443 1.767399 8.363783 23.824579 0.000000 0.000000 0.000000 10.954852 15.000972 12.448598 -0.032722 1.134062 -3.297225 -0.550829 -19.443147 -37.500490 -0.193359 -2.831784 7.810774 1.116788 0.964416 -5.373259 -1.166525 1.122190 -4.574826 -1.780458 0.468531 -1.650333 -1.301845 -1.563916 1.508298 2.813057 -2.068446 -1.674864 1.102814 -1.057109 -0.720756 0.000000 0.000000 0.000000 0.577410 0.846997 -10.052344 10.454247 -17.446948 -1.608469 -0.000002 0.000000 -6.378924 13.848562 -8.126704 -1.996107 -7.125020 0.000002 0.000000 -9.411630 21.654544 5.345121 0.000000 0.000000 0.000000 3.273418 -3.016294 -25.003025 -10.800875 17.982392 -1.713941 0.000001 -0.000002 17.245048 -8.707266 -44.771495 6.155946 7.125020 -0.000002 0.000000 45.068291 -70.354833 -29.166739
8.675503 17.943873 -27.691362 3.011594 -86.448610 3.428754 0.000000 0.000000 0.000000 -5.772915 -3.963202 6.049195 0.011481 -0.684516 -1.919890 1.300529 0.160777 -24.640611 1.795719 8.426943 24.018549 0.000000 0.000000 0.000000 10.895916 14.991159 12.454038 -0.032351 1.127923 -3.277657 -0.584393 -19.365370 -37.551927 -0.217143 -2.999849 8.278329 1.037865 0.946797 -5.235700 -1.171776 1.103185 -4.578296 -1.744543 0.460638 -1.732431 -1.153238 -1.591433 1.480306 2.642787 -2.094427 -2.277139 1.030275 -1.072576 -0.904624 0.000000 0.000000 0.000000 0.461430 0.911912 -9.999716 10.439145 -17.423534 -1.603944 -0.000002 0.000001 -6.337857 13.957468 -8.203764 -2.031373 -7.125020 0.000002 0.000000 -9.329990 21.571848 5.315251 0.000000 0.000000 0.000000 3.514683 -3.043787 -25.431960 -10.827805 18.023831 -1.722264 0.000001 -0.000002 17.394332 -8.873092 -44.765008 6.273402 7.125020 -0.000002 0.000000 44.895676 -70.406459 -29.088461
8.675751 17.942416 -27.689997 3.643766 -86.445888 2.800251 0.000000 0.000000 0.000000 -5.813444 -4.723337 6.404438 0.013148 -0.728016 -2.065826 1.194734 0.196202 -25.442571 1.890199 8.633521 24.655490 0.000000 0.000000 0.000000 10.848793 15.008202 12.455788 -0.032231 1.125878 -3.271444 -0.622203 -19.279136 -37.652397 -0.248901 -3.210240 8.864628 1.002490 0.942265 -5.149111 -1.202024 1.099111 -4.577870 -1.757305 0.458893 -1.780344 -1.014939 -1.631053 1.411938 2.531670 -2.138987 -2.830656 0.977890 -1.097568 -1.066693 0.000000 0.000000 0.000000 0.417954 0.950726 -9.829164 10.437405 -17.420837 -1.603423 -0.000002 0.000001 -6.410027 14.048080 -8.261902 -2.059394 -7.125020 0.000002 0.000000 -9.262355 21.509071 5.289166 0.000000 0.000000 0.000000 3.786273 -3.093254 -25.894894 -10.855277 18.066082 -1.730774 0.000001 -0.000002 17.513975 -9.013975 -44.765330 6.373968 7.125020 -0.000002 0.000000 44.761158 -70.454311 -29.034209
8.675031 17.940885 -27.688653 4.023824 -86.438531 2.445717 0.000000 0.000000 0.000000 -5.829881 -5.429186 6.718520 0.015060 -0.774538 -2.222748 1.095926 0.103747 -26.166748 2.058585 8.987056 25.754842 0.000000 0.000000 0.000000 10.818482 15.050732 12.452928 -0.032337 1.127469 -3.277492 -0.658991 -19.195495 -37.790828 -0.284274 -3.428996 9.475487 1.012565 0.948010 -5.112282 -1.248320 1.106349 -4.577122 -1.810862 0.461432 -1.798738 -0.916666 -1.684406 1.334056 2.485680 -2.203499 -3.345821 0.952860 -1.133111 -1.215032 0.000000 0.000000 0.000000 0.437146 0.986926 -9.468407 10.454120 -17.446753 -1.608431 -0.000002 0.000001 -6.671592 14.106371 -8.278676 -2.072356 -7.125020 0.000002 0.000000 -9.219657 21.489634 5.268383 0.000000 0.000000 0.000000 4.065657 -3.164012 -26.314756 -10.880052 18.104162 -1.738465 0.000001 -0.000002 17.560878 -9.138105 -44.776242 6.463811 7.125020 -0.000002 0.000000 44.665373 -70.503593 -29.009447
8.673342 17.939272 -27.687443 4.081641 -86.427944 2.433119 0.000000 0.000000 0.000000 -5.814342 -6.023641 6.963947 0.017021 -0.819064 -2.374252 1.011348 -0.094728 -26.758180 2.285339 9.436716 27.171210 0.000000 0.000000 0.000000 10.810265 15.115350 12.445320 -0.032642 1.132206 -3.294448 -0.682931 -19.142433 -37.935274 -0.313412 -3.598905 9.950883 1.061417 0.958647 -5.116232 -1.298041 1.118023 -4.582277 -1.888980 0.465003 -1.799661 -0.864380 -1.748856 1.270790 2.484920 -2.283953 -3.824724 0.950089 -1.177097 -1.354403 0.000000 0.000000 0.000000 0.503172 1.038222 -8.898905 10.488518 -17.500059 -1.618759 -0.000002 0.000001 -7.133780 14.130331 -8.232740 -2.064529 -7.125020 0.000002 0.000000 -9.204136 21.535349 5.249686 0.000000 0.000000 0.000000 4.332739 -3.235938 -26.683123 -10.892870 18.123857 -1.742451 0.000001 -0.000002 17.569788 -9.247147 -44.784307 6.542557 7.125020 -0.000002 0.000000 44.577886 -70.545878 -28.984282
8.670602 17.937667 -27.686471 3.827807 -86.415881 2.746954 0.000000 0.000000 0.000000 -5.769251 -6.468753 7.126626 0.018820 -0.857639 -2.506069 0.946312 -0.337351 -27.185486 2.529625 9.891571 28.626312 0.000000 0.000000 0.000000 10.823812 15.193268 12.435019 -0.033147 1.140118 -3.322016 -0.684529 -19.142958 -38.050170 -0.327645 -3.678944 10.175129 1.135289 0.968588 -5.148602 -1.340755 1.127182 -4.598207 -1.973715 0.466494 -1.795731 -0.847365 -1.817273 1.232403 2.502008 -2.370755 -4.265190 0.959063 -1.224374 -1.486139 0.000000 0.000000 0.000000 0.597914 1.105888 -8.177467 10.532366 -17.567954 -1.631970 -0.000002 0.000001 -7.733190 14.130139 -8.118857 -2.036125 -7.125020 0.000002 0.000000 -9.208714 21.651128 5.227884 0.000000 0.000000 0.000000 4.576005 -3.282548 -27.035512 -10.884408 18.110856 -1.739819 0.000001 -0.000002 17.614568 -9.336732 -44.774416 6.605337 7.125020 -0.000002 0.000000 44.470137 -70.569595 -28.927256
8.666639 17.936245 -27.685765 3.351827 -86.404267 3.290515 0.000000 0.000000 0.000000 -5.707092 -6.748835 7.209077 0.020310 -0.888425 -2.609941 0.904712 -0.554824 -27.443840 2.740622 10.262838 29.832135 0.000000 0.000000 0.000000 10.853238 15.272515 12.426703 -0.033878 1.151717 -3.360839 -0.664416 -19.196471 -38.117685 -0.326282 -3.671357 10.153862 1.218356 0.975055 -5.199123 -1.371418 1.130753 -4.625557 -2.051272 0.464810 -1.793818 -0.848316 -1.881672 1.215434 2.515290 -2.453372 -4.661907 0.969718 -1.269296 -1.608229 0.000000 0.000000 0.000000 0.701696 1.174748 -7.417495 10.574940 -17.633819 -1.644844 -0.000002 0.000001 -8.362569 14.120598 -7.957634 -1.994546 -7.125020 0.000002 0.000000 -9.222048 21.815402 5.200815 0.000000 0.000000 0.000000 4.792346 -3.291911 -27.393870 -10.852696 18.062113 -1.729974 0.000001 -0.000002 17.739760 -9.400934 -44.744778 6.647703 7.125020 -0.000002 0.000000 44.343955 -70.571514 -28.836811
8.661304 17.935206 -27.685277 2.759069 -86.395334 3.951160 0.000000 0.000000 0.000000 -5.642204 -6.870496 7.227356 0.021461 -0.912075 -2.686018 0.887989 -0.699113 -27.552449 2.879596 10.497544 30.603433 0.000000 0.000000 0.000000 10.891685 15.344225 12.425831 -0.034846 1.167219 -3.410684 -0.630988 -19.285040 -38.142559 -0.314287 -3.603877 9.964808 1.297054 0.979213 -5.262346 -1.389651 1.130914 -4.661100 -2.113602 0.461476 -1.793761 -0.848976 -1.939496 1.205280 2.511071 -2.528565 -5.002477 0.974163 -1.309896 -1.714265 0.000000 0.000000 0.000000 0.794590 1.222584 -6.744789 10.609478 -17.687209 -1.655322 -0.000002 0.000001 -8.914656 14.109379 -7.786131 -1.950215 -7.125020 0.000002 0.000000 -9.237227 21.990173 5.172415 0.000000 0.000000 0.000000 4.984839 -3.273039 -27.750892 -10.804188 17.987491 -1.714964 0.000001 -0.000002 17.943977 -9.435415 -44.705645 6.667767 7.125020 -0.000002 0.000000 44.225925 -70.556990 -28.737345
8.654572 17.934665 -27.684877 2.159281 -86.391532 4.613657 0.000000 0.000000 0.000000 -5.587341 -6.835894 7.193478 0.022289 -0.929737 -2.736652 0.896315 -0.749242 -27.520570 2.926513 10.575130 30.860002 0.000000 0.000000 0.000000 10.931993 15.406129 12.436893 -0.036025 1.186144 -3.469638 -0.593886 -19.389046 -38.143543 -0.296522 -3.501458 9.678126 1.360289 0.984661 -5.336530 -1.397954 1.133020 -4.699940 -2.156812 0.459577 -1.791373 -0.839465 -1.995803 1.181620 2.489055 -2.603058 -5.270396 0.970134 -1.349302 -1.795144 0.000000 0.000000 0.000000 0.859327 1.226570 -6.272202 10.633100 -17.723703 -1.662506 -0.000002 0.000001 -9.297997 14.092162 -7.637751 -1.910876 -7.125020 0.000002 0.000000 -9.256007 22.141641 5.150829 0.000000 0.000000 0.000000 5.159975 -3.241950 -28.109223 -10.747166 17.899675 -1.697396 0.000001 -0.000002 18.225282 -9.437006 -44.666454 6.664413 7.125020 -0.000002 0.000000 44.139678 -70.531277 -28.650890
8.646605 17.934595 -27.684396 1.702247 -86.394194 5.125995 0.000000 0.000000 0.000000 -5.555880 -6.625125 7.101281 0.022719 -0.940511 -2.758106 0.930394 -0.705376 -27.324121 2.875585 10.490873 30.581411 0.000000 0.000000 0.000000 10.963556 15.459834 12.461424 -0.037375 1.207716 -3.535229 -0.561070 -19.492974 -38.142556 -0.276615 -3.382865 9.346557 1.397728 0.994423 -5.421069 -1.400667 1.141579 -4.738252 -2.179355 0.461694 -1.782937 -0.824657 -2.058117 1.126801 2.464409 -2.686456 -5.454561 0.962875 -1.392308 -1.843639 0.000000 0.000000 0.000000 0.884713 1.166867 -6.088297 10.643157 -17.739236 -1.665568 -0.000002 0.000001 -9.437480 14.058656 -7.527505 -1.878861 -7.125020 0.000002 0.000000 -9.285134 22.254918 5.143093 0.000000 0.000000 0.000000 5.324030 -3.204951 -28.512472 -10.684845 17.803580 -1.678291 0.000001 -0.000002 18.618594 -9.401491 -44.626413 6.634624 7.125020 -0.000002 0.000000 44.087652 -70.492456 -28.577386
8.637796 17.934854 -27.683813 1.556486 -86.400679 5.322973 0.000000 0.000000 0.000000 -5.559712 -6.217015 6.928937 0.022549 -0.940519 -2.738527 0.990938 -0.585845 -26.927178 2.734193 10.251798 29.796032 0.000000 0.000000 0.000000 10.973291 15.505215 12.493806 -0.038858 1.231203 -3.605255 -0.537129 -19.587698 -38.153987 -0.257418 -3.264291 9.015437 1.399712 1.007937 -5.515077 -1.402132 1.156161 -4.776226 -2.180309 0.467780 -1.769261 -0.815265 -2.129254 1.032888 2.452365 -2.781986 -5.553183 0.958818 -1.440622 -1.857346 0.000000 0.000000 0.000000 0.869541 1.035016 -6.227579 10.636942 -17.729638 -1.663675 -0.000002 0.000001 -9.296434 14.002139 -7.450273 -1.852013 -7.125020 0.000002 0.000000 -9.329640 22.335432 5.150913 0.000000 0.000000 0.000000 5.481016 -3.153358 -29.031717 -10.614847 17.695501 -1.656952 0.000001 -0.000002 19.187332 -9.322256 -44.575392 6.572591 7.125020 -0.000002 0.000000 44.054657 -70.431517 -28.497489
8.628720 17.935274 -27.683329 1.806956 -86.403591 5.127777 0.000000 0.000000 0.000000 -5.602133 -5.626679 6.658399 0.021576 -0.924974 -2.665862 1.076112 -0.422494 -26.328646 2.523848 9.881137 28.592667 0.000000 0.000000 0.000000 10.952849 15.536386 12.520127 -0.040427 1.255776 -3.677331 -0.520560 -19.675558 -38.175117 -0.239703 -3.150789 8.698836 1.361568 1.020305 -5.616825 -1.404182 1.170281 -4.818471 -2.159278 0.474505 -1.756437 -0.814694 -2.204998 0.903279 2.450890 -2.883958 -5.569672 0.957849 -1.491354 -1.838027 0.000000 0.000000 0.000000 0.824531 0.842888 -6.641414 10.614936 -17.695643 -1.656980 -0.000002 0.000001 -8.907745 13.921929 -7.388742 -1.825993 -7.125020 0.000002 0.000000 -9.390754 22.400777 5.171199 0.000000 0.000000 0.000000 5.632857 -3.073385 -29.705612 -10.535903 17.573424 -1.633036 0.000001 -0.000002 19.967543 -9.194957 -44.505471 6.474390 7.125020 -0.000002 0.000000 44.028540 -70.341663 -28.396209
8.619893 17.935737 -27.683148 2.347668 -86.395265 4.653314 0.000000 0.000000 0.000000 -5.671931 -4.927749 6.302854 0.019863 -0.893186 -2.543281 1.178056 -0.247436 -25.597177 2.276696 9.420087 27.118452 0.000000 0.000000 0.000000 10.906892 15.544253 12.525641 -0.042009 1.280259 -3.748196 -0.504185 -19.768459 -38.187631 -0.222124 -3.033837 8.372967 1.290286 1.024946 -5.722466 -1.404302 1.174863 -4.870733 -2.118091 0.476980 -1.752892 -0.818175 -2.276511 0.749194 2.443359 -2.980981 -5.510138 0.953996 -1.538626 -1.790113 0.000000 0.000000 0.000000 0.766816 0.621882 -7.213538 10.582900 -17.646127 -1.647255 -0.000002 0.000001 -8.370183 13.818841 -7.326757 -1.796956 -7.125020 0.000002 0.000000 -9.468600 22.467315 5.200485 0.000000 0.000000 0.000000 5.776363 -2.970328 -30.435693 -10.457545 17.452059 -1.609457 0.000001 -0.000002 20.863232 -9.028851 -44.429954 6.348154 7.125020 -0.000002 0.000000 44.029433 -70.234968 -28.299267
8.611581 17.936173 -27.683250 2.889525 -86.373589 4.188926 0.000000 0.000000 0.000000 -5.744411 -4.239213 5.916672 0.017849 -0.852085 -2.397216 1.282042 -0.077372 -24.861198 2.025807 8.919628 25.544233 0.000000 0.000000 0.000000 10.854695 15.526902 12.505183 -0.043504 1.303060 -3.813671 -0.481566 -19.873422 -38.177699 -0.204275 -2.910155 8.028717 1.204294 1.017346 -5.825133 -1.395546 1.163350 -4.936233 -2.060360 0.471461 -1.765856 -0.820664 -2.333468 0.584331 2.415434 -3.059576 -5.386367 0.942128 -1.575649 -1.720364 0.000000 0.000000 0.000000 0.709969 0.411656 -7.809047 10.550253 -17.595633 -1.637372 -0.000002 0.000002 -7.810672 13.696411 -7.264184 -1.765343 -7.125020 0.000002 0.000000 -9.560581 22.535070 5.237348 0.000000 0.000000 0.000000 5.897567 -2.889979 -30.911676 -10.403778 17.368671 -1.593369 0.000001 -0.000002 21.565469 -8.853903 -44.394360 6.220152 7.125020 -0.000002 0.000000 44.124149 -70.152264 -28.292238
8.603850 17.936548 -27.683483 3.134128 -86.342932 4.026357 0.000000 0.000000 0.000000 -5.793047 -3.677058 5.571872 0.016096 -0.813479 -2.265592 1.371816 0.087985 -24.250854 1.796729 8.429183 24.025435 0.000000 0.000000 0.000000 10.820481 15.497500 12.467610 -0.044803 1.322522 -3.869739 -0.454325 -19.978690 -38.157663 -0.189211 -2.801412 7.726353 1.123162 0.997097 -5.916239 -1.370401 1.134773 -5.013661 -1.989506 0.457152 -1.798548 -0.821132 -2.366514 0.419258 2.366399 -3.107058 -5.216330 0.922175 -1.596328 -1.636767 0.000000 0.000000 0.000000 0.660913 0.246576 -8.309741 10.527229 -17.560003 -1.630419 -0.000002 0.000002 -7.355355 13.570647 -7.219735 -1.737784 -7.125020 0.000002 0.000000 -9.654116 22.584535 5.279090 0.000000 0.000000 0.000000 5.976963 -2.895607 -30.768178 -10.398673 17.360748 -1.591846 0.000001 -0.000002 21.700435 -8.709871 -44.447692 6.123709 7.125020 -0.000002 0.000000 44.375873 -70.139905 -28.463235
8.596712 17.936842 -27.683773 2.967483 -86.310402 4.269352 0.000000 0.000000 0.000000 -5.803982 -3.308371 5.323484 0.014967 -0.787337 -2.177362 1.436404 0.245193 -23.842437 1.610964 8.003813 22.725663 0.000000 0.000000 0.000000 10.819177 15.479267 12.431374 -0.045830 1.337517 -3.913994 -0.431857 -20.057833 -38.162870 -0.182108 -2.748612 7.579636 1.058118 0.967993 -5.988791 -1.327733 1.094146 -5.096613 -1.910505 0.436535 -1.847792 -0.819374 -2.369972 0.257026 2.307531 -3.115236 -5.018881 0.897947 -1.597044 -1.546007 0.000000 0.000000 0.000000 0.626342 0.145697 -8.628203 10.522896 -17.553295 -1.629112 -0.000002 0.000001 -7.117576 13.471715 -7.212308 -1.722733 -7.125020 0.000002 0.000000 -9.726318 22.595535 5.317410 0.000000 0.000000 0.000000 6.008984 -3.000990 -29.955610 -10.441769 17.427600 -1.604729 0.000001 -0.000002 21.197543 -8.620990 -44.583757 6.075144 7.125020 -0.000002 0.000000 44.749247 -70.201313 -28.790881
8.590163 17.937019 -27.684184 2.492383 -86.282660 4.806029 0.000000 0.000000 0.000000 -5.779690 -3.149306 5.196400 0.014559 -0.778009 -2.143821 1.470942 0.365989 -23.656141 1.494049 7.721402 21.871031 0.000000 0.000000 0.000000 10.849765 15.491448 12.413702 -0.046557 1.347681 -3.945932 -0.423027 -20.090113 -38.224081 -0.186768 -2.783370 7.676213 1.011553 0.936594 -6.040710 -1.276043 1.050419 -5.175748 -1.833015 0.414202 -1.904474 -0.810614 -2.344610 0.094246 2.252676 -3.084531 -4.808480 0.873214 -1.578512 -1.452065 0.000000 0.000000 0.000000 0.617250 0.108223 -8.725671 10.542897 -17.584250 -1.635149 -0.000002 0.000001 -7.172550 13.431415 -7.238867 -1.723602 -7.125020 0.000002 0.000000 -9.754220 22.570042 5.338980 0.000000 0.000000 0.000000 6.014821 -3.153991 -28.825381 -10.509178 17.532053 -1.624977 0.000001 -0.000002 20.380204 -8.585938 -44.738308 6.066685 7.125020 -0.000002 0.000000 45.112522 -70.292481 -29.140117
8.584138 17.937001 -27.684830 1.906338 -86.264861 5.434880 0.000000 0.000000 0.000000 -5.731499 -3.191809 5.193198 0.014827 -0.785177 -2.163441 1.473758 0.411252 -23.687224 1.468279 7.657469 21.678433 0.000000 0.000000 0.000000 10.899795 15.537559 12.420597 -0.046988 1.353207 -3.966050 -0.428214 -20.078042 -38.341513 -0.202655 -2.898660 7.996742 0.981207 0.909344 -6.075111 -1.228583 1.012324 -5.243555 -1.768909 0.394586 -1.958538 -0.786036 -2.298379 -0.071209 2.209517 -3.025283 -4.594505 0.849178 -1.546256 -1.357412 0.000000 0.000000 0.000000 0.642596 0.115824 -8.635996 10.586940 -17.652371 -1.648479 -0.000002 0.000001 -7.517102 13.469978 -7.275229 -1.737353 -7.125020 0.000002 0.000000 -9.724341 22.531814 5.330830 0.000000 0.000000 0.000000 6.029945 -3.294812 -27.791548 -10.579285 17.640536 -1.646159 0.000001 -0.000002 19.636436 -8.592851 -44.850717 6.083617 7.125020 -0.000002 0.000000 45.347767 -70.369270 -29.383640
8.578511 17.936694 -27.685768 1.359129 -86.259402 6.007473 0.000000 0.000000 0.000000 -5.671558 -3.412620 5.300216 0.015670 -0.805783 -2.227447 1.446708 0.373798 -23.916497 1.531935 7.814259 22.151330 0.000000 0.000000 0.000000 10.955171 15.603643 12.445204 -0.047138 1.354476 -3.974757 -0.438783 -20.046723 -38.482809 -0.223708 -3.044563 8.402839 0.963798 0.889642 -6.097023 -1.194783 0.984372 -5.297694 -1.725753 0.379912 -2.004500 -0.740615 -2.243256 -0.232994 2.177751 -2.953599 -4.384924 0.825338 -1.508438 -1.265438 0.000000 0.000000 0.000000 0.698548 0.139695 -8.473841 10.647669 -17.746201 -1.666942 -0.000002 0.000001 -8.047723 13.586774 -7.296580 -1.758064 -7.125020 0.000002 0.000000 -9.638368 22.506004 5.288227 0.000000 0.000000 0.000000 6.081851 -3.382498 -27.130383 -10.638431 17.731936 -1.664128 0.000001 -0.000002 19.225390 -8.627153 -44.885964 6.111912 7.125020 -0.000002 0.000000 45.391261 -70.404151 -29.447969
8.573175 17.936046 -27.686950 0.903608 -86.264813 6.475024 0.000000 0.000000 0.000000 -5.610474 -3.760949 5.486415 0.016917 -0.834750 -2.320665 1.398219 0.293727 -24.296006 1.650583 8.096829 23.008567 0.000000 0.000000 0.000000 11.006760 15.668390 12.474752 -0.047012 1.351772 -3.971875 -0.444059 -20.025683 -38.606018 -0.241080 -3.159767 8.723869 0.956283 0.876968 -6.110408 -1.176034 0.965800 -5.340081 -1.703252 0.369765 -2.042221 -0.678817 -2.189760 -0.378346 2.152968 -2.883792 -4.189098 0.801581 -1.472114 -1.180996 0.000000 0.000000 0.000000 0.766469 0.148294 -8.408305 10.711657 -17.844939 -1.686499 -0.000002 0.000001 -8.582630 13.752793 -7.292170 -1.779238 -7.125020 0.000002 0.000000 -9.517882 22.504599 5.220717 0.000000 0.000000 0.000000 6.180986 -3.376487 -27.043212 -10.669068 17.779237 -1.673471 0.000001 -0.000002 19.340876 -8.665521 -44.812357 6.131495 7.125020 -0.000002 0.000000 45.195499 -70.368512 -29.271203
8.568091 17.935039 -27.688268 0.557438 -86.277071 6.824003 0.000000 0.000000 0.000000 -5.558143 -4.159159 5.707647 0.018326 -0.865760 -2.422966 1.342119 0.219020 -24.746790 1.777993 8.387479 23.897309 0.000000 0.000000 0.000000 11.049625 15.717973 12.499946 -0.046621 1.345380 -3.957344 -0.439582 -20.029792 -38.688002 -0.249001 -3.210879 8.866409 0.953698 0.868427 -6.117909 -1.168524 0.952838 -5.373534 -1.694838 0.362364 -2.073445 -0.610637 -2.143279 -0.498137 2.130818 -2.823253 -4.014195 0.778557 -1.440791 -1.107657 0.000000 0.000000 0.000000 0.823802 0.115006 -8.599233 10.763191 -17.924365 -1.702325 -0.000002 0.000001 -8.930030 13.918000 -7.263861 -1.794474 -7.125020 0.000002 0.000000 -9.399127 22.527547 5.148849 0.000000 0.000000 0.000000 6.317801 -3.252313 -27.598012 -10.655688 17.758584 -1.669388 0.000001 -0.000002 20.047565 -8.686582 -44.614491 6.125349 7.125020 -0.000002 0.000000 44.751380 -70.244102 -28.831581
8.563273 17.933662 -27.689635 0.384437 -86.292495 6.993202 0.000000 0.000000 0.000000 -5.523564 -4.528918 5.921042 0.019631 -0.893106 -2.515238 1.290929 0.160567 -25.183578 1.889301 8.631586 24.649506 0.000000 0.000000 0.000000 11.078615 15.751984 12.519664 -0.046005 1.335945 -3.932488 -0.429187 -20.055375 -38.733230 -0.247374 -3.200453 8.837328 0.946671 0.860963 -6.121257 -1.168438 0.941760 -5.399499 -1.691474 0.356139 -2.099058 -0.544606 -2.104150 -0.594231 2.109538 -2.772521 -3.858879 0.757102 -1.414542 -1.044556 0.000000 0.000000 0.000000 0.858065 0.026412 -9.124691 10.790585 -17.966551 -1.710765 -0.000002 0.000001 -8.972327 14.038866 -7.219466 -1.799732 -7.125020 0.000002 0.000000 -9.313359 22.568461 5.091691 0.000000 0.000000 0.000000 6.461107 -3.048802 -28.532870 -10.605492 17.681050 -1.654110 0.000001 -0.000002 21.079820 -8.696943 -44.337307 6.102895 7.125020 -0.000002 0.000000 44.157070 -70.061384 -28.232700
8.558747 17.931905 -27.691005 0.489415 -86.309355 6.878507 0.000000 0.000000 0.000000 -5.513100 -4.819678 6.099395 0.020644 -0.913362 -2.585603 1.250451 0.094031 -25.545573 1.988745 8.842593 25.304165 0.000000 0.000000 0.000000 11.087158 15.775033 12.537541 -0.045234 1.324491 -3.900019 -0.420165 -20.088637 -38.757098 -0.239280 -3.148034 8.691159 0.923645 0.852233 -6.120682 -1.173399 0.929923 -5.418314 -1.684339 0.350144 -2.119581 -0.487916 -2.069577 -0.677728 2.092108 -2.727871 -3.712464 0.738986 -1.391314 -0.986379 0.000000 0.000000 0.000000 0.870966 -0.111202 -9.946982 10.791304 -17.967657 -1.710987 -0.000002 0.000001 -8.711613 14.101904 -7.168609 -1.795568 -7.125020 0.000002 0.000000 -9.269934 22.617995 5.056531 0.000000 0.000000 0.000000 6.571253 -2.871811 -29.271918 -10.554075 17.601546 -1.638528 0.000001 -0.000002 21.859126 -8.735482 -44.090785 6.103414 7.125020 -0.000002 0.000000 43.609097 -69.906722 -27.697671
8.554545 17.929794 -27.692340 0.927323 -86.326859 6.424632 0.000000 0.000000 0.000000 -5.527435 -5.017060 6.234510 0.021287 -0.925545 -2.630503 1.220175 -0.007803 -25.808686 2.090650 9.052400 25.959375 0.000000 0.000000 0.000000 11.071371 15.785584 12.555389 -0.044382 1.312051 -3.862855 -0.417504 -20.114490 -38.765767 -0.228091 -3.074049 8.484972 0.877441 0.840104 -6.114719 -1.180189 0.914809 -5.430640 -1.666220 0.343377 -2.136749 -0.448932 -2.035433 -0.762065 2.085429 -2.683750 -3.560537 0.727285 -1.368137 -0.926253 0.000000 0.000000 0.000000 0.872107 -0.272311 -10.935745 10.771953 -17.937859 -1.705023 -0.000002 0.000001 -8.249459 14.122665 -7.119725 -1.786195 -7.125020 0.000002 0.000000 -9.257148 22.666994 5.038748 0.000000 0.000000 0.000000 6.626157 -2.810273 -29.357362 -10.537753 17.576290 -1.633595 0.000001 -0.000002 21.930318 -8.840852 -43.974486 6.164924 7.125020 -0.000002 0.000000 43.267934 -69.862030 -27.413291
8.550707 17.927402 -27.693585 1.628754 -86.342891 5.700958 0.000000 0.000000 0.000000 -5.558817 -5.133981 6.330727 0.021573 -0.930258 -2.651890 1.196893 -0.158402 -25.978034 2.205417 9.281450 26.679759 0.000000 0.000000 0.000000 11.035271 15.777165 12.572101 -0.043509 1.299465 -3.823690 -0.421801 -20.123280 -38.756504 -0.216356 -2.994440 8.263272 0.810785 0.822583 -6.101383 -1.184180 0.893665 -5.438162 -1.634023 0.334421 -2.153529 -0.431727 -1.998472 -0.856699 2.093567 -2.635840 -3.392270 0.723604 -1.342717 -0.859180 0.000000 0.000000 0.000000 0.872735 -0.422431 -11.924870 10.743846 -17.894558 -1.696377 -0.000002 0.000001 -7.727418 14.127498 -7.078437 -1.776548 -7.125020 0.000002 0.000000 -9.255567 22.708816 5.028855 0.000000 0.000000 0.000000 6.632958 -2.857412 -28.835948 -10.563257 17.615747 -1.641305 0.000001 -0.000002 21.347997 -9.017907 -44.001850 6.292651 7.125020 -0.000002 0.000000 43.150082 -69.939622 -27.399115
8.547269 17.924842 -27.694687 2.421551 -86.353405 4.880685 0.000000 0.000000 0.000000 -5.592912 -5.196567 6.396769 0.021560 -0.928799 -2.654131 1.177232 -0.362005 -26.073194 2.339518 9.540093 27.499876 0.000000 0.000000 0.000000 10.990951 15.748956 12.588029 -0.042678 1.287531 -3.785613 -0.430508 -20.115401 -38.732646 -0.205526 -2.918998 8.053318 0.736197 0.799007 -6.079641 -1.182638 0.865057 -5.443175 -1.592045 0.322169 -2.172784 -0.427494 -1.959257 -0.963451 2.111539 -2.585058 -3.204941 0.724841 -1.315523 -0.784157 0.000000 0.000000 0.000000 0.884809 -0.533036 -12.769219 10.718093 -17.854861 -1.688472 -0.000002 0.000001 -7.270507 14.134809 -7.048319 -1.769972 -7.125020 0.000002 0.000000 -9.251633 22.739191 5.020162 0.000000 0.000000 0.000000 6.617532 -2.950329 -28.061955 -10.616762 17.698460 -1.657534 0.000001 -0.000002 20.474568 -9.239791 -44.125949 6.463173 7.125020 -0.000002 0.000000 43.187965 -70.098720 -27.569505
8.544217 17.922253 -27.695628 3.115820 -86.354864 4.155332 0.000000 0.000000 0.000000 -5.615805 -5.230596 6.441687 0.021328 -0.922772 -2.642426 1.158620 -0.609974 -26.116320 2.491600 9.822614 28.404195 0.000000 0.000000 0.000000 10.952924 15.708394 12.606736 -0.041959 1.277137 -3.752246 -0.439874 -20.099652 -38.706761 -0.196109 -2.851735 7.866243 0.670662 0.771267 -6.049921 -1.177532 0.830707 -5.447645 -1.551780 0.306879 -2.196002 -0.417301 -1.923408 -1.075994 2.129259 -2.539120 -3.004272 0.724877 -1.290600 -0.704232 0.000000 0.000000 0.000000 0.920670 -0.591862 -13.382455 10.702445 -17.830729 -1.683678 -0.000002 0.000001 -6.952451 14.147409 -7.033335 -1.767850 -7.125020 0.000002 0.000000 -9.243126 22.753997 5.012282 0.000000 0.000000 0.000000 6.607290 -3.048338 -27.304885 -10.687391 17.807507 -1.679070 0.000001 -0.000002 19.585043 -9.469598 -44.304993 6.646324 7.125020 -0.000002 0.000000 43.336734 -70.298065 -27.856119
8.541421 17.919760 -27.696415 3.565357 -86.347716 3.672331 0.000000 0.000000 0.000000 -5.620021 -5.255498 6.476934 0.020990 -0.914494 -2.623700 1.140102 -0.866930 -26.131336 2.642749 10.092951 29.278262 0.000000 0.000000 0.000000 10.932379 15.663154 12.631683 -0.041410 1.269093 -3.726740 -0.445914 -20.085978 -38.687169 -0.188276 -2.794519 7.707194 0.629032 0.743544 -6.014195 -1.173434 0.795487 -5.452427 -1.526056 0.290422 -2.222568 -0.388452 -1.899305 -1.181187 2.143230 -2.509199 -2.802569 0.720821 -1.273814 -0.625394 0.000000 0.000000 0.000000 0.988381 -0.604399 -13.751947 10.699666 -17.826444 -1.682827 -0.000002 0.000001 -6.783416 14.158865 -7.039652 -1.770904 -7.125020 0.000002 0.000000 -9.234456 22.747183 5.008945 0.000000 0.000000 0.000000 6.620798 -3.143014 -26.674407 -10.769018 17.933338 -1.704119 0.000001 -0.000002 18.793678 -9.672994 -44.514759 6.815239 7.125020 -0.000002 0.000000 43.583490 -70.509092 -28.225224
8.538632 17.917454 -27.697064 3.671754 -86.337157 3.531423 0.000000 0.000000 0.000000 -5.603347 -5.290436 6.519446 0.020710 -0.907516 -2.608367 1.122034 -1.080043 -26.151821 2.762920 10.301000 29.957061 0.000000 0.000000 0.000000 10.936141 15.617162 12.662894 -0.041058 1.263784 -3.710580 -0.445282 -20.078598 -38.671112 -0.182519 -2.751698 7.588211 0.619624 0.720391 -5.977026 -1.172275 0.765110 -5.457353 -1.521246 0.275358 -2.249475 -0.347083 -1.892732 -1.262578 2.160826 -2.502629 -2.616299 0.716340 -1.269050 -0.555146 0.000000 0.000000 0.000000 1.085906 -0.587320 -13.926031 10.707597 -17.838676 -1.685256 -0.000002 0.000001 -6.723820 14.164314 -7.072545 -1.779833 -7.125020 0.000002 0.000000 -9.228936 22.713547 5.013092 0.000000 0.000000 0.000000 6.663876 -3.235297 -26.202009 -10.854473 18.064842 -1.730525 0.000001 -0.000002 18.137431 -9.824061 -44.733481 6.948810 7.125020 -0.000002 0.000000 43.909188 -70.707767 -28.642473
8.535538 17.915399 -27.697613 3.370822 -86.330202 3.799861 0.000000 0.000000 0.000000 -5.563165 -5.365814 6.590453 0.020699 -0.906297 -2.610251 1.103258 -1.215461 -26.225606 2.836742 10.425959 30.367426 0.000000 0.000000 0.000000 10.968289 15.575240 12.697023 -0.040881 1.260915 -3.703020 -0.437032 -20.074598 -38.655273 -0.179459 -2.728656 7.524202 0.643302 0.704469 -5.946366 -1.170738 0.743116 -5.462097 -1.534193 0.263494 -2.271900 -0.311613 -1.901498 -1.308030 2.190866 -2.515953 -2.461863 0.717515 -1.274659 -0.500216 0.000000 0.000000 0.000000 1.201723 -0.557842 -13.977137 10.721209 -17.859666 -1.689428 -0.000002 0.000001 -6.718865 14.164943 -7.130314 -1.794369 -7.125020 0.000002 0.000000 -9.225802 22.654772 5.023923 0.000000 0.000000 0.000000 6.729293 -3.326203 -25.871305 -10.936577 18.190969 -1.756071 0.000001 -0.000002 17.606658 -9.912100 -44.940549 7.036583 7.125020 -0.000002 0.000000 44.278878 -70.876273 -29.066784
8.531840 17.913659 -27.698108 2.668756 -86.332143 4.475774 0.000000 0.000000 0.000000 -5.497050 -5.528614 6.713473 0.021182 -0.915289 -2.644515 1.078192 -1.280471 -26.411407 2.878687 10.496032 30.598444 0.000000 0.000000 0.000000 11.028339 15.546508 12.730614 -0.040828 1.259689 -3.701650 -0.423678 -20.068794 -38.646154 -0.178822 -2.723837 7.510817 0.693483 0.695700 -5.931240 -1.163312 0.729648 -5.466732 -1.555430 0.255199 -2.285056 -0.297077 -1.916003 -1.316145 2.234963 -2.536036 -2.349556 0.727437 -1.284046 -0.463916 0.000000 0.000000 0.000000 1.322133 -0.527029 -13.969012 10.735291 -17.881375 -1.693749 -0.000002 0.000001 -6.725467 14.165657 -7.203831 -1.812867 -7.125020 0.000002 0.000000 -9.221923 22.579970 5.037732 0.000000 0.000000 0.000000 6.801586 -3.413519 -25.641401 -11.008223 18.300854 -1.778503 0.000001 -0.000002 17.169204 -9.945131 -45.123371 7.082384 7.125020 -0.000002 0.000000 44.654491 -71.008941 -29.464894
8.527307 17.912275 -27.698562 1.706876 -86.344996 5.421099 0.000000 0.000000 0.000000 -5.411134 -5.825357 6.907741 0.022334 -0.937248 -2.722204 1.038912 -1.309410 -26.759003 2.919274 10.563213 30.820543 0.000000 0.000000 0.000000 11.106595 15.541143 12.763079 -0.040842 1.259334 -3.703843 -0.409913 -20.058938 -38.656161 -0.179458 -2.728647 7.524177 0.755362 0.692069 -5.937618 -1.147262 0.722483 -5.471697 -1.573871 0.249856 -2.286363 -0.308041 -1.926506 -1.294556 2.289452 -2.549872 -2.279570 0.745623 -1.290636 -0.445160 0.000000 0.000000 0.000000 1.436713 -0.500310 -13.948990 10.746582 -17.898777 -1.697218 -0.000002 0.000001 -6.714464 14.168505 -7.282275 -1.832883 -7.125020 0.000002 0.000000 -9.216309 22.500075 5.051633 0.000000 0.000000 0.000000 6.864103 -3.487085 -25.492487 -11.059277 18.379054 -1.794568 0.000001 -0.000002 16.815877 -9.944424 -45.279289 7.100854 7.125020 -0.000002 0.000000 45.006756 -71.111498 -29.819884
8.521878 17.911218 -27.699011 0.713820 -86.367505 6.408705 0.000000 0.000000 0.000000 -5.321352 -6.254601 7.166774 0.024127 -0.970293 -2.839374 0.983711 -1.336494 -27.261840 2.979590 10.661939 31.148047 0.000000 0.000000 0.000000 11.187257 15.564859 12.795118 -0.040879 1.259222 -3.707305 -0.399772 -20.045043 -38.693738 -0.180971 -2.740069 7.555905 0.810327 0.690853 -5.966684 -1.123584 0.718530 -5.477840 -1.580226 0.246445 -2.276355 -0.339975 -1.928755 -1.254250 2.349029 -2.552030 -2.242840 0.769442 -1.291616 -0.439519 0.000000 0.000000 0.000000 1.539183 -0.478704 -13.945922 10.755325 -17.912248 -1.699906 -0.000002 0.000001 -6.670433 14.166188 -7.355698 -1.850927 -7.125020 0.000002 0.000000 -9.214709 22.425480 5.066659 0.000000 0.000000 0.000000 6.904174 -3.529926 -25.446009 -11.077799 18.407405 -1.800412 0.000001 -0.000002 16.578255 -9.931787 -45.412138 7.107974 7.125020 -0.000002 0.000000 45.321330 -71.194198 -30.129967
8.515753 17.910375 -27.699616 -0.173256 -86.395835 7.301773 0.000000 0.000000 0.000000 -5.240212 -6.726240 7.439511 0.026187 -1.006439 -2.969739 0.923606 -1.379455 -27.816091 3.057395 10.787389 31.566151 0.000000 0.000000 0.000000 11.261225 15.616787 12.825181 -0.040874 1.258385 -3.709134 -0.393961 -20.026870 -38.758899 -0.184161 -2.763980 7.622333 0.847802 0.689754 -6.015641 -1.094159 0.715023 -5.486277 -1.570650 0.243832 -2.257939 -0.382838 -1.923436 -1.206109 2.407609 -2.543794 -2.225566 0.795076 -1.287522 -0.441142 0.000000 0.000000 0.000000 1.629211 -0.457944 -13.956216 10.764987 -17.927131 -1.702879 -0.000002 0.000001 -6.605802 14.147610 -7.412416 -1.862557 -7.125020 0.000002 0.000000 -9.225693 22.368484 5.085034 0.000000 0.000000 0.000000 6.916583 -3.526603 -25.543201 -11.055940 18.373945 -1.793516 0.000001 -0.000002 16.505443 -9.917836 -45.526880 7.111905 7.125020 -0.000002 0.000000 45.598095 -71.264129 -30.401160
8.509345 17.909581 -27.700631 -1.008752 -86.425057 8.153401 0.000000 0.000000 0.000000 -5.165122 -7.085821 7.645790 0.027882 -1.034890 -3.073879 0.876963 -1.436086 -28.247800 3.131470 10.904895 31.959804 0.000000 0.000000 0.000000 11.333301 15.692016 12.850125 -0.040742 1.255431 -3.705664 -0.388963 -20.006402 -38.844889 -0.188852 -2.798769 7.719005 0.872083 0.687865 -6.078706 -1.059995 0.710627 -5.497636 -1.548712 0.241169 -2.234967 -0.427206 -1.913525 -1.158280 2.461641 -2.529437 -2.215527 0.819652 -1.280409 -0.445047 0.000000 0.000000 0.000000 1.713840 -0.431552 -13.944929 10.778981 -17.948684 -1.707189 -0.000002 0.000001 -6.559801 14.114674 -7.442332 -1.865510 -7.125020 0.000002 0.000000 -9.248309 22.339287 5.104047 0.000000 0.000000 0.000000 6.904578 -3.469998 -25.818246 -10.992865 18.277313 -1.773684 0.000001 -0.000002 16.638567 -9.897767 -45.624800 7.109274 7.125020 -0.000002 0.000000 45.843613 -71.320609 -30.637414
8.503118 17.908666 -27.702241 -1.931561 -86.450993 9.099354 0.000000 0.000000 0.000000 -5.085404 -7.200085 7.720401 0.028659 -1.047747 -3.120256 0.858175 -1.491676 -28.406535 3.177978 10.977737 32.204835 0.000000 0.000000 0.000000 11.414272 15.785739 12.868962 -0.040428 1.249390 -3.694556 -0.379297 -19.990806 -38.943280 -0.192662 -2.826704 7.796652 0.895146 0.685694 -6.148342 -1.022138 0.705685 -5.511624 -1.522265 0.238248 -2.211166 -0.470971 -1.902500 -1.113810 2.514438 -2.513660 -2.206825 0.843759 -1.272605 -0.448857 0.000000 0.000000 0.000000 1.802622 -0.397731 -13.878440 10.797242 -17.976798 -1.712820 -0.000002 0.000001 -6.565799 14.086326 -7.448104 -1.863078 -7.125020 0.000002 0.000000 -9.268665 22.334473 5.116560 0.000000 0.000000 0.000000 6.876047 -3.364042 -26.277110 -10.893876 18.125400 -1.742764 0.000001 -0.000002 16.991375 -9.856224 -45.703927 7.088672 7.125020 -0.000002 0.000000 46.066886 -71.357173 -30.839180
8.497415 17.907500 -27.704394 -2.985968 -86.471800 10.180198 0.000000 0.000000 0.000000 -4.999160 -7.038376 7.650927 0.028362 -1.043396 -3.101193 0.871410 -1.534671 -28.256827 3.187591 10.992705 32.255284 0.000000 0.000000 0.000000 11.507391 15.893743 12.883890 -0.039953 1.240576 -3.676731 -0.361876 -19.987815 -39.047105 -0.192998 -2.829150 7.803451 0.924753 0.684214 -6.217289 -0.983162 0.701297 -5.527430 -1.498340 0.235359 -2.189570 -0.519878 -1.892486 -1.072244 2.574638 -2.499160 -2.198846 0.871039 -1.265464 -0.452266 0.000000 0.000000 0.000000 1.900638 -0.360621 -13.749425 10.816770 -18.006851 -1.718852 -0.000002 0.000000 -6.628719 14.082013 -7.447111 -1.862281 -7.125020 0.000002 0.000000 -9.271873 22.335635 5.118066 0.000000 0.000000 0.000000 6.838228 -3.228402 -26.860827 -10.771860 17.937716 -1.704995 0.000001 -0.000002 17.512088 -9.778841 -45.766030 7.039844 7.125020 -0.000002 0.000000 46.284670 -71.370088 -31.015319
8.492324 17.906054 -27.706749 -4.048913 -86.489625 11.269464 0.000000 0.000000 0.000000 -4.917759 -6.695172 7.486539 0.027302 -1.026470 -3.035340 0.907970 -1.568516 -27.905312 3.172688 10.969487 32.177044 0.000000 0.000000 0.000000 11.601935 16.007486 12.897319 -0.039405 1.230477 -3.655647 -0.338654 -19.997661 -39.146634 -0.189281 -2.801925 7.727777 0.959453 0.684022 -6.280256 -0.947404 0.698362 -5.544117 -1.480594 0.232945 -2.172081 -0.581101 -1.882745 -1.033884 2.649030 -2.484839 -2.191318 0.904794 -1.258415 -0.455007 0.000000 0.000000 0.000000 2.006736 -0.323515 -13.565936 10.835453 -18.035593 -1.724631 -0.000002 0.000000 -6.739061 14.106721 -7.456276 -1.868025 -7.125020 0.000002 0.000000 -9.253564 22.325374 5.109811 0.000000 0.000000 0.000000 6.796543 -3.102201 -27.415033 -10.650272 17.750219 -1.667737 0.000001 -0.000002 18.049699 -9.663854 -45.823376 6.962926 7.125020 -0.000002 0.000000 46.526711 -71.366670 -31.194924
8.487638 17.904403 -27.708815 -4.895876 -86.511085 12.139521 0.000000 0.000000 0.000000 -4.855932 -6.342628 7.315252 0.026061 -1.005670 -2.958112 0.947277 -1.609237 -27.546841 3.160371 10.950244 32.112261 0.000000 0.000000 0.000000 11.677427 16.110431 12.908932 -0.038885 1.220974 -3.635193 -0.315369 -20.011165 -39.224668 -0.182998 -2.755285 7.598175 0.990491 0.685200 -6.334607 -0.919363 0.697358 -5.560628 -1.468747 0.231457 -2.159091 -0.656463 -1.870578 -1.000933 2.736442 -2.467153 -2.181413 0.944912 -1.249616 -0.455910 0.000000 0.000000 0.000000 2.115751 -0.283122 -13.331508 10.854281 -18.064547 -1.730465 -0.000002 0.000000 -6.891548 14.149314 -7.476025 -1.878891 -7.125020 0.000002 0.000000 -9.221809 22.303674 5.096364 0.000000 0.000000 0.000000 6.756125 -3.032612 -27.734077 -10.558078 17.607735 -1.639739 0.000001 -0.000002 18.397057 -9.525517 -45.894912 6.870464 7.125020 -0.000002 0.000000 46.823892 -71.363944 -31.417297
8.482956 17.902659 -27.710217 -5.324631 -86.544476 12.585449 0.000000 0.000000 0.000000 -4.822791 -6.145492 7.223510 0.025208 -0.990402 -2.905854 0.966099 -1.672702 -27.365815 3.177340 10.976741 32.201482 0.000000 0.000000 0.000000 11.714536 16.183215 12.916611 -0.038479 1.213706 -3.618562 -0.298573 -20.014426 -39.262968 -0.176860 -2.708929 7.469412 1.006483 0.687575 -6.380594 -0.901399 0.698556 -5.575617 -1.458815 0.231377 -2.149153 -0.738434 -1.853604 -0.976608 2.824994 -2.443195 -2.163774 0.986351 -1.237516 -0.453071 0.000000 0.000000 0.000000 2.221142 -0.231614 -13.043659 10.875650 -18.097393 -1.737097 -0.000002 0.000001 -7.082883 14.186324 -7.489360 -1.887400 -7.125020 0.000002 0.000000 -9.194392 22.288698 5.083934 0.000000 0.000000 0.000000 6.720900 -3.049982 -27.674163 -10.515754 17.542235 -1.626959 0.000001 -0.000002 18.404948 -9.387344 -45.992598 6.780894 7.125020 -0.000002 0.000000 47.182686 -71.377522 -31.702328
8.477856 17.900896 -27.710873 -5.225345 -86.595078 12.495849 0.000000 0.000000 0.000000 -4.821785 -6.189613 7.259904 0.025085 -0.987029 -2.901288 0.950836 -1.763358 -27.455352 3.237295 11.069623 32.515046 0.000000 0.000000 0.000000 11.703724 16.214306 12.919842 -0.038245 1.209772 -3.608127 -0.293678 -19.995044 -39.255361 -0.173747 -2.685111 7.403270 0.997676 0.690988 -6.421406 -0.893083 0.702212 -5.587381 -1.444825 0.233192 -2.138835 -0.810366 -1.830895 -0.965320 2.893802 -2.412160 -2.131471 1.019697 -1.221603 -0.444071 0.000000 0.000000 0.000000 2.317233 -0.164112 -12.707072 10.900297 -18.135262 -1.744761 -0.000002 0.000001 -7.299526 14.191861 -7.476413 -1.884977 -7.125020 0.000002 0.000000 -9.190965 22.301629 5.079173 0.000000 0.000000 0.000000 6.691764 -3.151502 -27.237784 -10.525051 17.556627 -1.629762 0.000001 -0.000002 18.066784 -9.270971 -46.111887 6.709422 7.125020 -0.000002 0.000000 47.573142 -71.411802 -32.031961
8.472073 17.899139 -27.710973 -4.564116 -86.662249 11.837360 0.000000 0.000000 0.000000 -4.855003 -6.455916 7.418890 0.025720 -0.996347 -2.945986 0.903833 -1.872301 -27.792094 3.336302 11.220520 33.027249 0.000000 0.000000 0.000000 11.645978 16.206247 12.921044 -0.038208 1.209609 -3.605262 -0.303743 -19.947948 -39.212507 -0.175252 -2.696657 7.435331 0.958116 0.695474 -6.462510 -0.892809 0.708669 -5.594409 -1.421701 0.237337 -2.123613 -0.854665 -1.803281 -0.970797 2.923527 -2.375528 -2.078759 1.035873 -1.202548 -0.426915 0.000000 0.000000 0.000000 2.400303 -0.085892 -12.349915 10.925781 -18.174394 -1.752702 -0.000002 0.000001 -7.507671 14.155730 -7.433629 -1.869327 -7.125020 0.000002 0.000000 -9.219089 22.346464 5.085513 0.000000 0.000000 0.000000 6.669465 -3.305581 -26.571498 -10.571096 17.627871 -1.643679 0.000001 -0.000002 17.516569 -9.187568 -46.234437 6.662162 7.125020 -0.000002 0.000000 47.942357 -71.459020 -32.358875
8.465583 17.897379 -27.710820 -3.373821 -86.739493 10.645952 0.000000 0.000000 0.000000 -4.922192 -6.844324 7.649838 0.026866 -1.013952 -3.022475 0.840586 -1.983148 -28.266017 3.455031 11.397557 33.632693 0.000000 0.000000 0.000000 11.550705 16.174378 12.924032 -0.038362 1.212937 -3.610072 -0.327757 -19.879501 -39.155452 -0.180855 -2.739198 7.553485 0.888136 0.701301 -6.509925 -0.899216 0.718267 -5.596475 -1.388149 0.243998 -2.099928 -0.863821 -1.773443 -0.992993 2.910069 -2.336952 -2.004266 1.032334 -1.182208 -0.401249 0.000000 0.000000 0.000000 2.468457 -0.012743 -12.026071 10.947265 -18.207370 -1.759409 -0.000002 0.000001 -7.656367 14.091303 -7.378271 -1.846678 -7.125020 0.000002 0.000000 -9.268320 22.405130 5.100838 0.000000 0.000000 0.000000 6.659449 -3.470596 -25.890114 -10.633546 17.724391 -1.662641 0.000001 -0.000002 16.955358 -9.136287 -46.339180 6.636242 7.125020 -0.000002 0.000000 48.240957 -71.505876 -32.632470
8.458591 17.895595 -27.710685 -1.806402 -86.816956 9.078243 0.000000 0.000000 0.000000 -5.014043 -7.228447 7.884188 0.028124 -1.033061 -3.104098 0.780763 -2.080576 -28.739732 3.566802 11.560479 34.194325 0.000000 0.000000 0.000000 11.435790 16.141715 12.932326 -0.038660 1.218723 -3.621109 -0.359878 -19.806127 -39.107475 -0.188518 -2.796311 7.712174 0.797416 0.708511 -6.567867 -0.910313 0.730609 -5.595256 -1.347535 0.252654 -2.067118 -0.843674 -1.744843 -1.029718 2.866934 -2.300834 -1.909406 1.014333 -1.162878 -0.367583 0.000000 0.000000 0.000000 2.521521 0.039485 -11.786893 10.960500 -18.227676 -1.763547 -0.000002 0.000001 -7.706467 14.019226 -7.330309 -1.824911 -7.125020 0.000002 0.000000 -9.322808 22.456530 5.120628 0.000000 0.000000 0.000000 6.669600 -3.611364 -25.381723 -10.695954 17.820721 -1.681690 0.000001 -0.000002 16.560046 -9.108575 -46.410683 6.623811 7.125020 -0.000002 0.000000 48.438940 -71.540152 -32.817452
8.451450 17.893771 -27.710770 -0.148300 -86.885794 7.424959 0.000000 0.000000 0.000000 -5.110350 -7.504218 8.061974 0.029093 -1.047440 -3.165857 0.739638 -2.160511 -29.099037 3.651107 11.681063 34.612846 0.000000 0.000000 0.000000 11.325028 16.131231 12.947573 -0.039009 1.225137 -3.634874 -0.391740 -19.746028 -39.088232 -0.196136 -2.851931 7.866787 0.703073 0.716127 -6.636992 -0.922099 0.743624 -5.593811 -1.305452 0.261721 -2.027913 -0.807478 -1.720081 -1.080959 2.813871 -2.270397 -1.793120 0.990280 -1.146200 -0.325193 0.000000 0.000000 0.000000 2.561109 0.067520 -11.645682 10.964744 -18.234188 -1.764875 -0.000002 0.000001 -7.663361 13.945841 -7.293240 -1.805800 -7.125020 0.000002 0.000000 -9.377816 22.496844 5.142969 0.000000 0.000000 0.000000 6.701219 -3.702200 -25.153518 -10.745534 17.897162 -1.696895 0.000001 -0.000002 16.431697 -9.093089 -46.436883 6.615336 7.125020 -0.000002 0.000000 48.516450 -71.550794 -32.887293
8.444560 17.891916 -27.711275 1.267454 -86.941433 6.021595 0.000000 0.000000 0.000000 -5.187170 -7.608793 8.143961 0.029470 -1.052726 -3.190344 0.724850 -2.236458 -29.271804 3.704903 11.757007 34.877703 0.000000 0.000000 0.000000 11.240467 16.155650 12.967326 -0.039277 1.229850 -3.645973 -0.416420 -19.708753 -39.107332 -0.202791 -2.899629 7.999439 0.622765 0.722115 -6.714688 -0.929281 0.753817 -5.595019 -1.266566 0.268927 -1.986714 -0.768014 -1.700599 -1.148901 2.764444 -2.247443 -1.651328 0.966518 -1.133017 -0.272169 0.000000 0.000000 0.000000 2.589715 0.080659 -11.580127 10.962265 -18.230385 -1.764099 -0.000002 0.000001 -7.569488 13.862116 -7.256736 -1.785601 -7.125020 0.000002 0.000000 -9.440394 22.536867 5.169471 0.000000 0.000000 0.000000 6.745855 -3.728151 -25.218041 -10.772118 17.938117 -1.705074 0.000001 -0.000002 16.581115 -9.078035 -46.407266 6.601097 7.125020 -0.000002 0.000000 48.458243 -71.527403 -32.819913
8.438249 17.890082 -27.712333 2.172781 -86.983095 5.136402 0.000000 0.000000 0.000000 -5.226448 -7.518339 8.112762 0.029098 -1.046522 -3.168825 0.737826 -2.331841 -29.226273 3.740595 11.806972 35.052506 0.000000 0.000000 0.000000 11.195320 16.209447 12.984314 -0.039344 1.230894 -3.649075 -0.430876 -19.690319 -39.158610 -0.208917 -2.942831 8.119629 0.570001 0.724545 -6.797255 -0.927646 0.758041 -5.599750 -1.234313 0.272357 -1.946447 -0.734778 -1.687751 -1.232867 2.724418 -2.233660 -1.484038 0.946446 -1.124140 -0.208427 0.000000 0.000000 0.000000 2.608967 0.088577 -11.568599 10.955019 -18.219270 -1.761833 -0.000002 0.000001 -7.462008 13.762539 -7.213237 -1.761729 -7.125020 0.000002 0.000000 -9.514901 22.584481 5.200872 0.000000 0.000000 0.000000 6.793262 -3.693064 -25.501310 -10.774902 17.942402 -1.705931 0.000001 -0.000002 16.934157 -9.050796 -46.322693 6.572004 7.125020 -0.000002 0.000000 48.278758 -71.465967 -32.622807
8.432663 17.888365 -27.713837 2.426985 -87.011798 4.908001 0.000000 0.000000 0.000000 -5.222279 -7.237059 7.969574 0.027958 -1.028110 -3.099938 0.776822 -2.461364 -28.962442 3.771884 11.850500 35.205146 0.000000 0.000000 0.000000 11.191594 16.270321 12.989169 -0.039150 1.227471 -3.641190 -0.435406 -19.678389 -39.220513 -0.215050 -2.985444 8.238227 0.553505 0.723065 -6.881433 -0.915814 0.755486 -5.606376 -1.212235 0.271435 -1.907156 -0.715938 -1.683540 -1.323904 2.698601 -2.231408 -1.302802 0.933079 -1.120867 -0.138763 0.000000 0.000000 0.000000 2.618198 0.091966 -11.612525 10.942744 -18.200434 -1.757996 -0.000002 0.000001 -7.346732 13.659122 -7.164486 -1.736218 -7.125020 0.000002 0.000000 -9.592509 22.637513 5.232696 0.000000 0.000000 0.000000 6.836672 -3.622003 -25.869194 -10.764463 17.926323 -1.702717 0.000001 -0.000002 17.356631 -9.002239 -46.203388 6.523629 7.125020 -0.000002 0.000000 48.037123 -71.375406 -32.350630
8.427741 17.886858 -27.715378 2.036308 -87.029824 5.326429 0.000000 0.000000 0.000000 -5.182173 -6.783926 7.729142 0.026154 -0.998235 -2.988034 0.839412 -2.616103 -28.501116 3.799811 11.889139 35.340923 0.000000 0.000000 0.000000 11.222095 16.312749 12.975531 -0.038706 1.219917 -3.622060 -0.431645 -19.662660 -39.266410 -0.220322 -3.021587 8.338854 0.576767 0.719273 -6.964109 -0.895104 0.748153 -5.612386 -1.203567 0.267130 -1.867844 -0.717849 -1.689742 -1.405150 2.692685 -2.242593 -1.129097 0.929535 -1.124407 -0.072302 0.000000 0.000000 0.000000 2.613990 0.084956 -11.725418 10.924354 -18.172206 -1.752256 -0.000002 0.000001 -7.209748 13.570798 -7.112276 -1.712019 -7.125020 0.000002 0.000000 -9.659363 22.693486 5.257702 0.000000 0.000000 0.000000 6.866796 -3.550748 -26.158792 -10.751984 17.907096 -1.698877 0.000001 -0.000002 17.687729 -8.938848 -46.080102 6.464087 7.125020 -0.000002 0.000000 47.802473 -71.276784 -32.076973
8.423256 17.885619 -27.716409 1.146814 -87.041441 6.241214 0.000000 0.000000 0.000000 -5.123187 -6.207531 7.426299 0.023954 -0.960148 -2.846745 0.919830 -2.765328 -27.900546 3.812730 11.906945 35.403583 0.000000 0.000000 0.000000 11.274433 16.324753 12.945186 -0.038070 1.209297 -3.593695 -0.422222 -19.639542 -39.281378 -0.222751 -3.038092 8.384817 0.637011 0.715445 -7.041984 -0.868240 0.739170 -5.616246 -1.209431 0.261104 -1.828662 -0.739526 -1.705527 -1.460536 2.705057 -2.265776 -0.983248 0.935421 -1.134294 -0.017924 0.000000 0.000000 0.000000 2.591499 0.065012 -11.909260 10.900592 -18.135717 -1.744853 -0.000002 0.000001 -7.044898 13.504324 -7.050713 -1.688604 -7.125020 0.000002 0.000000 -9.710855 22.758129 5.272008 0.000000 0.000000 0.000000 6.869281 -3.508252 -26.227653 -10.740521 17.889432 -1.695354 0.000001 -0.000002 17.791684 -8.885461 -45.977686 6.414163 7.125020 -0.000002 0.000000 47.610547 -71.194263 -31.852099
8.418882 17.884686 -27.716478 0.007230 -87.053190 7.399234 0.000000 0.000000 0.000000 -5.062142 -5.643259 7.140202 0.021900 -0.922621 -2.709939 0.998693 -2.879386 -27.314548 3.805852 11.897471 35.370234 0.000000 0.000000 0.000000 11.334531 16.313932 12.909638 -0.037348 1.197369 -3.560605 -0.411627 -19.610197 -39.271365 -0.221245 -3.027870 8.356351 0.725325 0.712670 -7.112161 -0.838448 0.730337 -5.617609 -1.228096 0.254483 -1.790876 -0.769886 -1.725738 -1.483680 2.721531 -2.294073 -0.875183 0.944603 -1.147224 0.019875 0.000000 0.000000 0.000000 2.547889 0.040331 -12.141536 10.874989 -18.096379 -1.736892 -0.000002 0.000001 -6.871330 13.454924 -6.972768 -1.663651 -7.125020 0.000002 0.000000 -9.750830 22.838726 5.276127 0.000000 0.000000 0.000000 6.834361 -3.501632 -26.018050 -10.727888 17.869959 -1.691475 0.000001 -0.000002 17.620119 -8.869357 -45.908380 6.394966 7.125020 -0.000002 0.000000 47.463363 -71.145163 -31.693638
8.414314 17.884094 -27.715428 -1.098088 -87.072839 8.512497 0.000000 0.000000 0.000000 -5.005669 -5.326337 6.995750 0.020762 -0.900649 -2.632506 1.039365 -2.957004 -27.001634 3.801306 11.891201 35.348175 0.000000 0.000000 0.000000 11.388950 16.299186 12.885238 -0.036683 1.186440 -3.529321 -0.404390 -19.580150 -39.253760 -0.216700 -2.996807 8.269859 0.828546 0.710329 -7.172793 -0.809673 0.721405 -5.616547 -1.256276 0.247455 -1.755698 -0.793187 -1.742511 -1.478419 2.723656 -2.317230 -0.803450 0.948691 -1.158083 0.041566 0.000000 0.000000 0.000000 2.486013 0.027556 -12.381585 10.852475 -18.061770 -1.729905 -0.000002 0.000002 -6.728473 13.417728 -6.881897 -1.637324 -7.125020 0.000002 0.000000 -9.782673 22.931949 5.272707 0.000000 0.000000 0.000000 6.766711 -3.514413 -25.583315 -10.712536 17.846289 -1.686767 0.000001 -0.000002 17.234225 -8.902530 -45.874941 6.415450 7.125020 -0.000002 0.000000 47.354775 -71.135558 -31.602299
8.409375 17.883838 -27.713423 -1.919868 -87.107120 9.329629 0.000000 0.000000 0.000000 -4.954373 -5.456854 7.094839 0.021129 -0.906958 -2.659891 1.009692 -3.026355 -27.179386 3.837029 11.940321 35.521188 0.000000 0.000000 0.000000 11.426610 16.297488 12.885232 -0.036202 1.178642 -3.506115 -0.401527 -19.559218 -39.239377 -0.211283 -2.959348 8.165594 0.932579 0.707855 -7.223362 -0.787164 0.712278 -5.613051 -1.291478 0.240283 -1.723503 -0.797409 -1.749187 -1.454602 2.702519 -2.326710 -0.757714 0.942770 -1.162500 0.051502 0.000000 0.000000 0.000000 2.415349 0.040870 -12.587116 10.837312 -18.038454 -1.725207 -0.000002 0.000002 -6.656600 13.386929 -6.792898 -1.612370 -7.125020 0.000002 0.000000 -9.809850 23.023010 5.267042 0.000000 0.000000 0.000000 6.687957 -3.519757 -25.066760 -10.696694 17.821857 -1.681915 0.000001 -0.000002 16.782076 -8.974064 -45.873359 6.467241 7.125020 -0.000002 0.000000 47.284901 -71.159275 -31.572039
8.404076 17.883848 -27.710809 -2.300645 -87.158850 9.693087 0.000000 0.000000 0.000000 -4.916922 -6.009926 7.423764 0.022948 -0.939570 -2.786846 0.914321 -3.115456 -27.823024 3.930410 12.067219 35.970183 0.000000 0.000000 0.000000 11.441063 16.316312 12.914744 -0.035974 1.175098 -3.494576 -0.399843 -19.556250 -39.226342 -0.207126 -2.930271 8.084683 1.026022 0.707045 -7.264406 -0.776279 0.705916 -5.607050 -1.332640 0.234684 -1.693880 -0.779583 -1.743387 -1.424180 2.663989 -2.319662 -0.722820 0.927971 -1.158869 0.056256 0.000000 0.000000 0.000000 2.347913 0.080177 -12.729059 10.831537 -18.029570 -1.723419 -0.000002 0.000002 -6.679874 13.350011 -6.720913 -1.590788 -7.125020 0.000002 0.000000 -9.840668 23.096977 5.267149 0.000000 0.000000 0.000000 6.630431 -3.499971 -24.649725 -10.687569 17.807782 -1.679123 0.000001 -0.000002 16.446196 -9.052462 -45.894730 6.526527 7.125020 -0.000002 0.000000 47.262260 -71.199860 -31.593566
8.398629 17.883981 -27.707977 -2.221208 -87.225016 9.585955 0.000000 0.000000 0.000000 -4.907460 -6.719849 7.847518 0.025445 -0.981875 -2.954581 0.796768 -3.225373 -28.646906 4.059588 12.239278 36.583772 0.000000 0.000000 0.000000 11.433145 16.353411 12.969874 -0.035991 1.175617 -3.494767 -0.394488 -19.573821 -39.208414 -0.204848 -2.914208 8.039992 1.102793 0.712161 -7.296765 -0.779093 0.708328 -5.598918 -1.378129 0.233805 -1.666588 -0.745425 -1.728130 -1.396994 2.620942 -2.300295 -0.685320 0.909067 -1.149110 0.061856 0.000000 0.000000 0.000000 2.291148 0.127794 -12.802057 10.833997 -18.033355 -1.724181 -0.000002 0.000002 -6.794971 13.291776 -6.671183 -1.571934 -7.125020 0.000002 0.000000 -9.885910 23.149018 5.280103 0.000000 0.000000 0.000000 6.617811 -3.459316 -24.459697 -10.691716 17.814181 -1.680392 0.000001 -0.000002 16.349905 -9.102626 -45.928601 6.566685 7.125020 -0.000002 0.000000 47.295208 -71.238554 -31.655399
8.393382 17.884068 -27.705280 -1.815271 -87.298014 9.146063 0.000000 0.000000 0.000000 -4.927483 -7.263130 8.200925 0.027534 -1.015230 -3.090111 0.706509 -3.331731 -29.297952 4.179331 12.395292 37.145083 0.000000 0.000000 0.000000 11.411175 16.399759 13.040107 -0.036194 1.179074 -3.504120 -0.382010 -19.608279 -39.182833 -0.202720 -2.899123 7.998030 1.163307 0.727267 -7.320976 -0.792334 0.724945 -5.589882 -1.424491 0.240388 -1.642438 -0.702241 -1.710599 -1.376917 2.579939 -2.278199 -0.639216 0.889214 -1.137911 0.071106 0.000000 0.000000 0.000000 2.245097 0.159537 -12.820142 10.840989 -18.044109 -1.726346 -0.000002 0.000002 -6.971838 13.204577 -6.638098 -1.553553 -7.125020 0.000002 0.000000 -9.951446 23.185047 5.307791 0.000000 0.000000 0.000000 6.645964 -3.418011 -24.496348 -10.704387 17.833726 -1.684271 0.000001 -0.000002 16.483381 -9.109707 -45.963331 6.575637 7.125020 -0.000002 0.000000 47.370225 -71.262845 -31.735438
8.388630 17.883968 -27.702955 -1.314699 -87.369364 8.609466 0.000000 0.000000 0.000000 -4.963586 -7.429747 8.372851 0.028351 -1.027818 -3.142062 0.673563 -3.404148 -29.541965 4.247038 12.482077 37.459423 0.000000 0.000000 0.000000 11.387197 16.444442 13.113731 -0.036502 1.184091 -3.519043 -0.362363 -19.651956 -39.151834 -0.198054 -2.865762 7.905247 1.213452 0.753076 -7.337440 -0.809329 0.756440 -5.581591 -1.468112 0.254673 -1.622879 -0.650360 -1.698654 -1.361494 2.534572 -2.263763 -0.587363 0.866484 -1.130483 0.082827 0.000000 0.000000 0.000000 2.207087 0.162759 -12.793138 10.848880 -18.056244 -1.728791 -0.000002 0.000001 -7.175584 13.096026 -6.609616 -1.533772 -7.125020 0.000002 0.000000 -10.032380 23.217029 5.344757 0.000000 0.000000 0.000000 6.688610 -3.392708 -24.664561 -10.710391 17.842985 -1.686110 0.000001 -0.000002 16.740888 -9.084162 -45.985023 6.559444 7.125020 -0.000002 0.000000 47.444792 -71.267621 -31.796554
8.384482 17.883608 -27.701091 -0.944322 -87.432643 8.204252 0.000000 0.000000 0.000000 -5.002783 -7.158756 8.324670 0.027509 -1.014720 -3.088873 0.709398 -3.423321 -29.308147 4.237519 12.469936 37.415357 0.000000 0.000000 0.000000 11.371753 16.480661 13.182642 -0.036848 1.189510 -3.536171 -0.338723 -19.696461 -39.121786 -0.189633 -2.804519 7.734985 1.261413 0.786162 -7.347362 -0.823938 0.797824 -5.575293 -1.507542 0.273989 -1.608665 -0.583111 -1.697261 -1.345785 2.471943 -2.263480 -0.538549 0.835834 -1.130187 0.093384 0.000000 0.000000 0.000000 2.177003 0.143735 -12.712369 10.856303 -18.067655 -1.731092 -0.000002 0.000001 -7.387903 12.986125 -6.572262 -1.511921 -7.125020 0.000002 0.000000 -10.114866 23.257986 5.380342 0.000000 0.000000 0.000000 6.720506 -3.385424 -24.864568 -10.698514 17.824668 -1.682473 0.000001 -0.000002 17.015763 -9.046337 -45.982476 6.531677 7.125020 -0.000002 0.000000 47.473635 -71.252934 -31.804381
8.380877 17.882959 -27.699659 -0.831945 -87.484482 8.061029 0.000000 0.000000 0.000000 -5.040800 -6.509394 8.077102 0.025134 -0.976094 -2.935963 0.810577 -3.388320 -28.661461 4.148292 12.355164 37.000253 0.000000 0.000000 0.000000 11.369834 16.506979 13.242493 -0.037185 1.194631 -3.553133 -0.314520 -19.738531 -39.097887 -0.178143 -2.718685 7.496505 1.314235 0.821186 -7.353672 -0.833192 0.841563 -5.571401 -1.544081 0.294385 -1.598808 -0.497649 -1.706562 -1.327018 2.388227 -2.277367 -0.502582 0.795673 -1.137140 0.099250 0.000000 0.000000 0.000000 2.156683 0.118592 -12.565407 10.863685 -18.079003 -1.733383 -0.000002 0.000001 -7.604449 12.892244 -6.518106 -1.488309 -7.125020 0.000002 0.000000 -10.186677 23.315394 5.406051 0.000000 0.000000 0.000000 6.730598 -3.392519 -25.019745 -10.672069 17.783865 -1.674387 0.000001 -0.000002 17.230193 -9.015922 -45.957056 6.506813 7.125020 -0.000002 0.000000 47.441951 -71.226460 -31.755028
8.377651 17.882006 -27.698568 -0.951319 -87.524880 8.156128 0.000000 0.000000 0.000000 -5.078508 -5.650641 7.706756 0.021876 -0.918523 -2.718081 0.953076 -3.316213 -27.788599 4.002692 12.163984 36.314572 0.000000 0.000000 0.000000 11.378039 16.522297 13.290006 -0.037499 1.199333 -3.568974 -0.290859 -19.781745 -39.075890 -0.164920 -2.616345 7.212381 1.374398 0.854030 -7.360820 -0.837780 0.881951 -5.569496 -1.580112 0.312923 -1.590576 -0.405622 -1.721995 -1.305069 2.299017 -2.299118 -0.486151 0.752814 -1.148222 0.098620 0.000000 0.000000 0.000000 2.146419 0.100149 -12.354810 10.871508 -18.091028 -1.735812 -0.000002 0.000001 -7.822839 12.815291 -6.450662 -1.463860 -7.125020 0.000002 0.000000 -10.246965 23.385653 5.422251 0.000000 0.000000 0.000000 6.721024 -3.419483 -25.055516 -10.647612 17.746112 -1.666925 0.000001 -0.000002 17.314471 -9.010227 -45.926335 6.499347 7.125020 -0.000002 0.000000 47.375206 -71.205190 -31.684119
8.374589 17.880766 -27.697724 -1.094376 -87.557380 8.283065 0.000000 0.000000 0.000000 -5.117382 -4.833681 7.336519 0.018731 -0.856937 -2.496760 1.093111 -3.235849 -26.962670 3.846342 11.953074 35.566178 0.000000 0.000000 0.000000 11.384072 16.524233 13.322800 -0.037801 1.203937 -3.583894 -0.268026 -19.829196 -39.044529 -0.151597 -2.508935 6.914420 1.435947 0.883263 -7.373327 -0.840998 0.917293 -5.568644 -1.615729 0.328885 -1.580610 -0.330711 -1.737130 -1.278753 2.232256 -2.319926 -0.491281 0.719881 -1.158991 0.091218 0.000000 0.000000 0.000000 2.143867 0.092784 -12.096215 10.879711 -18.103635 -1.738360 -0.000002 0.000001 -8.040667 12.741039 -6.382508 -1.439734 -7.125020 0.000002 0.000000 -10.305391 23.456458 5.437154 0.000000 0.000000 0.000000 6.702748 -3.476279 -24.933297 -10.643997 17.740531 -1.665824 0.000001 -0.000002 17.240195 -9.036034 -45.911481 6.516492 7.125020 -0.000002 0.000000 47.316609 -71.204776 -31.639334
8.371472 17.879320 -27.697096 -0.930487 -87.587921 8.111277 0.000000 0.000000 0.000000 -5.159932 -4.283182 7.084248 0.016547 -0.809790 -2.335370 1.187848 -3.174902 -26.425283 3.727323 11.788432 34.987593 0.000000 0.000000 0.000000 11.372026 16.516459 13.342749 -0.038108 1.208818 -3.598463 -0.249074 -19.875731 -39.002235 -0.140651 -2.417050 6.659715 1.484157 0.909156 -7.394274 -0.846668 0.948644 -5.568029 -1.646501 0.343172 -1.566485 -0.293747 -1.747685 -1.244866 2.210620 -2.333933 -0.514904 0.707374 -1.166461 0.077933 0.000000 0.000000 0.000000 2.145905 0.096035 -11.804311 10.888153 -18.116608 -1.740984 -0.000002 0.000001 -8.258991 12.653478 -6.325469 -1.416719 -7.125020 0.000002 0.000000 -10.372946 23.516320 5.459518 0.000000 0.000000 0.000000 6.688976 -3.555806 -24.716792 -10.666835 17.775789 -1.672789 0.000001 -0.000002 17.082316 -9.082831 -45.917654 6.551170 7.125020 -0.000002 0.000000 47.287831 -71.224853 -31.636687
8.368146 17.877810 -27.696753 -0.180696 -87.621652 7.361029 0.000000 0.000000 0.000000 -5.211218 -4.076422 6.998143 0.015612 -0.788001 -2.264826 1.220084 -3.146520 -26.259936 3.671283 11.709637 34.712382 0.000000 0.000000 0.000000 11.332065 16.513330 13.356828 -0.038427 1.214071 -3.612944 -0.240339 -19.908642 -38.967528 -0.134988 -2.368080 6.524042 1.503322 0.932021 -7.424902 -0.857110 0.977203 -5.567592 -1.665914 0.356780 -1.547620 -0.300294 -1.753182 -1.202281 2.241457 -2.340598 -0.548208 0.718460 -1.170302 0.061425 0.000000 0.000000 0.000000 2.150840 0.109511 -11.486638 10.896592 -18.129574 -1.743609 -0.000002 0.000001 -8.480407 12.543728 -6.281513 -1.394247 -7.125020 0.000002 0.000000 -10.456007 23.563482 5.493224 0.000000 0.000000 0.000000 6.685144 -3.630245 -24.534391 -10.701696 17.829579 -1.683448 0.000001 -0.000002 16.975294 -9.136104 -45.930252 6.591247 7.125020 -0.000002 0.000000 47.268169 -71.251209 -31.646944
8.364590 17.876365 -27.696791 1.191054 -87.659817 5.995593 0.000000 0.000000 0.000000 -5.274212 -4.132582 7.043263 0.015685 -0.789026 -2.272154 1.202210 -3.147442 -26.380016 3.674422 11.714073 34.727846 0.000000 0.000000 0.000000 11.267366 16.531410 13.372086 -0.038744 1.219398 -3.626914 -0.247166 -19.916111 -38.966059 -0.136420 -2.380564 6.558623 1.488884 0.952204 -7.464931 -0.872263 1.003672 -5.568070 -1.671310 0.370158 -1.524994 -0.341528 -1.756158 -1.155416 2.318795 -2.343670 -0.576847 0.749715 -1.172300 0.046653 0.000000 0.000000 0.000000 2.158334 0.131498 -11.153427 10.903881 -18.140770 -1.745877 -0.000002 0.000001 -8.699884 12.407383 -6.241977 -1.369950 -7.125020 0.000002 0.000000 -10.558360 23.606750 5.538129 0.000000 0.000000 0.000000 6.682709 -3.676365 -24.448839 -10.724406 17.864597 -1.690408 0.000001 -0.000002 16.979674 -9.196667 -45.930601 6.635270 7.125020 -0.000002 0.000000 47.213031 -71.272374 -31.625378
8.360934 17.875055 -27.697225 2.899021 -87.699720 4.300161 0.000000 0.000000 0.000000 -5.341814 -4.303385 7.144155 0.016270 -0.801742 -2.318894 1.160770 -3.167895 -26.622634 3.715509 11.771890 34.929724 0.000000 0.000000 0.000000 11.194094 16.577886 13.390711 -0.039028 1.224183 -3.639233 -0.268410 -19.897848 -39.008671 -0.144461 -2.449424 6.749437 1.453704 0.971133 -7.512674 -0.889684 1.029322 -5.570353 -1.667330 0.383590 -1.500273 -0.403716 -1.761049 -1.113903 2.428481 -2.349577 -0.582616 0.794299 -1.175513 0.040485 0.000000 0.000000 0.000000 2.166871 0.154158 -10.830266 10.907860 -18.146882 -1.747116 -0.000002 0.000001 -8.898681 12.241707 -6.194530 -1.340924 -7.125020 0.000002 0.000000 -10.682838 23.658556 5.592599 0.000000 0.000000 0.000000 6.664046 -3.697501 -24.397682 -10.718269 17.855136 -1.688526 0.000001 -0.000002 17.024321 -9.277597 -45.912826 6.692104 7.125020 -0.000002 0.000000 47.096359 -71.289187 -31.553012
8.357383 17.873905 -27.697946 4.441343 -87.737301 2.775671 0.000000 0.000000 0.000000 -5.396690 -4.468591 7.236648 0.016913 -0.815575 -2.369141 1.119358 -3.201004 -26.851864 3.771268 11.849646 35.202148 0.000000 0.000000 0.000000 11.134529 16.648131 13.410521 -0.039245 1.227795 -3.648746 -0.295218 -19.868921 -39.084437 -0.156163 -2.546270 7.017963 1.421868 0.990823 -7.565465 -0.904847 1.055631 -5.574880 -1.662771 0.397217 -1.475048 -0.477058 -1.772458 -1.088793 2.552887 -2.364944 -0.547693 0.844936 -1.183035 0.049929 0.000000 0.000000 0.000000 2.171082 0.165247 -10.554585 10.906885 -18.145384 -1.746813 -0.000002 0.000001 -9.050080 12.049749 -6.128246 -1.305356 -7.125020 0.000002 0.000000 -10.828001 23.729748 5.652955 0.000000 0.000000 0.000000 6.614420 -3.717090 -24.262653 -10.682667 17.800223 -1.677626 0.000001 -0.000002 16.980362 -9.384886 -45.886628 6.767177 7.125020 -0.000002 0.000000 46.935254 -71.309840 -31.450588
8.354077 17.872932 -27.698798 5.365531 -87.768941 1.873113 0.000000 0.000000 0.000000 -5.422181 -4.576225 7.292743 0.017391 -0.825683 -2.405838 1.090031 -3.242801 -27.005631 3.824855 11.923618 35.462306 0.000000 0.000000 0.000000 11.105566 16.728957 13.427884 -0.039385 1.229979 -3.655224 -0.316215 -19.849813 -39.170230 -0.167141 -2.633821 7.260883 1.413811 1.012140 -7.620857 -0.912564 1.082725 -5.581436 -1.663779 0.410649 -1.450210 -0.558429 -1.792583 -1.087659 2.676343 -2.392983 -0.461494 0.896148 -1.196288 0.079294 0.000000 0.000000 0.000000 2.162046 0.155654 -10.357633 10.901382 -18.136929 -1.745099 -0.000002 0.000001 -9.131402 11.842197 -6.033362 -1.262656 -7.125020 0.000002 0.000000 -10.986798 23.829775 5.712710 0.000000 0.000000 0.000000 6.531354 -3.755947 -23.976593 -10.628982 17.717342 -1.661251 0.000001 -0.000002 16.772469 -9.510512 -45.865907 6.856216 7.125020 -0.000002 0.000000 46.769691 -71.340347 -31.354047
8.351026 17.872119 -27.699673 5.509990 -87.791108 1.751892 0.000000 0.000000 0.000000 -5.413559 -4.630478 7.315936 0.017706 -0.832365 -2.429470 1.073339 -3.288514 -27.083805 3.868047 11.982713 35.670850 0.000000 0.000000 0.000000 11.109980 16.801793 13.439332 -0.039459 1.230927 -3.659277 -0.324663 -19.850624 -39.243369 -0.173624 -2.684163 7.400636 1.435522 1.034283 -7.677010 -0.910029 1.109269 -5.589190 -1.670928 0.423139 -1.425922 -0.645891 -1.819469 -1.112211 2.788467 -2.431079 -0.327117 0.944433 -1.213921 0.127742 0.000000 0.000000 0.000000 2.132948 0.123255 -10.248858 10.893345 -18.124583 -1.742598 -0.000002 0.000001 -9.133566 11.630596 -5.903612 -1.213117 -7.125020 0.000002 0.000000 -11.151354 23.964522 5.765771 0.000000 0.000000 0.000000 6.428201 -3.817773 -23.577168 -10.571797 17.628956 -1.643890 0.000001 -0.000002 16.435021 -9.642537 -45.856972 6.951269 7.125020 -0.000002 0.000000 46.625577 -71.380587 -31.282823
8.348191 17.871387 -27.700551 5.026500 -87.800046 2.257278 0.000000 0.000000 0.000000 -5.378207 -4.665877 7.326478 0.017977 -0.838274 -2.449220 1.062658 -3.334998 -27.119861 3.902003 12.028844 35.834091 0.000000 0.000000 0.000000 11.137926 16.847671 13.442394 -0.039484 1.230960 -3.661368 -0.320750 -19.866834 -39.288549 -0.174135 -2.688087 7.411533 1.480230 1.055370 -7.731291 -0.899103 1.133191 -5.597060 -1.682504 0.433844 -1.402669 -0.730890 -1.847021 -1.158214 2.883651 -2.470816 -0.163411 0.986805 -1.231908 0.188510 0.000000 0.000000 0.000000 2.086476 0.072230 -10.212157 10.884508 -18.111004 -1.739850 -0.000002 0.000001 -9.066395 11.419322 -5.743167 -1.158369 -7.125020 0.000002 0.000000 -11.318329 24.129580 5.811177 0.000000 0.000000 0.000000 6.332886 -3.890145 -23.188692 -10.524829 17.556285 -1.629694 0.000001 -0.000002 16.094505 -9.771191 -45.858526 7.045105 7.125020 -0.000002 0.000000 46.509088 -71.426363 -31.237602
8.345593 17.870618 -27.701490 4.216362 -87.793059 3.084852 0.000000 0.000000 0.000000 -5.327492 -4.730255 7.350719 0.018361 -0.846585 -2.476680 1.049048 -3.384914 -27.164632 3.935686 12.074326 35.995417 0.000000 0.000000 0.000000 11.175629 16.854005 13.436394 -0.039459 1.230212 -3.661183 -0.308219 -19.888680 -39.298427 -0.169288 -2.650598 7.307453 1.536730 1.072615 -7.779225 -0.884988 1.151505 -5.604255 -1.697846 0.441506 -1.382306 -0.797984 -1.867093 -1.216804 2.959006 -2.500892 0.001414 1.020041 -1.244935 0.251068 0.000000 0.000000 0.000000 2.035227 0.013184 -10.211854 10.875558 -18.097249 -1.737069 -0.000002 0.000001 -8.958486 11.204510 -5.569522 -1.101742 -7.125020 0.000002 0.000000 -11.489387 24.307415 5.854255 0.000000 0.000000 0.000000 6.278843 -3.953007 -22.957605 -10.501142 17.519609 -1.622557 0.000001 -0.000002 15.903689 -9.882324 -45.867979 7.127147 7.125020 -0.000002 0.000000 46.427517 -71.471109 -31.217744
8.343313 17.869708 -27.702552 3.357290 -87.770333 3.954458 0.000000 0.000000 0.000000 -5.270670 -4.868908 7.413319 0.019002 -0.860118 -2.522438 1.025284 -3.443488 -27.272785 3.979112 12.132556 36.202526 0.000000 0.000000 0.000000 11.212379 16.818387 13.422706 -0.039373 1.228616 -3.657911 -0.291145 -19.908487 -39.272146 -0.160832 -2.583874 7.122281 1.595225 1.082857 -7.815777 -0.872426 1.160671 -5.610457 -1.716656 0.444540 -1.367498 -0.832403 -1.873660 -1.277292 3.012335 -2.512890 0.142552 1.041200 -1.249135 0.305655 0.000000 0.000000 0.000000 1.993569 -0.038288 -10.206569 10.866640 -18.083542 -1.734299 -0.000002 0.000000 -8.846501 10.977573 -5.407085 -1.047294 -7.125020 0.000002 0.000000 -11.668995 24.473735 5.903870 0.000000 0.000000 0.000000 6.288265 -3.987745 -22.978518 -10.510263 17.533733 -1.625303 0.000001 -0.000002 15.964834 -9.953596 -45.882120 7.180754 7.125020 -0.000002 0.000000 46.394317 -71.504976 -31.224257
8.341383 17.868597 -27.703705 2.625779 -87.735708 4.688018 0.000000 0.000000 0.000000 -5.214494 -5.105360 7.529443 0.020000 -0.880503 -2.592897 0.988326 -3.511488 -27.481285 4.036004 12.208161 36.472386 0.000000 0.000000 0.000000 11.242384 16.747866 13.405093 -0.039225 1.226210 -3.651237 -0.274132 -19.918873 -39.216082 -0.151421 -2.507485 6.910402 1.648886 1.084341 -7.837854 -0.863324 1.158837 -5.615505 -1.737243 0.442165 -1.359940 -0.828321 -1.866567 -1.329073 3.042267 -2.506352 0.247152 1.048982 -1.244505 0.346438 0.000000 0.000000 0.000000 1.969396 -0.069343 -10.168476 10.857480 -18.069460 -1.731457 -0.000002 0.000000 -8.756649 10.727536 -5.275168 -0.997688 -7.125020 0.000002 0.000000 -11.863624 24.609423 5.968763 0.000000 0.000000 0.000000 6.359346 -3.985102 -23.249992 -10.552508 17.599120 -1.638054 0.000001 -0.000002 16.282884 -9.965608 -45.893480 7.190891 7.125020 -0.000002 0.000000 46.409975 -71.516413 -31.246765
8.339709 17.867275 -27.704824 2.111958 -87.695171 5.194472 0.000000 0.000000 0.000000 -5.165234 -5.430407 7.699471 0.021376 -0.907514 -2.687846 0.939562 -3.582807 -27.791094 4.102041 12.294966 36.783581 0.000000 0.000000 0.000000 11.263423 16.655945 13.389847 -0.039035 1.223366 -3.642098 -0.262194 -19.912685 -39.144139 -0.144012 -2.445636 6.738941 1.692672 1.077923 -7.845565 -0.857102 1.147473 -5.619088 -1.756077 0.435273 -1.359284 -0.793516 -1.851325 -1.361779 3.052538 -2.488439 0.313059 1.045877 -1.234728 0.371312 0.000000 0.000000 0.000000 1.961918 -0.077706 -10.094245 10.847276 -18.053772 -1.728293 -0.000002 0.000000 -8.695000 10.443951 -5.178135 -0.952668 -7.125020 0.000002 0.000000 -12.080493 24.710287 6.054065 0.000000 0.000000 0.000000 6.467728 -3.949327 -23.681371 -10.617493 17.699591 -1.657757 0.000001 -0.000002 16.770528 -9.920070 -45.891646 7.157541 7.125020 -0.000002 0.000000 46.448162 -71.499386 -31.259701
8.338151 17.865777 -27.705800 1.867635 -87.653846 5.422144 0.000000 0.000000 0.000000 -5.129358 -5.807805 7.908742 0.023049 -0.938984 -2.800063 0.883403 -3.648520 -28.167337 4.168796 12.381697 37.095983 0.000000 0.000000 0.000000 11.274494 16.557317 13.383304 -0.038840 1.220585 -3.632161 -0.257507 -19.890735 -39.070957 -0.140030 -2.411731 6.644979 1.721641 1.066102 -7.841622 -0.852059 1.130164 -5.620908 -1.768355 0.425836 -1.363692 -0.747467 -1.835268 -1.366806 3.054671 -2.468749 0.344113 1.038741 -1.224612 0.380639 0.000000 0.000000 0.000000 1.963915 -0.070775 -9.999053 10.835418 -18.035537 -1.724620 -0.000002 0.000000 -8.653619 10.122364 -5.104960 -0.909665 -7.125020 0.000002 0.000000 -12.323701 24.787369 6.158974 0.000000 0.000000 0.000000 6.579099 -3.895901 -24.136670 -10.689021 17.810024 -1.679569 0.000001 -0.000002 17.290399 -9.847815 -45.870966 7.102502 7.125020 -0.000002 0.000000 46.466782 -71.461069 -31.237888
8.336602 17.864162 -27.706575 1.927600 -87.614601 5.338119 0.000000 0.000000 0.000000 -5.112041 -6.189295 8.131803 0.024844 -0.971232 -2.916739 0.825479 -3.703732 -28.555380 4.229719 12.459975 37.379227 0.000000 0.000000 0.000000 11.273977 16.461612 13.387735 -0.038664 1.218223 -3.622813 -0.257732 -19.864795 -39.002800 -0.138406 -2.397762 6.606275 1.731904 1.051552 -7.830531 -0.846773 1.110590 -5.620937 -1.770116 0.415837 -1.370586 -0.711727 -1.823795 -1.341563 3.062759 -2.454397 0.348855 1.035541 -1.217626 0.377251 0.000000 0.000000 0.000000 1.965736 -0.058822 -9.904287 10.822252 -18.015286 -1.720546 -0.000002 0.000001 -8.621212 9.766064 -5.038353 -0.865816 -7.125020 0.000002 0.000000 -12.592241 24.857782 6.278148 0.000000 0.000000 0.000000 6.664068 -3.844186 -24.488678 -10.752507 17.907906 -1.699039 0.000001 -0.000002 17.708705 -9.796241 -45.836575 7.060920 7.125020 -0.000002 0.000000 46.433939 -71.421231 -31.175731
8.334974 17.862507 -27.707117 2.287939 -87.578969 4.950008 0.000000 0.000000 0.000000 -5.114618 -6.532210 8.341410 0.026535 -1.000275 -3.023660 0.770806 -3.750452 -28.903898 4.283410 12.528282 37.627405 0.000000 0.000000 0.000000 11.260563 16.373140 13.400842 -0.038527 1.216558 -3.615105 -0.259405 -19.848416 -38.940044 -0.137004 -2.385636 6.572679 1.723481 1.036825 -7.818183 -0.841173 1.091970 -5.619454 -1.761007 0.406890 -1.376869 -0.699075 -1.819005 -1.293184 3.085526 -2.448376 0.341494 1.041016 -1.215064 0.367046 0.000000 0.000000 0.000000 1.960096 -0.050030 -9.827923 10.808989 -17.994880 -1.716447 -0.000002 0.000001 -8.593010 9.382299 -4.964255 -0.819396 -7.125020 0.000002 0.000000 -12.881983 24.935322 6.405396 0.000000 0.000000 0.000000 6.708459 -3.808699 -24.666630 -10.799815 17.980761 -1.713614 0.000001 -0.000002 17.945290 -9.802936 -45.800843 7.061595 7.125020 -0.000002 0.000000 46.343635 -71.400784 -31.088337
8.333229 17.860883 -27.707512 2.869932 -87.547183 4.341008 0.000000 0.000000 0.000000 -5.132537 -6.816264 8.519761 0.027953 -1.023619 -3.111592 0.722292 -3.792720 -29.186618 4.330994 12.588296 37.846250 0.000000 0.000000 0.000000 11.237116 16.296901 13.419673 -0.038453 1.215895 -3.610214 -0.261050 -19.848634 -38.888225 -0.134265 -2.361764 6.506547 1.700810 1.023993 -7.809836 -0.836107 1.076616 -5.617173 -1.744171 0.399997 -1.380199 -0.708938 -1.820165 -1.237054 3.122759 -2.450181 0.339346 1.054803 -1.216400 0.357853 0.000000 0.000000 0.000000 1.944975 -0.049339 -9.779442 10.797134 -17.976636 -1.712786 -0.000002 0.000001 -8.578311 8.980785 -4.875841 -0.770273 -7.125020 0.000002 0.000000 -13.186378 25.026583 6.535276 0.000000 0.000000 0.000000 6.714953 -3.793310 -24.678245 -10.829314 18.026154 -1.722732 0.000001 -0.000002 17.999868 -9.877110 -45.772408 7.112192 7.125020 -0.000002 0.000000 46.207244 -71.408421 -30.992441
8.331463 17.859319 -27.708041 3.512718 -87.516792 3.675132 0.000000 0.000000 0.000000 -5.155927 -7.049943 8.664947 0.029067 -1.041229 -3.179985 0.680306 -3.830043 -29.410135 4.371298 12.638749 38.030816 0.000000 0.000000 0.000000 11.212525 16.238866 13.443408 -0.038460 1.216454 -3.609361 -0.262036 -19.866485 -38.857959 -0.129159 -2.316596 6.381453 1.670757 1.013450 -7.806675 -0.831659 1.064580 -5.615150 -1.723539 0.394956 -1.380898 -0.729412 -1.824813 -1.188896 3.165738 -2.456999 0.354770 1.072000 -1.220001 0.355704 0.000000 0.000000 0.000000 1.922129 -0.059012 -9.763992 10.787719 -17.962143 -1.709882 -0.000002 0.000001 -8.595818 8.576270 -4.775885 -0.720286 -7.125020 0.000002 0.000000 -13.494275 25.128676 6.662869 0.000000 0.000000 0.000000 6.696327 -3.791114 -24.591690 -10.842747 18.046813 -1.726891 0.000001 -0.000002 17.936618 -10.003021 -45.747443 7.200739 7.125020 -0.000002 0.000000 46.030261 -71.436220 -30.884797
8.329864 17.857788 -27.709017 4.019901 -87.483038 3.148742 0.000000 0.000000 0.000000 -5.173432 -7.263640 8.790164 0.029981 -1.055146 -3.235952 0.642840 -3.857819 -29.605821 4.401010 12.675723 38.166411 0.000000 0.000000 0.000000 11.197804 16.197660 13.472049 -0.038557 1.218252 -3.613138 -0.261229 -19.897956 -38.852368 -0.121274 -2.245028 6.183318 1.640883 1.003569 -7.804950 -0.826322 1.053351 -5.614025 -1.702021 0.390300 -1.381702 -0.743921 -1.830135 -1.156019 3.200937 -2.465232 0.388524 1.085538 -1.224023 0.361521 0.000000 0.000000 0.000000 1.893693 -0.078986 -9.789211 10.780859 -17.951581 -1.707767 -0.000002 0.000001 -8.660370 8.188571 -4.678071 -0.673163 -7.125020 0.000002 0.000000 -13.789668 25.228004 6.784283 0.000000 0.000000 0.000000 6.666081 -3.787801 -24.498883 -10.841508 18.044908 -1.726507 0.000001 -0.000002 17.847022 -10.155866 -45.708032 7.306930 7.125020 -0.000002 0.000000 45.793806 -71.464005 -30.732515
8.328566 17.856229 -27.710544 4.252892 -87.441731 2.897578 0.000000 0.000000 0.000000 -5.177511 -7.493079 8.915990 0.030872 -1.068320 -3.290209 0.606396 -3.873549 -29.812005 4.419460 12.698588 38.250414 0.000000 0.000000 0.000000 11.199533 16.161423 13.504232 -0.038728 1.221058 -3.620928 -0.258174 -19.933396 -38.861739 -0.111857 -2.156405 5.938098 1.617005 0.992102 -7.798935 -0.817927 1.039784 -5.613507 -1.680923 0.384342 -1.385539 -0.740139 -1.834537 -1.135946 3.217265 -2.472592 0.432571 1.089936 -1.227433 0.372035 0.000000 0.000000 0.000000 1.861064 -0.106823 -9.861286 10.776299 -17.944559 -1.706362 -0.000002 0.000001 -8.778151 7.836737 -4.601088 -0.632945 -7.125020 0.000002 0.000000 -14.056530 25.306161 6.897433 0.000000 0.000000 0.000000 6.633394 -3.765735 -24.491089 -10.824515 18.018770 -1.721247 0.000001 -0.000002 17.823401 -10.313743 -45.627452 7.411382 7.125020 -0.000002 0.000000 45.455941 -71.466723 -30.481226
8.327600 17.854588 -27.712484 4.195998 -87.391752 2.934084 0.000000 0.000000 0.000000 -5.167504 -7.753656 9.055451 0.031877 -1.082944 -3.350507 0.569046 -3.879263 -30.047037 4.430120 12.711768 38.298885 0.000000 0.000000 0.000000 11.217029 16.116394 13.537368 -0.038943 1.224421 -3.630992 -0.254052 -19.961771 -38.872549 -0.103614 -2.075678 5.714845 1.600795 0.977724 -7.784517 -0.805222 1.022172 -5.612768 -1.660047 0.376232 -1.393877 -0.715737 -1.838299 -1.122967 3.212788 -2.479214 0.478596 1.084279 -1.230431 0.383690 0.000000 0.000000 0.000000 1.826287 -0.138146 -9.977417 10.774189 -17.941308 -1.705712 -0.000002 0.000001 -8.949265 7.531802 -4.557675 -0.601868 -7.125020 0.000002 0.000000 -14.285303 25.350728 7.001816 0.000000 0.000000 0.000000 6.603972 -3.709514 -24.641842 -10.789455 17.964811 -1.710418 0.000001 -0.000002 17.939984 -10.462187 -45.482700 7.500481 7.125020 -0.000002 0.000000 44.977951 -71.423875 -30.084096
8.326949 17.852865 -27.714577 3.909426 -87.334953 3.196513 0.000000 0.000000 0.000000 -5.147181 -8.018900 9.200324 0.032983 -1.098965 -3.415283 0.533985 -3.876037 -30.285110 4.435503 12.718414 38.323341 0.000000 0.000000 0.000000 11.246202 16.057331 13.569545 -0.039161 1.227800 -3.641277 -0.250667 -19.977433 -38.878962 -0.098986 -2.028924 5.585595 1.591963 0.960163 -7.760806 -0.788507 1.000220 -5.611004 -1.639559 0.365854 -1.406388 -0.676778 -1.841997 -1.114242 3.194849 -2.485720 0.521710 1.071931 -1.233390 0.394738 0.000000 0.000000 0.000000 1.792876 -0.166818 -10.126932 10.775240 -17.942925 -1.706035 -0.000002 0.000001 -9.168260 7.277008 -4.549699 -0.579953 -7.125020 0.000002 0.000000 -14.473323 25.360046 7.096937 0.000000 0.000000 0.000000 6.582093 -3.614444 -24.972677 -10.737858 17.885333 -1.694538 0.000001 -0.000002 18.217479 -10.595348 -45.271375 7.569467 7.125020 -0.000002 0.000000 44.363723 -71.330839 -29.541951
8.326620 17.851118 -27.716603 3.439226 -87.273838 3.639431 0.000000 0.000000 0.000000 -5.119208 -8.227530 9.322105 0.034008 -1.113995 -3.473247 0.508709 -3.860920 -30.460916 4.433424 12.715847 38.313894 0.000000 0.000000 0.000000 11.285097 15.989836 13.600669 -0.039351 1.230697 -3.650221 -0.248672 -19.982628 -38.885836 -0.098856 -2.027598 5.581930 1.592070 0.939332 -7.729601 -0.769096 0.973687 -5.607733 -1.621668 0.353037 -1.421552 -0.630569 -1.844382 -1.109992 3.172783 -2.490355 0.557921 1.057076 -1.235451 0.404210 0.000000 0.000000 0.000000 1.765065 -0.184020 -10.291018 10.781076 -17.951911 -1.707834 -0.000002 0.000001 -9.431369 7.076169 -4.571248 -0.566337 -7.125020 0.000002 0.000000 -14.618394 25.340068 7.179834 0.000000 0.000000 0.000000 6.570514 -3.494161 -25.416208 -10.680203 17.796420 -1.676873 0.000001 -0.000002 18.586245 -10.715200 -45.021637 7.623278 7.125020 -0.000002 0.000000 43.681062 -71.205805 -28.924114
8.326684 17.849417 -27.718548 2.806508 -87.209387 4.244147 0.000000 0.000000 0.000000 -5.082825 -8.320409 9.388047 0.034695 -1.124630 -3.509789 0.499569 -3.834924 -30.507396 4.422055 12.701798 38.262216 0.000000 0.000000 0.000000 11.334444 15.925085 13.631031 -0.039480 1.232571 -3.656622 -0.246639 -19.984874 -38.903088 -0.102561 -2.065134 5.685694 1.603214 0.915033 -7.693892 -0.748681 0.942093 -5.603236 -1.609287 0.337441 -1.437986 -0.579803 -1.843139 -1.110013 3.150605 -2.489921 0.582172 1.041476 -1.235051 0.410563 0.000000 0.000000 0.000000 1.747093 -0.179280 -10.436272 10.794724 -17.972923 -1.712043 -0.000002 0.000001 -9.749184 6.936832 -4.611288 -0.560007 -7.125020 0.000002 0.000000 -14.716206 25.301665 7.244551 0.000000 0.000000 0.000000 6.570485 -3.376200 -25.841606 -10.633188 17.723839 -1.662532 0.000001 -0.000002 18.914143 -10.827193 -44.781561 7.672131 7.125020 -0.000002 0.000000 43.035517 -71.082423 -28.339649
8.327245 17.847829 -27.720626 2.041458 -87.141346 4.983767 0.000000 0.000000 0.000000 -5.036032 -8.276665 9.379878 0.034854 -1.128175 -3.515138 0.507597 -3.809351 -30.397042 4.406225 12.682191 38.190168 0.000000 0.000000 0.000000 11.395029 15.873571 13.659687 -0.039515 1.232777 -3.659172 -0.242029 -19.991672 -38.938443 -0.108866 -2.127470 5.858063 1.625066 0.887745 -7.656827 -0.729062 0.905964 -5.598573 -1.604018 0.319263 -1.455023 -0.523780 -1.837614 -1.111852 3.127573 -2.483431 0.590069 1.024826 -1.231759 0.411999 0.000000 0.000000 0.000000 1.742668 -0.145703 -10.522512 10.819206 -18.010600 -1.719605 -0.000002 0.000001 -10.137336 6.860849 -4.654688 -0.559184 -7.125020 0.000002 0.000000 -14.767116 25.259644 7.286038 0.000000 0.000000 0.000000 6.582582 -3.284567 -26.143744 -10.609243 17.686847 -1.655250 0.000001 -0.000002 19.099573 -10.934037 -44.592548 7.723574 7.125020 -0.000002 0.000000 42.514028 -70.990275 -27.877265
8.328267 17.846418 -27.723033 1.195807 -87.070810 5.808418 0.000000 0.000000 0.000000 -4.979241 -8.121961 9.304661 0.034470 -1.124110 -3.489730 0.528733 -3.798136 -30.157347 4.394636 12.667804 38.137351 0.000000 0.000000 0.000000 11.465710 15.841224 13.686180 -0.039438 1.230989 -3.657149 -0.233675 -20.005622 -38.993243 -0.116786 -2.203242 6.067678 1.655569 0.859521 -7.621311 -0.712040 0.868042 -5.594387 -1.606360 0.299881 -1.471633 -0.464710 -1.829562 -1.113391 3.104867 -2.473193 0.580968 1.007864 -1.226749 0.408064 0.000000 0.000000 0.000000 1.753668 -0.085446 -10.529581 10.854348 -18.064650 -1.730486 -0.000002 0.000001 -10.583285 6.835390 -4.687643 -0.561176 -7.125020 0.000002 0.000000 -14.782113 25.227551 7.305206 0.000000 0.000000 0.000000 6.605877 -3.228891 -26.292043 -10.610395 17.688627 -1.655600 0.000001 -0.000002 19.122349 -11.034413 -44.472853 7.779319 7.125020 -0.000002 0.000000 42.153494 -70.942459 -27.573037
8.329439 17.845230 -27.725687 0.359910 -87.002245 6.626169 0.000000 0.000000 0.000000 -4.918285 -7.909896 9.192381 0.033721 -1.114519 -3.444160 0.556238 -3.807472 -29.854996 4.392472 12.665116 38.127485 0.000000 0.000000 0.000000 11.541024 15.826714 13.712787 -0.039275 1.227740 -3.651585 -0.223549 -20.023255 -39.060753 -0.125264 -2.281523 6.284343 1.691392 0.833801 -7.589459 -0.699567 0.833066 -5.589783 -1.616133 0.281763 -1.485552 -0.410643 -1.821726 -1.115467 3.088859 -2.462951 0.559393 0.993879 -1.221837 0.400571 0.000000 0.000000 0.000000 1.778938 -0.010393 -10.475613 10.895071 -18.127235 -1.743135 -0.000002 0.000001 -11.027531 6.837591 -4.704539 -0.563463 -7.125020 0.000002 0.000000 -14.778610 25.210984 7.309183 0.000000 0.000000 0.000000 6.636492 -3.210404 -26.295846 -10.632264 17.722412 -1.662251 0.000001 -0.000002 19.006801 -11.127463 -44.422150 7.838963 7.125020 -0.000002 0.000000 41.950800 -70.939322 -27.423109
8.330301 17.844272 -27.728285 -0.331648 -86.942215 7.298735 0.000000 0.000000 0.000000 -4.864139 -7.693012 9.079440 0.032859 -1.102784 -3.392795 0.583585 -3.833166 -29.560201 4.397577 12.671459 38.150763 0.000000 0.000000 0.000000 11.610370 15.821986 13.742911 -0.039096 1.224278 -3.645038 -0.215763 -20.038477 -39.128461 -0.132645 -2.347528 6.467117 1.725804 0.813504 -7.562192 -0.693107 0.805331 -5.583034 -1.630782 0.267287 -1.494367 -0.371198 -1.816142 -1.119832 3.086371 -2.455561 0.532943 0.986554 -1.218355 0.392439 0.000000 0.000000 0.000000 1.813668 0.063482 -10.408425 10.933110 -18.185647 -1.754988 -0.000002 0.000001 -11.382938 6.848211 -4.708794 -0.564895 -7.125020 0.000002 0.000000 -14.770346 25.206716 7.306315 0.000000 0.000000 0.000000 6.667825 -3.228821 -26.163653 -10.669830 17.780414 -1.673705 0.000001 -0.000002 18.775895 -11.214795 -44.429972 7.902444 7.125020 -0.000002 0.000000 41.880564 -70.974618 -27.402729
8.330527 17.843523 -27.730582 -0.758191 -86.895364 7.703218 0.000000 0.000000 0.000000 -4.827752 -7.502280 8.989732 0.032070 -1.091598 -3.345922 0.607002 -3.861136 -29.314829 4.400451 12.675027 38.163859 0.000000 0.000000 0.000000 11.662969 15.817976 13.777889 -0.038970 1.221874 -3.640308 -0.213579 -20.047808 -39.185652 -0.137211 -2.387424 6.577632 1.749303 0.798413 -7.539667 -0.691581 0.785102 -5.573180 -1.643842 0.256908 -1.497107 -0.353021 -1.812546 -1.126227 3.098594 -2.450715 0.507912 0.987365 -1.216096 0.385662 0.000000 0.000000 0.000000 1.849045 0.125354 -10.380559 10.960669 -18.227937 -1.763599 -0.000002 0.000000 -11.576671 6.861265 -4.710293 -0.566187 -7.125020 0.000002 0.000000 -14.760609 25.205145 7.301718 0.000000 0.000000 0.000000 6.691309 -3.275889 -25.916086 -10.716887 17.853004 -1.688103 0.000001 -0.000002 18.459297 -11.296281 -44.475294 7.966924 7.125020 -0.000002 0.000000 41.897754 -71.033844 -27.466538
8.330075 17.842960 -27.732538 -0.887037 -86.861716 7.807758 0.000000 0.000000 0.000000 -4.813983 -7.350759 8.931452 0.031440 -1.082457 -3.308479 0.625231 -3.871682 -29.131559 4.388846 12.660607 38.110943 0.000000 0.000000 0.000000 11.694225 15.808747 13.816005 -0.038947 1.221390 -3.639637 -0.217352 -20.052371 -39.227457 -0.137947 -2.393795 6.595283 1.755384 0.785153 -7.522103 -0.690976 0.768243 -5.560374 -1.647786 0.248796 -1.494098 -0.360103 -1.808326 -1.133820 3.121283 -2.444840 0.487550 0.995690 -1.213256 0.381022 0.000000 0.000000 0.000000 1.874977 0.174116 -10.425186 10.973452 -18.247545 -1.767600 -0.000002 0.000000 -11.585166 6.882024 -4.723176 -0.569506 -7.125020 0.000002 0.000000 -14.743951 25.192458 7.297403 0.000000 0.000000 0.000000 6.698165 -3.328428 -25.614823 -10.762619 17.923484 -1.702149 0.000001 -0.000002 18.120050 -11.366908 -44.527097 8.024579 7.125020 -0.000002 0.000000 41.940471 -71.093794 -27.549618
8.329070 17.842571 -27.734195 -0.781429 -86.837985 7.678173 0.000000 0.000000 0.000000 -4.819833 -7.253408 8.908624 0.031047 -1.076707 -3.284932 0.636460 -3.851717 -29.018981 4.357431 12.621428 37.967391 0.000000 0.000000 0.000000 11.706210 15.789648 13.853183 -0.039061 1.223320 -3.644557 -0.224989 -20.054911 -39.249639 -0.134671 -2.365309 6.516367 1.745774 0.771161 -7.510548 -0.688275 0.751202 -5.545154 -1.640692 0.241156 -1.485485 -0.392755 -1.801525 -1.144643 3.149038 -2.435312 0.474921 1.009893 -1.208482 0.379666 0.000000 0.000000 0.000000 1.887622 0.212602 -10.541987 10.971944 -18.245230 -1.767128 -0.000002 0.000000 -11.443673 6.916960 -4.759342 -0.576852 -7.125020 0.000002 0.000000 -14.714296 25.157023 7.294274 0.000000 0.000000 0.000000 6.684756 -3.362253 -25.338505 -10.795027 17.973387 -1.712136 0.000001 -0.000002 17.831303 -11.421561 -44.559156 8.068091 7.125020 -0.000002 0.000000 41.956329 -71.134612 -27.596653
8.327687 17.842329 -27.735602 -0.558870 -86.820242 7.435060 0.000000 0.000000 0.000000 -4.836278 -7.229864 8.924957 0.030976 -1.075730 -3.280414 0.637550 -3.805859 -28.990566 4.313763 12.566619 37.767118 0.000000 0.000000 0.000000 11.704917 15.757473 13.884200 -0.039314 1.227661 -3.655263 -0.233734 -20.056353 -39.247483 -0.128171 -2.307741 6.356930 1.729136 0.758192 -7.506838 -0.685163 0.735748 -5.528363 -1.629042 0.234577 -1.470942 -0.442092 -1.793713 -1.162700 3.176871 -2.424432 0.474100 1.026849 -1.202855 0.383344 0.000000 0.000000 0.000000 1.894734 0.238809 -10.700187 10.960737 -18.228040 -1.763621 -0.000002 0.000000 -11.227339 6.964992 -4.818610 -0.588146 -7.125020 0.000002 0.000000 -14.672476 25.099007 7.292674 0.000000 0.000000 0.000000 6.657838 -3.376046 -25.122890 -10.810642 17.997420 -1.716957 0.000001 -0.000002 17.619009 -11.462178 -44.568204 8.098373 7.125020 -0.000002 0.000000 41.935749 -71.154750 -27.599211
8.326172 17.842162 -27.736932 -0.365812 -86.804817 7.228050 0.000000 0.000000 0.000000 -4.850239 -7.281871 8.973481 0.031225 -1.079526 -3.295045 0.627856 -3.754373 -29.043045 4.273210 12.515353 37.580358 0.000000 0.000000 0.000000 11.700374 15.717099 13.905154 -0.039650 1.233407 -3.669424 -0.241593 -20.055865 -39.226915 -0.120652 -2.239279 6.167405 1.715052 0.750922 -7.512105 -0.685935 0.727460 -5.511668 -1.622301 0.231459 -1.451187 -0.489376 -1.788984 -1.188178 3.199585 -2.417954 0.485204 1.041719 -1.199254 0.391882 0.000000 0.000000 0.000000 1.911434 0.245476 -10.858856 10.946013 -18.205448 -1.759018 -0.000002 0.000000 -11.014551 7.014630 -4.886611 -0.600690 -7.125020 0.000002 0.000000 -14.628533 25.032465 7.292913 0.000000 0.000000 0.000000 6.632638 -3.392064 -24.950768 -10.817520 18.008005 -1.719083 0.000001 -0.000002 17.455343 -11.497068 -44.571035 8.123729 7.125020 -0.000002 0.000000 41.907156 -71.168664 -27.590470
8.324850 17.841957 -27.738512 -0.358071 -86.788642 7.214919 0.000000 0.000000 0.000000 -4.847577 -7.381171 9.033132 0.031665 -1.086073 -3.320956 0.612040 -3.719893 -29.143256 4.248892 12.484439 37.468000 0.000000 0.000000 0.000000 11.706293 15.683345 13.916190 -0.039963 1.238691 -3.682714 -0.247807 -20.052348 -39.208705 -0.115452 -2.190659 6.032861 1.709802 0.752925 -7.525342 -0.692703 0.730700 -5.497002 -1.625918 0.233715 -1.428510 -0.516386 -1.791082 -1.214463 3.214184 -2.420986 0.501359 1.050524 -1.200364 0.401868 0.000000 0.000000 0.000000 1.950596 0.227561 -10.987201 10.932719 -18.185044 -1.754866 -0.000002 0.000000 -10.857118 7.047982 -4.945443 -0.610741 -7.125020 0.000002 0.000000 -14.597560 24.974946 7.296813 0.000000 0.000000 0.000000 6.623835 -3.430940 -24.804328 -10.825786 18.020722 -1.721639 0.000001 -0.000002 17.314404 -11.534096 -44.582293 8.151854 7.125020 -0.000002 0.000000 41.894920 -71.189159 -27.599270
8.323951 17.841598 -27.740599 -0.643542 -86.770520 7.502400 0.000000 0.000000 0.000000 -4.819173 -7.488213 9.082936 0.032122 -1.092814 -3.347733 0.597352 -3.714137 -29.248376 4.245778 12.480471 37.453595 0.000000 0.000000 0.000000 11.733490 15.668110 13.920649 -0.040166 1.242002 -3.691604 -0.252453 -20.044245 -39.209828 -0.115540 -2.191491 6.035163 1.716265 0.764762 -7.543871 -0.704108 0.746112 -5.484970 -1.640093 0.241592 -1.404960 -0.517656 -1.801370 -1.233143 3.223054 -2.435279 0.514658 1.053170 -1.207204 0.409478 0.000000 0.000000 0.000000 2.016641 0.188114 -11.069897 10.923400 -18.170740 -1.751959 -0.000002 0.000000 -10.775082 7.050397 -4.987488 -0.616046 -7.125020 0.000002 0.000000 -14.591103 24.933969 7.307908 0.000000 0.000000 0.000000 6.638416 -3.491304 -24.708798 -10.837947 18.039429 -1.725404 0.000001 -0.000002 17.216838 -11.576129 -44.600526 8.184586 7.125020 -0.000002 0.000000 41.893082 -71.216205 -27.621280
8.323434 17.841021 -27.743144 -1.222820 -86.752028 8.086426 0.000000 0.000000 0.000000 -4.766307 -7.576675 9.116672 0.032501 -1.098453 -3.369621 0.588698 -3.733208 -29.333674 4.260420 12.499109 37.521298 0.000000 0.000000 0.000000 11.781844 15.664216 13.920360 -0.040240 1.243097 -3.695107 -0.255585 -20.029013 -39.220645 -0.121970 -2.251435 6.201051 1.735083 0.784856 -7.564533 -0.717539 0.771697 -5.474407 -1.662636 0.254163 -1.381163 -0.501917 -1.817320 -1.240798 3.231479 -2.457311 0.522909 1.052852 -1.218057 0.413617 0.000000 0.000000 0.000000 2.105476 0.136881 -11.101359 10.918668 -18.163475 -1.750484 -0.000002 0.000001 -10.769217 7.019026 -5.017546 -0.616906 -7.125020 0.000002 0.000000 -14.610697 24.904882 7.328690 0.000000 0.000000 0.000000 6.676016 -3.553070 -24.722026 -10.849716 18.057529 -1.729050 0.000001 -0.000002 17.218435 -11.621255 -44.614616 8.218958 7.125020 -0.000002 0.000000 41.879091 -71.241461 -27.632879
8.323076 17.840236 -27.745860 -1.985739 -86.736171 8.850946 0.000000 0.000000 0.000000 -4.699977 -7.638409 9.141193 0.032801 -1.103044 -3.386392 0.586807 -3.763353 -29.397073 4.284225 12.529311 37.631157 0.000000 0.000000 0.000000 11.840256 15.648765 13.913860 -0.040214 1.242674 -3.693979 -0.256743 -20.005619 -39.209950 -0.133596 -2.355894 6.490287 1.764016 0.810801 -7.583918 -0.731294 0.804524 -5.463928 -1.690740 0.270094 -1.357715 -0.482115 -1.832609 -1.239782 3.240836 -2.478464 0.528593 1.052239 -1.228568 0.415479 0.000000 0.000000 0.000000 2.208385 0.084067 -11.079256 10.917982 -18.162422 -1.750270 -0.000002 0.000001 -10.834720 6.964096 -5.041420 -0.614923 -7.125020 0.000002 0.000000 -14.648216 24.881974 7.356852 0.000000 0.000000 0.000000 6.730585 -3.594569 -24.884740 -10.854827 18.065387 -1.730635 0.000001 -0.000002 17.359628 -11.666776 -44.615442 8.251722 7.125020 -0.000002 0.000000 41.835427 -71.257706 -27.615051
8.322740 17.839293 -27.748554 -2.756187 -86.724231 9.616324 0.000000 0.000000 0.000000 -4.634805 -7.673898 9.163012 0.033031 -1.106705 -3.398771 0.589773 -3.792002 -29.442915 4.308723 12.560266 37.743946 0.000000 0.000000 0.000000 11.894711 15.606139 13.900756 -0.040132 1.241609 -3.689711 -0.255412 -19.978497 -39.157168 -0.147832 -2.477722 6.827882 1.795951 0.839495 -7.598642 -0.745014 0.840951 -5.453495 -1.720302 0.287752 -1.336675 -0.464295 -1.840010 -1.234553 3.244478 -2.488918 0.534071 1.050320 -1.233777 0.416324 0.000000 0.000000 0.000000 2.315853 0.035127 -11.005574 10.920106 -18.165684 -1.750932 -0.000002 0.000001 -10.964981 6.903882 -5.056442 -0.611397 -7.125020 0.000002 0.000000 -14.690589 24.867733 7.384533 0.000000 0.000000 0.000000 6.789772 -3.606177 -25.176618 -10.847270 18.053769 -1.728292 0.000001 -0.000002 17.621188 -11.712473 -44.599854 8.282247 7.125020 -0.000002 0.000000 41.755279 -71.262678 -27.560894
8.322514 17.838241 -27.751296 -3.352536 -86.714149 10.201732 0.000000 0.000000 0.000000 -4.582886 -7.686133 9.180473 0.033165 -1.108928 -3.405634 0.594690 -3.814001 -29.468962 4.329884 12.586899 37.841153 0.000000 0.000000 0.000000 11.935442 15.541751 13.884719 -0.040043 1.240644 -3.684446 -0.252422 -19.955752 -39.073795 -0.161237 -2.587110 7.131259 1.819911 0.867135 -7.606867 -0.759150 0.876549 -5.444247 -1.745930 0.305148 -1.320552 -0.444134 -1.834659 -1.228645 3.230257 -2.482058 0.539342 1.042594 -1.230364 0.416354 0.000000 0.000000 0.000000 2.418849 -0.010286 -10.895594 10.923444 -18.170809 -1.751972 -0.000002 0.000001 -11.143646 6.856979 -5.054801 -0.607050 -7.125020 0.000002 0.000000 -14.725078 24.869642 7.402272 0.000000 0.000000 0.000000 6.837637 -3.592859 -25.517673 -10.823419 18.017083 -1.720907 0.000001 -0.000002 17.924724 -11.758655 -44.569602 8.310992 7.125020 -0.000002 0.000000 41.642256 -71.257665 -27.474212
8.322568 17.837130 -27.754258 -3.654230 -86.702520 10.490367 0.000000 0.000000 0.000000 -4.550561 -7.681075 9.188193 0.033174 -1.109198 -3.405808 0.598345 -3.828922 -29.468324 4.347987 12.609609 37.924151 0.000000 0.000000 0.000000 11.958276 15.470794 13.869677 -0.039984 1.240278 -3.680265 -0.250964 -19.940157 -38.990339 -0.170183 -2.657563 7.326787 1.826855 0.890397 -7.609632 -0.774334 0.907337 -5.437247 -1.763447 0.320470 -1.310157 -0.413650 -1.815863 -1.222697 3.190128 -2.456935 0.542671 1.025199 -1.217878 0.414884 0.000000 0.000000 0.000000 2.509097 -0.055505 -10.780243 10.926668 -18.175759 -1.752978 -0.000002 0.000001 -11.338253 6.835018 -5.030865 -0.602245 -7.125020 0.000002 0.000000 -14.743800 24.893109 7.403938 0.000000 0.000000 0.000000 6.861959 -3.570265 -25.800376 -10.786091 17.959631 -1.709379 0.000001 -0.000002 18.163316 -11.804524 -44.532575 8.338511 7.125020 -0.000002 0.000000 41.514669 -71.247811 -27.372847
8.322953 17.836029 -27.757501 -3.658236 -86.687508 10.482793 0.000000 0.000000 0.000000 -4.536877 -7.665535 9.183622 0.033070 -1.107626 -3.399976 0.598465 -3.837800 -29.436659 4.364400 12.630138 37.999275 0.000000 0.000000 0.000000 11.963860 15.400306 13.854714 -0.039957 1.240446 -3.677453 -0.254767 -19.924500 -38.927126 -0.172650 -2.676666 7.379821 1.815188 0.907339 -7.610113 -0.790015 0.930733 -5.432637 -1.771527 0.332467 -1.304038 -0.374015 -1.787244 -1.212937 3.131275 -2.418420 0.542135 1.000556 -1.198794 0.410921 0.000000 0.000000 0.000000 2.579427 -0.101022 -10.691057 10.929668 -18.180364 -1.753913 -0.000002 0.000001 -11.510531 6.840549 -4.981677 -0.596828 -7.125020 0.000002 0.000000 -14.745215 24.940998 7.387709 0.000000 0.000000 0.000000 6.859948 -3.559857 -25.915487 -10.748595 17.901876 -1.697835 0.000001 -0.000002 18.226338 -11.851167 -44.506709 8.368183 7.125020 -0.000002 0.000000 41.410928 -71.245927 -27.295744
8.323570 17.835014 -27.760951 -3.484575 -86.669504 10.300499 0.000000 0.000000 0.000000 -4.533469 -7.644912 9.168979 0.032893 -1.104868 -3.390370 0.594955 -3.845106 -29.378661 4.379935 12.649515 38.070266 0.000000 0.000000 0.000000 11.957632 15.325201 13.834223 -0.039910 1.240307 -3.673683 -0.264041 -19.899635 -38.879128 -0.169292 -2.650634 7.307552 1.790670 0.916833 -7.611609 -0.802770 0.944861 -5.429610 -1.769955 0.340139 -1.299604 -0.341171 -1.753894 -1.193851 3.075020 -2.373334 0.537588 0.977994 -1.176533 0.404191 0.000000 0.000000 0.000000 2.623548 -0.140266 -10.642990 10.933755 -18.186637 -1.755188 -0.000002 0.000001 -11.634602 6.870494 -4.905142 -0.590213 -7.125020 0.000002 0.000000 -14.731813 25.015384 7.354210 0.000000 0.000000 0.000000 6.838392 -3.577576 -25.795039 -10.731450 17.875452 -1.692569 0.000001 -0.000002 18.043902 -11.899479 -44.515665 8.404109 7.125020 -0.000002 0.000000 41.382089 -71.268790 -27.294319
8.324251 17.834164 -27.764521 -3.316089 -86.650221 10.125869 0.000000 0.000000 0.000000 -4.527767 -7.625040 9.150408 0.032703 -1.101832 -3.380053 0.589521 -3.858563 -29.311134 4.394876 12.668104 38.138447 0.000000 0.000000 0.000000 11.949100 15.238710 13.803203 -0.039767 1.238671 -3.665510 -0.274406 -19.864488 -38.826704 -0.162418 -2.596522 7.157374 1.761753 0.918314 -7.616338 -0.806860 0.948509 -5.426770 -1.757612 0.342804 -1.294220 -0.337146 -1.718545 -1.165167 3.042626 -2.325354 0.532945 0.967840 -1.152872 0.396544 0.000000 0.000000 0.000000 2.636881 -0.163251 -10.633401 10.940297 -18.196678 -1.757231 -0.000002 0.000001 -11.703503 6.919310 -4.803311 -0.582069 -7.125020 0.000002 0.000000 -14.707444 25.114329 7.306219 0.000000 0.000000 0.000000 6.811347 -3.618057 -25.485131 -10.750480 17.904779 -1.698415 0.000001 -0.000002 17.663490 -11.938904 -44.573444 8.440792 7.125020 -0.000002 0.000000 41.470032 -71.322457 -27.404322
8.324859 17.833537 -27.768249 -3.316149 -86.631544 10.121261 0.000000 0.000000 0.000000 -4.508353 -7.607674 9.132763 0.032541 -1.099248 -3.371352 0.584486 -3.882958 -29.250232 4.408701 12.685262 38.201442 0.000000 0.000000 0.000000 11.949625 15.144338 13.762304 -0.039476 1.234675 -3.650689 -0.280639 -19.825287 -38.759041 -0.155124 -2.537822 6.994532 1.734889 0.912509 -7.625427 -0.797429 0.942331 -5.422642 -1.733058 0.340761 -1.285687 -0.378053 -1.681207 -1.135005 3.045496 -2.274649 0.536533 0.976305 -1.127740 0.392252 0.000000 0.000000 0.000000 2.619944 -0.163747 -10.647277 10.949464 -18.210743 -1.760095 -0.000002 0.000001 -11.727781 6.980449 -4.686651 -0.573007 -7.125020 0.000002 0.000000 -14.675749 25.227690 7.249307 0.000000 0.000000 0.000000 6.795585 -3.653468 -25.153493 -10.806404 17.990899 -1.715648 0.000001 -0.000002 17.259573 -11.945221 -44.672949 8.459821 7.125020 -0.000002 0.000000 41.684728 -71.393424 -27.621988
8.325379 17.833120 -27.772343 -3.579632 -86.614136 10.381183 0.000000 0.000000 0.000000 -4.468342 -7.583261 9.113196 0.032404 -1.097125 -3.363769 0.581873 -3.917124 -29.192713 4.421268 12.700824 38.258634 0.000000 0.000000 0.000000 11.969096 15.055564 13.716666 -0.039023 1.227939 -3.628665 -0.280398 -19.787921 -38.683914 -0.151029 -2.504254 6.901443 1.712499 0.900979 -7.639127 -0.772615 0.928308 -5.416239 -1.695604 0.335006 -1.272733 -0.468170 -1.640923 -1.114729 3.084484 -2.220193 0.557573 1.004302 -1.100456 0.396036 0.000000 0.000000 0.000000 2.579938 -0.139197 -10.654211 10.961009 -18.228456 -1.763705 -0.000002 0.000001 -11.738775 7.049448 -4.572776 -0.564729 -7.125020 0.000002 0.000000 -14.638014 25.338342 7.190278 0.000000 0.000000 0.000000 6.799050 -3.650110 -24.979477 -10.881912 18.107018 -1.739043 0.000001 -0.000002 17.021068 -11.897782 -44.786848 8.442308 7.125020 -0.000002 0.000000 41.987021 -71.455391 -27.896734
8.325917 17.832788 -27.777021 -4.116847 -86.596990 10.916180 0.000000 0.000000 0.000000 -4.406475 -7.542895 9.086245 0.032266 -1.095103 -3.355690 0.582097 -3.958222 -29.125786 4.435321 12.718189 38.322512 0.000000 0.000000 0.000000 12.011361 14.982404 13.669862 -0.038404 1.218321 -3.599373 -0.274662 -19.753280 -38.614022 -0.152770 -2.518581 6.941170 1.692898 0.884360 -7.657119 -0.732567 0.907402 -5.407270 -1.644417 0.326070 -1.255177 -0.599027 -1.596301 -1.110718 3.149407 -2.160270 0.600408 1.047204 -1.070087 0.409947 0.000000 0.000000 0.000000 2.526299 -0.085467 -10.610267 10.975609 -18.250850 -1.768275 -0.000002 0.000001 -11.785394 7.125684 -4.479710 -0.559378 -7.125020 0.000002 0.000000 -14.592612 25.428726 7.134554 0.000000 0.000000 0.000000 6.811168 -3.582396 -25.048664 -10.946610 18.206367 -1.759204 0.000001 -0.000002 17.041790 -11.795399 -44.876768 8.381731 7.125020 -0.000002 0.000000 42.291328 -71.481546 -28.142699
8.326525 17.832360 -27.782235 -4.838871 -86.578861 11.636758 0.000000 0.000000 0.000000 -4.328827 -7.500670 9.057726 0.032156 -1.093571 -3.349064 0.582763 -4.004771 -29.058749 4.455539 12.743098 38.414258 0.000000 0.000000 0.000000 12.070179 14.920391 13.621557 -0.037639 1.206136 -3.563315 -0.266342 -19.719224 -38.549380 -0.159760 -2.575289 7.098461 1.670636 0.862023 -7.679072 -0.678417 0.879092 -5.395565 -1.577651 0.313812 -1.233062 -0.753289 -1.545906 -1.120419 3.221172 -2.092823 0.660929 1.096189 -1.035694 0.431722 0.000000 0.000000 0.000000 2.464786 0.001637 -10.480119 10.994283 -18.279482 -1.774128 -0.000002 0.000001 -11.909708 7.207593 -4.416448 -0.557977 -7.125020 0.000002 0.000000 -14.539619 25.490079 7.085306 0.000000 0.000000 0.000000 6.809943 -3.438055 -25.351398 -10.971213 18.244113 -1.766899 0.000001 -0.000002 17.316181 -11.653219 -44.910502 8.284355 7.125020 -0.000002 0.000000 42.508294 -71.455409 -28.279252
8.327106 17.831707 -27.787658 -5.569636 -86.559486 12.364536 0.000000 0.000000 0.000000 -4.248620 -7.490795 9.046051 0.032166 -1.093756 -3.349579 0.579674 -4.054975 -29.026683 4.484251 12.778330 38.544248 0.000000 0.000000 0.000000 12.131360 14.856872 13.572658 -0.036806 1.192774 -3.523536 -0.258242 -19.687343 -38.479386 -0.167954 -2.640194 7.278572 1.637892 0.833649 -7.704460 -0.613232 0.843434 -5.380607 -1.494088 0.298418 -1.206155 -0.912542 -1.489651 -1.135003 3.281202 -2.017429 0.728421 1.142440 -0.997273 0.456073 0.000000 0.000000 0.000000 2.396873 0.117537 -10.264666 11.016408 -18.313392 -1.781073 -0.000002 0.000001 -12.116202 7.286743 -4.378444 -0.559367 -7.125020 0.000002 0.000000 -14.485725 25.526860 7.044421 0.000000 0.000000 0.000000 6.778946 -3.225819 -25.816508 -10.945102 18.204055 -1.758734 0.000001 -0.000002 17.771590 -11.491140 -44.882288 8.163828 7.125020 -0.000002 0.000000 42.604851 -71.380214 -28.284349
8.327545 17.830808 -27.792963 -6.133969 -86.538784 12.921574 0.000000 0.000000 0.000000 -4.179314 -7.536651 9.065166 0.032351 -1.096336 -3.360691 0.569952 -4.107175 -29.055015 4.520140 12.822131 38.706239 0.000000 0.000000 0.000000 12.182740 14.788131 13.530107 -0.036032 1.180378 -3.485737 -0.251033 -19.666334 -38.401116 -0.172822 -2.677988 7.383491 1.588771 0.800693 -7.731331 -0.542546 0.802751 -5.362365 -1.395992 0.281100 -1.175376 -1.062659 -1.429887 -1.144857 3.319392 -1.936985 0.791346 1.180459 -0.956483 0.477604 0.000000 0.000000 0.000000 2.323244 0.244384 -10.007898 11.038555 -18.347321 -1.788039 -0.000002 0.000001 -12.362543 7.351262 -4.356652 -0.561564 -7.125020 0.000002 0.000000 -14.440703 25.547920 7.013782 0.000000 0.000000 0.000000 6.716072 -2.980532 -26.322049 -10.882189 18.107445 -1.739130 0.000001 -0.000002 18.280256 -11.326347 -44.818161 8.036374 7.125020 -0.000002 0.000000 42.623959 -71.279655 -28.210329
8.327885 17.829708 -27.798035 -6.472186 -86.515912 13.247117 0.000000 0.000000 0.000000 -4.125712 -7.627014 9.109546 0.032647 -1.100318 -3.378794 0.554454 -4.161715 -29.129646 4.560393 12.870949 38.887282 0.000000 0.000000 0.000000 12.223031 14.726012 13.503534 -0.035408 1.170391 -3.454674 -0.243519 -19.665031 -38.329640 -0.172744 -2.677390 7.381832 1.525215 0.766608 -7.756010 -0.472946 0.761554 -5.342323 -1.290983 0.263900 -1.144004 -1.194065 -1.371034 -1.144126 3.333911 -1.857406 0.843415 1.208026 -0.916392 0.493417 0.000000 0.000000 0.000000 2.246075 0.356776 -9.778524 11.055446 -18.373186 -1.793359 -0.000002 0.000001 -12.578030 7.395477 -4.350607 -0.564160 -7.125020 0.000002 0.000000 -14.408814 25.553700 6.995341 0.000000 0.000000 0.000000 6.630650 -2.750509 -26.725733 -10.808916 17.994768 -1.716425 0.000001 -0.000002 18.693420 -11.169355 -44.758180 7.915233 7.125020 -0.000002 0.000000 42.645662 -71.184616 -28.143095
8.328277 17.828471 -27.802831 -6.660129 -86.490375 13.417564 0.000000 0.000000 0.000000 -4.083622 -7.725404 9.160040 0.032912 -1.103654 -3.395503 0.537136 -4.216286 -29.209292 4.600484 12.919248 39.066925 0.000000 0.000000 0.000000 12.260031 14.686899 13.498644 -0.034936 1.162731 -3.431114 -0.235303 -19.683035 -38.288023 -0.169339 -2.651002 7.308572 1.458684 0.735931 -7.774706 -0.410705 0.725204 -5.322624 -1.191645 0.249038 -1.115970 -1.300033 -1.317712 -1.133647 3.327684 -1.785148 0.887371 1.224816 -0.880188 0.504645 0.000000 0.000000 0.000000 2.168887 0.432600 -9.640868 11.062519 -18.384016 -1.795590 -0.000002 0.000001 -12.695499 7.423050 -4.367307 -0.568415 -7.125020 0.000002 0.000000 -14.386612 25.537324 6.989623 0.000000 0.000000 0.000000 6.536721 -2.573625 -26.924474 -10.746696 17.898952 -1.697253 0.000001 -0.000002 18.903180 -11.023005 -44.732005 7.806497 7.125020 -0.000002 0.000000 42.732394 -71.116346 -28.146866
8.328783 17.827164 -27.807192 -6.810030 -86.463678 13.545191 0.000000 0.000000 0.000000 -4.048179 -7.800148 9.202820 0.033039 -1.104895 -3.404473 0.521825 -4.260182 -29.263101 4.632475 12.957561 39.209806 0.000000 0.000000 0.000000 12.300806 14.676156 13.514917 -0.034561 1.156467 -3.412729 -0.228032 -19.711361 -38.286899 -0.165222 -2.618735 7.219014 1.403838 0.712626 -7.785041 -0.361601 0.698102 -5.304293 -1.111889 0.238239 -1.093307 -1.374988 -1.272468 -1.120141 3.305520 -1.724075 0.933596 1.231267 -0.849639 0.515740 0.000000 0.000000 0.000000 2.096166 0.461503 -9.627033 11.058306 -18.377565 -1.794261 -0.000002 0.000001 -12.683019 7.443807 -4.410187 -0.575596 -7.125020 0.000002 0.000000 -14.366519 25.495375 6.993813 0.000000 0.000000 0.000000 6.448731 -2.463308 -26.892156 -10.703999 17.833128 -1.684153 0.000001 -0.000002 18.879944 -10.885264 -44.748687 7.709816 7.125020 -0.000002 0.000000 42.905232 -71.080311 -28.241806
8.329325 17.825863 -27.810959 -6.978208 -86.438623 13.685237 0.000000 0.000000 0.000000 -4.018813 -7.842556 9.238269 0.033023 -1.104034 -3.405214 0.509758 -4.279618 -29.289631 4.647862 12.975918 39.278381 0.000000 0.000000 0.000000 12.345409 14.681937 13.546134 -0.034225 1.150727 -3.396372 -0.223403 -19.740578 -38.312155 -0.161751 -2.591208 7.142626 1.369856 0.698969 -7.786320 -0.330321 0.682733 -5.287120 -1.061525 0.232469 -1.075995 -1.415274 -1.235250 -1.110160 3.273513 -1.674528 0.992502 1.228581 -0.824754 0.531087 0.000000 0.000000 0.000000 2.032826 0.445362 -9.725125 11.044640 -18.356641 -1.789955 -0.000002 0.000001 -12.556881 7.472328 -4.475897 -0.586466 -7.125020 0.000002 0.000000 -14.338233 25.431041 7.001383 0.000000 0.000000 0.000000 6.380531 -2.412487 -26.674622 -10.679660 17.795581 -1.676707 0.000001 -0.000002 18.666909 -10.753294 -44.801899 7.622156 7.125020 -0.000002 0.000000 43.152798 -71.071086 -28.415077
8.329807 17.824662 -27.814204 -7.181850 -86.416753 13.854736 0.000000 0.000000 0.000000 -3.994676 -7.864744 9.274705 0.032934 -1.102138 -3.401760 0.499998 -4.270722 -29.307292 4.644334 12.971713 39.262666 0.000000 0.000000 0.000000 12.390326 14.682456 13.581482 -0.033877 1.144851 -3.379136 -0.221167 -19.765476 -38.333409 -0.158274 -2.563342 7.065319 1.358373 0.695652 -7.779780 -0.318595 0.679891 -5.270914 -1.043176 0.232082 -1.063131 -1.423915 -1.204919 -1.103828 3.242016 -1.635161 1.066058 1.220516 -0.804806 0.551464 0.000000 0.000000 0.000000 1.981686 0.390823 -9.899635 11.024406 -18.325648 -1.783588 -0.000002 0.000001 -12.358813 7.525020 -4.558839 -0.601669 -7.125020 0.000002 0.000000 -14.290360 25.349685 7.004464 0.000000 0.000000 0.000000 6.344567 -2.405367 -26.361788 -10.668970 17.779083 -1.673441 0.000001 -0.000002 18.352739 -10.625509 -44.877678 7.540398 7.125020 -0.000002 0.000000 43.446139 -71.078440 -28.636848
8.330213 17.823661 -27.817197 -7.457901 -86.396941 14.093185 0.000000 0.000000 0.000000 -3.969176 -7.893020 9.321286 0.032882 -1.100809 -3.400342 0.490730 -4.246471 -29.340946 4.629860 12.954436 39.198141 0.000000 0.000000 0.000000 12.434983 14.660533 13.609361 -0.033484 1.138346 -3.358972 -0.220149 -19.783177 -38.326993 -0.153432 -2.524006 6.956213 1.367585 0.702035 -7.769164 -0.323765 0.688741 -5.256031 -1.053104 0.236740 -1.053120 -1.413427 -1.180727 -1.095058 3.226324 -1.604870 1.146104 1.214075 -0.789308 0.573641 0.000000 0.000000 0.000000 1.940849 0.302491 -10.126010 10.999110 -18.286884 -1.775643 -0.000002 0.000001 -12.119620 7.611593 -4.651580 -0.621108 -7.125020 0.000002 0.000000 -14.216613 25.258490 6.997225 0.000000 0.000000 0.000000 6.348646 -2.424408 -26.055193 -10.666706 17.775588 -1.672750 0.000001 -0.000002 18.040022 -10.498708 -44.958912 7.459917 7.125020 -0.000002 0.000000 43.750756 -71.089565 -28.870705
8.330593 17.822918 -27.820191 -7.853115 -86.376738 14.452118 0.000000 0.000000 0.000000 -3.933018 -7.957253 9.384451 0.032974 -1.101606 -3.407125 0.479998 -4.229752 -29.412918 4.618500 12.940848 39.147442 0.000000 0.000000 0.000000 12.482199 14.613859 13.622659 -0.033037 1.131088 -3.335561 -0.220040 -19.791291 -38.290709 -0.147004 -2.470795 6.808678 1.393815 0.715999 -7.760194 -0.339458 0.706540 -5.243003 -1.082807 0.245245 -1.043561 -1.401873 -1.162344 -1.078001 3.240517 -1.582920 1.220942 1.216845 -0.777980 0.593381 0.000000 0.000000 0.000000 1.904457 0.183392 -10.401633 10.968734 -18.240306 -1.766123 -0.000002 0.000001 -11.848476 7.729335 -4.741485 -0.642980 -7.125020 0.000002 0.000000 -14.120373 25.169795 6.977145 0.000000 0.000000 0.000000 6.391942 -2.452209 -25.836796 -10.667885 17.777408 -1.673110 0.000001 -0.000002 17.813945 -10.363938 -45.030022 7.372233 7.125020 -0.000002 0.000000 44.040579 -71.090900 -29.085352
8.330990 17.822390 -27.823369 -8.358079 -86.355374 14.927398 0.000000 0.000000 0.000000 -3.882660 -8.067585 9.461444 0.033247 -1.105065 -3.424232 0.467157 -4.237102 -29.527720 4.619752 12.942346 39.153031 0.000000 0.000000 0.000000 12.533245 14.555114 13.621026 -0.032567 1.123451 -3.310528 -0.220606 -19.791031 -38.238001 -0.139896 -2.410574 6.641773 1.428393 0.734580 -7.758681 -0.358534 0.729698 -5.232442 -1.120252 0.256099 -1.032159 -1.405335 -1.148895 -1.053167 3.291009 -1.567857 1.284577 1.233644 -0.770123 0.609131 0.000000 0.000000 0.000000 1.867014 0.038563 -10.729095 10.933427 -18.186132 -1.755087 -0.000002 0.000001 -11.548237 7.868635 -4.813814 -0.664558 -7.125020 0.000002 0.000000 -14.010269 25.098045 6.943816 0.000000 0.000000 0.000000 6.465205 -2.475633 -25.742988 -10.668819 17.778849 -1.673395 0.000001 -0.000002 17.714695 -10.211660 -45.082455 7.269407 7.125020 -0.000002 0.000000 44.305353 -71.073544 -29.265008
8.331404 17.821909 -27.826924 -8.886498 -86.335234 15.436810 0.000000 0.000000 0.000000 -3.823617 -8.196967 9.535423 0.033619 -1.110012 -3.446733 0.454612 -4.268616 -29.659008 4.632218 12.957253 39.208660 0.000000 0.000000 0.000000 12.584985 14.503832 13.608723 -0.032109 1.115948 -3.286071 -0.220250 -19.789169 -38.183927 -0.133120 -2.351707 6.478689 1.458129 0.755580 -7.768400 -0.377003 0.755941 -5.225297 -1.154044 0.268514 -1.018065 -1.430344 -1.138316 -1.027088 3.374754 -1.556834 1.340740 1.264650 -0.764254 0.623102 0.000000 0.000000 0.000000 1.828450 -0.123892 -11.096119 10.895110 -18.127293 -1.743147 -0.000002 0.000001 -11.232614 8.025497 -4.861897 -0.684600 -7.125020 0.000002 0.000000 -13.889914 25.049745 6.896967 0.000000 0.000000 0.000000 6.556949 -2.491296 -25.757100 -10.668140 17.777801 -1.673188 0.000001 -0.000002 17.728881 -10.043193 -45.117192 7.152562 7.125020 -0.000002 0.000000 44.545686 -71.038745 -29.410977
8.331811 17.821237 -27.830998 -9.344633 -86.319471 15.887887 0.000000 0.000000 0.000000 -3.764483 -8.296641 9.583249 0.033930 -1.114226 -3.465117 0.447249 -4.312956 -29.761562 4.648027 12.976113 39.279115 0.000000 0.000000 0.000000 12.632971 14.474105 13.590399 -0.031672 1.108623 -3.262901 -0.217302 -19.792103 -38.138157 -0.127919 -2.305479 6.350668 1.473659 0.778101 -7.789583 -0.395281 0.784576 -5.222603 -1.179407 0.282328 -1.002334 -1.470406 -1.127706 -1.004871 3.480222 -1.546049 1.396637 1.305132 -0.758410 0.638061 0.000000 0.000000 0.000000 1.794627 -0.293122 -11.470858 10.857603 -18.069653 -1.731495 -0.000002 0.000000 -10.929940 8.207021 -4.893060 -0.704725 -7.125020 0.000002 0.000000 -13.753297 25.017622 6.835917 0.000000 0.000000 0.000000 6.659633 -2.503144 -25.832863 -10.665961 17.774438 -1.672523 0.000001 -0.000002 17.814381 -9.870122 -45.141273 7.030985 7.125020 -0.000002 0.000000 44.766079 -70.995259 -29.534336
8.332216 17.820202 -27.835507 -9.712688 -86.308406 16.258363 0.000000 0.000000 0.000000 -3.709615 -8.331702 9.591513 0.034049 -1.115969 -3.471784 0.449314 -4.356219 -29.801960 4.659805 12.990132 39.331541 0.000000 0.000000 0.000000 12.675940 14.465012 13.568126 -0.031229 1.100979 -3.239685 -0.212341 -19.798782 -38.103682 -0.125762 -2.286038 6.296841 1.476955 0.801065 -7.818626 -0.415090 0.814137 -5.224525 -1.199354 0.296723 -0.987120 -1.511966 -1.114021 -0.982661 3.591776 -1.531362 1.451420 1.347865 -0.750595 0.652637 0.000000 0.000000 0.000000 1.771686 -0.454593 -11.812793 10.825289 -18.019956 -1.721486 -0.000002 0.000000 -10.671513 8.421281 -4.922600 -0.727808 -7.125020 0.000002 0.000000 -13.592879 24.986601 6.761746 0.000000 0.000000 0.000000 6.769452 -2.512018 -25.931598 -10.662008 17.768337 -1.671316 0.000001 -0.000002 17.938276 -9.699832 -45.160689 6.910796 7.125020 -0.000002 0.000000 44.972828 -70.949646 -29.645587
8.332694 17.818788 -27.840148 -10.046627 -86.299081 16.598917 0.000000 0.000000 0.000000 -3.658688 -8.295949 9.562584 0.033940 -1.114767 -3.464600 0.461803 -4.382373 -29.772433 4.660867 12.991395 39.336265 0.000000 0.000000 0.000000 12.716229 14.462050 13.541601 -0.030752 1.092568 -3.214721 -0.207743 -19.802605 -38.076635 -0.126814 -2.295539 6.323145 1.478763 0.821994 -7.849440 -0.436227 0.840895 -5.229623 -1.220019 0.309622 -0.974282 -1.544573 -1.094727 -0.949811 3.696624 -1.509009 1.493269 1.387071 -0.739138 0.660997 0.000000 0.000000 0.000000 1.761720 -0.590101 -12.083399 10.801897 -17.983960 -1.714257 -0.000002 0.000000 -10.480168 8.663005 -4.961403 -0.755019 -7.125020 0.000002 0.000000 -13.411408 24.946055 6.679400 0.000000 0.000000 0.000000 6.882780 -2.510100 -26.039284 -10.655057 17.757607 -1.669196 0.000001 -0.000002 18.089941 -9.527322 -45.175680 6.788500 7.125020 -0.000002 0.000000 45.171219 -70.900401 -29.747144
8.333420 17.817105 -27.844652 -10.416486 -86.287199 16.973753 0.000000 0.000000 0.000000 -3.610348 -8.197310 9.505693 0.033618 -1.110774 -3.444523 0.482701 -4.372985 -29.677594 4.643090 12.970228 39.257123 0.000000 0.000000 0.000000 12.757630 14.449043 13.511244 -0.030245 1.083570 -3.188027 -0.204944 -19.799808 -38.050554 -0.129064 -2.315746 6.379097 1.489212 0.837734 -7.875438 -0.456777 0.860322 -5.235104 -1.245477 0.318632 -0.964609 -1.563311 -1.068706 -0.901238 3.786457 -1.477028 1.510794 1.419295 -0.723217 0.658555 0.000000 0.000000 0.000000 1.764130 -0.682343 -12.249564 10.790433 -17.966312 -1.710719 -0.000002 0.000000 -10.372206 8.914592 -5.010801 -0.785104 -7.125020 0.000002 0.000000 -13.221692 24.894823 6.595935 0.000000 0.000000 0.000000 6.995060 -2.486806 -26.157539 -10.643759 17.740163 -1.665751 0.000001 -0.000002 18.266844 -9.344207 -45.180275 6.657443 7.125020 -0.000002 0.000000 45.355930 -70.840793 -29.828745
8.334629 17.815294 -27.848958 -10.848777 -86.268128 17.404514 0.000000 0.000000 0.000000 -3.564123 -8.047250 9.429193 0.033098 -1.104005 -3.412617 0.508625 -4.318015 -29.524793 4.601645 12.920641 39.072121 0.000000 0.000000 0.000000 12.803447 14.418194 13.481155 -0.029755 1.074835 -3.161864 -0.203538 -19.793588 -38.023535 -0.130021 -2.324279 6.402727 1.511052 0.845816 -7.890736 -0.474735 0.869249 -5.237740 -1.275471 0.322244 -0.958107 -1.563647 -1.036542 -0.846498 3.851866 -1.435933 1.505127 1.440717 -0.703019 0.647156 0.000000 0.000000 0.000000 1.776877 -0.722667 -12.291981 10.793044 -17.970332 -1.711525 -0.000002 0.000000 -10.358154 9.160591 -5.068391 -0.816434 -7.125020 0.000002 0.000000 -13.035359 24.835357 6.516574 0.000000 0.000000 0.000000 7.101394 -2.438103 -26.288071 -10.627524 17.715088 -1.660808 0.000001 -0.000002 18.460023 -9.153362 -45.165407 6.518730 7.125020 -0.000002 0.000000 45.504236 -70.765933 -29.868937
8.336514 17.813498 -27.853084 -11.302346 -86.236930 17.846541 0.000000 0.000000 0.000000 -3.520467 -7.872560 9.344434 0.032408 -1.094568 -3.371094 0.535395 -4.229331 -29.335607 4.543415 12.850397 38.811004 0.000000 0.000000 0.000000 12.854158 14.369117 13.458269 -0.029344 1.067546 -3.139598 -0.203558 -19.789514 -37.999989 -0.128927 -2.314519 6.375701 1.539583 0.845046 -7.890681 -0.488766 0.866620 -5.235021 -1.306096 0.320149 -0.954862 -1.538658 -0.999325 -0.804102 3.879409 -1.387137 1.487851 1.445773 -0.679001 0.633360 0.000000 0.000000 0.000000 1.795548 -0.715282 -12.214837 10.810237 -17.996794 -1.716833 -0.000002 0.000001 -10.434936 9.395226 -5.132254 -0.848255 -7.125020 0.000002 0.000000 -12.856875 24.769555 6.442981 0.000000 0.000000 0.000000 7.196222 -2.370476 -26.421964 -10.606970 17.683330 -1.654559 0.000001 -0.000002 18.650580 -8.972199 -45.127132 6.384497 7.125020 -0.000002 0.000000 45.591417 -70.679199 -29.852583
8.339152 17.811865 -27.856947 -11.684939 -86.189989 18.205988 0.000000 0.000000 0.000000 -3.480622 -7.722260 9.269743 0.031626 -1.083193 -3.324980 0.558126 -4.139347 -29.153349 4.487245 12.781994 38.557784 0.000000 0.000000 0.000000 12.905897 14.304027 13.448584 -0.029067 1.062725 -3.124063 -0.207075 -19.788998 -37.986653 -0.126846 -2.295839 6.323976 1.566520 0.835704 -7.872558 -0.498542 0.853443 -5.226263 -1.332322 0.313086 -0.955746 -1.484135 -0.957918 -0.787628 3.859625 -1.331918 1.471128 1.430640 -0.651582 0.623146 0.000000 0.000000 0.000000 1.815257 -0.673042 -12.036059 10.840755 -18.043746 -1.726274 -0.000002 0.000001 -10.590475 9.617604 -5.198194 -0.879809 -7.125020 0.000002 0.000000 -12.687311 24.701567 6.374403 0.000000 0.000000 0.000000 7.273052 -2.297914 -26.535761 -10.583755 17.647445 -1.647514 0.000001 -0.000002 18.811454 -8.822105 -45.075962 6.271278 7.125020 -0.000002 0.000000 45.621128 -70.594682 -29.795686
8.342441 17.810483 -27.860387 -11.913825 -86.129423 18.401295 0.000000 0.000000 0.000000 -3.446159 -7.644839 9.223868 0.030856 -1.071179 -3.280861 0.572398 -4.083025 -29.025589 4.453135 12.740142 38.403361 0.000000 0.000000 0.000000 12.952357 14.228501 13.454126 -0.028935 1.060657 -3.116058 -0.215779 -19.789166 -37.986586 -0.125232 -2.281238 6.283553 1.584593 0.820132 -7.837133 -0.505150 0.833209 -5.212964 -1.350949 0.302910 -0.961850 -1.408460 -0.914109 -0.796611 3.802056 -1.273035 1.462328 1.399751 -0.622068 0.618995 0.000000 0.000000 0.000000 1.835070 -0.609271 -11.769656 10.882029 -18.107195 -1.739080 -0.000002 0.000001 -10.818114 9.827021 -5.260217 -0.909984 -7.125020 0.000002 0.000000 -12.527740 24.637367 6.309598 0.000000 0.000000 0.000000 7.326579 -2.233871 -26.600749 -10.559641 17.610152 -1.640211 0.000001 -0.000002 18.915673 -8.716466 -45.036075 6.191246 7.125020 -0.000002 0.000000 45.633994 -70.532678 -29.747343
8.346034 17.809304 -27.863287 -11.993650 -86.066122 18.440664 0.000000 0.000000 0.000000 -3.417020 -7.660579 9.218573 0.030213 -1.060303 -3.245599 0.575384 -4.078923 -28.982672 4.450844 12.737322 38.392972 0.000000 0.000000 0.000000 12.989308 14.151340 13.471417 -0.028902 1.060460 -3.113232 -0.227305 -19.787260 -37.990474 -0.124815 -2.277453 6.273075 1.592462 0.803390 -7.790009 -0.511040 0.812448 -5.197754 -1.363257 0.292793 -0.972566 -1.332577 -0.870984 -0.817704 3.737723 -1.215170 1.463217 1.366586 -0.592878 0.619866 0.000000 0.000000 0.000000 1.859272 -0.535252 -11.432203 10.929661 -18.180352 -1.753912 -0.000002 0.000001 -11.109245 10.020984 -5.315070 -0.937900 -7.125020 0.000002 0.000000 -12.380281 24.580275 6.248736 0.000000 0.000000 0.000000 7.357279 -2.184459 -26.603287 -10.535845 17.573334 -1.633019 0.000001 -0.000002 18.952189 -8.656594 -45.031077 6.147784 7.125020 -0.000002 0.000000 45.679996 -70.509076 -29.759277
8.349438 17.808185 -27.865619 -12.052072 -86.015429 18.455466 0.000000 0.000000 0.000000 -3.388063 -7.764091 9.260643 0.029827 -1.052823 -3.226622 0.565346 -4.124997 -29.037503 4.478450 12.771225 38.518015 0.000000 0.000000 0.000000 13.018891 14.077485 13.491857 -0.028871 1.060296 -3.110476 -0.235269 -19.783001 -37.973442 -0.124974 -2.278891 6.277055 1.598042 0.792584 -7.739800 -0.518870 0.799777 -5.182656 -1.375766 0.286748 -0.984804 -1.272696 -0.831593 -0.834418 3.697113 -1.162850 1.471191 1.343661 -0.566413 0.622762 0.000000 0.000000 0.000000 1.893717 -0.464759 -11.065737 10.976868 -18.252784 -1.768670 -0.000002 0.000001 -11.429161 10.190647 -5.360802 -0.962230 -7.125020 0.000002 0.000000 -12.251572 24.532442 6.194795 0.000000 0.000000 0.000000 7.374692 -2.149183 -26.560011 -10.513698 17.539052 -1.626338 0.000001 -0.000002 18.938498 -8.634037 -45.067921 6.135517 7.125020 -0.000002 0.000000 45.782178 -70.525526 -29.850098
8.352290 17.806989 -27.867446 -12.288132 -85.988146 18.646764 0.000000 0.000000 0.000000 -3.348775 -7.945751 9.355667 0.029815 -1.050846 -3.230760 0.540785 -4.207836 -29.196106 4.528706 12.832546 38.744821 0.000000 0.000000 0.000000 13.050288 14.005572 13.506063 -0.028741 1.058274 -3.102416 -0.233337 -19.778276 -37.910676 -0.123638 -2.266725 6.243376 1.615353 0.794453 -7.693639 -0.529789 0.803090 -5.168183 -1.396922 0.288358 -0.994689 -1.227072 -0.798458 -0.836548 3.687594 -1.119535 1.481494 1.333034 -0.544518 0.624641 0.000000 0.000000 0.000000 1.940416 -0.417005 -10.740993 11.015900 -18.312618 -1.780915 -0.000002 0.000001 -11.713951 10.319024 -5.391594 -0.980131 -7.125020 0.000002 0.000000 -12.154555 24.499970 6.152965 0.000000 0.000000 0.000000 7.394588 -2.126227 -26.515802 -10.495261 17.510503 -1.620787 0.000001 -0.000002 18.918447 -8.635517 -45.132699 6.143445 7.125020 -0.000002 0.000000 45.923216 -70.568312 -29.994438
8.354543 17.805650 -27.868956 -12.853786 -85.985973 19.167617 0.000000 0.000000 0.000000 -3.290105 -8.198134 9.503694 0.030219 -1.055096 -3.260398 0.501520 -4.311578 -29.456865 4.593440 12.910783 39.035406 0.000000 0.000000 0.000000 13.093968 13.935472 13.509097 -0.028454 1.053299 -3.086043 -0.219446 -19.775263 -37.799476 -0.118762 -2.221736 6.118856 1.654429 0.812644 -7.654938 -0.542744 0.826585 -5.153943 -1.430954 0.299515 -0.999658 -1.184504 -0.773120 -0.822570 3.696606 -1.087041 1.489738 1.328788 -0.528159 0.623698 0.000000 0.000000 0.000000 1.994238 -0.412589 -10.536835 11.040260 -18.349935 -1.788576 -0.000002 0.000001 -11.890962 10.387063 -5.399986 -0.988248 -7.125020 0.000002 0.000000 -12.103825 24.490601 6.128846 0.000000 0.000000 0.000000 7.429843 -2.114997 -26.521144 -10.482438 17.490640 -1.616931 0.000001 -0.000002 18.940320 -8.648285 -45.200482 6.159796 7.125020 -0.000002 0.000000 46.060879 -70.616762 -30.141877
8.356413 17.804194 -27.870480 -13.747929 -86.003754 20.019521 0.000000 0.000000 0.000000 -3.212914 -8.503214 9.689927 0.030941 -1.063897 -3.309416 0.451133 -4.421154 -29.798706 4.663413 12.994421 39.347585 0.000000 0.000000 0.000000 13.152610 13.872474 13.500159 -0.028010 1.045261 -3.061269 -0.196657 -19.773848 -37.660859 -0.110522 -2.143530 5.902487 1.711849 0.845751 -7.624807 -0.555249 0.868588 -5.140124 -1.473490 0.319499 -0.999418 -1.141162 -0.753611 -0.797668 3.711404 -1.062424 1.495001 1.326232 -0.515855 0.620261 0.000000 0.000000 0.000000 2.043656 -0.465791 -10.522034 11.045041 -18.357256 -1.790081 -0.000002 0.000001 -11.892538 10.380985 -5.386429 -0.985221 -7.125020 0.000002 0.000000 -12.109439 24.504105 6.127906 0.000000 0.000000 0.000000 7.482118 -2.114526 -26.598093 -10.476105 17.480828 -1.615028 0.000001 -0.000002 19.024310 -8.663483 -45.250570 6.176023 7.125020 -0.000002 0.000000 46.157650 -70.654434 -30.249101
8.358226 17.802691 -27.872425 -14.802499 -86.034108 21.039357 0.000000 0.000000 0.000000 -3.128998 -8.822077 9.881912 0.031736 -1.073383 -3.363056 0.397356 -4.524248 -30.174149 4.729024 13.071982 39.638520 0.000000 0.000000 0.000000 13.217439 13.823288 13.478867 -0.027442 1.034719 -3.029854 -0.170316 -19.772147 -37.521920 -0.101370 -2.053136 5.652527 1.770435 0.887006 -7.603520 -0.564703 0.921053 -5.128326 -1.512755 0.344676 -0.996020 -1.106625 -0.732377 -0.770982 3.731973 -1.035477 1.500896 1.327072 -0.502413 0.616764 0.000000 0.000000 0.000000 2.075623 -0.578105 -10.744870 11.026407 -18.328716 -1.784217 -0.000002 0.000001 -11.662173 10.295533 -5.364181 -0.972934 -7.125020 0.000002 0.000000 -12.174105 24.527383 6.155398 0.000000 0.000000 0.000000 7.542329 -2.120933 -26.723333 -10.476769 17.481857 -1.615227 0.000001 -0.000002 19.147282 -8.676602 -45.276897 6.188242 7.125020 -0.000002 0.000000 46.203838 -70.675945 -30.303667
8.360281 17.801183 -27.875107 -15.776927 -86.071360 21.991508 0.000000 0.000000 0.000000 -3.053783 -9.101126 10.039941 0.032315 -1.079345 -3.404110 0.348872 -4.614063 -30.517872 4.784512 13.136937 39.883255 0.000000 0.000000 0.000000 13.273612 13.791209 13.444295 -0.026800 1.022529 -2.994247 -0.144466 -19.769449 -37.398979 -0.093876 -1.975999 5.439334 1.808965 0.927065 -7.590353 -0.569511 0.972730 -5.120546 -1.535971 0.369861 -0.992671 -1.093974 -0.698354 -0.752151 3.765630 -0.991497 1.512628 1.335974 -0.480352 0.616205 0.000000 0.000000 0.000000 2.082606 -0.736030 -11.214075 10.983309 -18.262662 -1.770688 -0.000002 0.000001 -11.177587 10.136285 -5.351446 -0.955239 -7.125020 0.000002 0.000000 -12.292139 24.542285 6.213615 0.000000 0.000000 0.000000 7.598833 -2.126472 -26.848943 -10.484901 17.494458 -1.617671 0.000001 -0.000002 19.263765 -8.686816 -45.286694 6.196617 7.125020 -0.000002 0.000000 46.216019 -70.685752 -30.321968
8.362730 17.799641 -27.878536 -16.484476 -86.112997 22.690916 0.000000 0.000000 0.000000 -2.998235 -9.293180 10.135230 0.032494 -1.079471 -3.421613 0.311561 -4.690343 -30.771373 4.830555 13.190396 40.085432 0.000000 0.000000 0.000000 13.308206 13.771747 13.395864 -0.026133 1.009658 -2.956956 -0.120590 -19.766120 -37.289577 -0.089085 -1.925052 5.298578 1.813910 0.958526 -7.583400 -0.569655 1.014577 -5.117358 -1.536156 0.390819 -0.991566 -1.103875 -0.642302 -0.746718 3.811318 -0.918179 1.532374 1.352785 -0.443442 0.619860 0.000000 0.000000 0.000000 2.066662 -0.914247 -11.877829 10.920526 -18.166330 -1.751063 -0.000002 0.000001 -10.481225 9.923647 -5.358703 -0.935925 -7.125020 0.000002 0.000000 -12.447609 24.538168 6.297330 0.000000 0.000000 0.000000 7.644529 -2.120729 -26.941209 -10.499569 17.517178 -1.622083 0.000001 -0.000002 19.343304 -8.696034 -45.288144 6.203391 7.125020 -0.000002 0.000000 46.210548 -70.689819 -30.321750
8.365537 17.798039 -27.882377 -16.846491 -86.157736 23.055959 0.000000 0.000000 0.000000 -2.966951 -9.384311 10.164627 0.032281 -1.074168 -3.415369 0.287137 -4.755509 -30.914696 4.869921 13.235792 40.257660 0.000000 0.000000 0.000000 13.314301 13.751261 13.334542 -0.025493 0.997204 -2.920595 -0.098685 -19.762104 -37.176010 -0.086449 -1.896425 5.219505 1.784162 0.978076 -7.580132 -0.566390 1.042386 -5.117136 -1.514278 0.405499 -0.992600 -1.121279 -0.560770 -0.752290 3.854628 -0.810713 1.555940 1.370345 -0.389336 0.625678 0.000000 0.000000 0.000000 2.036778 -1.081823 -12.626536 10.849321 -18.056922 -1.728928 -0.000002 0.000001 -9.683230 9.692213 -5.384764 -0.917992 -7.125020 0.000002 0.000000 -12.615172 24.515774 6.393040 0.000000 0.000000 0.000000 7.677291 -2.093913 -26.997870 -10.517566 17.545046 -1.627505 0.000001 -0.000002 19.386405 -8.705748 -45.280505 6.209554 7.125020 -0.000002 0.000000 46.184360 -70.688176 -30.300758
8.368543 17.796482 -27.886115 -16.871354 -86.202487 23.087958 0.000000 0.000000 0.000000 -2.960266 -9.406866 10.152852 0.031828 -1.065686 -3.393902 0.273580 -4.809048 -30.980587 4.901695 13.272226 40.396250 0.000000 0.000000 0.000000 13.292261 13.713733 13.265731 -0.024937 0.986416 -2.888182 -0.078848 -19.757780 -37.040719 -0.084596 -1.876041 5.163207 1.727833 0.985512 -7.577842 -0.560960 1.055637 -5.116212 -1.476214 0.413563 -0.993357 -1.127559 -0.455647 -0.760018 3.877931 -0.671238 1.573842 1.379806 -0.319284 0.629055 0.000000 0.000000 0.000000 2.002785 -1.208055 -13.319043 10.785060 -17.958043 -1.709062 -0.000002 0.000001 -8.933755 9.478597 -5.421033 -0.903379 -7.125020 0.000002 0.000000 -12.768682 24.483095 6.484579 0.000000 0.000000 0.000000 7.695804 -2.041587 -27.033865 -10.534835 17.571777 -1.632714 0.000001 -0.000002 19.409945 -8.712485 -45.259186 6.212123 7.125020 -0.000002 0.000000 46.130531 -70.676656 -30.249940
8.371594 17.795201 -27.889327 -16.639815 -86.242137 22.859011 0.000000 0.000000 0.000000 -2.974074 -9.419920 10.138032 0.031320 -1.056571 -3.368367 0.266637 -4.846948 -31.031415 4.922353 13.295816 40.486155 0.000000 0.000000 0.000000 13.250203 13.649446 13.198965 -0.024510 0.978316 -2.862380 -0.062203 -19.753100 -36.880205 -0.082173 -1.849054 5.088686 1.656816 0.982836 -7.574592 -0.552832 1.056556 -5.109690 -1.427927 0.416028 -0.989590 -1.111184 -0.331104 -0.761851 3.868444 -0.504971 1.577852 1.375085 -0.236064 0.626145 0.000000 0.000000 0.000000 1.971853 -1.268004 -13.812486 10.743518 -17.894051 -1.696276 -0.000002 0.000001 -8.386444 9.306301 -5.454698 -0.892195 -7.125020 0.000002 0.000000 -12.892039 24.452415 6.559663 0.000000 0.000000 0.000000 7.696454 -1.968260 -27.060858 -10.548663 17.593174 -1.636892 0.000001 -0.000002 19.426512 -8.707600 -45.227164 6.205208 7.125020 -0.000002 0.000000 46.063955 -70.654224 -30.179424
8.374592 17.794357 -27.891842 -16.318619 -86.273078 22.530460 0.000000 0.000000 0.000000 -2.997943 -9.468077 10.148180 0.030886 -1.048576 -3.346776 0.262796 -4.864146 -31.115898 4.929862 13.304372 40.518797 0.000000 0.000000 0.000000 13.201924 13.556318 13.140038 -0.024214 0.972981 -2.843512 -0.050778 -19.743163 -36.703856 -0.078216 -1.804087 4.964534 1.583689 0.974966 -7.571232 -0.539368 1.051082 -5.093773 -1.373314 0.415746 -0.976532 -1.068473 -0.191617 -0.756581 3.819126 -0.317797 1.567817 1.353335 -0.142647 0.616922 0.000000 0.000000 0.000000 1.950160 -1.249134 -13.987780 10.736622 -17.883424 -1.694158 -0.000002 0.000000 -8.165945 9.183097 -5.469285 -0.882569 -7.125020 0.000002 0.000000 -12.981057 24.439838 6.611043 0.000000 0.000000 0.000000 7.675587 -1.887176 -27.081960 -10.558635 17.608599 -1.639907 0.000001 -0.000002 19.439215 -8.683737 -45.195922 6.184759 7.125020 -0.000002 0.000000 46.017194 -70.625816 -30.118030
8.377492 17.793882 -27.893737 -16.142195 -86.295784 22.337796 0.000000 0.000000 0.000000 -3.016205 -9.552856 10.186154 0.030565 -1.042370 -3.331486 0.261703 -4.855349 -31.239638 4.924126 13.297838 40.493865 0.000000 0.000000 0.000000 13.162455 13.435327 13.084332 -0.023998 0.969346 -2.828843 -0.046238 -19.717510 -36.521769 -0.072204 -1.733520 4.769766 1.521842 0.969574 -7.571084 -0.518327 1.048546 -5.068442 -1.316903 0.417106 -0.951821 -0.999770 -0.041721 -0.750701 3.731027 -0.116142 1.553826 1.315046 -0.042077 0.605947 0.000000 0.000000 0.000000 1.946557 -1.156117 -13.775027 10.768915 -17.933179 -1.704088 -0.000002 0.000000 -8.341585 9.110400 -5.447836 -0.872015 -7.125020 0.000002 0.000000 -13.036297 24.462055 6.633735 0.000000 0.000000 0.000000 7.635567 -1.815666 -27.098636 -10.565859 17.619772 -1.642093 0.000001 -0.000002 19.449346 -8.642294 -45.176327 6.152944 7.125020 -0.000002 0.000000 46.012972 -70.598990 -30.089669
8.380306 17.793573 -27.895207 -16.328845 -86.312786 22.504348 0.000000 0.000000 0.000000 -3.012966 -9.637563 10.233411 0.030328 -1.037741 -3.320175 0.265078 -4.819408 -31.366118 4.907214 13.278537 40.420285 0.000000 0.000000 0.000000 13.143513 13.286668 13.020777 -0.023793 0.965998 -2.814613 -0.048079 -19.667657 -36.334226 -0.064212 -1.634956 4.497839 1.485837 0.974114 -7.575517 -0.491170 1.057800 -5.037680 -1.267783 0.424037 -0.918252 -0.905144 0.114726 -0.756534 3.615111 0.093976 1.554091 1.263884 0.062968 0.601314 0.000000 0.000000 0.000000 1.969348 -1.014754 -13.207355 10.834246 -18.033736 -1.724258 -0.000002 0.000000 -8.879022 9.088173 -5.383997 -0.859591 -7.125020 0.000002 0.000000 -13.058449 24.525343 6.626026 0.000000 0.000000 0.000000 7.587362 -1.767915 -27.114871 -10.571402 17.628343 -1.643771 0.000001 -0.000002 19.461208 -8.594891 -45.171595 6.118441 7.125020 -0.000002 0.000000 46.047279 -70.579813 -30.097021
8.383111 17.793294 -27.896415 -16.980427 -86.325540 23.136102 0.000000 0.000000 0.000000 -2.978731 -9.676516 10.266116 0.030112 -1.033957 -3.308623 0.273859 -4.765199 -31.445345 4.884497 13.252530 40.321285 0.000000 0.000000 0.000000 13.149978 13.110906 12.941354 -0.023556 0.962013 -2.798348 -0.052635 -19.596273 -36.131327 -0.054794 -1.510512 4.154697 1.487738 0.992382 -7.581198 -0.463544 1.083038 -5.006873 -1.238345 0.438100 -0.882790 -0.782276 0.275948 -0.787834 3.486929 0.309127 1.588480 1.204596 0.171142 0.611789 0.000000 0.000000 0.000000 2.015772 -0.875986 -12.483426 10.912291 -18.153682 -1.748496 -0.000002 0.000000 -9.582178 9.108323 -5.294674 -0.847198 -7.125020 0.000002 0.000000 -13.051964 24.613174 6.595342 0.000000 0.000000 0.000000 7.545369 -1.750869 -27.128291 -10.575952 17.635378 -1.645149 0.000001 -0.000002 19.472969 -8.557818 -45.178526 6.092589 7.125020 -0.000002 0.000000 46.097566 -70.571738 -30.126632
8.385990 17.793045 -27.897468 -18.029476 -86.334274 24.167087 0.000000 0.000000 0.000000 -2.915948 -9.642021 10.268771 0.029850 -1.029976 -3.292654 0.287685 -4.704351 -31.447562 4.859809 13.224160 40.213477 0.000000 0.000000 0.000000 13.178293 12.914541 12.846578 -0.023275 0.957122 -2.779408 -0.054667 -19.517565 -35.903971 -0.044695 -1.364432 3.752135 1.529446 1.023564 -7.583170 -0.442354 1.123031 -4.979761 -1.236948 0.458432 -0.851906 -0.629772 0.441717 -0.851914 3.358827 0.528291 1.668196 1.141002 0.282131 0.642245 0.000000 0.000000 0.000000 2.069658 -0.801111 -11.907322 10.974159 -18.248628 -1.767821 -0.000002 0.000001 -10.151415 9.151771 -5.214244 -0.838427 -7.125020 0.000002 0.000000 -13.027638 24.691936 6.557921 0.000000 0.000000 0.000000 7.518875 -1.766868 -27.115347 -10.581274 17.643608 -1.646761 0.000001 -0.000002 19.460933 -8.544619 -45.194479 6.084817 7.125020 -0.000002 0.000000 46.145230 -70.577634 -30.167456
8.388972 17.792901 -27.898508 -19.254826 -86.340320 25.376086 0.000000 0.000000 0.000000 -2.839916 -9.533639 10.238649 0.029480 -1.024691 -3.269110 0.305882 -4.638913 -31.376667 4.829404 13.189067 40.080395 0.000000 0.000000 0.000000 13.217297 12.713706 12.745160 -0.022967 0.951579 -2.758747 -0.050983 -19.447100 -35.656551 -0.034962 -1.206929 3.318355 1.597079 1.063502 -7.578939 -0.432367 1.173113 -4.957145 -1.261067 0.482935 -0.828082 -0.454526 0.610846 -0.943331 3.239352 0.749872 1.788102 1.076941 0.395036 0.690283 0.000000 0.000000 0.000000 2.113297 -0.828518 -11.710040 10.998318 -18.285669 -1.775393 -0.000002 0.000001 -10.356295 9.196160 -5.172221 -0.835864 -7.125020 0.000002 0.000000 -12.999041 24.732818 6.530008 0.000000 0.000000 0.000000 7.508081 -1.816436 -27.037057 -10.590531 17.657919 -1.649568 0.000001 -0.000002 19.384494 -8.561433 -45.220782 6.099671 7.125020 -0.000002 0.000000 46.187537 -70.600435 -30.220266
8.392041 17.792949 -27.899723 -20.386164 -86.347890 26.491750 0.000000 0.000000 0.000000 -2.770972 -9.376340 10.186140 0.028998 -1.017700 -3.238203 0.326955 -4.568280 -31.264149 4.788208 13.141244 39.899519 0.000000 0.000000 0.000000 13.253048 12.530442 12.650193 -0.022661 0.945976 -2.738365 -0.042369 -19.391496 -35.408654 -0.026824 -1.057287 2.906449 1.666297 1.106785 -7.568232 -0.434700 1.227618 -4.937605 -1.298578 0.509355 -0.810562 -0.274473 0.780327 -1.046056 3.137775 0.970470 1.929459 1.018159 0.507824 0.747460 0.000000 0.000000 0.000000 2.138639 -0.957950 -11.950332 10.979539 -18.256879 -1.769506 -0.000002 0.000001 -10.132158 9.223506 -5.180486 -0.839781 -7.125020 0.000002 0.000000 -12.978207 24.724302 6.521576 0.000000 0.000000 0.000000 7.507799 -1.894214 -26.875156 -10.605589 17.681195 -1.654139 0.000001 -0.000002 19.222512 -8.605041 -45.255677 6.134671 7.125020 -0.000002 0.000000 46.223842 -70.637894 -30.282505
8.395183 17.793270 -27.901219 -21.267869 -86.362258 27.356256 0.000000 0.000000 0.000000 -2.720932 -9.212889 10.132508 0.028485 -1.010042 -3.205614 0.347608 -4.505454 -31.155343 4.742144 13.087394 39.696499 0.000000 0.000000 0.000000 13.277752 12.384814 12.573967 -0.022381 0.940725 -2.719810 -0.031878 -19.347878 -35.186214 -0.020960 -0.934682 2.569108 1.717894 1.148585 -7.550576 -0.446640 1.281369 -4.919092 -1.336265 0.535631 -0.798044 -0.109581 0.947490 -1.143492 3.061886 1.187353 2.072070 0.970237 0.618787 0.804694 0.000000 0.000000 0.000000 2.148766 -1.158090 -12.537695 10.926511 -18.175517 -1.752929 -0.000002 0.000001 -9.561758 9.228553 -5.233475 -0.848841 -7.125020 0.000002 0.000000 -12.969543 24.671922 6.533186 0.000000 0.000000 0.000000 7.513661 -1.983823 -26.660311 -10.624683 17.710697 -1.659943 0.000001 -0.000002 19.003565 -8.663709 -45.286495 6.180069 7.125020 -0.000002 0.000000 46.237193 -70.677814 -30.330092
8.398400 17.793944 -27.902936 -21.936336 -86.385807 28.003628 0.000000 0.000000 0.000000 -2.686709 -9.085498 10.100234 0.028078 -1.003744 -3.179966 0.363917 -4.473479 -31.089102 4.707652 13.046808 39.543939 0.000000 0.000000 0.000000 13.294983 12.289973 12.523860 -0.022121 0.935628 -2.702854 -0.022154 -19.310469 -35.011726 -0.017287 -0.848901 2.333154 1.747787 1.185375 -7.525215 -0.461907 1.329983 -4.900245 -1.365683 0.559776 -0.789898 0.029419 1.112412 -1.226204 3.011574 1.401322 2.203349 0.934793 0.728111 0.856360 0.000000 0.000000 0.000000 2.152770 -1.378284 -13.283506 10.857426 -18.069382 -1.731440 -0.000002 0.000001 -8.831588 9.226258 -5.310418 -0.861107 -7.125020 0.000002 0.000000 -12.964074 24.595975 6.553725 0.000000 0.000000 0.000000 7.523147 -2.061639 -26.453430 -10.643763 17.740167 -1.665752 0.000001 -0.000002 18.789652 -8.721748 -45.295793 6.222742 7.125020 -0.000002 0.000000 46.203339 -70.703589 -30.329288
8.401687 17.795026 -27.904738 -22.539628 -86.416757 28.580998 0.000000 0.000000 0.000000 -2.656995 -9.014201 10.100452 0.027870 -1.000380 -3.167090 0.373679 -4.486011 -31.078477 4.698775 13.036327 39.504602 0.000000 0.000000 0.000000 13.315061 12.250339 12.501037 -0.021854 0.930117 -2.686064 -0.014392 -19.275868 -34.897266 -0.015503 -0.803916 2.209435 1.762476 1.215005 -7.492753 -0.472293 1.370182 -4.880775 -1.382248 0.580113 -0.785681 0.140055 1.278197 -1.290185 2.982167 1.617047 2.315756 0.910651 0.837999 0.899208 0.000000 0.000000 0.000000 2.158251 -1.566173 -13.973535 10.793042 -17.970331 -1.711523 -0.000002 0.000001 -8.160391 9.242100 -5.384135 -0.874623 -7.125020 0.000002 0.000000 -12.945669 24.522952 6.566390 0.000000 0.000000 0.000000 7.531912 -2.108591 -26.299082 -10.659640 17.764681 -1.670593 0.000001 -0.000002 18.629347 -8.766165 -45.276108 6.252533 7.125020 -0.000002 0.000000 46.117634 -70.705961 -30.267898
8.404998 17.796514 -27.906512 -23.210917 -86.451404 29.222228 0.000000 0.000000 0.000000 -2.622561 -8.991955 10.129774 0.027862 -1.000143 -3.166989 0.377216 -4.537604 -31.109973 4.718132 13.059164 39.590342 0.000000 0.000000 0.000000 13.346044 12.259164 12.501156 -0.021568 0.923950 -2.668623 -0.008423 -19.243860 -34.839188 -0.015367 -0.800396 2.199753 1.770204 1.237308 -7.455352 -0.471402 1.401166 -4.861042 -1.384029 0.596128 -0.784615 0.221394 1.448859 -1.332885 2.972706 1.840248 2.402640 0.897521 0.951217 0.930460 0.000000 0.000000 0.000000 2.168496 -1.689804 -14.453988 10.747393 -17.900023 -1.697466 -0.000002 0.000001 -7.705086 9.288676 -5.435025 -0.887455 -7.125020 0.000002 0.000000 -12.906884 24.472028 6.561298 0.000000 0.000000 0.000000 7.533246 -2.120130 -26.199522 -10.671313 17.782700 -1.674157 0.000001 -0.000002 18.528786 -8.792585 -45.235412 6.267132 7.125020 -0.000002 0.000000 46.002097 -70.688550 -30.165794
8.408259 17.798335 -27.908166 -24.000573 -86.487017 29.979525 0.000000 0.000000 0.000000 -2.581137 -8.998398 10.176808 0.027992 -1.002083 -3.175422 0.376411 -4.611392 -31.160180 4.758928 13.107061 39.770567 0.000000 0.000000 0.000000 13.388192 12.298640 12.515431 -0.021276 0.917471 -2.651114 -0.002896 -19.216254 -34.817739 -0.016396 -0.826747 2.272222 1.776854 1.254746 -7.416010 -0.458490 1.425754 -4.841576 -1.373320 0.609102 -0.785419 0.275480 1.625739 -1.354592 2.983820 2.072776 2.461968 0.895154 1.068688 0.949359 0.000000 0.000000 0.000000 2.185955 -1.746844 -14.670522 10.724280 -17.864401 -1.690369 -0.000002 0.000001 -7.513891 9.352433 -5.455423 -0.897044 -7.125020 0.000002 0.000000 -12.858323 24.450969 6.541755 0.000000 0.000000 0.000000 7.523057 -2.106636 -26.128451 -10.678733 17.794152 -1.676423 0.000001 -0.000002 18.462532 -8.806542 -45.188921 6.272147 7.125020 -0.000002 0.000000 45.885649 -70.663065 -30.055559
8.411426 17.800391 -27.909615 -24.864347 -86.523096 30.811653 0.000000 0.000000 0.000000 -2.537101 -9.012752 10.227930 0.028172 -1.004840 -3.186865 0.373641 -4.690853 -31.208837 4.811114 13.167873 40.000170 0.000000 0.000000 0.000000 13.433969 12.347492 12.532752 -0.021000 0.911227 -2.634592 0.003956 -19.195537 -34.806490 -0.017595 -0.856423 2.353839 1.784225 1.271474 -7.378559 -0.438752 1.449256 -4.822792 -1.356052 0.621581 -0.786079 0.311219 1.805488 -1.360358 3.009736 2.309914 2.499939 0.900279 1.188151 0.958769 0.000000 0.000000 0.000000 2.214381 -1.755974 -14.648252 10.720961 -17.859284 -1.689352 -0.000002 0.000001 -7.548896 9.400640 -5.443162 -0.899808 -7.125020 0.000002 0.000000 -12.824161 24.462381 6.519910 0.000000 0.000000 0.000000 7.503670 -2.084900 -26.063626 -10.681066 17.797752 -1.677136 0.000001 -0.000002 18.405310 -8.818284 -45.148081 6.276168 7.125020 -0.000002 0.000000 45.784073 -70.640437 -29.959156
8.414542 17.802588 -27.910830 -25.691374 -86.559969 31.611220 0.000000 0.000000 0.000000 -2.498223 -9.017248 10.269560 0.028321 -1.007158 -3.196245 0.371490 -4.763107 -31.240995 4.863769 13.228718 40.230786 0.000000 0.000000 0.000000 13.472912 12.390688 12.543813 -0.020751 0.905549 -2.619587 0.012699 -19.182877 -34.786976 -0.017884 -0.863433 2.373119 1.789121 1.290725 -7.347085 -0.419016 1.476066 -4.804598 -1.337080 0.635757 -0.784016 0.339497 1.982574 -1.359643 3.038287 2.543917 2.529587 0.907474 1.305888 0.964609 0.000000 0.000000 0.000000 2.255501 -1.741670 -14.452181 10.732615 -17.877251 -1.692928 -0.000002 0.000001 -7.736328 9.401254 -5.398386 -0.892636 -7.125020 0.000002 0.000000 -12.827887 24.506556 6.508202 0.000000 0.000000 0.000000 7.481545 -2.068636 -26.003976 -10.677220 17.791817 -1.675961 0.000001 -0.000002 18.349854 -8.835836 -45.117095 6.285412 7.125020 -0.000002 0.000000 45.698957 -70.626167 -29.882854
8.417740 17.804857 -27.911874 -26.371153 -86.595478 32.269935 0.000000 0.000000 0.000000 -2.469984 -9.000188 10.291211 0.028380 -1.008130 -3.199799 0.372484 -4.817770 -31.247651 4.905915 13.277052 40.414630 0.000000 0.000000 0.000000 13.498766 12.421474 12.544222 -0.020532 0.900569 -2.606212 0.021793 -19.176694 -34.755527 -0.016898 -0.839300 2.306746 1.786190 1.312574 -7.323918 -0.402497 1.506559 -4.786328 -1.316634 0.651919 -0.777292 0.365212 2.154174 -1.367641 3.057572 2.770526 2.570871 0.912692 1.420005 0.975909 0.000000 0.000000 0.000000 2.304832 -1.723743 -14.159171 10.753859 -17.909990 -1.699455 -0.000002 0.000001 -8.002614 9.343458 -5.328010 -0.875686 -7.125020 0.000002 0.000000 -12.876833 24.576781 6.512526 0.000000 0.000000 0.000000 7.462120 -2.065263 -25.957310 -10.668589 17.778497 -1.673324 0.000001 -0.000002 18.296336 -8.861669 -45.097630 6.301833 7.125020 -0.000002 0.000000 45.631485 -70.622217 -29.829293
8.421183 17.807161 -27.912843 -26.861605 -86.624001 32.745591 0.000000 0.000000 0.000000 -2.451364 -8.962844 10.290295 0.028330 -1.007459 -3.196313 0.377827 -4.849554 -31.229808 4.930854 13.305501 40.523108 0.000000 0.000000 0.000000 13.512791 12.435037 12.533156 -0.020344 0.896352 -2.594451 0.028231 -19.172327 -34.716170 -0.015151 -0.794744 2.184210 1.773667 1.334381 -7.308249 -0.387620 1.537374 -4.767257 -1.292329 0.668463 -0.765807 0.387120 2.321439 -1.405333 3.059377 2.990555 2.650370 0.914327 1.531254 1.004648 0.000000 0.000000 0.000000 2.352085 -1.715811 -13.848097 10.778346 -17.947708 -1.706993 -0.000002 0.000001 -8.283304 9.245250 -5.248265 -0.853459 -7.125020 0.000002 0.000000 -12.956335 24.656764 6.529996 0.000000 0.000000 0.000000 7.447151 -2.077801 -25.920386 -10.660236 17.765602 -1.670775 0.000001 -0.000002 18.235177 -8.892788 -45.093961 6.323755 7.125020 -0.000002 0.000000 45.593841 -70.630398 -29.809110
8.424926 17.809480 -27.913716 -27.219064 -86.640505 33.091912 0.000000 0.000000 0.000000 -2.436233 -8.925393 10.277696 0.028223 -1.005927 -3.189196 0.386105 -4.860899 -31.206208 4.940128 13.316051 40.563386 0.000000 0.000000 0.000000 13.520757 12.422466 12.510217 -0.020181 0.892819 -2.583802 0.028716 -19.161287 -34.668142 -0.013462 -0.749142 2.058811 1.757693 1.353825 -7.296544 -0.371458 1.565176 -4.746898 -1.264885 0.683637 -0.751045 0.404266 2.484871 -1.489629 3.038780 3.204074 2.789112 0.911560 1.639949 1.060378 0.000000 0.000000 0.000000 2.386840 -1.726759 -13.588062 10.799663 -17.980529 -1.713568 -0.000002 0.000002 -8.526102 9.144454 -5.178188 -0.832677 -7.125020 0.000002 0.000000 -13.036867 24.727217 6.550873 0.000000 0.000000 0.000000 7.436251 -2.105708 -25.881055 -10.658072 17.762262 -1.670115 0.000001 -0.000002 18.152326 -8.921635 -45.112468 6.346462 7.125020 -0.000002 0.000000 45.607316 -70.652325 -29.839532
8.428821 17.811782 -27.914273 -27.590080 -86.644568 33.450648 0.000000 0.000000 0.000000 -2.417067 -8.919466 10.276681 0.028185 -1.005480 -3.186455 0.394087 -4.858480 -31.211313 4.940925 13.316957 40.566846 0.000000 0.000000 0.000000 13.529498 12.372770 12.475325 -0.020023 0.889601 -2.572937 0.021131 -19.132174 -34.601621 -0.012419 -0.719553 1.977452 1.753105 1.371463 -7.283903 -0.353618 1.589994 -4.724750 -1.242297 0.697158 -0.734820 0.420620 2.638772 -1.615365 2.996580 3.403694 2.978955 0.903585 1.742280 1.139818 0.000000 0.000000 0.000000 2.405947 -1.758072 -13.409687 10.814699 -18.003669 -1.718212 -0.000002 0.000002 -8.709339 9.082358 -5.128511 -0.818854 -7.125020 0.000002 0.000000 -13.087079 24.777038 6.562069 0.000000 0.000000 0.000000 7.430853 -2.143886 -25.837629 -10.664934 17.772853 -1.672209 0.000001 -0.000002 18.050291 -8.937617 -45.157000 6.362778 7.125020 -0.000002 0.000000 45.690745 -70.686870 -29.933525
8.432605 17.814031 -27.914207 -28.152996 -86.639088 33.995117 0.000000 0.000000 0.000000 -2.387096 -8.959859 10.306194 0.028332 -1.007962 -3.195090 0.399572 -4.847026 -31.266183 4.939619 13.315472 40.561176 0.000000 0.000000 0.000000 13.546273 12.282057 12.430749 -0.019843 0.886060 -2.560085 0.006367 -19.076462 -34.506065 -0.012306 -0.716274 1.968436 1.778263 1.390086 -7.265784 -0.336688 1.614622 -4.700465 -1.237423 0.710014 -0.718633 0.442708 2.771857 -1.748131 2.943240 3.575639 3.171892 0.890965 1.830747 1.222102 0.000000 0.000000 0.000000 2.416211 -1.801119 -13.288165 10.825702 -18.020596 -1.721614 -0.000002 0.000002 -8.854446 9.086419 -5.096147 -0.813913 -7.125020 0.000002 0.000000 -13.087063 24.808954 6.552309 0.000000 0.000000 0.000000 7.436096 -2.184315 -25.804769 -10.679968 17.796054 -1.676801 0.000001 -0.000002 17.952735 -8.931135 -45.224617 6.365475 7.125020 -0.000002 0.000000 45.847177 -70.728732 -30.088627
8.436133 17.816184 -27.913429 -29.007536 -86.627268 34.823852 0.000000 0.000000 0.000000 -2.342431 -9.021955 10.360608 0.028649 -1.013285 -3.213845 0.403800 -4.828913 -31.347419 4.939328 13.315141 40.559913 0.000000 0.000000 0.000000 13.576654 12.162978 12.380998 -0.019612 0.881448 -2.543700 -0.011257 -18.995843 -34.383766 -0.013215 -0.742230 2.039805 1.842877 1.411792 -7.239921 -0.323660 1.641347 -4.675111 -1.258693 0.723080 -0.704411 0.473084 2.875212 -1.843807 2.895636 3.709538 3.306381 0.876610 1.899457 1.280171 0.000000 0.000000 0.000000 2.429282 -1.841088 -13.166323 10.837775 -18.039167 -1.725350 -0.000002 0.000002 -9.005133 9.156111 -5.068774 -0.815754 -7.125020 0.000002 0.000000 -13.038351 24.835161 6.518673 0.000000 0.000000 0.000000 7.457822 -2.220536 -25.797177 -10.701453 17.829199 -1.683373 0.000001 -0.000002 17.884795 -8.898492 -45.304994 6.350725 7.125020 -0.000002 0.000000 46.057514 -70.769786 -30.283355
8.439538 17.818187 -27.912306 -30.085871 -86.613587 35.874840 0.000000 0.000000 0.000000 -2.285525 -9.046574 10.405042 0.028960 -1.018805 -3.231078 0.411953 -4.806476 -31.387138 4.940895 13.316923 40.566716 0.000000 0.000000 0.000000 13.619311 12.046386 12.329800 -0.019309 0.875083 -2.522785 -0.026574 -18.903270 -34.256781 -0.015103 -0.793470 2.180706 1.936796 1.436321 -7.207887 -0.316051 1.670295 -4.652336 -1.301985 0.736489 -0.695249 0.508101 2.949477 -1.879637 2.866451 3.806917 3.352524 0.864229 1.948878 1.300382 0.000000 0.000000 0.000000 2.454172 -1.865581 -12.996666 10.854346 -18.064648 -1.730485 -0.000002 0.000001 -9.190962 9.262129 -5.034838 -0.819794 -7.125020 0.000002 0.000000 -12.963563 24.867453 6.469461 0.000000 0.000000 0.000000 7.498333 -2.251302 -25.811794 -10.729560 17.872538 -1.691989 0.000001 -0.000002 17.852057 -8.841928 -45.384957 6.318653 7.125020 -0.000002 0.000000 46.290192 -70.802169 -30.487025
8.443126 17.819967 -27.911514 -31.173763 -86.606349 36.944902 0.000000 0.000000 0.000000 -2.227571 -8.954907 10.386609 0.028972 -1.020203 -3.228382 0.432178 -4.776044 -31.293884 4.939519 13.315358 40.560738 0.000000 0.000000 0.000000 13.663027 11.968725 12.277100 -0.018923 0.866513 -2.496846 -0.037111 -18.815292 -34.157565 -0.017847 -0.862508 2.370577 2.032326 1.462187 -7.175342 -0.314705 1.700772 -4.637229 -1.352635 0.750285 -0.693983 0.541927 3.003331 -1.865051 2.856854 3.878877 3.328849 0.855804 1.984782 1.289946 0.000000 0.000000 0.000000 2.494857 -1.869627 -12.756487 10.875704 -18.097478 -1.737114 -0.000002 0.000001 -9.421256 9.364907 -4.990098 -0.821709 -7.125020 0.000002 0.000000 -12.892184 24.910505 6.418764 0.000000 0.000000 0.000000 7.555524 -2.280811 -25.828046 -10.765922 17.928568 -1.703165 0.000001 -0.000002 17.838626 -8.764409 -45.454541 6.270277 7.125020 -0.000002 0.000000 46.519683 -70.820471 -30.675483
8.447112 17.821498 -27.911569 -32.037713 -86.615174 37.810427 0.000000 0.000000 0.000000 -2.185656 -8.670302 10.256253 0.028408 -1.013294 -3.188186 0.473527 -4.721273 -30.985699 4.920859 13.294112 40.479654 0.000000 0.000000 0.000000 13.691614 11.951351 12.219093 -0.018454 0.855671 -2.465890 -0.043504 -18.743865 -34.107311 -0.021238 -0.940852 2.586082 2.101382 1.488251 -7.149853 -0.320704 1.732506 -4.633128 -1.395909 0.764780 -0.700592 0.570050 3.046394 -1.826314 2.858840 3.937254 3.278085 0.850938 2.013528 1.266782 0.000000 0.000000 0.000000 2.552529 -1.852334 -12.427835 10.901583 -18.137239 -1.745162 -0.000002 0.000001 -9.714816 9.439731 -4.935563 -0.819406 -7.125020 0.000002 0.000000 -12.842287 24.963589 6.376311 0.000000 0.000000 0.000000 7.623899 -2.313652 -25.826110 -10.809686 17.995949 -1.716662 0.000001 -0.000002 17.824310 -8.668007 -45.508599 6.206534 7.125020 -0.000002 0.000000 46.731957 -70.822173 -30.835694
8.451531 17.822896 -27.912481 -32.531557 -86.643877 38.327779 0.000000 0.000000 0.000000 -2.175448 -8.160071 9.995474 0.027159 -0.995956 -3.102842 0.542295 -4.622048 -30.436397 4.867951 13.233528 40.249053 0.000000 0.000000 0.000000 13.693692 11.990994 12.152960 -0.017927 0.843114 -2.431118 -0.047215 -18.695380 -34.104725 -0.024911 -1.018922 2.800876 2.131476 1.513158 -7.135842 -0.334229 1.764227 -4.639476 -1.424970 0.779620 -0.712443 0.589309 3.084772 -1.786661 2.862729 3.989436 3.235144 0.848230 2.039157 1.245914 0.000000 0.000000 0.000000 2.626030 -1.812662 -11.991687 10.933031 -18.185526 -1.754964 -0.000002 0.000001 -10.106252 9.485910 -4.871962 -0.812947 -7.125020 0.000002 0.000000 -12.814314 25.025969 6.342554 0.000000 0.000000 0.000000 7.695203 -2.347524 -25.805568 -10.854177 18.064386 -1.730433 0.000001 -0.000002 17.803957 -8.558987 -45.544816 6.131720 7.125020 -0.000002 0.000000 46.915563 -70.808043 -30.959606
8.456403 17.824470 -27.913878 -32.569977 -86.686290 38.404800 0.000000 0.000000 0.000000 -2.205414 -7.481780 9.635308 0.025376 -0.969356 -2.980937 0.635501 -4.474691 -29.713825 4.776632 13.127749 39.848573 0.000000 0.000000 0.000000 13.667292 12.068977 12.084023 -0.017404 0.830384 -2.396274 -0.049961 -18.673449 -34.138551 -0.028546 -1.090684 2.998359 2.125233 1.533463 -7.128810 -0.353624 1.791435 -4.652673 -1.439942 0.792647 -0.728475 0.597816 3.120798 -1.757010 2.862948 4.038275 3.213779 0.846698 2.063224 1.233559 0.000000 0.000000 0.000000 2.709003 -1.753124 -11.461188 10.970443 -18.242930 -1.766657 -0.000002 0.000001 -10.601375 9.514906 -4.799670 -0.803440 -7.125020 0.000002 0.000000 -12.799810 25.097128 6.313198 0.000000 0.000000 0.000000 7.760937 -2.372608 -25.787688 -10.889352 18.118447 -1.741356 0.000001 -0.000002 17.792185 -8.449702 -45.562883 6.054768 7.125020 -0.000002 0.000000 47.058150 -70.782207 -31.041716
8.461863 17.826617 -27.915340 -32.068956 -86.729067 37.944307 0.000000 0.000000 0.000000 -2.273698 -6.791268 9.254460 0.023449 -0.938439 -2.847529 0.735788 -4.303916 -28.977948 4.664407 12.995603 39.352005 0.000000 0.000000 0.000000 13.617588 12.166217 12.027415 -0.016977 0.819838 -2.367533 -0.054539 -18.679311 -34.204594 -0.032271 -1.159598 3.188049 2.090480 1.544051 -7.115004 -0.376211 1.807468 -4.668471 -1.443177 0.800535 -0.752056 0.596540 3.153862 -1.735991 2.858631 4.083077 3.209676 0.845772 2.085338 1.228131 0.000000 0.000000 0.000000 2.789080 -1.685751 -10.905812 11.011037 -18.305164 -1.779386 -0.000002 0.000001 -11.140029 9.533447 -4.722828 -0.792211 -7.125020 0.000002 0.000000 -12.793461 25.172894 6.286688 0.000000 0.000000 0.000000 7.816761 -2.379860 -25.800360 -10.908322 18.147588 -1.747260 0.000001 -0.000002 17.810953 -8.353366 -45.564803 5.985471 7.125020 -0.000002 0.000000 47.152035 -70.750519 -31.081746
8.467975 17.829588 -27.916557 -31.046218 -86.758899 36.951373 0.000000 0.000000 0.000000 -2.365583 -6.263210 8.941553 0.021809 -0.910109 -2.732410 0.819275 -4.150049 -28.402430 4.559905 12.870358 38.885088 0.000000 0.000000 0.000000 13.555490 12.269833 11.998608 -0.016718 0.813348 -2.349998 -0.063348 -18.709340 -34.303239 -0.036433 -1.232025 3.387454 2.038454 1.542587 -7.080770 -0.399118 1.809119 -4.683680 -1.438526 0.801576 -0.787356 0.590905 3.181326 -1.715164 2.849382 4.120591 3.210528 0.843994 2.103746 1.224426 0.000000 0.000000 0.000000 2.852977 -1.629265 -10.420346 11.049711 -18.364405 -1.791551 -0.000002 0.000001 -11.622692 9.538165 -4.649138 -0.780316 -7.125020 0.000002 0.000000 -12.797052 25.245678 6.266202 0.000000 0.000000 0.000000 7.864037 -2.369504 -25.857454 -10.910839 18.151454 -1.748044 0.000001 -0.000002 17.870648 -8.279172 -45.554469 5.930899 7.125020 -0.000002 0.000000 47.197632 -70.718612 -31.085369
8.474444 17.833311 -27.917293 -29.786321 -86.769378 35.704761 0.000000 0.000000 0.000000 -2.456121 -5.969717 8.739842 0.020655 -0.888771 -2.650939 0.873802 -4.040843 -28.061084 4.481874 12.775420 38.533502 0.000000 0.000000 0.000000 13.497557 12.369160 11.999517 -0.016614 0.810681 -2.343005 -0.076271 -18.751086 -34.423395 -0.040834 -1.304244 3.586342 1.989129 1.533595 -7.023911 -0.419232 1.801370 -4.696532 -1.433685 0.797945 -0.833116 0.589389 3.200032 -1.685610 2.831670 4.146852 3.205449 0.838447 2.116340 1.217743 0.000000 0.000000 0.000000 2.893971 -1.598469 -10.063769 11.082236 -18.414190 -1.801812 -0.000002 0.000001 -11.977679 9.525236 -4.585712 -0.768668 -7.125020 0.000002 0.000000 -12.812731 25.308485 6.254954 0.000000 0.000000 0.000000 7.906721 -2.350878 -25.949368 -10.901147 18.136569 -1.745026 0.000001 -0.000002 17.961038 -8.229888 -45.536591 5.893545 7.125020 -0.000002 0.000000 47.203125 -70.690417 -31.062494
8.480698 17.837427 -27.917346 -28.762447 -86.762985 34.679656 0.000000 0.000000 0.000000 -2.520365 -5.856918 8.633749 0.019917 -0.874305 -2.599015 0.905428 -3.978655 -27.906862 4.431827 12.713876 38.306640 0.000000 0.000000 0.000000 13.460596 12.449382 12.014619 -0.016562 0.809351 -2.339432 -0.091548 -18.783599 -34.536567 -0.044523 -1.361811 3.744915 1.967879 1.525943 -6.954447 -0.433028 1.794308 -4.706259 -1.438326 0.794231 -0.882007 0.598053 3.208409 -1.642337 2.800177 4.159984 3.188614 0.826263 2.122088 1.205622 0.000000 0.000000 0.000000 2.913112 -1.596578 -9.835234 11.106659 -18.451551 -1.809535 -0.000002 0.000001 -12.196101 9.501345 -4.538608 -0.758857 -7.125020 0.000002 0.000000 -12.834958 25.355262 6.251956 0.000000 0.000000 0.000000 7.946538 -2.333713 -26.052272 -10.884219 18.110562 -1.739760 0.000001 -0.000002 18.059188 -8.199242 -45.515560 5.869334 7.125020 -0.000002 0.000000 47.184270 -70.666571 -31.025554
8.486283 17.841508 -27.916600 -28.333724 -86.747378 34.241003 0.000000 0.000000 0.000000 -2.545466 -5.823194 8.581207 0.019417 -0.864167 -2.563860 0.928326 -3.946740 -27.845457 4.400588 12.675197 38.164485 0.000000 0.000000 0.000000 13.452460 12.493901 12.021806 -0.016440 0.806421 -2.330695 -0.107600 -18.788350 -34.609459 -0.046367 -1.389685 3.821709 1.991436 1.525832 -6.885575 -0.436981 1.794930 -4.712400 -1.457399 0.793638 -0.925617 0.614941 3.208330 -1.587070 2.751699 4.162647 3.160175 0.806862 2.122287 1.188397 0.000000 0.000000 0.000000 2.912983 -1.616079 -9.704987 11.121932 -18.474906 -1.814372 -0.000002 0.000001 -12.307170 9.480579 -4.515531 -0.753317 -7.125020 0.000002 0.000000 -12.852552 25.378267 6.253884 0.000000 0.000000 0.000000 7.980861 -2.319686 -26.145013 -10.864590 18.080395 -1.733663 0.000001 -0.000002 18.144230 -8.173203 -45.494963 5.848508 7.125020 -0.000002 0.000000 47.162173 -70.644568 -30.987949
8.491044 17.845249 -27.915096 -28.552346 -86.731782 34.446388 0.000000 0.000000 0.000000 -2.536600 -5.791651 8.547497 0.019022 -0.856176 -2.535461 0.952772 -3.921205 -27.804322 4.376119 12.644759 38.052838 0.000000 0.000000 0.000000 13.467510 12.495224 12.007101 -0.016194 0.800542 -2.312741 -0.123002 -18.761649 -34.621608 -0.045764 -1.380633 3.796771 2.057763 1.534013 -6.826307 -0.429469 1.804164 -4.714261 -1.487790 0.796718 -0.958298 0.629802 3.204689 -1.528485 2.689144 4.161316 3.126253 0.783224 2.120241 1.169157 0.000000 0.000000 0.000000 2.893928 -1.646077 -9.650294 11.126993 -18.482644 -1.815976 -0.000002 0.000001 -12.339019 9.472227 -4.524007 -0.754041 -7.125020 0.000002 0.000000 -12.857901 25.369979 6.259181 0.000000 0.000000 0.000000 8.006439 -2.304173 -26.218210 -10.847422 18.053999 -1.728339 0.000001 -0.000002 18.205230 -8.138718 -45.477659 5.821948 7.125020 -0.000002 0.000000 47.155374 -70.621785 -30.961029
8.495009 17.848555 -27.913036 -29.221786 -86.726749 35.101563 0.000000 0.000000 0.000000 -2.512178 -5.736574 8.521868 0.018713 -0.850117 -2.512389 0.979679 -3.886731 -27.759554 4.351284 12.613736 37.939250 0.000000 0.000000 0.000000 13.490116 12.460191 11.971041 -0.015854 0.792399 -2.287509 -0.136375 -18.713482 -34.571752 -0.043023 -1.338702 3.681254 2.148747 1.549358 -6.779949 -0.413137 1.821441 -4.710647 -1.522013 0.803602 -0.977402 0.630269 3.202251 -1.476433 2.623407 4.162011 3.093675 0.761175 2.119118 1.151229 0.000000 0.000000 0.000000 2.857127 -1.681442 -9.662550 11.121790 -18.474689 -1.814327 -0.000002 0.000001 -12.304454 9.474160 -4.563851 -0.760813 -7.125020 0.000002 0.000000 -12.852598 25.330595 6.268607 0.000000 0.000000 0.000000 8.024435 -2.285923 -26.272058 -10.837449 18.038663 -1.725249 0.000001 -0.000002 18.238342 -8.093145 -45.465012 5.787881 7.125020 -0.000002 0.000000 47.169378 -70.598201 -30.948879
8.498239 17.851527 -27.910738 -30.073436 -86.741973 35.935958 0.000000 0.000000 0.000000 -2.492373 -5.665780 8.511350 0.018535 -0.846905 -2.498218 1.004021 -3.844535 -27.718318 4.326835 12.583068 37.827159 0.000000 0.000000 0.000000 13.503709 12.402743 11.924901 -0.015488 0.783625 -2.259808 -0.147300 -18.656529 -34.471940 -0.039225 -1.278330 3.514970 2.241360 1.571814 -6.744631 -0.394041 1.847989 -4.699991 -1.553358 0.815407 -0.982729 0.610364 3.203116 -1.433993 2.568021 4.167161 3.062319 0.745982 2.120263 1.134714 0.000000 0.000000 0.000000 2.807752 -1.725631 -9.736358 11.108082 -18.453729 -1.809986 -0.000002 0.000001 -12.208721 9.475917 -4.622376 -0.770670 -7.125020 0.000002 0.000000 -12.845626 25.272747 6.282855 0.000000 0.000000 0.000000 8.038587 -2.270675 -26.309084 -10.834551 18.034206 -1.724352 0.000001 -0.000002 18.239695 -8.045100 -45.454473 5.752255 7.125020 -0.000002 0.000000 47.190447 -70.575128 -30.942487
8.500872 17.854354 -27.908583 -30.898265 -86.779896 36.736856 0.000000 0.000000 0.000000 -2.488635 -5.596090 8.524512 0.018511 -0.846924 -2.495055 1.020955 -3.804926 -27.693191 4.308090 12.559468 37.741036 0.000000 0.000000 0.000000 13.500022 12.335365 11.881794 -0.015148 0.775505 -2.233537 -0.156476 -18.599853 -34.340959 -0.035730 -1.220098 3.354615 2.318852 1.600677 -6.715069 -0.377417 1.883914 -4.681552 -1.577957 0.832523 -0.976729 0.574354 3.207082 -1.395196 2.529711 4.176399 3.023525 0.738746 2.123497 1.115838 0.000000 0.000000 0.000000 2.754464 -1.782793 -9.852395 11.088958 -18.424476 -1.803937 -0.000002 0.000001 -12.067536 9.467480 -4.680069 -0.779534 -7.125020 0.000002 0.000000 -12.846285 25.215818 6.300729 0.000000 0.000000 0.000000 8.049643 -2.264756 -26.328374 -10.832368 18.030848 -1.723677 0.000001 -0.000002 18.202929 -8.006534 -45.437669 5.722848 7.125020 -0.000002 0.000000 47.188774 -70.551291 -30.918373
8.503212 17.857153 -27.906936 -31.579566 -86.832041 37.387511 0.000000 0.000000 0.000000 -2.500230 -5.543872 8.560020 0.018608 -0.849373 -2.500924 1.028889 -3.774787 -27.691587 4.299246 12.548307 37.700348 0.000000 0.000000 0.000000 13.481955 12.267300 11.848115 -0.014850 0.768378 -2.209997 -0.164643 -18.549542 -34.201051 -0.033633 -1.183793 3.254658 2.376274 1.632236 -6.686508 -0.364980 1.924633 -4.657027 -1.595232 0.852677 -0.964082 0.533015 3.212841 -1.350672 2.505212 4.188127 2.967331 0.736300 2.127933 1.090161 0.000000 0.000000 0.000000 2.707632 -1.847930 -9.965519 11.068507 -18.393181 -1.797479 -0.000002 0.000001 -11.920570 9.446558 -4.721821 -0.784695 -7.125020 0.000002 0.000000 -12.857716 25.174764 6.319254 0.000000 0.000000 0.000000 8.056110 -2.269287 -26.325526 -10.824088 18.018111 -1.721115 0.000001 -0.000002 18.124386 -7.984219 -45.403748 5.703469 7.125020 -0.000002 0.000000 47.133974 -70.522049 -30.849448
8.505684 17.859908 -27.906031 -32.073523 -86.883222 37.850067 0.000000 0.000000 0.000000 -2.518613 -5.512780 8.601122 0.018726 -0.852077 -2.508802 1.030555 -3.751181 -27.703836 4.297772 12.546445 37.693560 0.000000 0.000000 0.000000 13.458766 12.204406 11.820128 -0.014576 0.761759 -2.188191 -0.171870 -18.509380 -34.072184 -0.033350 -1.178816 3.240956 2.419486 1.660626 -6.657926 -0.356118 1.961951 -4.630429 -1.608414 0.871488 -0.949728 0.497904 3.218815 -1.297886 2.484755 4.200238 2.894614 0.733663 2.132498 1.057958 0.000000 0.000000 0.000000 2.677003 -1.905919 -10.016758 11.052158 -18.368152 -1.792323 -0.000002 0.000001 -11.822089 9.417790 -4.741027 -0.785455 -7.125020 0.000002 0.000000 -12.877115 25.156068 6.334997 0.000000 0.000000 0.000000 8.059955 -2.279483 -26.300968 -10.808020 17.993387 -1.716148 0.000001 -0.000002 18.013047 -7.976674 -45.348323 5.692624 7.125020 -0.000002 0.000000 47.017946 -70.484032 -30.726571
8.508692 17.862536 -27.905920 -32.374161 -86.919765 38.127013 0.000000 0.000000 0.000000 -2.534834 -5.491958 8.623442 0.018735 -0.852322 -2.509371 1.031072 -3.725217 -27.705574 4.294638 12.542485 37.679130 0.000000 0.000000 0.000000 13.438753 12.148527 11.788104 -0.014298 0.754864 -2.166161 -0.177908 -18.480221 -33.966421 -0.034534 -1.199523 3.297965 2.459139 1.680043 -6.631249 -0.350033 1.987409 -4.605776 -1.623162 0.884343 -0.936863 0.478235 3.225068 -1.247774 2.456835 4.212399 2.823063 0.726286 2.137187 1.027043 0.000000 0.000000 0.000000 2.668366 -1.938286 -9.964316 11.045958 -18.358659 -1.790370 -0.000002 0.000001 -11.814503 9.387348 -4.734707 -0.781863 -7.125020 0.000002 0.000000 -12.900208 25.162606 6.344861 0.000000 0.000000 0.000000 8.067291 -2.284664 -26.269463 -10.785990 17.959475 -1.709349 0.000001 -0.000002 17.895838 -7.975211 -45.279780 5.684884 7.125020 -0.000002 0.000000 46.867760 -70.439573 -30.572324
8.512522 17.864980 -27.906522 -32.470142 -86.935114 38.212406 0.000000 0.000000 0.000000 -2.545327 -5.470139 8.610542 0.018547 -0.848257 -2.496130 1.034537 -3.688730 -27.677601 4.279969 12.523921 37.611533 0.000000 0.000000 0.000000 13.424705 12.099178 11.744625 -0.013999 0.747220 -2.142632 -0.182714 -18.461308 -33.888158 -0.036454 -1.232383 3.388441 2.502515 1.685868 -6.607639 -0.345737 1.994394 -4.584881 -1.642919 0.887711 -0.926855 0.476878 3.235404 -1.220881 2.414994 4.228997 2.778962 0.712619 2.144484 1.009291 0.000000 0.000000 0.000000 2.680309 -1.931919 -9.808517 11.053585 -18.370338 -1.792773 -0.000002 0.000001 -11.906625 9.360639 -4.700318 -0.773981 -7.125020 0.000002 0.000000 -12.923253 25.196826 6.346142 0.000000 0.000000 0.000000 8.082341 -2.270618 -26.254470 -10.759425 17.918561 -1.701166 0.000001 -0.000002 17.805541 -7.968052 -45.215327 5.673474 7.125020 -0.000002 0.000000 46.732568 -70.395691 -30.430031
8.517278 17.867242 -27.907702 -32.341318 -86.930671 38.085222 0.000000 0.000000 0.000000 -2.552815 -5.446055 8.563112 0.018155 -0.839723 -2.468383 1.042546 -3.636381 -27.619466 4.247793 12.483039 37.462918 0.000000 0.000000 0.000000 13.414304 12.054967 11.689769 -0.013683 0.738940 -2.117832 -0.186125 -18.452911 -33.834774 -0.038424 -1.265210 3.478838 2.548946 1.675750 -6.584717 -0.340377 1.979917 -4.567078 -1.664600 0.880150 -0.920607 0.485886 3.255718 -1.235527 2.362768 4.257377 2.782408 0.695856 2.158284 1.013821 0.000000 0.000000 0.000000 2.702459 -1.886986 -9.596172 11.073006 -18.400066 -1.798898 -0.000002 0.000001 -12.067452 9.343538 -4.640268 -0.762703 -7.125020 0.000002 0.000000 -12.941699 25.256290 6.337230 0.000000 0.000000 0.000000 8.102070 -2.228096 -26.266979 -10.729658 17.872691 -1.692019 0.000001 -0.000002 17.755685 -7.948958 -45.170117 5.655406 7.125020 -0.000002 0.000000 46.651297 -70.360090 -30.335805
8.522832 17.869370 -27.909302 -32.005895 -86.913634 37.757376 0.000000 0.000000 0.000000 -2.562391 -5.429013 8.498345 0.017643 -0.828420 -2.431698 1.054381 -3.566024 -27.549908 4.197945 12.419252 37.231720 0.000000 0.000000 0.000000 13.403785 12.013739 11.629889 -0.013366 0.730458 -2.092776 -0.186928 -18.457833 -33.795099 -0.039747 -1.286782 3.538246 2.591859 1.651316 -6.557279 -0.328942 1.946720 -4.550501 -1.679304 0.863281 -0.919312 0.490900 3.288222 -1.296410 2.307168 4.300575 2.837825 0.680718 2.180078 1.042384 0.000000 0.000000 0.000000 2.718300 -1.818640 -9.396698 11.096884 -18.436601 -1.806442 -0.000002 0.000001 -12.243527 9.343871 -4.567365 -0.750753 -7.125020 0.000002 0.000000 -12.948537 25.328277 6.318463 0.000000 0.000000 0.000000 8.117113 -2.161190 -26.291940 -10.700409 17.827590 -1.683053 0.000001 -0.000002 17.727386 -7.923864 -45.150121 5.635506 7.125020 -0.000002 0.000000 46.631072 -70.338711 -30.300416
8.528867 17.871429 -27.911170 -31.538927 -86.893651 37.296214 0.000000 0.000000 0.000000 -2.577471 -5.431400 8.439963 0.017139 -0.817110 -2.395093 1.068135 -3.479677 -27.496216 4.135118 12.338068 36.938648 0.000000 0.000000 0.000000 13.390906 11.974699 11.573096 -0.013055 0.722054 -2.068062 -0.182761 -18.480684 -33.753217 -0.039487 -1.282571 3.526649 2.624051 1.618216 -6.520528 -0.307066 1.902908 -4.533607 -1.678117 0.841410 -0.924003 0.484022 3.327899 -1.390630 2.247530 4.352656 2.932384 0.667749 2.206603 1.088703 0.000000 0.000000 0.000000 2.714771 -1.747708 -9.257045 11.117450 -18.468055 -1.812952 -0.000002 0.000001 -12.396318 9.368327 -4.500620 -0.741750 -7.125020 0.000002 0.000000 -12.936967 25.393970 6.292220 0.000000 0.000000 0.000000 8.118007 -2.085548 -26.297500 -10.677246 17.791855 -1.675969 0.000001 -0.000002 17.682012 -7.905799 -45.154173 5.622979 7.125020 -0.000002 0.000000 46.656859 -70.335240 -30.316167
8.535020 17.873457 -27.913216 -31.031499 -86.879608 36.787588 0.000000 0.000000 0.000000 -2.598994 -5.457866 8.405008 0.016743 -0.808116 -2.366012 1.082223 -3.383283 -27.478255 4.065598 12.247187 36.612115 0.000000 0.000000 0.000000 13.374974 11.939411 11.525104 -0.012751 0.713692 -2.043468 -0.172183 -18.522731 -33.697195 -0.036885 -1.239651 3.408455 2.641656 1.583402 -6.472663 -0.274778 1.857998 -4.515934 -1.658367 0.819400 -0.934849 0.470756 3.365653 -1.492609 2.176962 4.402511 3.039412 0.652814 2.231897 1.140428 0.000000 0.000000 0.000000 2.691763 -1.688369 -9.177177 11.130787 -18.488444 -1.817179 -0.000002 0.000001 -12.522173 9.413163 -4.452774 -0.737447 -7.125020 0.000002 0.000000 -12.908487 25.440839 6.263195 0.000000 0.000000 0.000000 8.101851 -2.017444 -26.255853 -10.663915 17.771281 -1.671898 0.000001 -0.000002 17.586119 -7.903530 -45.179705 5.623845 7.125020 -0.000002 0.000000 46.714836 -70.350970 -30.374084
8.540978 17.875438 -27.915432 -30.547478 -86.877873 36.293672 0.000000 0.000000 0.000000 -2.626548 -5.500676 8.397855 0.016494 -0.802400 -2.347413 1.095981 -3.286059 -27.499384 3.995152 12.153949 36.278777 0.000000 0.000000 0.000000 13.355235 11.908939 11.487339 -0.012442 0.705138 -2.018228 -0.157678 -18.574345 -33.624934 -0.032326 -1.160576 3.190740 2.645341 1.552226 -6.415071 -0.237672 1.819002 -4.497865 -1.625735 0.800688 -0.950935 0.464935 3.393793 -1.574163 2.093281 4.440555 3.126325 0.631725 2.250874 1.182929 0.000000 0.000000 0.000000 2.661556 -1.645584 -9.133545 11.136248 -18.496793 -1.818911 -0.000002 0.000001 -12.630287 9.460237 -4.424899 -0.736572 -7.125020 0.000002 0.000000 -12.876388 25.467987 6.238463 0.000000 0.000000 0.000000 8.075271 -1.964944 -26.157853 -10.659887 17.765064 -1.670669 0.000001 -0.000002 17.428869 -7.917339 -45.224168 5.638069 7.125020 -0.000002 0.000000 46.799407 -70.384310 -30.468596
8.546519 17.877330 -27.917836 -30.117195 -86.891366 35.845789 0.000000 0.000000 0.000000 -2.658816 -5.544826 8.412944 0.016375 -0.799726 -2.338405 1.109355 -3.198731 -27.549231 3.928761 12.064998 35.962300 0.000000 0.000000 0.000000 13.330729 11.882116 11.457555 -0.012117 0.696040 -1.991238 -0.145337 -18.616310 -33.543601 -0.027350 -1.067594 2.934813 2.640296 1.527471 -6.351054 -0.204512 1.789210 -4.480094 -1.591874 0.786706 -0.970574 0.479884 3.408605 -1.615220 2.002163 4.461876 3.167333 0.603133 2.261024 1.204860 0.000000 0.000000 0.000000 2.640091 -1.620506 -9.114059 11.133531 -18.492640 -1.818050 -0.000002 0.000001 -12.714037 9.489090 -4.414429 -0.737109 -7.125020 0.000002 0.000000 -12.856057 25.478109 6.225007 0.000000 0.000000 0.000000 8.052110 -1.927232 -26.014808 -10.661286 17.767222 -1.671095 0.000001 -0.000002 17.223981 -7.942624 -45.281804 5.661811 7.125020 -0.000002 0.000000 46.902620 -70.429940 -30.588842
8.551538 17.879113 -27.920400 -29.753217 -86.918883 35.459643 0.000000 0.000000 0.000000 -2.693570 -5.574708 8.438713 0.016342 -0.799085 -2.335628 1.122680 -3.127465 -27.609663 3.869057 11.984089 35.675716 0.000000 0.000000 0.000000 13.301315 11.854930 11.430072 -0.011759 0.685916 -1.961060 -0.140325 -18.632933 -33.460545 -0.023268 -0.984778 2.706927 2.635697 1.509474 -6.284881 -0.182949 1.768432 -4.463606 -1.569717 0.777051 -0.991948 0.522422 3.410590 -1.609815 1.910679 4.466791 3.153471 0.567836 2.262621 1.202363 0.000000 0.000000 0.000000 2.639207 -1.612641 -9.121297 11.121924 -18.474898 -1.814370 -0.000002 0.000001 -12.753825 9.493716 -4.421419 -0.738619 -7.125020 0.000002 0.000000 -12.851939 25.471185 6.225069 0.000000 0.000000 0.000000 8.046633 -1.897490 -25.851152 -10.663239 17.770237 -1.671691 0.000001 -0.000002 16.999777 -7.974155 -45.341102 5.690218 7.125020 -0.000002 0.000000 47.004272 -70.478660 -30.711087
8.556023 17.880790 -27.923039 -29.453244 -86.956865 35.137862 0.000000 0.000000 0.000000 -2.729367 -5.576634 8.460362 0.016332 -0.799027 -2.334319 1.136342 -3.069167 -27.658456 3.815669 11.910988 35.417818 0.000000 0.000000 0.000000 13.266331 11.818169 11.394973 -0.011353 0.674256 -1.926120 -0.143810 -18.620554 -33.371516 -0.020257 -0.918875 2.525623 2.641473 1.496751 -6.221106 -0.176649 1.754013 -4.449975 -1.568661 0.770085 -1.013917 0.590034 3.403814 -1.563921 1.823465 4.460397 3.091530 0.527988 2.258363 1.178403 0.000000 0.000000 0.000000 2.663769 -1.617878 -9.155925 11.101737 -18.444026 -1.807978 -0.000002 0.000001 -12.735701 9.484472 -4.442766 -0.741419 -7.125020 0.000002 0.000000 -12.856679 25.450184 6.233977 0.000000 0.000000 0.000000 8.067364 -1.865316 -25.698339 -10.661814 17.768037 -1.671256 0.000001 -0.000002 16.789109 -8.007841 -45.385903 5.718779 7.125020 -0.000002 0.000000 47.072311 -70.518746 -30.800207
8.560011 17.882370 -27.925657 -29.190466 -87.002813 34.858476 0.000000 0.000000 0.000000 -2.767416 -5.541479 8.465049 0.016286 -0.798214 -2.330172 1.149977 -3.016021 -27.675221 3.768294 11.845518 35.187657 0.000000 0.000000 0.000000 13.222991 11.761111 11.342016 -0.010891 0.660802 -1.885516 -0.155019 -18.581350 -33.264444 -0.018000 -0.866213 2.380768 2.664427 1.487545 -6.162586 -0.185826 1.743156 -4.441079 -1.592861 0.764181 -1.036795 0.671837 3.394267 -1.489442 1.745355 4.450488 2.995898 0.487450 2.252270 1.139162 0.000000 0.000000 0.000000 2.712691 -1.630495 -9.213350 11.074819 -18.402843 -1.799471 -0.000002 0.000001 -12.656084 9.474622 -4.468302 -0.744869 -7.125020 0.000002 0.000000 -12.861461 25.425041 6.244179 0.000000 0.000000 0.000000 8.117162 -1.820702 -25.593589 -10.655331 17.758031 -1.669279 0.000001 -0.000002 16.625737 -8.040333 -45.400352 5.743522 7.125020 -0.000002 0.000000 47.074218 -70.538987 -30.821080
8.563593 17.883854 -27.928170 -28.934872 -87.055372 34.593295 0.000000 0.000000 0.000000 -2.809262 -5.468662 8.447597 0.016171 -0.795844 -2.320779 1.162550 -2.964951 -27.649851 3.729413 11.791354 34.997819 0.000000 0.000000 0.000000 13.170143 11.684272 11.269793 -0.010386 0.645786 -1.839941 -0.174039 -18.515917 -33.140632 -0.016634 -0.832713 2.288631 2.708288 1.481182 -6.108156 -0.208179 1.734841 -4.437820 -1.642146 0.758719 -1.062195 0.752344 3.387901 -1.400075 1.682767 4.444889 2.881209 0.451349 2.248342 1.091078 0.000000 0.000000 0.000000 2.779709 -1.648765 -9.297040 11.043606 -18.355057 -1.789629 -0.000002 0.000001 -12.513199 9.466752 -4.489320 -0.747721 -7.125020 0.000002 0.000000 -12.865219 25.404337 6.252495 0.000000 0.000000 0.000000 8.195552 -1.759714 -25.571977 -10.644932 17.741976 -1.666109 0.000001 -0.000002 16.537758 -8.069303 -45.377535 5.762072 7.125020 -0.000002 0.000000 46.996487 -70.534199 -30.758609
8.566939 17.885285 -27.930531 -28.708678 -87.110771 34.362307 0.000000 0.000000 0.000000 -2.851131 -5.366945 8.411010 0.015973 -0.791509 -2.305167 1.173636 -2.922866 -27.586315 3.703993 11.755731 34.873244 0.000000 0.000000 0.000000 13.114546 11.604934 11.189502 -0.009866 0.629938 -1.791917 -0.200436 -18.427970 -33.024448 -0.016653 -0.833184 2.289926 2.774322 1.477338 -6.053698 -0.236341 1.728816 -4.438445 -1.709735 0.753665 -1.090798 0.814027 3.388981 -1.308665 1.639634 4.449361 2.756729 0.424243 2.249458 1.038793 0.000000 0.000000 0.000000 2.850556 -1.674146 -9.423383 11.010905 -18.304961 -1.779345 -0.000002 0.000000 -12.305090 9.451122 -4.507221 -0.749413 -7.125020 0.000002 0.000000 -12.875015 25.386776 6.262943 0.000000 0.000000 0.000000 8.295353 -1.686601 -25.646757 -10.634062 17.725190 -1.662798 0.000001 -0.000002 16.531169 -8.094725 -45.326723 5.775301 7.125020 -0.000002 0.000000 46.859971 -70.510238 -30.634090
8.570274 17.886773 -27.932825 -28.604862 -87.160769 34.254130 0.000000 0.000000 0.000000 -2.881915 -5.250184 8.361652 0.015682 -0.784849 -2.282529 1.184154 -2.903792 -27.497032 3.697627 11.746782 34.841985 0.000000 0.000000 0.000000 13.071194 11.546145 11.118166 -0.009373 0.614432 -1.745413 -0.229724 -18.334031 -32.944871 -0.018188 -0.870737 2.393210 2.858471 1.474281 -5.996350 -0.255914 1.723232 -4.438084 -1.778643 0.748519 -1.119785 0.840696 3.398426 -1.224330 1.612141 4.465518 2.623149 0.407834 2.256286 0.983844 0.000000 0.000000 0.000000 2.903178 -1.704468 -9.602620 10.980434 -18.258249 -1.769786 -0.000002 0.000000 -12.043305 9.417641 -4.531071 -0.750629 -7.125020 0.000002 0.000000 -12.897427 25.363497 6.281623 0.000000 0.000000 0.000000 8.398286 -1.610574 -25.795902 -10.626992 17.714269 -1.660646 0.000001 -0.000002 16.578001 -8.117211 -45.269694 5.785796 7.125020 -0.000002 0.000000 46.712748 -70.481202 -30.496949
8.573806 17.888458 -27.935301 -28.717989 -87.195180 34.359786 0.000000 0.000000 0.000000 -2.888869 -5.131568 8.304012 0.015283 -0.775428 -2.251753 1.195365 -2.921127 -27.392316 3.714412 11.770353 34.924353 0.000000 0.000000 0.000000 13.055618 11.522864 11.069269 -0.008952 0.600725 -1.705033 -0.253282 -18.262262 -32.912648 -0.020621 -0.927108 2.548271 2.950428 1.469099 -5.936196 -0.251169 1.714844 -4.431335 -1.827008 0.742285 -1.144419 0.825883 3.412713 -1.150202 1.587666 4.489151 2.475220 0.399278 2.266527 0.925323 0.000000 0.000000 0.000000 2.918824 -1.732871 -9.813864 10.956092 -18.220911 -1.762167 -0.000002 0.000001 -11.767863 9.371073 -4.569287 -0.753135 -7.125020 0.000002 0.000000 -12.928123 25.326153 6.308893 0.000000 0.000000 0.000000 8.481009 -1.541605 -25.974307 -10.626632 17.713713 -1.660536 0.000001 -0.000002 16.629641 -8.134501 -45.226157 5.793889 7.125020 -0.000002 0.000000 46.600503 -70.459011 -30.392484
8.577677 17.890416 -27.938233 -29.049261 -87.206889 34.679827 0.000000 0.000000 0.000000 -2.865810 -5.021714 8.239015 0.014770 -0.762908 -2.212037 1.207095 -2.982680 -27.276048 3.756494 11.829122 35.130138 0.000000 0.000000 0.000000 13.074397 11.536757 11.047240 -0.008636 0.590094 -1.674522 -0.263255 -18.236693 -32.918149 -0.022806 -0.974966 2.679933 3.039268 1.459745 -5.874091 -0.215029 1.701433 -4.416551 -1.841498 0.734265 -1.163126 0.779041 3.425124 -1.083088 1.549631 4.511501 2.308609 0.391768 2.275705 0.861985 0.000000 0.000000 0.000000 2.895683 -1.752956 -10.001245 10.940822 -18.197479 -1.757395 -0.000002 0.000000 -11.543946 9.333531 -4.623205 -0.758952 -7.125020 0.000002 0.000000 -12.950651 25.273227 6.336777 0.000000 0.000000 0.000000 8.529051 -1.486970 -26.143898 -10.632367 17.722572 -1.662282 0.000001 -0.000002 16.650437 -8.141218 -45.202287 5.796347 7.125020 -0.000002 0.000000 46.541646 -70.445888 -30.336335
8.581933 17.892602 -27.941743 -29.491282 -87.195204 35.109414 0.000000 0.000000 0.000000 -2.816373 -4.928890 8.165299 0.014147 -0.747205 -2.163470 1.217285 -3.088533 -27.150120 3.823628 11.921932 35.456368 0.000000 0.000000 0.000000 13.121588 11.577078 11.046134 -0.008435 0.583077 -1.655211 -0.257941 -18.260897 -32.944271 -0.023812 -0.996204 2.738368 3.120292 1.446044 -5.810344 -0.153256 1.682868 -4.397183 -1.825451 0.724306 -1.179254 0.720722 3.429766 -1.016508 1.485449 4.524433 2.125150 0.377948 2.279825 0.794092 0.000000 0.000000 0.000000 2.850074 -1.761574 -10.099570 10.936285 -18.190515 -1.755979 -0.000002 0.000000 -11.434900 9.330310 -4.685031 -0.768906 -7.125020 0.000002 0.000000 -12.947095 25.212165 6.353740 0.000000 0.000000 0.000000 8.544670 -1.448249 -26.290972 -10.639905 17.734212 -1.664577 0.000001 -0.000002 16.636187 -8.133403 -45.192562 5.789789 7.125020 -0.000002 0.000000 46.527578 -70.436969 -30.317406
8.586488 17.894882 -27.945748 -29.882335 -87.166092 35.490676 0.000000 0.000000 0.000000 -2.752744 -4.859352 8.082920 0.013440 -0.728716 -2.107627 1.223090 -3.226999 -27.022428 3.909904 12.039538 35.871987 0.000000 0.000000 0.000000 13.181565 11.624133 11.052990 -0.008334 0.579389 -1.645880 -0.242499 -18.316806 -32.975330 -0.023521 -0.990094 2.721555 3.194979 1.429055 -5.746027 -0.080334 1.660315 -4.378399 -1.794579 0.712592 -1.197024 0.671822 3.425461 -0.946979 1.391907 4.525703 1.934129 0.353497 2.277985 0.724474 0.000000 0.000000 0.000000 2.804473 -1.759810 -10.076050 10.942247 -18.199666 -1.757841 -0.000002 0.000000 -11.464193 9.371910 -4.740489 -0.781586 -7.125020 0.000002 0.000000 -12.911084 25.156943 6.352145 0.000000 0.000000 0.000000 8.542401 -1.422343 -26.414402 -10.644170 17.740798 -1.665876 0.000001 -0.000002 16.596192 -8.114407 -45.189582 5.775885 7.125020 -0.000002 0.000000 46.538835 -70.428618 -30.317788
8.591114 17.897112 -27.950026 -30.053136 -87.130726 35.656846 0.000000 0.000000 0.000000 -2.692905 -4.824463 8.000454 0.012717 -0.709036 -2.049751 1.221423 -3.374753 -26.917143 4.002612 12.163878 36.314193 0.000000 0.000000 0.000000 13.233767 11.655600 11.054320 -0.008309 0.578298 -1.643928 -0.225017 -18.378071 -32.995855 -0.022383 -0.965867 2.654901 3.263877 1.410351 -5.684396 -0.011941 1.635627 -4.362832 -1.765189 0.699770 -1.216774 0.646277 3.415915 -0.877862 1.274332 4.519483 1.749495 0.318099 2.272541 0.658159 0.000000 0.000000 0.000000 2.774184 -1.754978 -9.957611 10.955654 -18.220241 -1.762031 -0.000002 0.000000 -11.594701 9.447524 -4.774484 -0.793632 -7.125020 0.000002 0.000000 -12.852028 25.122579 6.332216 0.000000 0.000000 0.000000 8.538096 -1.406331 -26.506022 -10.642704 17.738533 -1.665429 0.000001 -0.000002 16.526663 -8.095363 -45.190284 5.762309 7.125020 -0.000002 0.000000 46.558226 -70.422628 -30.326445
8.595482 17.899195 -27.954335 -29.880136 -87.102248 35.484614 0.000000 0.000000 0.000000 -2.654229 -4.848666 7.938696 0.012101 -0.691409 -2.000142 1.208714 -3.507261 -26.877405 4.087858 12.276406 36.716923 0.000000 0.000000 0.000000 13.259594 11.655770 11.041696 -0.008332 0.578992 -1.646539 -0.212002 -18.424535 -32.990593 -0.020725 -0.929426 2.554649 3.321888 1.391815 -5.630565 0.041834 1.611286 -4.349530 -1.744567 0.687151 -1.234370 0.648531 3.406542 -0.815885 1.141688 4.512478 1.583683 0.274147 2.267038 0.599960 0.000000 0.000000 0.000000 2.762335 -1.758520 -9.814606 10.971626 -18.244743 -1.767028 -0.000002 0.000000 -11.751654 9.534280 -4.777120 -0.801427 -7.125020 0.000002 0.000000 -12.787722 25.119101 6.300116 0.000000 0.000000 0.000000 8.540652 -1.399356 -26.553905 -10.636403 17.728802 -1.663510 0.000001 -0.000002 16.413644 -8.087619 -45.194599 5.757189 7.125020 -0.000002 0.000000 46.574951 -70.422793 -30.338987
8.599259 17.901114 -27.958522 -29.364451 -87.090458 34.973512 0.000000 0.000000 0.000000 -2.644030 -4.959211 7.921743 0.011711 -0.679346 -1.969831 1.182059 -3.612488 -26.946313 4.158094 12.367860 37.046042 0.000000 0.000000 0.000000 13.251699 11.623796 11.014861 -0.008383 0.580797 -1.651539 -0.206400 -18.447770 -32.953340 -0.018682 -0.882436 2.425389 3.363223 1.375642 -5.589071 0.079794 1.590242 -4.335736 -1.730429 0.676469 -1.244379 0.674136 3.401332 -0.764955 1.002151 4.509908 1.442413 0.225057 2.264135 0.551972 0.000000 0.000000 0.000000 2.764579 -1.776815 -9.703318 10.986899 -18.268166 -1.771813 -0.000002 0.000000 -11.881701 9.613872 -4.749316 -0.803489 -7.125020 0.000002 0.000000 -12.731577 25.145803 6.263046 0.000000 0.000000 0.000000 8.551306 -1.400189 -26.564587 -10.627998 17.715819 -1.660952 0.000001 -0.000002 16.258736 -8.093162 -45.201760 5.761875 7.125020 -0.000002 0.000000 46.585477 -70.429291 -30.352969
8.602207 17.902931 -27.962506 -28.653250 -87.098324 34.267904 0.000000 0.000000 0.000000 -2.655988 -5.159864 7.959743 0.011575 -0.673912 -1.962054 1.142155 -3.697469 -27.135593 4.214975 12.441106 37.310838 0.000000 0.000000 0.000000 13.217543 11.573345 10.981299 -0.008454 0.583400 -1.658107 -0.208398 -18.447841 -32.893696 -0.016660 -0.833350 2.290382 3.389675 1.363866 -5.561001 0.107921 1.575065 -4.318828 -1.717456 0.669152 -1.243473 0.713224 3.401792 -0.723803 0.860525 4.514009 1.323216 0.173838 2.264878 0.512877 0.000000 0.000000 0.000000 2.776656 -1.803006 -9.618866 11.002229 -18.291666 -1.776621 -0.000002 0.000000 -11.993349 9.682629 -4.705370 -0.801862 -7.125020 0.000002 0.000000 -12.684953 25.188578 6.226036 0.000000 0.000000 0.000000 8.567433 -1.405166 -26.569087 -10.620392 17.704069 -1.658638 0.000001 -0.000002 16.086853 -8.102132 -45.209907 5.769117 7.125020 -0.000002 0.000000 46.594972 -70.437586 -30.367901
8.604270 17.904746 -27.966227 -27.944367 -87.122907 33.563218 0.000000 0.000000 0.000000 -2.677062 -5.413800 8.036373 0.011569 -0.671928 -1.966433 1.095520 -3.782031 -27.406950 4.265522 12.505593 37.544865 0.000000 0.000000 0.000000 13.171878 11.522198 10.950464 -0.008549 0.586886 -1.666734 -0.217337 -18.427271 -32.830942 -0.015391 -0.800989 2.201386 3.411131 1.356961 -5.543548 0.134172 1.566092 -4.297518 -1.703031 0.665273 -1.231854 0.753768 3.407903 -0.687612 0.719649 4.525126 1.216550 0.123041 2.269314 0.478597 0.000000 0.000000 0.000000 2.796786 -1.820442 -9.512670 11.020511 -18.319683 -1.782363 -0.000002 0.000001 -12.131451 9.747852 -4.665652 -0.800599 -7.125020 0.000002 0.000000 -12.640530 25.227196 6.191470 0.000000 0.000000 0.000000 8.585401 -1.408666 -26.596602 -10.615711 17.696837 -1.657215 0.000001 -0.000002 15.919324 -8.102521 -45.219575 5.770363 7.125020 -0.000002 0.000000 46.615866 -70.443962 -30.389451
8.605686 17.906627 -27.969722 -27.333095 -87.157377 32.955444 0.000000 0.000000 0.000000 -2.697760 -5.653316 8.109399 0.011442 -0.666461 -1.960227 1.053140 -3.883640 -27.680034 4.315286 12.568538 37.774120 0.000000 0.000000 0.000000 13.125661 11.482192 10.926448 -0.008676 0.591513 -1.678402 -0.232515 -18.389465 -32.782471 -0.015512 -0.804149 2.210075 3.438187 1.352686 -5.531861 0.162774 1.560120 -4.272752 -1.689008 0.662970 -1.213252 0.782243 3.420050 -0.653166 0.586922 4.544022 1.111906 0.076821 2.277737 0.444864 0.000000 0.000000 0.000000 2.824844 -1.816596 -9.350993 11.042912 -18.353997 -1.789411 -0.000002 0.000001 -12.319027 9.816757 -4.641651 -0.802274 -7.125020 0.000002 0.000000 -12.591880 25.250212 6.159518 0.000000 0.000000 0.000000 8.603077 -1.406203 -26.646324 -10.614948 17.695658 -1.656983 0.000001 -0.000002 15.744634 -8.093824 -45.236109 5.765782 7.125020 -0.000002 0.000000 46.660402 -70.451691 -30.429823
8.607047 17.908592 -27.973256 -26.718466 -87.191658 32.348301 0.000000 0.000000 0.000000 -2.717184 -5.806533 8.123556 0.010892 -0.649083 -1.915569 1.026166 -4.006126 -27.859686 4.364231 12.629927 37.998503 0.000000 0.000000 0.000000 13.081326 11.458710 10.906762 -0.008847 0.597562 -1.694112 -0.252027 -18.343454 -32.758057 -0.017279 -0.848697 2.332591 3.474926 1.346625 -5.520595 0.191727 1.551337 -4.247672 -1.680155 0.659060 -1.194054 0.785718 3.440057 -0.624558 0.475613 4.573116 1.006879 0.041238 2.291360 0.410955 0.000000 0.000000 0.000000 2.862602 -1.793019 -9.142224 11.067379 -18.391455 -1.797123 -0.000002 0.000001 -12.536623 9.888070 -4.628570 -0.805971 -7.125020 0.000002 0.000000 -12.540385 25.262402 6.129449 0.000000 0.000000 0.000000 8.622403 -1.397667 -26.692855 -10.618131 17.700577 -1.657951 0.000001 -0.000002 15.523904 -8.087563 -45.265817 5.764260 7.125020 -0.000002 0.000000 46.731755 -70.468729 -30.498988
8.609121 17.910648 -27.977281 -25.863713 -87.214019 31.510739 0.000000 0.000000 0.000000 -2.741163 -5.818970 8.029269 0.009701 -0.612416 -1.808308 1.022735 -4.138433 -27.865857 4.406110 12.682051 38.189647 0.000000 0.000000 0.000000 13.036029 11.454952 10.887406 -0.009072 0.605321 -1.714890 -0.271679 -18.306184 -32.759397 -0.020404 -0.922215 2.534810 3.517560 1.333975 -5.504246 0.216504 1.533778 -4.225929 -1.679441 0.650412 -1.181380 0.756823 3.470261 -0.611389 0.393347 4.615412 0.907626 0.019995 2.311713 0.379934 0.000000 0.000000 0.000000 2.910880 -1.761389 -8.917092 11.090074 -18.426185 -1.804290 -0.000002 0.000001 -12.746722 9.950886 -4.612760 -0.808432 -7.125020 0.000002 0.000000 -12.495397 25.277405 6.101941 0.000000 0.000000 0.000000 8.647322 -1.386582 -26.715424 -10.624944 17.711102 -1.660023 0.000001 -0.000002 15.222251 -8.093612 -45.311278 5.773130 7.125020 -0.000002 0.000000 46.826598 -70.500035 -30.599303
8.612498 17.912856 -27.982166 -24.571031 -87.215530 30.246936 0.000000 0.000000 0.000000 -2.777953 -5.669329 7.803127 0.007864 -0.552229 -1.625815 1.046773 -4.259215 -27.663162 4.429656 12.711195 38.296777 0.000000 0.000000 0.000000 12.986627 11.472663 10.867956 -0.009360 0.614984 -1.741461 -0.286584 -18.294574 -32.781641 -0.023949 -0.999068 2.746246 3.557912 1.311871 -5.477057 0.236196 1.504275 -4.209396 -1.683503 0.635494 -1.180679 0.696158 3.511457 -0.620037 0.331112 4.672035 0.820267 0.010471 2.339330 0.354931 0.000000 0.000000 0.000000 2.963285 -1.734275 -8.705548 11.107410 -18.452701 -1.809773 -0.000002 0.000001 -12.919186 9.992977 -4.585212 -0.807078 -7.125020 0.000002 0.000000 -12.466816 25.304277 6.079332 0.000000 0.000000 0.000000 8.678034 -1.377563 -26.715092 -10.635520 17.727438 -1.663241 0.000001 -0.000002 14.829169 -8.109574 -45.374172 5.790826 7.125020 -0.000002 0.000000 46.951302 -70.545797 -30.735854
8.617307 17.915308 -27.987935 -22.789186 -87.195203 28.501595 0.000000 0.000000 0.000000 -2.836279 -5.386345 7.463375 0.005635 -0.468950 -1.372352 1.096272 -4.343576 -27.286604 4.421687 12.701344 38.260544 0.000000 0.000000 0.000000 12.930171 11.511265 10.853220 -0.009714 0.626582 -1.773985 -0.294456 -18.315000 -32.817867 -0.026558 -1.052041 2.892013 3.586444 1.281068 -5.433860 0.254620 1.464525 -4.196987 -1.683072 0.615413 -1.193891 0.612340 3.561321 -0.646579 0.266205 4.740146 0.742585 0.004357 2.372700 0.335404 0.000000 0.000000 0.000000 3.006194 -1.722074 -8.535814 11.117269 -18.467777 -1.812895 -0.000002 0.000001 -13.034962 10.014406 -4.550190 -0.802672 -7.125020 0.000002 0.000000 -12.454213 25.338782 6.062642 0.000000 0.000000 0.000000 8.709412 -1.375154 -26.709185 -10.650685 17.750857 -1.667862 0.000001 -0.000002 14.355411 -8.122661 -45.459963 5.808676 7.125020 -0.000002 0.000000 47.130580 -70.605038 -30.926397
8.623248 17.918085 -27.994245 -20.580672 -87.160001 26.329829 0.000000 0.000000 0.000000 -2.923372 -5.045482 7.063246 0.003429 -0.367343 -1.066695 1.162759 -4.371283 -26.833743 4.371439 12.638924 38.031456 0.000000 0.000000 0.000000 12.862758 11.569457 10.850829 -0.010138 0.640091 -1.812342 -0.296480 -18.363312 -32.864195 -0.027074 -1.062197 2.919960 3.594333 1.244992 -5.372373 0.276300 1.419587 -4.185325 -1.668310 0.593071 -1.218794 0.522864 3.615274 -0.677716 0.173906 4.813859 0.662302 -0.008976 2.408779 0.316518 0.000000 0.000000 0.000000 3.027611 -1.733147 -8.441236 11.119154 -18.470660 -1.813493 -0.000002 0.000001 -13.078079 10.031546 -4.523412 -0.799346 -7.125020 0.000002 0.000000 -12.444013 25.365160 6.049612 0.000000 0.000000 0.000000 8.734660 -1.380542 -26.719764 -10.670491 17.781431 -1.673906 0.000001 -0.000002 13.822945 -8.117214 -45.575352 5.816026 7.125020 -0.000002 0.000000 47.394937 -70.676469 -31.192975
8.629908 17.921231 -28.000578 -18.060680 -87.117453 23.840696 0.000000 0.000000 0.000000 -3.040285 -4.730268 6.658966 0.001615 -0.253138 -0.729283 1.234597 -4.335206 -26.408926 4.274880 12.517470 37.588059 0.000000 0.000000 0.000000 12.782450 11.645776 10.866786 -0.010636 0.655542 -1.856555 -0.294326 -18.434657 -32.920787 -0.025148 -1.023743 2.814144 3.578177 1.206727 -5.293840 0.302879 1.373632 -4.170376 -1.635332 0.570843 -1.250392 0.450346 3.669914 -0.700939 0.039551 4.888548 0.564876 -0.037956 2.445232 0.292773 0.000000 0.000000 0.000000 3.025446 -1.772837 -8.456623 11.113044 -18.461318 -1.811557 -0.000002 0.000001 -13.030518 10.063955 -4.521995 -0.801742 -7.125020 0.000002 0.000000 -12.420148 25.366231 6.037144 0.000000 0.000000 0.000000 8.749329 -1.387468 -26.770262 -10.691651 17.814081 -1.680373 0.000001 -0.000002 13.261909 -8.081440 -45.720550 5.804314 7.125020 -0.000002 0.000000 47.757000 -70.755838 -31.541711
8.637077 17.924757 -28.006458 -15.374174 -87.068106 21.175361 0.000000 0.000000 0.000000 -3.179709 -4.488540 6.279137 0.000414 -0.128763 -0.368385 1.301359 -4.247215 -26.061423 4.138614 12.342608 36.955001 0.000000 0.000000 0.000000 12.692825 11.735372 10.903949 -0.011225 0.673279 -1.907642 -0.286888 -18.531509 -32.988837 -0.021343 -0.943178 2.592481 3.544936 1.167516 -5.199539 0.331983 1.327939 -4.148645 -1.590315 0.549371 -1.284109 0.410615 3.724866 -0.713464 -0.132684 4.963320 0.442025 -0.083999 2.481701 0.261515 0.000000 0.000000 0.000000 3.008449 -1.844200 -8.603627 11.098117 -18.438490 -1.806833 -0.000002 0.000001 -12.877833 10.118051 -4.555999 -0.812209 -7.125020 0.000002 0.000000 -12.376945 25.331947 6.025287 0.000000 0.000000 0.000000 8.754854 -1.385017 -26.890349 -10.707433 17.838423 -1.685205 0.000001 -0.000002 12.714129 -8.013836 -45.882250 5.771043 7.125020 -0.000002 0.000000 48.188895 -70.833876 -31.943445
8.644809 17.928634 -28.011562 -12.682237 -87.005603 18.492469 0.000000 0.000000 0.000000 -3.329568 -4.314357 5.915873 0.000001 0.008432 0.023982 1.357152 -4.137761 -25.763370 3.980180 12.133982 36.207605 0.000000 0.000000 0.000000 12.601790 11.829044 10.963416 -0.011943 0.694225 -1.968403 -0.269896 -18.664206 -33.067619 -0.016495 -0.829220 2.279026 3.511120 1.127958 -5.087988 0.358148 1.282713 -4.118103 -1.548092 0.528431 -1.318243 0.402229 3.781021 -0.720790 -0.321749 5.038973 0.293906 -0.140461 2.518723 0.223114 0.000000 0.000000 0.000000 2.990828 -1.949425 -8.876652 11.073483 -18.400799 -1.799050 -0.000002 0.000001 -12.623080 10.184152 -4.625978 -0.830135 -7.125020 0.000002 0.000000 -12.321565 25.261837 6.017742 0.000000 0.000000 0.000000 8.760618 -1.366899 -27.114522 -10.712047 17.845538 -1.686618 0.000001 -0.000002 12.229424 -7.926767 -46.035780 5.722684 7.125020 -0.000002 0.000000 48.622653 -70.899278 -32.336087
8.653273 17.932765 -28.015789 -10.132806 -86.922668 15.940109 0.000000 0.000000 0.000000 -3.478681 -4.154669 5.532215 0.000673 0.165037 0.466860 1.403511 -4.047124 -25.431119 3.821568 11.919101 35.446392 0.000000 0.000000 0.000000 12.517406 11.920460 11.044904 -0.012844 0.719527 -2.042394 -0.238160 -18.846143 -33.156447 -0.011224 -0.684052 1.879846 3.494785 1.089585 -4.957214 0.375820 1.239424 -4.079387 -1.524442 0.508260 -1.354057 0.409733 3.838557 -0.730898 -0.505261 5.115629 0.130531 -0.197918 2.556441 0.180911 0.000000 0.000000 0.000000 2.984038 -2.089448 -9.243859 11.040189 -18.349826 -1.788553 -0.000002 0.000001 -12.291478 10.246033 -4.722470 -0.852571 -7.125020 0.000002 0.000000 -12.266955 25.165435 6.018197 0.000000 0.000000 0.000000 8.779916 -1.339307 -27.459013 -10.705918 17.836087 -1.684741 0.000001 -0.000002 11.840240 -7.841654 -46.161889 5.672918 7.125020 -0.000002 0.000000 48.993129 -70.947695 -32.665488
8.662626 17.937021 -28.019235 -7.818217 -86.816205 13.614707 0.000000 0.000000 0.000000 -3.620798 -3.936950 5.079832 0.002990 0.348930 0.981064 1.449279 -4.012081 -24.974307 3.680262 11.722318 34.756600 0.000000 0.000000 0.000000 12.444733 12.016478 11.147648 -0.013975 0.749915 -2.132110 -0.189584 -19.084335 -33.263867 -0.006388 -0.516099 1.418155 3.504994 1.054668 -4.808028 0.382786 1.200771 -4.035890 -1.526626 0.489823 -1.394290 0.418423 3.897210 -0.750779 -0.675107 5.193122 -0.029235 -0.251269 2.594738 0.141152 0.000000 0.000000 0.000000 2.990743 -2.262752 -9.664128 11.001942 -18.291227 -1.776531 -0.000002 0.000001 -11.917744 10.294973 -4.828415 -0.875774 -7.125020 0.000002 0.000000 -12.221182 25.059723 6.025701 0.000000 0.000000 0.000000 8.821653 -1.320093 -27.896787 -10.696159 17.821034 -1.681752 0.000001 -0.000002 11.534592 -7.778283 -46.261330 5.636260 7.125020 -0.000002 0.000000 49.283026 -70.986739 -32.925233
8.672974 17.941326 -28.022034 -5.754944 -86.687988 11.538692 0.000000 0.000000 0.000000 -3.755648 -3.606904 4.521679 0.007820 0.566500 1.580661 1.505476 -4.055978 -24.344470 3.564355 11.556950 34.182110 0.000000 0.000000 0.000000 12.384784 12.136854 11.272525 -0.015373 0.785582 -2.238541 -0.128782 -19.368611 -33.413409 -0.003130 -0.361249 0.992587 3.537274 1.024717 -4.643639 0.381126 1.168830 -3.991832 -1.549915 0.474087 -1.441555 0.425267 3.957180 -0.783518 -0.838452 5.271980 -0.167776 -0.301960 2.633778 0.109792 0.000000 0.000000 0.000000 3.006373 -2.461872 -10.093275 10.964851 -18.234352 -1.764907 -0.000002 0.000000 -11.542738 10.343197 -4.928504 -0.898106 -7.125020 0.000002 0.000000 -12.176640 24.959685 6.031863 0.000000 0.000000 0.000000 8.886452 -1.327509 -28.372536 -10.691114 17.813252 -1.680209 0.000001 -0.000002 11.268928 -7.747304 -46.347973 5.621869 7.125020 -0.000002 0.000000 49.514763 -71.028789 -33.144160
8.684346 17.945697 -28.024163 -3.898436 -86.542554 9.672019 0.000000 0.000000 0.000000 -3.887821 -3.149474 3.845460 0.016266 0.821033 2.269351 1.578930 -4.186228 -23.549629 3.472259 11.422901 33.719773 0.000000 0.000000 0.000000 12.333682 12.296749 11.419109 -0.017050 0.826099 -2.360632 -0.066401 -19.670278 -33.628894 -0.001786 -0.272850 0.749677 3.578964 1.000083 -4.467355 0.374343 1.144372 -3.950232 -1.583588 0.461622 -1.497391 0.439993 4.018709 -0.824511 -1.009342 5.352648 -0.281429 -0.355904 2.673688 0.087882 0.000000 0.000000 0.000000 3.027559 -2.670380 -10.470193 10.936933 -18.191515 -1.756181 -0.000002 0.000001 -11.230072 10.423823 -5.018431 -0.921837 -7.125020 0.000002 0.000000 -12.109288 24.869074 6.023050 0.000000 0.000000 0.000000 8.970385 -1.369282 -28.847892 -10.694346 17.818238 -1.681197 0.000001 -0.000002 11.010946 -7.750091 -46.433095 5.631914 7.125020 -0.000002 0.000000 49.713731 -71.081291 -33.348847
8.696681 17.950190 -28.025413 -2.165286 -86.384671 7.933443 0.000000 0.000000 0.000000 -4.025140 -2.584323 3.061290 0.029531 1.112523 3.041883 1.669292 -4.396925 -22.634185 3.395290 11.309000 33.329219 0.000000 0.000000 0.000000 12.281561 12.487451 11.578209 -0.018967 0.869903 -2.493437 -0.014340 -19.954164 -33.909525 -0.001915 -0.282558 0.776353 3.618099 0.981119 -4.281586 0.363527 1.128121 -3.912233 -1.619808 0.453027 -1.561820 0.481292 4.081662 -0.862228 -1.204744 5.434800 -0.382084 -0.421696 2.714247 0.071027 0.000000 0.000000 0.000000 3.057138 -2.869004 -10.725507 10.925820 -18.174455 -1.752713 -0.000002 0.000001 -11.057616 10.568503 -5.103922 -0.951044 -7.125020 0.000002 0.000000 -11.995293 24.781693 5.988556 0.000000 0.000000 0.000000 9.069908 -1.443769 -29.320564 -10.703998 17.833124 -1.684152 0.000001 -0.000002 10.757352 -7.783165 -46.521668 5.664426 7.125020 -0.000002 0.000000 49.895172 -71.146099 -33.552754
8.709878 17.954820 -28.025554 -0.460295 -86.217124 6.228783 0.000000 0.000000 0.000000 -4.176440 -1.946949 2.189080 0.048811 1.438892 3.889070 1.770835 -4.674014 -21.648380 3.321796 11.198601 32.952628 0.000000 0.000000 0.000000 12.214831 12.679186 11.731778 -0.021018 0.914363 -2.628343 0.018553 -20.194010 -34.228881 -0.003460 -0.379842 1.043681 3.647285 0.968237 -4.088447 0.347984 1.120697 -3.876732 -1.655111 0.448830 -1.632602 0.565462 4.146896 -0.889226 -1.443065 5.519266 -0.483984 -0.507903 2.755833 0.054829 0.000000 0.000000 0.000000 3.098013 -3.046833 -10.829541 10.935011 -18.188564 -1.755582 -0.000002 0.000001 -11.065340 10.781862 -5.193069 -0.987877 -7.125020 0.000002 0.000000 -11.830582 24.689401 5.928451 0.000000 0.000000 0.000000 9.180926 -1.545407 -29.809499 -10.716350 17.852173 -1.687937 0.000001 -0.000002 10.519070 -7.841240 -46.616093 5.715853 7.125020 -0.000002 0.000000 50.070032 -71.222845 -33.763943
8.723819 17.959552 -28.024530 1.294421 -86.039483 4.481264 0.000000 0.000000 0.000000 -4.349524 -1.269193 1.245254 0.075324 1.798232 4.804093 1.876648 -5.000083 -20.627835 3.239601 11.073172 32.527051 0.000000 0.000000 0.000000 12.122290 12.846448 11.864660 -0.023092 0.957263 -2.757969 0.028389 -20.382344 -34.563237 -0.006773 -0.531412 1.460243 3.661594 0.959651 -3.890754 0.329346 1.119653 -3.839900 -1.685067 0.448119 -1.704459 0.687936 4.218282 -0.916137 -1.734970 5.611046 -0.587765 -0.616756 2.800879 0.041221 0.000000 0.000000 0.000000 3.144526 -3.202891 -10.821926 10.961750 -18.229593 -1.763937 -0.000002 0.000001 -11.220269 11.037011 -5.291885 -1.031205 -7.125020 0.000002 0.000000 -11.634526 24.586616 5.854272 0.000000 0.000000 0.000000 9.294374 -1.660466 -30.347459 -10.727602 17.869521 -1.691388 0.000001 -0.000002 10.313244 -7.916760 -46.713757 5.780466 7.125020 -0.000002 0.000000 50.239239 -71.307329 -33.979007
8.738382 17.964346 -28.022543 3.148421 -85.848175 2.643121 0.000000 0.000000 0.000000 -4.550367 -0.576390 0.239918 0.110395 2.189582 5.784238 1.980693 -5.356185 -19.597329 3.136927 10.913478 31.988635 0.000000 0.000000 0.000000 11.999388 12.989095 11.975722 -0.025167 0.998423 -2.881598 0.016276 -20.530940 -34.915241 -0.012215 -0.713626 1.961157 3.656617 0.951017 -3.692071 0.310494 1.119033 -3.797273 -1.704337 0.448285 -1.771249 0.820649 4.301607 -0.967256 -2.072745 5.718037 -0.679631 -0.740606 2.853237 0.037559 0.000000 0.000000 0.000000 3.187215 -3.341657 -10.779757 10.998305 -18.285647 -1.775390 -0.000002 0.000001 -11.445314 11.292041 -5.402262 -1.077578 -7.125020 0.000002 0.000000 -11.437901 24.472101 5.782351 0.000000 0.000000 0.000000 9.399952 -1.766441 -30.979639 -10.733495 17.878606 -1.693197 0.000001 -0.000002 10.161303 -8.003080 -46.800510 5.852047 7.125020 -0.000002 0.000000 50.374461 -71.388836 -34.165295
8.753478 17.969192 -28.019978 5.111321 -85.637514 0.707566 0.000000 0.000000 0.000000 -4.781703 0.102156 -0.817246 0.155367 2.611341 6.827088 2.077728 -5.722417 -18.587610 3.005454 10.703877 31.287572 0.000000 0.000000 0.000000 11.847637 13.126815 12.074416 -0.027321 1.039450 -3.004496 -0.014242 -20.658262 -35.307679 -0.020624 -0.927172 2.548446 3.631385 0.940771 -3.495419 0.287760 1.116434 -3.749244 -1.716234 0.448155 -1.831772 0.938906 4.398452 -1.053049 -2.433278 5.842753 -0.747398 -0.868116 2.914133 0.047983 0.000000 0.000000 0.000000 3.228971 -3.479393 -10.763296 11.035885 -18.343228 -1.787199 -0.000002 0.000001 -11.672583 11.511461 -5.517224 -1.122161 -7.125020 0.000002 0.000000 -11.267410 24.353391 5.724653 0.000000 0.000000 0.000000 9.501083 -1.854925 -31.737249 -10.731540 17.875594 -1.692597 0.000001 -0.000002 10.064747 -8.105174 -46.853014 5.931976 7.125020 -0.000002 0.000000 50.413526 -71.455396 -34.262305
8.769114 17.974076 -28.017193 7.125583 -85.402391 -1.263928 0.000000 0.000000 0.000000 -5.040491 0.733985 -1.916024 0.211440 3.060400 7.928135 2.164670 -6.080724 -17.634694 2.845455 10.440570 30.415538 0.000000 0.000000 0.000000 11.672115 13.275751 12.166194 -0.029631 1.081651 -3.131117 -0.061365 -20.772034 -35.759822 -0.033779 -1.186365 3.261738 3.591617 0.934165 -3.302573 0.249610 1.118414 -3.702890 -1.735800 0.450497 -1.891650 1.044366 4.502498 -1.155047 -2.793063 5.977104 -0.793088 -0.993106 2.979649 0.068128 0.000000 0.000000 0.000000 3.288097 -3.649813 -10.803920 11.067623 -18.391823 -1.797200 -0.000002 0.000001 -11.858693 11.677472 -5.620470 -1.159693 -7.125020 0.000002 0.000000 -11.137361 24.247125 5.684401 0.000000 0.000000 0.000000 9.620234 -1.948794 -32.610103 -10.724183 17.864252 -1.690340 0.000001 -0.000002 9.979840 -8.245269 -46.852839 6.034731 7.125020 -0.000002 0.000000 50.290227 -71.504027 -34.215195
8.785435 17.978902 -28.014292 9.054072 -85.141767 -3.130272 0.000000 0.000000 0.000000 -5.315557 1.293957 -3.050011 0.279661 3.533161 9.082028 2.241568 -6.422849 -16.761163 2.672276 10.144619 29.446327 0.000000 0.000000 0.000000 11.481447 13.436168 12.244508 -0.032066 1.124327 -3.259557 -0.126387 -20.865951 -36.274707 -0.053835 -1.497265 4.118182 3.547850 0.938345 -3.114477 0.187816 1.134102 -3.665892 -1.777337 0.459210 -1.957411 1.154844 4.605284 -1.245353 -3.140959 6.109818 -0.829352 -1.116194 3.044339 0.089619 0.000000 0.000000 0.000000 3.379577 -3.888184 -10.934168 11.088277 -18.423429 -1.803721 -0.000002 0.000001 -11.963841 11.788833 -5.698318 -1.186945 -7.125020 0.000002 0.000000 -11.049607 24.167098 5.659153 0.000000 0.000000 0.000000 9.781016 -2.079425 -33.560455 -10.717208 17.853497 -1.688200 0.000001 -0.000002 9.832010 -8.449753 -46.799635 6.179556 7.125020 -0.000002 0.000000 49.979244 -71.543723 -34.013184
8.802735 17.983424 -28.011070 10.692307 -84.859524 -4.685183 0.000000 0.000000 0.000000 -5.585271 1.766116 -4.218108 0.361015 4.026643 10.284382 2.309398 -6.760679 -15.960947 2.522312 9.878360 28.583717 0.000000 0.000000 0.000000 11.291992 13.602415 12.298094 -0.034488 1.165093 -3.382776 -0.209727 -20.934068 -36.844157 -0.082083 -1.848049 5.085909 3.513826 0.955869 -2.930588 0.106373 1.166726 -3.641023 -1.844477 0.475463 -2.031832 1.285744 4.703668 -1.308832 -3.481050 6.236396 -0.870048 -1.241905 3.106084 0.106329 0.000000 0.000000 0.000000 3.500729 -4.210996 -11.198512 11.093934 -18.432085 -1.805509 -0.000002 0.000001 -11.945978 11.857306 -5.753752 -1.205485 -7.125020 0.000002 0.000000 -10.995199 24.110181 5.645184 0.000000 0.000000 0.000000 9.989343 -2.256993 -34.557339 -10.715152 17.850327 -1.687570 0.000001 -0.000002 9.555108 -8.727763 -46.713229 6.375001 7.125020 -0.000002 0.000000 49.520281 -71.589284 -33.702084
8.821370 17.987229 -28.007098 11.811390 -84.562270 -5.701376 0.000000 0.000000 0.000000 -5.819299 2.142299 -5.424762 0.456624 4.539421 11.533552 2.367815 -7.126554 -15.193852 2.450041 9.746497 28.159652 0.000000 0.000000 0.000000 11.129644 13.776376 12.322720 -0.036753 1.201744 -3.494673 -0.305385 -20.985309 -37.454023 -0.118206 -2.216548 6.104498 3.508111 0.985030 -2.748083 0.018419 1.214072 -3.627299 -1.934257 0.497817 -2.115470 1.444317 4.800839 -1.343609 -3.825127 6.360696 -0.924658 -1.375280 3.166874 0.115829 0.000000 0.000000 0.000000 3.636847 -4.612788 -11.623213 11.084177 -18.417159 -1.802426 -0.000002 0.000001 -11.784967 11.905482 -5.805461 -1.221410 -7.125020 0.000002 0.000000 -10.956133 24.057246 5.638019 0.000000 0.000000 0.000000 10.232334 -2.471440 -35.586680 -10.719186 17.856547 -1.688807 0.000001 -0.000002 9.110185 -9.067528 -46.627956 6.615919 7.125020 -0.000002 0.000000 49.006949 -71.657126 -33.370605
8.841475 17.989845 -28.001790 12.250288 -84.257142 -6.022073 0.000000 0.000000 0.000000 -5.989699 2.427482 -6.679737 0.567734 5.071242 12.828500 2.415121 -7.553993 -14.391656 2.510517 9.857000 28.514887 0.000000 0.000000 0.000000 11.020920 13.966590 12.324500 -0.038827 1.233953 -3.595146 -0.399963 -21.044139 -38.081737 -0.160058 -2.577684 7.105107 3.550681 1.022755 -2.564003 -0.060841 1.272298 -3.622417 -2.042370 0.524051 -2.207707 1.623323 4.903687 -1.356193 -4.179826 6.491766 -0.995327 -1.516853 3.231237 0.118810 0.000000 0.000000 0.000000 3.771514 -5.071960 -12.191228 11.063233 -18.385108 -1.795815 -0.000002 0.000001 -11.500445 11.959813 -5.872077 -1.241351 -7.125020 0.000002 0.000000 -10.911625 23.989086 5.631599 0.000000 0.000000 0.000000 10.485466 -2.706115 -36.637646 -10.728000 17.870134 -1.691510 0.000001 -0.000002 8.477383 -9.454939 -46.582826 6.896392 7.125020 -0.000002 0.000000 48.546581 -71.766238 -33.119462
8.862721 17.990956 -27.994545 11.993625 -83.950664 -5.637018 0.000000 0.000000 0.000000 -6.083392 2.644397 -7.993053 0.695702 5.622680 14.167873 2.450049 -8.053473 -13.490182 2.733263 10.250199 29.790805 0.000000 0.000000 0.000000 10.980076 14.178654 12.314542 -0.040802 1.263327 -3.689680 -0.477860 -21.139187 -38.697754 -0.203334 -2.903483 8.010157 3.654036 1.065537 -2.378670 -0.118724 1.337088 -3.622738 -2.162808 0.551934 -2.304822 1.797500 5.019491 -1.362220 -4.540813 6.639617 -1.074758 -1.660160 3.304038 0.119444 0.000000 0.000000 0.000000 3.892234 -5.555619 -12.844313 11.038309 -18.346945 -1.787961 -0.000002 0.000001 -11.149962 12.040127 -5.958485 -1.268481 -7.125020 0.000002 0.000000 -10.846786 23.900369 5.619317 0.000000 0.000000 0.000000 10.721189 -2.942546 -37.695558 -10.739427 17.887749 -1.695018 0.000001 -0.000002 7.651794 -9.889776 -46.605495 7.220001 7.125020 -0.000002 0.000000 48.208159 -71.933984 -33.017491
8.884408 17.990577 -27.984988 11.154314 -83.647538 -4.663420 0.000000 0.000000 0.000000 -6.103380 2.827637 -9.364274 0.841576 6.193058 15.546563 2.473804 -8.602028 -12.474184 3.091089 10.841067 31.745730 0.000000 0.000000 0.000000 11.005694 14.409940 12.301582 -0.042803 1.291899 -3.784456 -0.528514 -21.289069 -39.275705 -0.242165 -3.166813 8.743514 3.817903 1.109865 -2.196143 -0.147812 1.404097 -3.623849 -2.287710 0.579548 -2.400346 1.937994 5.152144 -1.385277 -4.898209 6.810203 -1.144291 -1.795910 3.387870 0.126325 0.000000 0.000000 0.000000 3.994988 -6.025720 -13.491576 11.017615 -18.315245 -1.781453 -0.000002 0.000001 -10.822556 12.152897 -6.056341 -1.301842 -7.125020 0.000002 0.000000 -10.757482 23.799313 5.596773 0.000000 0.000000 0.000000 10.919837 -3.162212 -38.750905 -10.751569 17.906458 -1.698750 0.000002 -0.000002 6.655808 -10.380113 -46.698737 7.593985 7.125020 -0.000002 0.000000 47.995519 -72.165381 -33.071723
8.905827 17.988998 -27.973211 9.900239 -83.349128 -3.271346 0.000000 0.000000 0.000000 -6.061512 3.010112 -10.768596 1.005357 6.777996 16.952400 2.493383 -9.147618 -11.416196 3.464265 11.411152 33.679393 0.000000 0.000000 0.000000 11.086394 14.652163 12.288186 -0.044899 1.320762 -3.882291 -0.550695 -21.494915 -39.803758 -0.271825 -3.353688 9.265046 4.028708 1.153153 -2.021578 -0.146220 1.470120 -3.622873 -2.407418 0.605787 -2.488885 2.029577 5.300659 -1.449605 -5.241361 7.003460 -1.175397 -1.916644 3.482078 0.151459 0.000000 0.000000 0.000000 4.084075 -6.450405 -14.034133 11.007619 -18.299926 -1.778313 -0.000002 0.000001 -10.610301 12.288318 -6.153560 -1.337882 -7.125020 0.000002 0.000000 -10.651748 23.698277 5.565089 0.000000 0.000000 0.000000 11.075146 -3.351189 -39.808549 -10.763047 17.924142 -1.702281 0.000002 -0.000002 5.548451 -10.923213 -46.845035 8.015308 7.125020 -0.000002 0.000000 47.874373 -72.448963 -33.244680
8.926535 17.986575 -27.959754 8.400151 -83.053372 -1.629677 0.000000 0.000000 0.000000 -5.973046 3.213054 -12.152766 1.185387 7.368477 18.365737 2.523978 -9.622996 -10.471134 3.646787 11.674931 34.591504 0.000000 0.000000 0.000000 11.207218 14.896788 12.272065 -0.047079 1.349856 -3.982304 -0.551720 -21.743340 -40.289545 -0.291397 -3.471324 9.593840 4.261586 1.194569 -1.858833 -0.115123 1.534145 -3.619627 -2.509110 0.630806 -2.568607 2.070899 5.462100 -1.569669 -5.558588 7.217090 -1.140097 -2.017188 3.584879 0.205406 0.000000 0.000000 0.000000 4.164787 -6.818058 -14.417365 11.008878 -18.301856 -1.778708 -0.000002 0.000001 -10.551412 12.422639 -6.240983 -1.371998 -7.125020 0.000002 0.000000 -10.547596 23.607053 5.531527 0.000000 0.000000 0.000000 11.189984 -3.504088 -40.886605 -10.772846 17.939234 -1.705297 0.000002 -0.000002 4.416195 -11.494064 -47.025964 8.464097 7.125020 -0.000002 0.000000 47.827875 -72.764599 -33.504627
8.946369 17.983567 -27.945265 6.793133 -82.756802 0.122445 0.000000 0.000000 0.000000 -5.853286 3.441813 -13.459477 1.378440 7.952722 19.763401 2.581650 -9.975344 -9.786601 3.470037 11.419636 33.708552 0.000000 0.000000 0.000000 11.353482 15.133803 12.248498 -0.049279 1.378392 -4.081334 -0.542128 -22.014580 -40.748937 -0.302939 -3.538808 9.782638 4.487887 1.235149 -1.709784 -0.056183 1.597498 -3.615106 -2.578372 0.655986 -2.639969 2.065938 5.635810 -1.742071 -5.841203 7.451563 -1.026579 -2.095036 3.696191 0.291115 0.000000 0.000000 0.000000 4.236981 -7.140118 -14.658957 11.015783 -18.312437 -1.780877 -0.000002 0.000001 -10.606959 12.531253 -6.313572 -1.400232 -7.125020 0.000002 0.000000 -10.463349 23.531333 5.504650 0.000000 0.000000 0.000000 11.269473 -3.624248 -42.005299 -10.780560 17.951113 -1.707674 0.000002 -0.000002 3.345894 -12.049792 -47.238149 8.908661 7.125020 -0.000002 0.000000 47.892967 -73.094518 -33.864684
8.965302 17.980136 -27.930060 5.163143 -82.456637 1.898570 0.000000 0.000000 0.000000 -5.712483 3.682634 -14.667045 1.580891 8.520668 21.126947 2.668090 -10.198596 -9.382940 2.967039 10.641500 31.080138 0.000000 0.000000 0.000000 11.513055 15.341252 12.209640 -0.051399 1.405225 -4.174894 -0.529383 -22.287301 -41.179579 -0.308294 -3.569669 9.869022 4.687280 1.276569 -1.574066 0.028998 1.662263 -3.609166 -2.605417 0.682932 -2.703323 2.023220 5.823707 -1.947514 -6.091394 7.709707 -0.847288 -2.152961 3.817595 0.402087 0.000000 0.000000 0.000000 4.296068 -7.435563 -14.815667 11.022357 -18.322510 -1.782943 -0.000002 0.000001 -10.705142 12.604446 -6.371327 -1.421362 -7.125020 0.000002 0.000000 -10.406089 23.471370 5.488319 0.000000 0.000000 0.000000 11.317731 -3.719766 -43.170297 -10.786465 17.960206 -1.709495 0.000002 -0.000002 2.391004 -12.544293 -47.493923 9.316474 7.125020 -0.000002 0.000000 48.152250 -73.428403 -34.382384
8.983338 17.976385 -27.913934 3.539088 -82.150857 3.664293 0.000000 0.000000 0.000000 -5.554403 3.907225 -15.799605 1.790303 9.068005 22.449325 2.767426 -10.335821 -9.129870 2.362340 9.583195 27.637258 0.000000 0.000000 0.000000 11.677086 15.481936 12.144805 -0.053330 1.429290 -4.258228 -0.516507 -22.538239 -41.549453 -0.308316 -3.569797 9.869381 4.855361 1.319127 -1.448611 0.136404 1.728731 -3.599698 -2.591895 0.711991 -2.758271 1.965326 6.026524 -2.163938 -6.324973 7.991396 -0.631914 -2.201220 3.949489 0.527144 0.000000 0.000000 0.000000 4.341294 -7.712255 -14.929838 11.027855 -18.330931 -1.784672 -0.000002 0.000001 -10.799637 12.651546 -6.419715 -1.437585 -7.125020 0.000002 0.000000 -10.368616 23.421422 5.480088 0.000000 0.000000 0.000000 11.340080 -3.796990 -44.365843 -10.790477 17.966383 -1.710732 0.000002 -0.000002 1.554831 -12.945380 -47.806105 9.664979 7.125020 -0.000002 0.000000 48.680388 -73.760052 -35.115169
9.000466 17.972352 -27.896411 1.941128 -81.837292 5.393120 0.000000 0.000000 0.000000 -5.381539 4.089795 -16.898534 2.005812 9.595256 23.733773 2.857297 -10.449726 -8.837558 1.891431 8.636170 24.663689 0.000000 0.000000 0.000000 11.838430 15.524319 12.048291 -0.055006 1.450148 -4.328417 -0.507041 -22.743188 -41.825919 -0.305514 -3.553686 9.824281 4.999680 1.360761 -1.327990 0.255077 1.794148 -3.583721 -2.553362 0.741606 -2.804618 1.932739 6.240519 -2.373804 -6.567079 8.289355 -0.416265 -2.256605 4.088815 0.654952 0.000000 0.000000 0.000000 4.386062 -7.960466 -14.998052 11.037878 -18.346284 -1.787825 -0.000002 0.000001 -10.896708 12.694472 -6.464995 -1.452804 -7.125020 0.000002 0.000000 -10.334486 23.374601 5.472719 0.000000 0.000000 0.000000 11.349504 -3.855864 -45.566581 -10.791345 17.967721 -1.711000 0.000002 -0.000002 0.803819 -13.243474 -48.171779 9.945887 7.125020 -0.000002 0.000000 49.489207 -74.081293 -36.070349
9.016654 17.967994 -27.877221 0.424754 -81.514465 7.025455 0.000000 0.000000 0.000000 -5.202603 4.218239 -17.997876 2.227532 10.105125 24.987662 2.921601 -10.589376 -8.352268 1.683130 8.172277 23.238578 0.000000 0.000000 0.000000 11.990446 15.472418 11.928953 -0.056430 1.468157 -4.385837 -0.508694 -22.885454 -42.016733 -0.305340 -3.552681 9.821466 5.128406 1.398245 -1.206406 0.367138 1.854241 -3.559233 -2.512889 0.769293 -2.843268 1.969191 6.456630 -2.554857 -6.845766 8.588271 -0.241434 -2.338183 4.228830 0.771672 0.000000 0.000000 0.000000 4.458099 -8.160098 -14.973597 11.061237 -18.382051 -1.795185 -0.000002 0.000001 -11.047099 12.757918 -6.508560 -1.470220 -7.125020 0.000002 0.000000 -10.285530 23.328836 5.456825 0.000000 0.000000 0.000000 11.367654 -3.890964 -46.752264 -10.787735 17.962164 -1.709887 0.000002 -0.000002 0.093165 -13.447079 -48.572622 10.162046 7.125020 -0.000002 0.000000 50.526239 -74.381804 -37.201201
9.031863 17.963266 -27.856590 -0.943328 -81.183811 8.494155 0.000000 0.000000 0.000000 -5.030884 4.291613 -19.120335 2.455747 10.601185 26.215230 2.956802 -10.773271 -7.597200 1.785036 8.403182 23.945540 0.000000 0.000000 0.000000 12.130059 15.369541 11.807888 -0.057641 1.483777 -4.432708 -0.527846 -22.969255 -42.170570 -0.312694 -3.594826 9.939459 5.242798 1.429388 -1.080331 0.457252 1.906063 -3.526310 -2.487043 0.793350 -2.876094 2.100274 6.661884 -2.672485 -7.187476 8.867123 -0.155027 -2.462239 4.360473 0.858085 0.000000 0.000000 0.000000 4.583179 -8.296822 -14.810309 11.102985 -18.445933 -1.808373 -0.000002 0.000001 -11.300926 12.858198 -6.547668 -1.491156 -7.125020 0.000002 0.000000 -10.209964 23.286442 5.425431 0.000000 0.000000 0.000000 11.413478 -3.895689 -47.911307 -10.780236 17.950618 -1.707575 0.000002 -0.000002 -0.616288 -13.582394 -48.982828 10.328806 7.125020 -0.000002 0.000000 51.693485 -74.655045 -38.424869
9.046090 17.958220 -27.835098 -2.150482 -80.849554 9.789257 0.000000 0.000000 0.000000 -4.865851 4.321143 -20.277984 2.690110 11.084424 27.418041 2.964266 -10.991073 -6.588296 2.208043 9.286604 26.696032 0.000000 0.000000 0.000000 12.262558 15.269574 11.703713 -0.058626 1.496598 -4.469837 -0.560414 -23.025076 -42.337370 -0.327241 -3.676708 10.168862 5.339731 1.454111 -0.950040 0.522718 1.949408 -3.486768 -2.476859 0.813634 -2.904860 2.322644 6.844312 -2.691308 -7.609971 9.106988 -0.197215 -2.636998 4.475898 0.895339 0.000000 0.000000 0.000000 4.767424 -8.375301 -14.518795 11.158548 -18.530865 -1.825993 -0.000002 0.000001 -11.654046 12.995102 -6.578625 -1.514741 -7.125020 0.000002 0.000000 -10.108124 23.251178 5.377881 0.000000 0.000000 0.000000 11.491545 -3.864688 -49.038460 -10.772158 17.938178 -1.705086 0.000002 -0.000002 -1.352231 -13.706348 -49.367536 10.484321 7.125020 -0.000002 0.000000 52.830870 -74.903628 -39.611789
9.059427 17.953017 -27.813303 -3.260461 -80.514981 10.979221 0.000000 0.000000 0.000000 -4.689949 4.336845 -21.466475 2.930187 11.553991 28.600161 2.950159 -11.221016 -5.437739 2.895957 10.524690 30.693115 0.000000 0.000000 0.000000 12.401201 15.204170 11.619510 -0.059294 1.505162 -4.495044 -0.591877 -23.095212 -42.536313 -0.342920 -3.762886 10.410520 5.420296 1.474227 -0.819371 0.571662 1.986492 -3.443179 -2.474511 0.831225 -2.930079 2.608788 7.000066 -2.601320 -8.107906 9.302284 -0.371968 -2.856575 4.573207 0.878493 0.000000 0.000000 0.000000 4.997895 -8.418318 -14.175422 11.216125 -18.618768 -1.844333 -0.000002 0.000001 -12.041281 13.153546 -6.595779 -1.537807 -7.125020 0.000002 0.000000 -9.991315 23.229224 5.319006 0.000000 0.000000 0.000000 11.594675 -3.796361 -50.130975 -10.768015 17.931795 -1.703810 0.000002 -0.000002 -2.132717 -13.903733 -49.683788 10.687815 7.125020 -0.000002 0.000000 53.723299 -75.139673 -40.590683
9.072059 17.947838 -27.791396 -4.371363 -80.178767 12.167576 0.000000 0.000000 0.000000 -4.482758 4.383098 -22.663648 3.176485 12.010379 29.770378 2.928027 -11.453112 -4.307940 3.690807 11.737182 34.808469 0.000000 0.000000 0.000000 12.559939 15.167758 11.540922 -0.059525 1.507810 -4.504497 -0.606810 -23.208534 -42.752689 -0.351732 -3.810438 10.543965 5.496519 1.493270 -0.692695 0.610701 2.021868 -3.399082 -2.479927 0.848030 -2.952322 2.924160 7.136629 -2.435162 -8.643330 9.466092 -0.628000 -3.099193 4.658247 0.826167 0.000000 0.000000 0.000000 5.261643 -8.454470 -13.866559 11.266002 -18.694831 -1.860289 -0.000002 0.000001 -12.390138 13.314894 -6.590577 -1.556001 -7.125020 0.000002 0.000000 -9.873586 23.229801 5.254494 0.000000 0.000000 0.000000 11.717306 -3.698570 -51.182320 -10.770642 17.935841 -1.704619 0.000002 -0.000002 -2.969172 -14.248508 -49.897980 10.992042 7.125020 -0.000002 0.000000 54.189951 -75.378428 -41.218216
9.084166 17.942756 -27.769078 -5.555991 -79.835490 13.431100 0.000000 0.000000 0.000000 -4.235456 4.493801 -23.843913 3.430320 12.456607 30.937021 2.914474 -11.696347 -3.330301 4.406366 12.682367 38.190810 0.000000 0.000000 0.000000 12.744801 15.121386 11.443846 -0.059246 1.503760 -4.495340 -0.597124 -23.365950 -42.949132 -0.348099 -3.790908 10.489150 5.591148 1.516825 -0.569310 0.634078 2.063234 -3.360557 -2.512107 0.866924 -2.976557 3.251359 7.267709 -2.252641 -9.161358 9.622361 -0.878284 -3.337322 4.740797 0.773408 0.000000 0.000000 0.000000 5.565721 -8.506631 -13.618927 11.307732 -18.758405 -1.873686 -0.000002 0.000001 -12.685934 13.467989 -6.556134 -1.566194 -7.125020 0.000002 0.000000 -9.763427 23.260223 5.187453 0.000000 0.000000 0.000000 11.867141 -3.592849 -52.182985 -10.779516 17.949506 -1.707353 0.000002 -0.000001 -3.856897 -14.760093 -50.002659 11.411142 7.125020 -0.000002 0.000000 54.175757 -75.627549 -41.449298
9.095788 17.937667 -27.745674 -6.823186 -79.480340 14.778928 0.000000 0.000000 0.000000 -3.954225 4.672058 -24.983962 3.691424 12.893632 32.098021 2.920793 -11.964003 -2.581605 4.927450 13.301624 40.508311 0.000000 0.000000 0.000000 12.949606 15.013253 11.307618 -0.058491 1.493695 -4.467878 -0.564838 -23.543134 -43.084572 -0.331584 -3.700788 10.236365 5.727250 1.552946 -0.441553 0.623617 2.122106 -3.335465 -2.603438 0.892351 -3.012615 3.609555 7.403033 -2.106617 -9.623171 9.789372 -1.047151 -3.554627 4.827497 0.752766 0.000000 0.000000 0.000000 5.938080 -8.591273 -13.385528 11.349084 -18.821347 -1.887005 -0.000002 0.000001 -12.984294 13.611670 -6.492449 -1.568074 -7.125020 0.000002 0.000000 -9.661658 23.320546 5.118452 0.000000 0.000000 0.000000 12.065724 -3.511668 -53.136102 -10.791745 17.968335 -1.711123 0.000002 -0.000001 -4.754798 -15.389584 -50.016559 11.909396 7.125020 -0.000002 0.000000 53.765353 -75.879584 -41.344794
9.106713 17.932314 -27.720412 -8.106089 -79.115103 16.140282 0.000000 0.000000 0.000000 -3.660459 4.894979 -26.051125 3.955250 13.315659 33.233320 2.952543 -12.256740 -2.122693 5.216476 13.623509 41.749727 0.000000 0.000000 0.000000 13.156596 14.811037 11.129026 -0.057388 1.479468 -4.425855 -0.522438 -23.701994 -43.140225 -0.307466 -3.564922 9.855732 5.911822 1.611730 -0.300026 0.557554 2.212705 -3.328931 -2.781179 0.930581 -3.068415 4.046032 7.542186 -2.025434 -10.021093 9.969113 -1.099241 -3.751534 4.917689 0.781842 0.000000 0.000000 0.000000 6.407577 -8.727360 -13.102460 11.398629 -18.896686 -1.903020 -0.000002 0.000001 -13.355188 13.753838 -6.407951 -1.564471 -7.125020 0.000002 0.000000 -9.562027 23.402001 5.046160 0.000000 0.000000 0.000000 12.337540 -3.490857 -54.064438 -10.804558 17.988057 -1.715078 0.000002 -0.000000 -5.588532 -16.039661 -49.975617 12.415543 7.125020 -0.000002 0.000000 53.143554 -76.114691 -41.041487
9.116508 17.926374 -27.692731 -9.283797 -78.750974 17.387979 0.000000 0.000000 0.000000 -3.387970 5.133641 -27.003585 4.213100 13.711461 34.308613 3.012831 -12.558843 -2.008815 5.280969 13.693388 42.022845 0.000000 0.000000 0.000000 13.340487 14.522351 10.926501 -0.056100 1.463209 -4.374731 -0.486497 -23.811205 -43.127063 -0.282984 -3.421275 9.453902 6.128021 1.701741 -0.138638 0.420275 2.346645 -3.340370 -3.052684 0.987574 -3.145161 4.593292 7.678399 -2.014090 -10.362830 10.152197 -1.035890 -3.933500 5.006251 0.861906 0.000000 0.000000 0.000000 6.981610 -8.940192 -12.765629 11.457560 -18.986192 -1.922149 -0.000002 0.000001 -13.803539 13.911489 -6.320950 -1.561768 -7.125020 0.000002 0.000000 -9.451101 23.485508 4.967594 0.000000 0.000000 0.000000 12.695161 -3.558898 -54.978943 -10.817006 18.007213 -1.718924 0.000002 -0.000000 -6.302522 -16.610818 -49.921574 12.857709 7.125020 -0.000002 0.000000 52.527115 -76.313742 -40.705982
9.124755 17.919575 -27.662498 -10.246269 -78.403353 18.406782 0.000000 0.000000 0.000000 -3.167849 5.368141 -27.810844 4.455465 14.070008 35.290669 3.101440 -12.844310 -2.254704 5.165209 13.567464 41.531632 0.000000 0.000000 0.000000 13.478162 14.180584 10.727003 -0.054765 1.446652 -4.319793 -0.462691 -23.872443 -43.058910 -0.260867 -3.285925 9.075822 6.342906 1.821428 0.044536 0.213613 2.521519 -3.364555 -3.397692 1.063159 -3.239501 5.222132 7.809451 -2.057480 -10.649405 10.333465 -0.885866 -4.097344 5.091352 0.979156 0.000000 0.000000 0.000000 7.632547 -9.241488 -12.457196 11.516485 -19.075574 -1.941363 -0.000002 0.000001 -14.238700 14.103638 -6.257262 -1.568551 -7.125020 0.000002 0.000000 -9.313549 23.544295 4.880380 0.000000 0.000000 0.000000 13.121586 -3.713629 -55.847959 -10.828885 18.025489 -1.722598 0.000002 -0.000000 -6.905414 -17.049998 -49.885936 13.199232 7.125020 -0.000002 0.000000 52.070830 -76.470552 -40.465241
9.131276 17.911817 -27.630073 -10.970697 -78.080744 19.172365 0.000000 0.000000 0.000000 -3.006225 5.588784 -28.471682 4.675814 14.385443 36.161507 3.213364 -13.083191 -2.812295 4.946298 13.323061 40.590164 0.000000 0.000000 0.000000 13.563890 13.815760 10.547533 -0.053450 1.430542 -4.263962 -0.443248 -23.914623 -42.937872 -0.239468 -3.149261 8.694576 6.522825 1.951582 0.246425 -0.032135 2.711120 -3.393261 -3.765238 1.145809 -3.346113 5.835994 7.945932 -2.128422 -10.875314 10.524249 -0.697936 -4.229232 5.180114 1.108954 0.000000 0.000000 0.000000 8.295959 -9.595190 -12.292714 11.560989 -19.143005 -1.955932 -0.000002 0.000001 -14.530757 14.335171 -6.236553 -1.590440 -7.125020 0.000002 0.000000 -9.144743 23.558235 4.786334 0.000000 0.000000 0.000000 13.555974 -3.893054 -56.636040 -10.836886 18.037796 -1.725075 0.000002 -0.000000 -7.428510 -17.362071 -49.876511 13.445178 7.125020 -0.000002 0.000000 51.803372 -76.590312 -40.349564
9.136151 17.903222 -27.596094 -11.537988 -77.778834 19.767759 0.000000 0.000000 0.000000 -2.877124 5.789459 -29.011787 4.871840 14.658008 36.920225 3.340636 -13.245152 -3.591075 4.712577 13.052616 39.565750 0.000000 0.000000 0.000000 13.615750 13.441057 10.387637 -0.052088 1.413835 -4.204878 -0.425118 -23.949429 -42.776709 -0.219786 -3.017936 8.328686 6.647162 2.062429 0.458026 -0.266000 2.875062 -3.416752 -4.089602 1.217036 -3.457264 6.326596 8.106055 -2.206294 -11.050023 10.746787 -0.519337 -4.312585 5.284588 1.227849 0.000000 0.000000 0.000000 8.893467 -9.920609 -12.338417 11.582286 -19.175251 -1.962922 -0.000002 0.000001 -14.604075 14.587261 -6.259132 -1.625663 -7.125020 0.000002 0.000000 -8.958534 23.527527 4.692636 0.000000 0.000000 0.000000 13.910006 -3.991295 -57.358206 -10.833356 18.032367 -1.723982 0.000002 -0.000000 -7.861058 -17.583647 -49.880590 13.622016 7.125020 -0.000002 0.000000 51.652692 -76.680877 -40.305613
9.139587 17.894015 -27.561070 -12.058112 -77.485693 20.307193 0.000000 0.000000 0.000000 -2.742827 5.962013 -29.464942 5.043665 14.890916 37.573893 3.475748 -13.302340 -4.503695 4.533855 12.838798 38.767995 0.000000 0.000000 0.000000 13.659136 13.049685 10.232222 -0.050490 1.393877 -4.134821 -0.418959 -23.952687 -42.601771 -0.206451 -2.925520 8.071462 6.710926 2.133272 0.665985 -0.445471 2.984874 -3.426199 -4.322573 1.264020 -3.561945 6.640714 8.301087 -2.287960 -11.205281 11.015221 -0.375093 -4.340938 5.411601 1.324770 0.000000 0.000000 0.000000 9.372061 -10.146269 -12.577127 11.582776 -19.175993 -1.963083 -0.000002 0.000001 -14.478781 14.828801 -6.310643 -1.667311 -7.125020 0.000002 0.000000 -8.778611 23.467613 4.608415 0.000000 0.000000 0.000000 14.114212 -3.931102 -58.050353 -10.811662 17.998990 -1.717272 0.000002 -0.000000 -8.178270 -17.757339 -49.882984 13.760583 7.125020 -0.000002 0.000000 51.530859 -76.751515 -40.267395
9.141827 17.884322 -27.525080 -12.577772 -77.190653 20.842424 0.000000 0.000000 0.000000 -2.582026 6.096330 -29.854498 5.191158 15.086313 38.127529 3.613995 -13.232396 -5.505544 4.438711 12.722371 38.337907 0.000000 0.000000 0.000000 13.702734 12.614414 10.058405 -0.048460 1.367846 -4.044729 -0.436327 -23.895356 -42.420627 -0.201188 -2.888214 7.967686 6.713135 2.162762 0.855344 -0.555857 3.037418 -3.414950 -4.447392 1.286310 -3.646363 6.787185 8.528467 -2.376523 -11.374612 11.325988 -0.271876 -4.328300 5.558905 1.400672 0.000000 0.000000 0.000000 9.720171 -10.250744 -12.940516 11.571862 -19.159470 -1.959500 -0.000002 0.000000 -14.234385 15.040228 -6.378008 -1.709988 -7.125020 0.000002 0.000000 -8.620136 23.392265 4.538622 0.000000 0.000000 0.000000 14.145380 -3.709488 -58.717481 -10.771721 17.937501 -1.704950 0.000002 -0.000000 -8.394217 -17.921001 -49.878648 13.889965 7.125020 -0.000002 0.000000 51.390516 -76.814837 -40.206327
9.143124 17.874109 -27.487811 -13.077583 -76.887376 21.358227 0.000000 0.000000 0.000000 -2.394351 6.187244 -30.189192 5.313344 15.244203 38.583197 3.753471 -13.021318 -6.604876 4.406123 12.682066 38.189705 0.000000 0.000000 0.000000 13.737492 12.099013 9.844494 -0.045871 1.333692 -3.927598 -0.476740 -23.773562 -42.206354 -0.199261 -2.874427 7.929343 6.647277 2.162364 1.013153 -0.601369 3.046411 -3.378854 -4.464179 1.291688 -3.697742 6.795610 8.776573 -2.465538 -11.578471 11.664063 -0.210821 -4.302977 5.719241 1.460434 0.000000 0.000000 0.000000 9.948424 -10.254027 -13.357297 11.558409 -19.139101 -1.955087 -0.000002 0.000000 -13.949851 15.225726 -6.456021 -1.753001 -7.125020 0.000002 0.000000 -8.480409 23.306521 4.480527 0.000000 0.000000 0.000000 14.012073 -3.370950 -59.353571 -10.718653 17.855725 -1.688643 0.000002 -0.000000 -8.532668 -18.100975 -49.870420 14.031707 7.125020 -0.000002 0.000000 51.222480 -76.882880 -40.125689
9.143706 17.863277 -27.448818 -13.544115 -76.571123 21.842785 0.000000 0.000000 0.000000 -2.181893 6.240844 -30.472848 5.410276 15.364790 38.947585 3.893043 -12.664590 -7.840498 4.375443 12.643917 38.049752 0.000000 0.000000 0.000000 13.757525 11.480595 9.578563 -0.042671 1.289824 -3.778822 -0.527812 -23.607779 -41.918866 -0.192119 -2.822745 7.785649 6.505920 2.146253 1.133582 -0.586478 3.029901 -3.318344 -4.373321 1.289557 -3.711477 6.687936 9.031906 -2.539577 -11.825600 12.012514 -0.189383 -4.288016 5.884820 1.507132 0.000000 0.000000 0.000000 10.065889 -10.191274 -13.776310 11.547197 -19.122118 -1.951413 -0.000002 0.000000 -13.672256 15.405398 -6.541917 -1.798136 -7.125020 0.000002 0.000000 -8.344886 23.212458 4.425708 0.000000 0.000000 0.000000 13.727638 -2.965367 -59.969226 -10.658494 17.762912 -1.670243 0.000002 -0.000000 -8.587132 -18.308441 -49.866548 14.196449 7.125020 -0.000002 0.000000 51.049677 -76.964390 -40.052984
9.143728 17.851788 -27.407877 -14.006350 -76.236624 22.324929 0.000000 0.000000 0.000000 -1.871454 6.225815 -30.889057 5.475861 15.428265 39.230180 3.959434 -12.101322 -9.043373 4.274709 12.517253 37.587272 0.000000 0.000000 0.000000 13.773355 10.770558 9.263911 -0.038870 1.234941 -3.596382 -0.575545 -23.424308 -41.544327 -0.173841 -2.685833 7.405276 6.290266 2.125930 1.220407 -0.512041 3.003659 -3.240204 -4.176894 1.287176 -3.694978 6.486571 9.284495 -2.590728 -12.111067 12.359036 -0.195650 -4.290559 6.049804 1.544266 0.000000 0.000000 0.000000 10.078718 -10.096325 -14.168554 11.539666 -19.110709 -1.948947 -0.000002 0.000000 -13.418303 15.601123 -6.632077 -1.847183 -7.125020 0.000002 0.000000 -8.197723 23.112986 4.364912 0.000000 0.000000 0.000000 13.302750 -2.534748 -60.560161 -10.596722 17.667492 -1.651448 0.000002 -0.000000 -8.551492 -18.545614 -49.885134 14.389756 7.125020 -0.000002 0.000000 50.940563 -77.069509 -40.055847
9.143234 17.839726 -27.365220 -14.514723 -75.879463 22.855333 0.000000 0.000000 0.000000 -1.481338 6.221124 -31.281393 5.510413 15.432282 39.442433 3.981331 -11.395563 -10.391504 4.056813 12.235625 36.570684 0.000000 0.000000 0.000000 13.807700 10.020683 8.919376 -0.034581 1.168643 -3.382133 -0.615184 -23.239275 -41.122210 -0.146496 -2.466549 6.796909 6.020742 2.108527 1.284571 -0.388553 2.978623 -3.155734 -3.898180 1.288216 -3.663614 6.233161 9.531285 -2.629893 -12.413105 12.699770 -0.208295 -4.306276 6.211948 1.579721 0.000000 0.000000 0.000000 10.010735 -9.991276 -14.511564 11.537189 -19.106958 -1.948137 -0.000002 0.000001 -13.202224 15.828229 -6.723349 -1.901291 -7.125020 0.000002 0.000000 -8.027840 23.010761 4.291535 0.000000 0.000000 0.000000 12.760597 -2.110017 -61.089810 -10.537340 17.575650 -1.633471 0.000002 -0.000001 -8.449095 -18.814524 -49.950005 14.618313 7.125020 -0.000002 0.000000 50.989337 -77.211026 -40.226773
9.142117 17.827249 -27.321386 -15.124960 -75.498254 23.490027 0.000000 0.000000 0.000000 -1.001749 6.239380 -31.659932 5.517363 15.384065 39.592996 3.961835 -10.566533 -11.851245 3.723364 11.782893 34.968211 0.000000 0.000000 0.000000 13.887370 9.302916 8.571513 -0.029992 1.091687 -3.141126 -0.652396 -23.054509 -40.728546 -0.118352 -2.217912 6.108274 5.745789 2.097666 1.339923 -0.246235 2.961653 -3.076537 -3.596750 1.293306 -3.633008 5.984045 9.775580 -2.675175 -12.699502 13.038303 -0.210626 -4.327082 6.372739 1.621373 0.000000 0.000000 0.000000 9.918264 -9.881190 -14.769940 11.543473 -19.116478 -1.950194 -0.000002 0.000001 -13.061698 16.092904 -6.811926 -1.960273 -7.125020 0.000002 0.000000 -7.830844 22.909455 4.202465 0.000000 0.000000 0.000000 12.150040 -1.704345 -61.528707 -10.481586 17.489317 -1.616676 0.000002 -0.000001 -8.309078 -19.112145 -50.074333 14.882662 7.125020 -0.000002 0.000000 51.259105 -77.393726 -40.625532
9.140143 17.814401 -27.276709 -15.887864 -75.094954 24.278518 0.000000 0.000000 0.000000 -0.421322 6.292463 -32.026300 5.498069 15.288206 39.681449 3.902054 -9.648704 -13.362965 3.320625 11.196830 32.946603 0.000000 0.000000 0.000000 14.034168 8.670046 8.240651 -0.025307 1.005430 -2.878645 -0.696685 -22.859497 -40.425156 -0.097174 -2.010324 5.534188 5.526555 2.095839 1.397712 -0.123189 2.958097 -3.010342 -3.347254 1.302323 -3.612593 5.785578 10.021954 -2.733160 -12.943244 13.378835 -0.205372 -4.346591 6.534742 1.669466 0.000000 0.000000 0.000000 9.868296 -9.767249 -14.927583 11.560045 -19.141580 -1.955625 -0.000002 0.000001 -13.020336 16.389160 -6.892938 -2.022022 -7.125020 0.000002 0.000000 -7.611257 22.814334 4.099239 0.000000 0.000000 0.000000 11.531758 -1.317780 -61.876195 -10.430655 17.410369 -1.601403 0.000002 -0.000001 -8.155150 -19.410305 -50.251287 15.158991 7.125020 -0.000002 0.000000 51.757682 -77.601431 -41.246652
9.137090 17.801009 -27.231046 -16.816815 -74.673029 25.232571 0.000000 0.000000 0.000000 0.261278 6.388078 -32.378856 5.454009 15.149301 39.706803 3.803385 -8.690321 -14.858491 2.915492 10.556978 30.799905 0.000000 0.000000 0.000000 14.253113 8.130621 7.931733 -0.020708 0.911442 -2.598921 -0.756020 -22.635631 -40.228102 -0.086555 -1.897600 5.222749 5.399312 2.105255 1.461381 -0.043298 2.971920 -2.959038 -3.195147 1.315880 -3.603249 5.656935 10.269739 -2.795667 -13.137140 13.717874 -0.213630 -4.363457 6.697350 1.715890 0.000000 0.000000 0.000000 9.896670 -9.670294 -15.060304 11.578197 -19.169063 -1.961581 -0.000002 0.000001 -13.008500 16.695050 -6.963841 -2.082884 -7.125020 0.000002 0.000000 -7.385163 22.728947 3.990146 0.000000 0.000000 0.000000 10.947074 -0.950564 -62.140672 -10.388911 17.345601 -1.588935 0.000002 -0.000001 -8.021048 -19.642352 -50.462216 15.389724 7.125020 -0.000002 0.000000 52.468601 -77.796203 -42.043922
9.132927 17.786835 -27.184081 -17.865337 -74.235236 26.306856 0.000000 0.000000 0.000000 1.028289 6.526294 -32.720530 5.389161 14.974739 39.676971 3.669163 -7.751120 -16.275151 2.573878 9.971010 28.882903 0.000000 0.000000 0.000000 14.528546 7.658579 7.636563 -0.016354 0.811447 -2.305864 -0.833457 -22.368920 -40.117522 -0.086386 -1.895758 5.217662 5.355730 2.126205 1.527615 -0.009475 3.003109 -2.920628 -3.138645 1.334411 -3.601297 5.592850 10.509758 -2.847330 -13.293662 14.040491 -0.264250 -4.381314 6.854409 1.748334 0.000000 0.000000 0.000000 9.995723 -9.629175 -15.325989 11.580942 -19.173218 -1.962482 -0.000002 0.000001 -12.872706 16.977627 -7.024922 -2.138412 -7.125020 0.000002 0.000000 -7.176568 22.654401 3.888368 0.000000 0.000000 0.000000 10.403453 -0.607985 -62.321022 -10.362003 17.303823 -1.580922 0.000002 -0.000001 -7.951951 -19.730902 -50.686659 15.507750 7.125020 -0.000002 0.000000 53.359858 -77.935437 -42.951730
9.127889 17.771762 -27.135792 -18.948061 -73.782805 27.420481 0.000000 0.000000 0.000000 1.849385 6.698948 -33.061204 5.310206 14.774965 39.610354 3.505427 -6.893994 -17.565700 2.347789 9.555745 27.549735 0.000000 0.000000 0.000000 14.833237 7.216060 7.340298 -0.012367 0.706783 -2.002388 -0.923730 -22.065522 -40.056142 -0.093529 -1.972373 5.429313 5.355827 2.155551 1.593227 -0.012119 3.046290 -2.893306 -3.145111 1.356655 -3.605784 5.576266 10.727518 -2.872462 -13.432259 14.325213 -0.382788 -4.405613 6.996324 1.754844 0.000000 0.000000 0.000000 10.138671 -9.663324 -15.820493 11.558659 -19.139478 -1.955170 -0.000002 0.000001 -12.521355 17.209346 -7.072427 -2.183501 -7.125020 0.000002 0.000000 -7.005608 22.595780 3.804393 0.000000 0.000000 0.000000 9.886286 -0.295460 -62.399254 -10.354720 17.292512 -1.578756 0.000002 -0.000001 -7.998438 -19.653323 -50.890558 15.487156 7.125020 -0.000002 0.000000 54.287462 -77.994347 -43.820374
9.122402 17.755797 -27.086523 -19.986394 -73.314352 28.500173 0.000000 0.000000 0.000000 2.696712 6.893125 -33.415301 5.224828 14.561577 39.530075 3.320221 -6.160940 -18.704368 2.264758 9.397054 27.045426 0.000000 0.000000 0.000000 15.142986 6.765226 7.025634 -0.008821 0.597789 -1.688875 -1.013425 -21.752918 -39.996426 -0.101773 -2.057212 5.663793 5.354205 2.187412 1.660255 -0.037337 3.092605 -2.877964 -3.174620 1.379553 -3.622307 5.587810 10.910837 -2.861117 -13.566438 14.555077 -0.579643 -4.439433 7.115177 1.728820 0.000000 0.000000 0.000000 10.305656 -9.738064 -16.429262 11.524152 -19.087195 -1.943870 -0.000002 0.000001 -12.071088 17.386728 -7.089194 -2.212077 -7.125020 0.000002 0.000000 -6.875156 22.571118 3.737148 0.000000 0.000000 0.000000 9.375668 -0.013126 -62.345463 -10.371325 17.318299 -1.583695 0.000002 -0.000001 -8.209117 -19.476742 -51.012726 15.369392 7.125020 -0.000002 0.000000 54.926770 -77.975327 -44.364042
9.116909 17.738971 -27.036676 -20.944564 -72.824267 29.512727 0.000000 0.000000 0.000000 3.555060 7.097269 -33.796755 5.139434 14.344713 39.455342 3.121491 -5.547165 -19.686809 2.321526 9.505926 27.391118 0.000000 0.000000 0.000000 15.448242 6.274279 6.678462 -0.005770 0.484179 -1.364232 -1.086582 -21.465963 -39.890964 -0.103465 -2.074184 5.710715 5.323552 2.216108 1.735076 -0.072118 3.134259 -2.877158 -3.198547 1.399886 -3.659722 5.610537 11.055207 -2.814272 -13.696277 14.725285 -0.843368 -4.480642 7.208212 1.672158 0.000000 0.000000 0.000000 10.488914 -9.785220 -16.885945 11.506033 -19.059728 -1.937949 -0.000002 0.000001 -11.784040 17.533269 -7.049567 -2.219070 -7.125020 0.000002 0.000000 -6.768610 22.606182 3.673572 0.000000 0.000000 0.000000 8.854836 0.241773 -62.133553 -10.414635 17.385521 -1.596612 0.000002 -0.000001 -8.615802 -19.316183 -50.997127 15.236257 7.125020 -0.000002 0.000000 54.957813 -77.903316 -44.322162
9.111557 17.721327 -26.986301 -21.835440 -72.305390 30.467613 0.000000 0.000000 0.000000 4.421199 7.306692 -34.211016 5.057671 14.131300 39.395197 2.915210 -4.996629 -20.524156 2.484774 9.810167 28.364156 0.000000 0.000000 0.000000 15.755453 5.724195 6.296090 -0.003291 0.366184 -1.029008 -1.131781 -21.231682 -39.707740 -0.093058 -1.967407 5.415591 5.264435 2.239611 1.823452 -0.108927 3.169008 -2.891445 -3.209629 1.416496 -3.722397 5.632378 11.163426 -2.742824 -13.809074 14.842121 -1.147293 -4.522473 7.277477 1.593187 0.000000 0.000000 0.000000 10.682440 -9.776350 -17.061254 11.518560 -19.078719 -1.942042 -0.000002 0.000001 -11.778200 17.674288 -6.948635 -2.206122 -7.125020 0.000002 0.000000 -6.667626 22.705161 3.602996 0.000000 0.000000 0.000000 8.315147 0.465674 -61.743561 -10.485506 17.495393 -1.617853 0.000002 -0.000001 -9.230538 -19.267485 -50.840385 15.164700 7.125020 -0.000002 0.000000 54.316087 -77.815016 -43.674679
9.105875 17.702925 -26.934752 -22.698763 -71.756987 31.394288 0.000000 0.000000 0.000000 5.294477 7.526037 -34.648439 4.980698 13.925321 39.348902 2.704914 -4.418843 -21.234573 2.696574 10.186864 29.583992 0.000000 0.000000 0.000000 16.076215 5.108405 5.890263 -0.001468 0.244993 -0.686498 -1.147665 -21.056797 -39.434045 -0.070282 -1.710341 4.705807 5.197496 2.261256 1.925312 -0.147663 3.201829 -2.916544 -3.219381 1.431557 -3.804351 5.645610 11.241578 -2.659389 -13.887678 14.916373 -1.464521 -4.557025 7.327166 1.500912 0.000000 0.000000 0.000000 10.874560 -9.760742 -17.133274 11.543296 -19.116204 -1.950135 -0.000002 0.000001 -11.860130 17.811333 -6.821718 -2.184329 -7.125020 0.000002 0.000000 -6.570327 22.831406 3.530155 0.000000 0.000000 0.000000 7.759789 0.640684 -61.133544 -10.586134 17.651126 -1.648235 0.000002 -0.000000 -10.074625 -19.390167 -50.586430 15.211303 7.125020 -0.000002 0.000000 53.160231 -77.750161 -42.603757
9.098838 17.683757 -26.880652 -23.570756 -71.189714 32.315443 0.000000 0.000000 0.000000 6.166926 7.765991 -35.087090 4.908595 13.729444 39.311219 2.492309 -3.719392 -21.834487 2.890119 10.515015 30.661140 0.000000 0.000000 0.000000 16.413797 4.427235 5.480976 -0.000363 0.122016 -0.340762 -1.144354 -20.920448 -39.070892 -0.041305 -1.311728 3.606954 5.147414 2.288319 2.032758 -0.193863 3.242472 -2.943706 -3.247085 1.449785 -3.889568 5.644653 11.295406 -2.571847 -13.920067 14.957598 -1.778514 -4.578705 7.361231 1.400937 0.000000 0.000000 0.000000 11.054120 -9.815524 -17.398495 11.547910 -19.123193 -1.951646 -0.000002 0.000001 -11.719648 17.927784 -6.718618 -2.167180 -7.125020 0.000002 0.000000 -6.487684 22.933835 3.468985 0.000000 0.000000 0.000000 7.199033 0.739662 -60.226284 -10.721192 17.859640 -1.689422 0.000002 -0.000001 -11.198977 -19.725511 -50.289295 15.419572 7.125020 -0.000002 0.000000 51.684400 -77.746940 -41.318638
9.089526 17.663665 -26.822650 -24.459320 -70.618295 33.230597 0.000000 0.000000 0.000000 7.020837 8.033985 -35.509566 4.842187 13.547162 39.279978 2.278657 -2.849144 -22.328411 3.024492 10.734593 31.389924 0.000000 0.000000 0.000000 16.759822 3.688224 5.085361 0.000000 -0.001926 0.005357 -1.136525 -20.787092 -38.632546 -0.015838 -0.812562 2.233212 5.127782 2.326752 2.134155 -0.254632 3.298328 -2.963478 -3.307158 1.475074 -3.959824 5.627586 11.329853 -2.487416 -13.905396 14.973479 -2.081520 -4.585925 7.382819 1.297182 0.000000 0.000000 0.000000 11.222111 -9.976898 -18.003105 11.515377 -19.073892 -1.941002 -0.000002 0.000001 -11.206764 18.009579 -6.663143 -2.160491 -7.125020 0.000002 0.000000 -6.429316 22.988188 3.428477 0.000000 0.000000 0.000000 6.635127 0.758342 -59.012803 -10.887679 18.115877 -1.740835 0.000002 -0.000001 -12.591391 -20.274647 -49.994141 15.799072 7.125020 -0.000002 0.000000 50.056046 -77.826782 -39.984145
9.077864 17.642440 -26.760554 -25.335116 -70.047626 34.113844 0.000000 0.000000 0.000000 7.834194 8.325695 -35.921166 4.784478 13.384512 39.262500 2.067514 -1.850024 -22.705324 3.115499 10.879714 31.875282 0.000000 0.000000 0.000000 17.102222 2.908903 4.709437 -0.000387 -0.126525 0.350311 -1.132939 -20.634432 -38.149071 -0.001674 -0.264207 0.725928 5.132920 2.375700 2.222420 -0.334979 3.367407 -2.970770 -3.401025 1.506901 -4.005932 5.602227 11.349964 -2.420977 -13.855364 14.971709 -2.364416 -4.581443 7.394606 1.197009 0.000000 0.000000 0.000000 11.394791 -10.219861 -18.864558 11.453954 -18.980715 -1.920977 -0.000002 0.000001 -10.414567 18.060258 -6.643046 -2.160830 -7.125020 0.000002 0.000000 -6.392780 23.007020 3.405509 0.000000 0.000000 0.000000 6.052067 0.750766 -57.713733 -11.060608 18.381088 -1.794986 0.000002 -0.000001 -14.020538 -20.942148 -49.731324 16.279213 7.125020 -0.000002 0.000000 48.452253 -77.967358 -38.729632
9.064561 17.620010 -26.695504 -26.147215 -69.469828 34.925808 0.000000 0.000000 0.000000 8.587449 8.625335 -36.346683 4.740246 13.249618 39.274200 1.867830 -0.847699 -22.954734 3.221190 11.044787 32.431076 0.000000 0.000000 0.000000 17.433286 2.114709 4.351490 -0.001520 -0.251390 0.692801 -1.135401 -20.463046 -37.664284 -0.002000 0.288828 -0.793579 5.142155 2.427717 2.299850 -0.436417 3.439045 -2.966318 -3.518378 1.540442 -4.031870 5.586676 11.361040 -2.394140 -13.789597 14.960758 -2.610433 -4.570969 7.399124 1.112646 0.000000 0.000000 0.000000 11.595918 -10.474422 -19.721586 11.390830 -18.884829 -1.900496 -0.000002 0.000001 -9.623752 18.108840 -6.627419 -2.161893 -7.125020 0.000002 0.000000 -6.357362 23.021303 3.384427 0.000000 0.000000 0.000000 5.423867 0.812743 -56.737614 -11.196712 18.589143 -1.838140 0.000002 -0.000001 -15.075954 -21.547897 -49.508645 16.716773 7.125020 -0.000002 0.000000 47.042026 -78.100321 -37.637236
9.050439 17.596446 -26.628992 -26.852220 -68.873881 35.632932 0.000000 0.000000 0.000000 9.266634 8.915132 -36.812145 4.714807 13.151216 39.333206 1.693787 0.007411 -23.088796 3.392241 11.304453 33.313670 0.000000 0.000000 0.000000 17.751135 1.336822 4.013355 -0.003380 -0.375704 1.031009 -1.146286 -20.281479 -37.232592 -0.015577 0.805843 -2.214732 5.131503 2.473046 2.375164 -0.555870 3.499849 -2.953017 -3.642554 1.569434 -4.048279 5.598044 11.369338 -2.424447 -13.728022 14.950393 -2.801696 -4.560280 7.399775 1.056070 0.000000 0.000000 0.000000 11.841746 -10.653857 -20.241739 11.358911 -18.836295 -1.890178 -0.000002 0.000001 -9.186316 18.203585 -6.585779 -2.159824 -7.125020 0.000002 0.000000 -6.288168 23.060800 3.342235 0.000000 0.000000 0.000000 4.728164 1.018623 -56.402063 -11.260964 18.687152 -1.858674 0.000002 -0.000001 -15.446972 -21.938871 -49.303624 16.983301 7.125020 -0.000002 0.000000 45.870657 -78.150636 -36.681418
9.036035 17.571844 -26.562057 -27.434763 -68.253003 36.223863 0.000000 0.000000 0.000000 9.863705 9.187055 -37.337399 4.714302 13.098918 39.461254 1.560510 0.597131 -23.142218 3.636205 11.659890 34.539179 0.000000 0.000000 0.000000 18.059006 0.609903 3.703495 -0.005932 -0.498652 1.363481 -1.171868 -20.092519 -36.911665 -0.037216 1.245196 -3.423722 5.082742 2.502912 2.456932 -0.684345 3.538065 -2.932128 -3.753960 1.588397 -4.064011 5.639842 11.382655 -2.516181 -13.685699 14.951371 -2.932658 -4.553017 7.401499 1.032149 0.000000 0.000000 0.000000 12.129007 -10.690430 -20.179749 11.381368 -18.870447 -1.897435 -0.000002 0.000001 -9.363158 18.390646 -6.498438 -2.153786 -7.125020 0.000002 0.000000 -6.151618 23.144198 3.258414 0.000000 0.000000 0.000000 3.950569 1.383297 -56.737964 -11.249144 18.669134 -1.854889 0.000002 -0.000001 -15.122604 -22.099531 -49.061103 17.053160 7.125020 -0.000002 0.000000 44.747880 -78.080208 -35.671304
9.021606 17.546223 -26.495109 -27.913956 -67.604911 36.717560 0.000000 0.000000 0.000000 10.377502 9.446506 -37.938472 4.746733 13.104275 39.687578 1.479669 0.863909 -23.153621 3.914854 12.046230 35.895711 0.000000 0.000000 0.000000 18.365994 -0.036007 3.429492 -0.009159 -0.620529 1.691914 -1.219478 -19.888926 -36.746301 -0.059033 1.567772 -4.312562 4.990013 2.512407 2.549823 -0.809398 3.547434 -2.903050 -3.836303 1.594441 -4.082845 5.699943 11.407734 -2.657930 -13.669158 14.971216 -3.019642 -4.550107 7.409043 1.034583 0.000000 0.000000 0.000000 12.436394 -10.571763 -19.524427 11.459010 -18.988392 -1.922622 -0.000002 0.000001 -10.171937 18.688564 -6.365470 -2.145638 -7.125020 0.000002 0.000000 -5.934084 23.270910 3.126066 0.000000 0.000000 0.000000 3.086409 1.881898 -57.582312 -11.182844 18.567976 -1.833721 0.000002 -0.000001 -14.297102 -22.147650 -48.713681 17.005081 7.125020 -0.000002 0.000000 43.331914 -77.896399 -34.330359
9.007205 17.519561 -26.427938 -28.337898 -66.929020 37.158474 0.000000 0.000000 0.000000 10.815733 9.702883 -38.625154 4.821560 13.179984 40.046003 1.458091 0.818526 -23.153228 4.166135 12.378258 37.083565 0.000000 0.000000 0.000000 18.687271 -0.585159 3.192087 -0.013134 -0.743864 2.024022 -1.294762 -19.652861 -36.755828 -0.073007 1.743120 -4.796260 4.865157 2.503159 2.655825 -0.920961 3.530963 -2.865133 -3.885934 1.588836 -4.104987 5.758166 11.445627 -2.821874 -13.673202 15.007942 -3.103413 -4.550435 7.423890 1.044744 0.000000 0.000000 0.000000 12.734258 -10.353888 -18.532376 11.567466 -19.152814 -1.958058 -0.000002 0.000001 -11.341684 19.070263 -6.212372 -2.139989 -7.125020 0.000002 0.000000 -5.655078 23.415752 2.959378 0.000000 0.000000 0.000000 2.143947 2.481771 -58.773565 -11.089401 18.425157 -1.804076 0.000002 -0.000000 -13.164157 -22.214181 -48.232829 16.937363 7.125020 -0.000002 0.000000 41.440489 -77.629993 -32.543081
8.992777 17.491878 -26.359841 -28.766301 -66.222293 37.598884 0.000000 0.000000 0.000000 11.228905 9.973119 -39.416041 4.945550 13.319246 40.594466 1.462086 0.532760 -23.159264 4.336798 12.595581 37.872867 0.000000 0.000000 0.000000 19.042001 -1.041792 2.984372 -0.018098 -0.873757 2.374358 -1.400127 -19.362386 -36.932555 -0.074463 1.760378 -4.843888 4.736196 2.482495 2.777656 -1.014542 3.499947 -2.819013 -3.914526 1.576412 -4.130326 5.797383 11.489620 -2.968676 -13.685109 15.048511 -3.236134 -4.552925 7.442828 1.037340 0.000000 0.000000 0.000000 12.994510 -10.130236 -17.590807 11.669463 -19.307086 -1.991652 -0.000002 0.000001 -12.442823 19.464743 -6.078920 -2.141563 -7.125020 0.000002 0.000000 -5.366274 23.540107 2.790926 0.000000 0.000000 0.000000 1.145688 3.138355 -60.167382 -10.993762 18.278689 -1.773964 0.000002 -0.000000 -11.891751 -22.354600 -47.662861 16.904710 7.125020 -0.000002 0.000000 39.235203 -77.322852 -30.492123
8.978346 17.463270 -26.290027 -29.249436 -65.476819 38.081180 0.000000 0.000000 0.000000 11.497514 10.186339 -40.225815 5.171388 13.642150 41.385756 1.639898 0.058484 -23.351243 4.401301 12.676083 38.167733 0.000000 0.000000 0.000000 19.449227 -1.431605 2.789378 -0.024520 -1.017349 2.762812 -1.532668 -19.004290 -37.242072 -0.064782 1.642184 -4.517781 4.637095 2.459470 2.919472 -1.090351 3.468352 -2.767023 -3.942267 1.562996 -4.160440 5.812993 11.527127 -3.065261 -13.697164 15.073933 -3.449138 -4.558913 7.458692 0.995021 0.000000 0.000000 0.000000 13.202054 -9.978761 -16.997593 11.735596 -19.406927 -2.013572 -0.000002 0.000001 -13.124988 19.788589 -5.995847 -2.151490 -7.125020 0.000002 0.000000 -5.128749 23.614808 2.656268 0.000000 0.000000 0.000000 0.128201 3.777139 -61.516805 -10.923317 18.170616 -1.751933 0.000002 -0.000000 -10.738938 -22.587986 -47.093979 16.943673 7.125020 -0.000002 0.000000 37.031236 -77.036864 -28.490306
8.964176 17.433887 -26.218067 -29.808489 -64.684177 38.626152 0.000000 0.000000 0.000000 11.814190 10.444783 -41.114969 5.424610 13.972690 42.307051 1.781237 -0.415501 -23.494584 4.357061 12.620964 37.965695 0.000000 0.000000 0.000000 19.919081 -1.798530 2.574038 -0.033157 -1.183059 3.212441 -1.682731 -18.582439 -37.621355 -0.050440 1.449356 -3.986138 4.592474 2.441084 3.082094 -1.152706 3.446827 -2.713050 -3.988150 1.552940 -4.197214 5.814826 11.544759 -3.102045 -13.712911 15.067480 -3.731801 -4.571869 7.463106 0.918841 0.000000 0.000000 0.000000 13.361753 -9.933803 -16.842903 11.757279 -19.439630 -2.020782 -0.000002 0.000001 -13.279870 19.997280 -5.970158 -2.167672 -7.125020 0.000002 0.000000 -4.975327 23.633800 2.572856 0.000000 0.000000 0.000000 -0.863206 4.313357 -62.487596 -10.906745 18.145169 -1.746769 0.000002 -0.000000 -10.039025 -22.952518 -46.610014 17.104795 7.125020 -0.000002 0.000000 35.033767 -76.846857 -26.751175
8.950713 17.403943 -26.143901 -30.416668 -63.846664 39.220309 0.000000 0.000000 0.000000 12.156952 10.740765 -42.112461 5.710696 14.316346 43.368357 1.889856 -0.816319 -23.588182 4.218222 12.445263 37.325899 0.000000 0.000000 0.000000 20.437399 -2.195509 2.289462 -0.045106 -1.379730 3.746795 -1.836417 -18.113906 -37.986457 -0.038514 1.266689 -3.482912 4.601965 2.430566 3.256769 -1.211705 3.439154 -2.661216 -4.062359 1.547942 -4.239010 5.819145 11.535526 -3.092145 -13.738690 15.022889 -4.046651 -4.593880 7.451193 0.823151 0.000000 0.000000 0.000000 13.491769 -9.992794 -17.055779 11.743796 -19.419297 -2.016297 -0.000002 0.000001 -13.019125 20.109300 -5.988246 -2.187881 -7.125020 0.000002 0.000000 -4.892592 23.610383 2.531747 0.000000 0.000000 0.000000 -1.793093 4.700781 -62.851777 -10.960930 18.228339 -1.763681 0.000002 -0.000000 -10.004093 -23.480874 -46.253534 17.424738 7.125020 -0.000002 0.000000 33.282169 -76.802501 -25.325212
8.938338 17.371953 -26.067410 -30.999811 -62.984995 39.811912 0.000000 0.000000 0.000000 12.479380 11.065394 -43.246229 6.032917 14.671126 44.580205 1.962794 -1.126921 -23.639105 4.017536 12.183701 36.384963 0.000000 0.000000 0.000000 20.956786 -2.668184 1.890218 -0.061783 -1.614719 4.384627 -1.980921 -17.614529 -38.264037 -0.032731 1.167823 -3.210692 4.635533 2.428106 3.427171 -1.282751 3.442806 -2.613644 -4.163175 1.547552 -4.279690 5.835735 11.502308 -3.057436 -13.772963 14.946959 -4.357003 -4.622426 7.424395 0.723558 0.000000 0.000000 0.000000 13.610159 -10.131878 -17.500929 11.711905 -19.371179 -2.005706 -0.000002 0.000001 -12.544674 20.177711 -6.025770 -2.209764 -7.125020 0.000002 0.000000 -4.841678 23.568053 2.509760 0.000000 0.000000 0.000000 -2.658819 4.957417 -62.646648 -11.077630 18.407145 -1.800359 0.000002 -0.000001 -10.566481 -24.148719 -46.010520 17.881590 7.125020 -0.000002 0.000000 31.712779 -76.890368 -24.138162
8.927184 17.339884 -25.988214 -31.477530 -62.130032 40.335635 0.000000 0.000000 0.000000 12.719025 11.411166 -44.490269 6.375932 15.016476 45.881679 1.998451 -1.367354 -23.634075 3.800893 11.890629 35.346168 0.000000 0.000000 0.000000 21.421975 -3.234158 1.357185 -0.084741 -1.891603 5.132821 -2.117511 -17.088287 -38.423819 -0.033220 1.176515 -3.234621 4.650988 2.432359 3.582929 -1.379777 3.452539 -2.568800 -4.280587 1.550435 -4.313682 5.859757 11.454299 -3.016261 -13.804726 14.854224 -4.638235 -4.650347 7.388665 0.630353 0.000000 0.000000 0.000000 13.726767 -10.316019 -18.028945 11.678284 -19.320412 -1.994568 -0.000002 0.000001 -12.047828 20.254531 -6.053513 -2.228928 -7.125020 0.000002 0.000000 -4.784482 23.535591 2.483660 0.000000 0.000000 0.000000 -3.492424 5.146055 -62.135338 -11.225540 18.633134 -1.847340 0.000002 -0.000001 -11.424251 -24.869049 -45.824690 18.393088 7.125020 -0.000002 0.000000 30.236404 -77.038109 -23.064297
8.917117 17.307190 -25.906043 -31.815288 -61.304275 40.750393 0.000000 0.000000 0.000000 12.845761 11.773567 -45.797391 6.723654 15.332371 47.218963 1.993618 -1.585595 -23.566441 3.613716 11.627821 34.427752 0.000000 0.000000 0.000000 21.799932 -3.880311 0.715365 -0.115386 -2.208723 5.984499 -2.252618 -16.529872 -38.491652 -0.038435 1.265397 -3.479354 4.620931 2.440709 3.731858 -1.507232 3.463178 -2.520968 -4.403847 1.554901 -4.341168 5.876959 11.401527 -2.980231 -13.818561 14.759685 -4.876766 -4.668923 7.350831 0.548428 0.000000 0.000000 0.000000 13.843205 -10.510445 -18.511867 11.654068 -19.283824 -1.986563 -0.000002 0.000000 -11.656525 20.382568 -6.045906 -2.241123 -7.125020 0.000002 0.000000 -4.689599 23.538279 2.434227 0.000000 0.000000 0.000000 -4.336703 5.333604 -61.617048 -11.368936 18.851544 -1.893415 0.000002 -0.000001 -12.244998 -25.539268 -45.636765 18.862859 7.125020 -0.000002 0.000000 28.799191 -77.161349 -22.006654
8.907880 17.272753 -25.821102 -32.032933 -60.513405 41.052123 0.000000 0.000000 0.000000 12.867988 12.156489 -47.110455 7.060550 15.603082 48.543069 1.948444 -1.837969 -23.438487 3.491220 11.450696 33.815401 0.000000 0.000000 0.000000 22.092562 -4.578892 0.013092 -0.154854 -2.560987 6.925166 -2.388319 -15.949675 -38.511924 -0.047609 1.408160 -3.872615 4.541378 2.449597 3.895711 -1.659728 3.470561 -2.461351 -4.525785 1.559115 -4.366281 5.878310 11.351143 -2.956852 -13.803055 14.673603 -5.068348 -4.672965 7.315671 0.479510 0.000000 0.000000 0.000000 13.956837 -10.693921 -18.890052 11.640795 -19.263761 -1.982182 -0.000002 0.000000 -11.403955 20.594974 -5.994348 -2.246975 -7.125020 0.000002 0.000000 -4.532555 23.583829 2.347966 0.000000 0.000000 0.000000 -5.221155 5.561622 -61.273769 -11.485216 19.028157 -1.931157 0.000002 -0.000001 -12.836387 -26.091574 -45.411190 19.227348 7.125020 -0.000002 0.000000 27.392713 -77.205092 -20.928490
8.899262 17.235373 -25.733926 -32.170316 -59.752362 41.257125 0.000000 0.000000 0.000000 12.812160 12.564195 -48.386499 7.376678 15.822105 49.823608 1.868050 -2.163113 -23.275780 3.449824 11.389879 33.606334 0.000000 0.000000 0.000000 22.318969 -5.306459 -0.707728 -0.204050 -2.942343 7.940117 -2.513563 -15.393496 -38.508485 -0.063762 1.629233 -4.482058 4.419390 2.455901 4.094041 -1.828128 3.471755 -2.381143 -4.641421 1.561581 -4.391423 5.866314 11.304769 -2.948185 -13.757908 14.597572 -5.219796 -4.664837 7.284010 0.422122 0.000000 0.000000 0.000000 14.063174 -10.860482 -19.173832 11.633465 -19.252679 -1.979765 -0.000002 0.000000 -11.255108 20.909599 -5.910411 -2.252520 -7.125020 0.000002 0.000000 -4.299988 23.659267 2.219589 0.000000 0.000000 0.000000 -6.154730 5.835911 -61.133281 -11.571209 19.158479 -1.959285 0.000002 -0.000001 -13.189531 -26.511109 -45.142968 19.473206 7.125020 -0.000002 0.000000 26.041117 -77.158316 -19.847261
8.891116 17.194161 -25.645011 -32.258169 -59.012383 41.383881 0.000000 0.000000 0.000000 12.702880 12.991144 -49.610874 7.672893 15.995822 51.062333 1.762812 -2.556509 -23.129014 3.475326 11.427404 33.735261 0.000000 0.000000 0.000000 22.498360 -6.046941 -1.422067 -0.263627 -3.346489 9.015890 -2.610006 -14.925306 -38.482349 -0.094785 1.985523 -5.465650 4.262194 2.457688 4.334338 -2.003983 3.464823 -2.274563 -4.746028 1.561323 -4.415151 5.845372 11.256429 -2.945871 -13.690482 14.521564 -5.353285 -4.653446 7.251654 0.368179 0.000000 0.000000 0.000000 14.156272 -11.007136 -19.381672 11.629471 -19.246639 -1.978448 -0.000002 0.000000 -11.189169 21.325948 -5.814420 -2.264862 -7.125020 0.000002 0.000000 -3.992020 23.743149 2.051761 0.000000 0.000000 0.000000 -7.129934 6.133234 -61.103518 -11.641103 19.264223 -1.982284 0.000002 -0.000001 -13.433837 -26.827452 -44.859423 19.632175 7.125020 -0.000002 0.000000 24.800330 -77.054071 -18.828268
8.883248 17.148627 -25.554557 -32.314216 -58.284397 41.446652 0.000000 0.000000 0.000000 12.558432 13.423341 -50.794602 7.962182 16.141717 52.297008 1.646141 -2.976512 -23.057995 3.522282 11.496009 33.971562 0.000000 0.000000 0.000000 22.645014 -6.785227 -2.113269 -0.333868 -3.766817 10.138729 -2.667642 -14.581176 -38.434774 -0.150666 2.501254 -6.893124 4.076377 2.454452 4.615535 -2.181062 3.449224 -2.139836 -4.836570 1.557989 -4.435081 5.811250 11.195053 -2.934512 -13.603863 14.428157 -5.500391 -4.648990 7.211316 0.303861 0.000000 0.000000 0.000000 14.230622 -11.124990 -19.490785 11.633287 -19.252409 -1.979706 -0.000002 0.000000 -11.241162 21.825271 -5.722834 -2.287728 -7.125020 0.000002 0.000000 -3.622300 23.818892 1.853559 0.000000 0.000000 0.000000 -8.131058 6.424748 -61.060375 -11.716080 19.377476 -2.007090 0.000002 -0.000001 -13.731800 -27.085928 -44.606003 19.754386 7.125020 -0.000002 0.000000 23.739434 -76.947937 -17.954172
8.875394 17.098686 -25.462363 -32.343927 -57.564333 41.452200 0.000000 0.000000 0.000000 12.380492 13.851909 -51.938191 8.250822 16.270148 53.539926 1.528660 -3.371679 -23.095520 3.535087 11.514609 34.035758 0.000000 0.000000 0.000000 22.762937 -7.503702 -2.766726 -0.414791 -4.197650 11.296148 -2.693906 -14.342172 -38.381880 -0.237014 3.133190 -8.649778 3.865267 2.447607 4.935574 -2.357283 3.426558 -1.979416 -4.912746 1.552132 -4.452349 5.754020 11.114910 -2.904426 -13.491488 14.308530 -5.680194 -4.658489 7.159438 0.219386 0.000000 0.000000 0.000000 14.283211 -11.204169 -19.454547 11.653166 -19.282460 -1.986266 -0.000002 0.000001 -11.458137 22.373232 -5.642009 -2.319331 -7.125020 0.000002 0.000000 -3.216038 23.881318 1.638866 0.000000 0.000000 0.000000 -9.144063 6.703485 -60.957974 -11.808914 19.517443 -2.037999 0.000002 -0.000000 -14.155720 -27.314311 -44.412524 19.871378 7.125020 -0.000002 0.000000 22.893490 -76.876979 -17.267795
8.867380 17.044736 -25.367950 -32.333887 -56.857251 41.396952 0.000000 0.000000 0.000000 12.151715 14.270109 -53.041274 8.538887 16.382926 54.789146 1.414233 -3.706832 -23.255277 3.472460 11.423197 33.720792 0.000000 0.000000 0.000000 22.839430 -8.182721 -3.375768 -0.506383 -4.635390 12.478881 -2.708934 -14.153787 -38.348470 -0.349210 3.796885 -10.505925 3.621406 2.439642 5.291798 -2.536376 3.398761 -1.800355 -4.974421 1.544452 -4.472745 5.667911 11.024931 -2.861037 -13.343872 14.176148 -5.882019 -4.683924 7.102133 0.118332 0.000000 0.000000 0.000000 14.313920 -11.241494 -19.243122 11.696477 -19.347888 -2.000592 -0.000002 0.000001 -11.851160 22.929587 -5.564076 -2.351408 -7.125020 0.000002 0.000000 -2.802722 23.940776 1.422644 0.000000 0.000000 0.000000 -10.164013 6.995342 -60.875463 -11.914889 19.676871 -2.073544 0.000002 -0.000000 -14.632786 -27.514765 -44.269151 19.981835 7.125020 -0.000002 0.000000 22.225769 -76.835209 -16.735286
8.859304 16.987632 -25.270888 -32.252857 -56.172969 41.272580 0.000000 0.000000 0.000000 11.840547 14.667704 -54.114809 8.821741 16.474492 56.037221 1.299581 -3.967478 -23.541730 3.318842 11.194130 32.937419 0.000000 0.000000 0.000000 22.850162 -8.804422 -3.950134 -0.609008 -5.079552 13.683937 -2.733531 -13.962684 -38.357668 -0.473752 4.414320 -12.245307 3.327782 2.431876 5.675403 -2.726760 3.364910 -1.613041 -5.020552 1.534353 -4.502623 5.556882 10.944452 -2.821961 -13.160624 14.059846 -6.072426 -4.720465 7.052135 0.016242 0.000000 0.000000 0.000000 14.328244 -11.240601 -18.848657 11.768324 -19.456285 -2.024459 -0.000002 0.000001 -12.408824 23.460736 -5.465932 -2.369627 -7.125020 0.000002 0.000000 -2.406685 24.023932 1.216512 0.000000 0.000000 0.000000 -11.193640 7.339771 -60.943075 -12.017951 19.831553 -2.108377 0.000002 -0.000000 -15.015715 -27.685129 -44.135028 20.070802 7.125020 -0.000002 0.000000 21.630757 -76.788055 -16.258550
8.851484 16.928310 -25.171022 -32.076114 -55.515438 41.082902 0.000000 0.000000 0.000000 11.424535 15.032693 -55.183559 9.093175 16.536143 57.278964 1.176937 -4.167800 -23.949013 3.096696 10.849963 31.775530 0.000000 0.000000 0.000000 22.779079 -9.358069 -4.512351 -0.723377 -5.531293 14.912161 -2.780876 -13.734772 -38.422028 -0.595180 4.938955 -13.734536 2.975372 2.424033 6.070746 -2.937182 3.322178 -1.427752 -5.054447 1.520244 -4.544145 5.439465 10.885727 -2.804506 -12.960293 13.977636 -6.220235 -4.757418 7.016981 -0.069571 0.000000 0.000000 0.000000 14.344160 -11.205338 -18.246331 11.873145 -19.614120 -2.059510 -0.000002 0.000001 -13.152614 23.953037 -5.315264 -2.357167 -7.125020 0.000002 0.000000 -2.037188 24.166887 1.024506 0.000000 0.000000 0.000000 -12.232486 7.752698 -61.207184 -12.107475 19.965624 -2.138848 0.000002 -0.000001 -15.223465 -27.840281 -43.970446 20.136882 7.125020 -0.000002 0.000000 20.987148 -76.707671 -15.732592
8.844222 16.867220 -25.068457 -31.817989 -54.875443 40.860287 0.000000 0.000000 0.000000 10.918895 15.359375 -56.275967 9.348924 16.561340 58.515828 1.038916 -4.359771 -24.455836 2.876659 10.492660 30.587308 0.000000 0.000000 0.000000 22.639040 -9.837612 -5.081471 -0.850018 -5.990420 16.162917 -2.853559 -13.454012 -38.541900 -0.702172 5.356072 -14.926986 2.582064 2.416482 6.462047 -3.171235 3.271238 -1.251283 -5.089435 1.501903 -4.594274 5.349857 10.840804 -2.817910 -12.776773 13.917810 -6.313261 -4.786297 6.990179 -0.128206 0.000000 0.000000 0.000000 14.394913 -11.137327 -17.367780 12.015561 -19.827971 -2.107567 -0.000002 0.000001 -14.164995 24.423085 -5.080216 -2.299950 -7.125020 0.000002 0.000000 -1.680945 24.404327 0.839970 0.000000 0.000000 0.000000 -13.267735 8.210835 -61.579576 -12.188665 20.086979 -2.166652 0.000002 -0.000001 -15.307446 -28.006726 -43.765412 20.197535 7.125020 -0.000002 0.000000 20.235383 -76.595432 -15.113959
8.837590 16.804074 -24.963432 -31.534277 -54.234031 40.660444 0.000000 0.000000 0.000000 10.376272 15.652449 -57.412490 9.588661 16.549264 59.755090 0.883478 -4.609602 -25.031318 2.750200 10.279255 29.885853 0.000000 0.000000 0.000000 22.471325 -10.232974 -5.659733 -0.988598 -6.453174 17.429893 -2.945306 -13.117784 -38.711589 -0.790114 5.674203 -15.841992 2.189032 2.411836 6.838972 -3.424921 3.218937 -1.085827 -5.144780 1.481883 -4.646777 5.320175 10.788739 -2.864983 -12.638431 13.850128 -6.354408 -4.806919 6.956538 -0.156634 0.000000 0.000000 0.000000 14.517248 -11.053644 -16.173906 12.192321 -20.092438 -2.167908 -0.000002 0.000001 -15.508997 24.902703 -4.742941 -2.191247 -7.125020 0.000002 0.000000 -1.313786 24.755415 0.651759 0.000000 0.000000 0.000000 -14.279061 8.673694 -61.920123 -12.276574 20.218122 -2.196938 0.000002 -0.000001 -15.385466 -28.198989 -43.543085 20.271908 7.125020 -0.000002 0.000000 19.414313 -76.476478 -14.444127
8.831392 16.738171 -24.856198 -31.285221 -53.573562 40.532785 0.000000 0.000000 0.000000 9.850294 15.921606 -58.603641 9.816073 16.505057 61.007452 0.715102 -4.942130 -25.648520 2.772831 10.317901 30.012440 0.000000 0.000000 0.000000 22.320474 -10.533966 -6.235071 -1.137547 -6.912471 18.699824 -3.045908 -12.735272 -38.921086 -0.861299 5.918060 -16.546860 1.834563 2.413075 7.197082 -3.689090 3.173574 -0.930258 -5.233063 1.463682 -4.695538 5.354509 10.712530 -2.939292 -12.548724 13.750244 -6.356136 -4.822086 6.904451 -0.160829 0.000000 0.000000 0.000000 14.726737 -11.000272 -14.752447 12.383581 -20.377399 -2.234059 -0.000002 0.000001 -17.117243 25.406656 -4.315000 -2.035994 -7.125020 0.000002 0.000000 -0.925268 25.207976 0.456345 0.000000 0.000000 0.000000 -15.255047 9.116187 -62.147754 -12.382201 20.375347 -2.233578 0.000002 -0.000001 -15.537749 -28.408286 -43.339240 20.365319 7.125020 -0.000002 0.000000 18.621337 -76.378523 -13.807943
8.825317 16.668942 -24.746854 -31.094793 -52.886033 40.491411 0.000000 0.000000 0.000000 9.357646 16.170856 -59.854708 10.037922 16.437626 62.286557 0.541826 -5.303691 -26.294348 2.926952 10.575852 30.862395 0.000000 0.000000 0.000000 22.207122 -10.750093 -6.794913 -1.294338 -7.360502 19.955108 -3.144940 -12.328208 -39.147774 -0.924283 6.124909 -17.147270 1.530440 2.419569 7.536723 -3.954117 3.136761 -0.781950 -5.350912 1.448113 -4.737677 5.422836 10.607248 -3.021300 -12.486639 13.610874 -6.340565 -4.829825 6.831752 -0.155958 0.000000 0.000000 0.000000 14.990845 -11.034789 -13.342409 12.553719 -20.629834 -2.293653 -0.000002 0.000001 -18.751702 25.915456 -3.851475 -1.857591 -7.125020 0.000002 0.000000 -0.531959 25.702686 0.263100 0.000000 0.000000 0.000000 -16.206415 9.545462 -62.287730 -12.503274 20.555093 -2.275910 0.000002 -0.000001 -15.756864 -28.611193 -43.177347 20.467659 7.125020 -0.000002 0.000000 17.941422 -76.313666 -13.272575
8.819049 16.594365 -24.635245 -30.944328 -52.174409 40.513480 0.000000 0.000000 0.000000 8.879711 16.391273 -61.178362 10.269825 16.359837 63.635100 0.372295 -5.592300 -26.984174 3.129457 10.901726 31.949159 0.000000 0.000000 0.000000 22.119567 -10.921755 -7.333588 -1.456089 -7.790625 21.179283 -3.230444 -11.926491 -39.358908 -0.990882 6.335476 -17.760951 1.259348 2.425983 7.861747 -4.213186 3.100867 -0.637435 -5.480619 1.432013 -4.773758 5.478470 10.477932 -3.090842 -12.422634 13.438711 -6.331165 -4.823272 6.743495 -0.158699 0.000000 0.000000 0.000000 15.220886 -11.213549 -12.350982 12.650269 -20.772642 -2.327784 -0.000002 0.000001 -19.979052 26.373636 -3.456906 -1.703152 -7.125020 0.000002 0.000000 -0.178558 26.125243 0.093102 0.000000 0.000000 0.000000 -17.164113 9.995629 -62.448768 -12.625547 20.736106 -2.319022 0.000002 -0.000001 -15.966418 -28.783901 -43.056896 20.560362 7.125020 -0.000002 0.000000 17.405182 -76.272975 -12.855874
8.812262 16.514071 -24.521008 -30.808501 -51.448378 40.570690 0.000000 0.000000 0.000000 8.389941 16.572176 -62.565058 10.521370 16.281025 65.071668 0.216132 -5.726853 -27.741076 3.283621 11.140607 32.755559 0.000000 0.000000 0.000000 22.038767 -11.098907 -7.852578 -1.620034 -8.198495 22.358820 -3.294763 -11.558964 -39.528570 -1.071197 6.579380 -18.475068 0.995342 2.426424 8.176453 -4.461700 3.056190 -0.492639 -5.601679 1.411363 -4.804569 5.481223 10.334379 -3.145508 -12.335235 13.247151 -6.340292 -4.795544 6.647228 -0.177190 0.000000 0.000000 0.000000 15.314409 -11.586152 -12.249866 12.615609 -20.721412 -2.315505 -0.000002 0.000001 -20.289710 26.714325 -3.245699 -1.626978 -7.125020 0.000002 0.000000 0.082009 26.348942 -0.030837 0.000000 0.000000 0.000000 -18.162831 10.505619 -62.750330 -12.733942 20.896142 -2.357543 0.000002 -0.000001 -16.091151 -28.915894 -42.959663 20.629028 7.125020 -0.000002 0.000000 16.986108 -76.236680 -12.529700
8.804640 16.430041 -24.403735 -30.693062 -50.716270 40.662537 0.000000 0.000000 0.000000 7.889144 16.714005 -63.978059 10.790117 16.205122 66.569752 0.083728 -5.698041 -28.579576 3.338797 11.224284 33.040069 0.000000 0.000000 0.000000 21.966657 -11.307158 -8.352454 -1.783086 -8.579943 23.480337 -3.336559 -11.245388 -39.656354 -1.170621 6.867784 -19.324257 0.730294 2.419325 8.481475 -4.696167 3.000267 -0.344292 -5.705475 1.385356 -4.827973 5.415452 10.186294 -3.198802 -12.219903 13.049196 -6.370019 -4.745608 6.549279 -0.210146 0.000000 0.000000 0.000000 15.228628 -12.172857 -13.284290 12.424741 -20.438558 -2.248412 -0.000002 0.000001 -19.420879 26.910946 -3.267775 -1.655367 -7.125020 0.000002 0.000000 0.228795 26.317077 -0.101360 0.000000 0.000000 0.000000 -19.220304 11.095703 -63.247480 -12.824822 21.030002 -2.390057 0.000002 -0.000001 -16.124589 -29.020087 -42.866695 20.677178 7.125020 -0.000002 0.000000 16.622002 -76.193006 -12.242981
8.796010 16.342591 -24.283185 -30.624099 -49.977738 40.811040 0.000000 0.000000 0.000000 7.410628 16.821152 -65.394973 11.075106 16.134992 68.112611 -0.016279 -5.564977 -29.515479 3.305228 11.173487 32.867227 0.000000 0.000000 0.000000 21.922235 -11.538036 -8.826143 -1.941056 -8.927608 24.529025 -3.354973 -10.992716 -39.771340 -1.288738 7.193278 -20.289248 0.478752 2.408457 8.772969 -4.919304 2.939709 -0.191961 -5.803793 1.357068 -4.839848 5.303642 10.037027 -3.261237 -12.087705 12.848461 -6.424645 -4.682902 6.450854 -0.254309 0.000000 0.000000 0.000000 15.011765 -12.956079 -15.316853 12.105824 -19.963154 -2.138285 -0.000002 0.000001 -17.531948 27.000505 -3.483564 -1.773055 -7.125020 0.000002 0.000000 0.290259 26.071732 -0.132821 0.000000 0.000000 0.000000 -20.320078 11.755298 -63.912548 -12.908558 21.153085 -2.420190 0.000002 -0.000000 -16.128992 -29.128260 -42.770069 20.726847 7.125020 -0.000002 0.000000 16.245857 -76.147041 -11.947449
8.786432 16.252204 -24.159439 -30.608219 -49.223126 41.028863 0.000000 0.000000 0.000000 6.981669 16.888322 -66.807332 11.371257 16.069007 69.677652 -0.079021 -5.406598 -30.555102 3.224678 11.050173 32.449277 0.000000 0.000000 0.000000 21.922615 -11.764888 -9.265841 -2.089001 -9.233072 25.488477 -3.352647 -10.799116 -39.914393 -1.418200 7.531379 -21.299503 0.258962 2.400356 9.047875 -5.145743 2.884509 -0.038644 -5.923859 1.330830 -4.838945 5.203206 9.879279 -3.332665 -11.952760 12.633597 -6.515310 -4.624274 6.345524 -0.309134 0.000000 0.000000 0.000000 14.769671 -13.897970 -17.959059 11.719451 -19.382568 -2.008210 -0.000002 0.000001 -15.065429 27.056542 -3.805948 -1.942377 -7.125020 0.000002 0.000000 0.323220 25.707722 -0.151749 0.000000 0.000000 0.000000 -21.408475 12.445770 -64.670500 -13.001857 21.289935 -2.453962 0.000002 -0.000000 -16.180650 -29.270733 -42.669287 20.801491 7.125020 -0.000002 0.000000 15.808668 -76.109857 -11.610433
8.776064 16.159583 -24.032779 -30.618954 -48.441158 41.303332 0.000000 0.000000 0.000000 6.599852 16.883792 -68.219186 11.683217 16.018509 71.248683 -0.086900 -5.275426 -31.702846 3.132661 10.906769 31.966100 0.000000 0.000000 0.000000 21.968378 -11.966580 -9.665485 -2.221989 -9.489366 26.342514 -3.333812 -10.665338 -40.119714 -1.547400 7.851787 -22.264808 0.071816 2.399266 9.309678 -5.394635 2.839326 0.111013 -6.087658 1.308437 -4.830617 5.168325 9.701865 -3.411837 -11.816521 12.388603 -6.650093 -4.580975 6.224466 -0.374851 0.000000 0.000000 0.000000 14.602485 -14.954379 -20.809357 11.323043 -18.781716 -1.878613 -0.000002 0.000001 -12.481823 27.145519 -4.153453 -2.128105 -7.125020 0.000002 0.000000 0.379347 25.313760 -0.182377 0.000000 0.000000 0.000000 -22.422942 13.123648 -65.440739 -13.117234 21.458747 -2.496013 0.000002 -0.000000 -16.327793 -29.458253 -42.562450 20.908767 7.125020 -0.000002 0.000000 15.288971 -76.083722 -11.216757
8.764943 16.065586 -23.903354 -30.617073 -47.626826 41.607101 0.000000 0.000000 0.000000 6.245768 16.771303 -69.627392 12.019260 15.998569 72.811504 -0.021976 -5.177190 -32.958277 3.039436 10.758619 31.470070 0.000000 0.000000 0.000000 22.047383 -12.138193 -10.019818 -2.335896 -9.692743 27.077200 -3.300386 -10.607054 -40.400340 -1.669086 8.139827 -23.139590 -0.104239 2.402366 9.567404 -5.672913 2.797479 0.253279 -6.290149 1.286641 -4.825275 5.202599 9.502881 -3.500721 -11.665261 12.111591 -6.826160 -4.548294 6.086424 -0.450885 0.000000 0.000000 0.000000 14.555238 -16.077928 -23.615872 10.947400 -18.207579 -1.759451 -0.000002 0.000001 -10.067731 27.294985 -4.479148 -2.309552 -7.125020 0.000002 0.000000 0.480582 24.941161 -0.235295 0.000000 0.000000 0.000000 -23.340553 13.777937 -66.180909 -13.253863 21.658047 -2.546218 0.000002 -0.000000 -16.564593 -29.680296 -42.446051 21.039172 7.125020 -0.000002 0.000000 14.695914 -76.061317 -10.770895
8.752910 15.971104 -23.771001 -30.575345 -46.779388 41.917141 0.000000 0.000000 0.000000 5.912351 16.544601 -71.011658 12.369964 15.999870 74.345800 0.101013 -5.103168 -34.294519 2.943399 10.602856 30.951893 0.000000 0.000000 0.000000 22.148352 -12.283387 -10.321654 -2.427774 -9.842604 27.682163 -3.251070 -10.646528 -40.747070 -1.784331 8.401615 -23.940722 -0.297603 2.400616 9.829731 -5.969242 2.744210 0.386479 -6.501616 1.258684 -4.833090 5.256202 9.292134 -3.597046 -11.482182 11.817716 -7.034756 -4.510027 5.939661 -0.537744 0.000000 0.000000 0.000000 14.619129 -17.224969 -26.285734 10.595194 -17.665131 -1.650984 -0.000002 0.000001 -7.918112 27.488983 -4.767966 -2.477941 -7.125020 0.000002 0.000000 0.615576 24.607434 -0.305145 0.000000 0.000000 0.000000 -24.198009 14.444594 -66.926682 -13.393781 21.861460 -2.598087 0.000002 -0.000001 -16.807747 -29.915774 -42.319796 21.176106 7.125020 -0.000002 0.000000 14.062963 -76.034221 -10.295196
8.739733 15.876942 -23.635354 -30.487755 -45.894363 42.226123 0.000000 0.000000 0.000000 5.611240 16.206370 -72.352810 12.724961 16.011965 75.835098 0.257460 -5.084696 -35.645234 2.858183 10.461861 30.485706 0.000000 0.000000 0.000000 22.270660 -12.398168 -10.559988 -2.495716 -9.939895 28.151001 -3.185428 -10.784520 -41.143154 -1.893920 8.641530 -24.680267 -0.521818 2.384822 10.100566 -6.265338 2.666652 0.510872 -6.693198 1.218723 -4.858990 5.269963 9.080663 -3.693992 -11.257883 11.523906 -7.268352 -4.451211 5.793740 -0.636987 0.000000 0.000000 0.000000 14.772904 -18.370733 -28.815318 10.252325 -17.133297 -1.548456 -0.000002 0.000001 -6.023368 27.691436 -5.015637 -2.627316 -7.125020 0.000002 0.000000 0.757764 24.319135 -0.378749 0.000000 0.000000 0.000000 -25.060141 15.173923 -67.775146 -13.509249 22.028804 -2.641240 0.000002 -0.000001 -16.924876 -30.144205 -42.185469 21.304162 7.125020 -0.000002 0.000000 13.427769 -75.996183 -9.815984
8.725300 15.783762 -23.496086 -30.364640 -44.960343 42.543627 0.000000 0.000000 0.000000 5.371644 15.764227 -73.643612 13.075253 16.025154 77.270861 0.418820 -5.201684 -36.911611 2.817223 10.393122 30.259391 0.000000 0.000000 0.000000 22.425640 -12.464458 -10.724280 -2.538642 -9.985906 28.480985 -3.106546 -10.990344 -41.575898 -1.989889 8.844983 -25.311606 -0.768326 2.350199 10.377877 -6.549628 2.560187 0.628906 -6.856464 1.164667 -4.900034 5.217340 8.872181 -3.793638 -10.992168 11.236414 -7.519347 -4.366112 5.652090 -0.746722 0.000000 0.000000 0.000000 15.013672 -19.516772 -31.253352 9.901025 -16.584608 -1.446571 -0.000002 0.000001 -4.329587 27.873112 -5.213608 -2.749575 -7.125020 0.000002 0.000000 0.886004 24.087534 -0.445081 0.000000 0.000000 0.000000 -25.969294 15.978131 -68.799930 -13.580546 22.131894 -2.668041 0.000002 -0.000001 -16.833847 -30.350058 -42.041281 21.410436 7.125020 -0.000002 0.000000 12.813829 -75.939572 -9.348926
8.709707 15.692128 -23.353023 -30.223462 -43.962222 42.890692 0.000000 0.000000 0.000000 5.230370 15.225167 -74.890188 13.415876 16.033448 78.653087 0.560174 -5.542360 -37.985714 2.852078 10.451656 30.452066 0.000000 0.000000 0.000000 22.632513 -12.459357 -10.812945 -2.556495 -9.982799 28.673396 -3.018439 -11.221234 -42.031173 -2.058300 8.986472 -25.753019 -1.015243 2.296712 10.655121 -6.820625 2.427928 0.745458 -7.002131 1.098003 -4.946272 5.113371 8.663391 -3.916020 -10.692442 10.950965 -7.775807 -4.258556 5.511534 -0.858296 0.000000 0.000000 0.000000 15.353275 -20.681181 -33.695100 9.532182 -16.004498 -1.343082 -0.000002 0.000001 -2.754360 28.012065 -5.348611 -2.834649 -7.125020 0.000002 0.000000 0.984830 23.928946 -0.495682 0.000000 0.000000 0.000000 -26.916546 16.807844 -69.974384 -13.610845 22.175649 -2.679466 0.000002 -0.000001 -16.582867 -30.521328 -41.880865 21.483055 7.125020 -0.000002 0.000000 12.231154 -75.853842 -8.899203
8.693170 15.602577 -23.205955 -30.082908 -42.887014 43.290970 0.000000 0.000000 0.000000 5.222388 14.593261 -76.103527 13.746740 16.035922 79.987317 0.663400 -6.148029 -38.776016 2.967260 10.641862 31.081337 0.000000 0.000000 0.000000 22.910857 -12.367202 -10.834466 -2.550725 -9.934987 28.735078 -2.923017 -11.439921 -42.482599 -2.085869 9.042693 -25.928967 -1.238737 2.228476 10.925871 -7.082715 2.278714 0.866248 -7.149192 1.022940 -4.986010 4.998101 8.448196 -4.086412 -10.371468 10.658615 -8.026169 -4.138681 5.365931 -0.960928 0.000000 0.000000 0.000000 15.802422 -21.884788 -36.254490 9.152230 -15.402708 -1.240242 -0.000002 0.000002 -1.209481 28.074767 -5.403270 -2.869155 -7.125020 0.000002 0.000000 1.030135 23.864799 -0.517924 0.000000 0.000000 0.000000 -27.853430 17.582081 -71.189884 -13.621268 22.190693 -2.683401 0.000002 -0.000000 -16.308969 -30.652131 -41.700061 21.515796 7.125020 -0.000002 0.000000 11.684819 -75.732804 -8.469718
8.675816 15.515673 -23.054193 -29.963146 -41.730253 43.761374 0.000000 0.000000 0.000000 5.375233 13.873999 -77.283522 14.071466 16.036284 81.279176 0.718400 -6.966844 -39.235997 3.124684 10.894206 31.923912 0.000000 0.000000 0.000000 23.272691 -12.182929 -10.795611 -2.524271 -9.849444 28.678072 -2.819184 -11.622882 -42.889873 -2.065826 9.001864 -25.801160 -1.419427 2.154304 11.190808 -7.340887 2.126808 0.995464 -7.316119 0.946290 -5.012771 4.914006 8.221014 -4.307828 -10.045641 10.350314 -8.273975 -4.020115 5.209819 -1.052553 0.000000 0.000000 0.000000 16.365056 -23.145463 -39.016388 8.780304 -14.809609 -1.143313 -0.000002 0.000002 0.362189 28.013805 -5.349413 -2.833259 -7.125020 0.000002 0.000000 0.987421 23.928987 -0.494570 0.000000 0.000000 0.000000 -28.729933 18.239755 -72.338878 -13.632333 22.206659 -2.687581 0.000002 -0.000000 -16.125614 -30.754164 -41.508517 21.521481 7.125020 -0.000002 0.000000 11.175448 -75.589863 -8.064813
8.657591 15.432100 -22.896484 -29.881378 -40.498160 44.304134 0.000000 0.000000 0.000000 5.703361 13.076722 -78.410000 14.393934 16.040043 82.528396 0.723992 -7.853305 -39.382125 3.248095 11.086232 32.571252 0.000000 0.000000 0.000000 23.717776 -11.909867 -10.691610 -2.480659 -9.734499 28.514630 -2.703652 -11.769456 -43.208025 -2.002165 8.870584 -25.391330 -1.548654 2.085151 11.461328 -7.597269 1.987502 1.135089 -7.513048 0.875391 -5.028823 4.888873 7.978575 -4.550590 -9.732500 10.019468 -8.544973 -3.916815 5.040387 -1.144960 0.000000 0.000000 0.000000 17.040314 -24.475130 -42.014932 8.439836 -14.263286 -1.057856 -0.000002 0.000002 1.971030 27.788166 -5.147753 -2.703920 -7.125020 0.000002 0.000000 0.826515 24.166758 -0.411950 0.000000 0.000000 0.000000 -29.523576 18.763430 -73.367322 -13.653144 22.236677 -2.695452 0.000002 -0.000000 -16.069293 -30.856339 -41.333147 21.533046 7.125020 -0.000002 0.000000 10.702361 -75.461332 -7.692448
8.638430 15.352775 -22.731729 -29.834122 -39.202153 44.904938 0.000000 0.000000 0.000000 6.198467 12.205382 -79.459471 14.714725 16.050670 83.727275 0.686722 -8.639792 -39.277141 3.260648 11.105490 32.636476 0.000000 0.000000 0.000000 24.231853 -11.559431 -10.516158 -2.422978 -9.598398 28.251293 -2.574709 -11.900113 -43.400089 -1.904793 8.664883 -24.752534 -1.638612 2.025619 11.753884 -7.850546 1.864776 1.285179 -7.732932 0.812261 -5.043390 4.927510 7.721515 -4.776292 -9.444500 9.665030 -8.872261 -3.837542 4.858323 -1.255294 0.000000 0.000000 0.000000 17.823814 -25.870352 -45.242910 8.151066 -13.797447 -0.987847 -0.000002 0.000002 3.587428 27.382945 -4.762049 -2.465605 -7.125020 0.000002 0.000000 0.535246 24.617401 -0.267729 0.000000 0.000000 0.000000 -30.244692 19.172434 -74.280740 -13.682753 22.279361 -2.706667 0.000002 -0.000001 -16.117878 -30.979907 -41.204258 21.578880 7.125020 -0.000002 0.000000 10.278620 -75.384196 -7.369367
8.618392 15.278793 -22.559565 -29.788760 -37.854058 45.543533 0.000000 0.000000 0.000000 6.824961 11.253112 -80.431397 15.030284 16.068289 84.862946 0.617308 -9.230140 -38.991473 3.135729 10.911595 31.982308 0.000000 0.000000 0.000000 24.789153 -11.151481 -10.279466 -2.353327 -9.448328 27.886198 -2.434518 -12.045345 -43.437888 -1.780862 8.393880 -23.916967 -1.725809 1.969253 12.077812 -8.097790 1.745049 1.443767 -7.949684 0.750663 -5.066619 5.016236 7.453842 -4.967488 -9.182352 9.291835 -9.274496 -3.781937 4.666823 -1.393742 0.000000 0.000000 0.000000 18.708768 -27.306111 -48.661289 7.925790 -13.432501 -0.934817 -0.000002 0.000002 5.148029 26.819470 -4.176707 -2.120208 -7.125020 0.000002 0.000000 0.126369 25.294215 -0.074214 0.000000 0.000000 0.000000 -30.922872 19.503970 -75.123971 -13.717232 22.329023 -2.719753 0.000002 -0.000001 -16.221881 -31.118862 -41.139811 21.661562 7.125020 -0.000002 0.000000 9.939223 -75.373830 -7.122504
8.597551 15.211235 -22.380074 -29.701832 -36.465747 46.211727 0.000000 0.000000 0.000000 7.531424 10.213842 -81.354429 15.334161 16.091156 85.918658 0.527224 -9.632344 -38.580101 2.910288 10.548390 30.771486 0.000000 0.000000 0.000000 25.363082 -10.710088 -10.012028 -2.272528 -9.289078 27.409252 -2.285673 -12.241585 -43.292886 -1.632496 8.054525 -22.879815 -1.858359 1.904565 12.426730 -8.335360 1.607130 1.606970 -8.127354 0.680941 -5.102900 5.134508 7.178773 -5.134106 -8.930977 8.905344 -9.747769 -3.740659 4.468431 -1.559489 0.000000 0.000000 0.000000 19.687834 -28.745829 -52.210556 7.764528 -13.170449 -0.897715 -0.000002 0.000002 6.570205 26.157629 -3.408923 -1.690623 -7.125020 0.000002 0.000000 -0.360074 26.172020 0.142520 0.000000 0.000000 0.000000 -31.585380 19.790664 -75.939987 -13.757910 22.387561 -2.735226 0.000002 -0.000001 -16.330471 -31.248843 -41.142244 21.763440 7.125020 -0.000002 0.000000 9.725357 -75.424012 -6.978848
8.575906 15.151021 -22.193505 -29.540487 -35.044548 46.919906 0.000000 0.000000 0.000000 8.269754 9.092616 -82.274101 15.618683 16.117437 86.875031 0.427521 -9.920081 -38.085689 2.650345 10.106278 29.321581 0.000000 0.000000 0.000000 25.939002 -10.257364 -9.753945 -2.179865 -9.121063 26.803446 -2.129518 -12.522843 -42.940069 -1.453180 7.619713 -21.564838 -2.077379 1.821588 12.783529 -8.556541 1.433307 1.769924 -8.230183 0.595307 -5.150597 5.260672 6.896810 -5.303362 -8.660892 8.508854 -10.271598 -3.697554 4.263863 -1.743895 0.000000 0.000000 0.000000 20.752439 -30.156083 -55.831399 7.658737 -12.998176 -0.873765 -0.000001 0.000002 7.777684 25.484105 -2.510274 -1.215609 -7.125020 0.000002 0.000000 -0.863636 27.187757 0.349428 0.000000 0.000000 0.000000 -32.245017 20.046634 -76.735472 -13.815539 22.470391 -2.757214 0.000002 -0.000001 -16.414457 -31.351558 -41.203862 21.867510 7.125020 -0.000002 0.000000 9.654584 -75.520842 -6.947731
8.553434 15.098882 -22.000255 -29.289368 -33.588285 47.682939 0.000000 0.000000 0.000000 9.005420 7.905709 -83.229688 15.876243 16.145938 87.712361 0.329393 -10.175569 -37.552910 2.409363 9.671212 27.918442 0.000000 0.000000 0.000000 26.515908 -9.810545 -9.538716 -2.072947 -8.938867 26.045077 -1.969378 -12.909047 -42.366280 -1.224936 7.019623 -19.773517 -2.406051 1.712898 13.139871 -8.749866 1.211289 1.929132 -8.228508 0.488537 -5.209653 5.376174 6.609177 -5.501779 -8.342631 8.107087 -10.824470 -3.636382 4.054404 -1.937163 0.000000 0.000000 0.000000 21.890359 -31.510140 -59.466135 7.597307 -12.898012 -0.860000 -0.000001 0.000002 8.703993 24.887157 -1.548207 -0.734700 -7.125020 0.000002 0.000000 -1.320118 28.263516 0.517227 0.000000 0.000000 0.000000 -32.901638 20.269570 -77.475716 -13.908167 22.603274 -2.792717 0.000002 -0.000001 -16.479315 -31.434926 -41.316083 21.976669 7.125020 -0.000002 0.000000 9.701365 -75.659005 -7.009987
8.530117 15.055331 -21.800484 -28.952098 -32.091778 48.505393 0.000000 0.000000 0.000000 9.713387 6.683099 -84.231658 16.099456 16.176058 88.410885 0.244662 -10.455141 -37.036968 2.212633 9.295608 26.724464 0.000000 0.000000 0.000000 26.958917 -9.361423 -9.475366 -1.938324 -8.676681 25.126758 -1.703237 -13.455727 -41.443552 -0.934746 6.158521 -17.245059 -2.849258 1.574946 13.510173 -8.902144 0.934783 2.083461 -8.103417 0.358053 -5.288046 5.477224 6.320736 -5.734556 -7.969557 7.708217 -11.400744 -3.551883 3.843434 -2.135284 0.000000 0.000000 0.000000 23.084516 -32.784696 -63.037514 7.571056 -12.855180 -0.854150 -0.000001 0.000002 9.276165 24.435440 -0.573385 -0.270731 -7.125020 0.000002 0.000000 -1.676631 29.343526 0.627453 0.000000 0.000000 0.000000 -33.547593 20.449880 -78.102011 -14.054919 22.813167 -2.849368 0.000002 -0.000001 -16.559307 -31.529641 -41.473991 22.112971 7.125020 -0.000002 0.000000 9.808780 -75.845001 -7.126446
8.506009 15.020616 -21.593893 -28.548446 -30.558403 49.389347 0.000000 0.000000 0.000000 10.368302 5.471755 -85.268541 16.280290 16.207270 88.948836 0.183999 -10.793684 -36.594767 2.071193 9.012820 25.835439 0.000000 0.000000 0.000000 27.326294 -8.941828 -9.420573 -1.776405 -8.341616 23.994264 -1.337436 -14.174517 -40.300698 -0.601542 4.964811 -13.808227 -3.402025 1.409955 13.918621 -9.003537 0.604744 2.229762 -7.847458 0.204675 -5.399347 5.584035 6.038362 -5.978591 -7.568908 7.320248 -12.015268 -3.455421 3.634639 -2.341562 0.000000 0.000000 0.000000 24.314072 -33.960377 -66.454136 7.570805 -12.854771 -0.854094 -0.000001 0.000002 9.433749 24.173847 0.396950 0.175563 -7.125020 0.000002 0.000000 -1.895785 30.411655 0.672345 0.000000 0.000000 0.000000 -34.173095 20.576253 -78.558887 -14.269327 23.118426 -2.933027 0.000002 -0.000001 -16.695531 -31.658076 -41.669036 22.290630 7.125020 -0.000002 0.000000 9.927830 -76.078812 -7.262149
8.481384 14.994690 -21.380213 -28.105162 -29.003135 50.352927 0.000000 0.000000 0.000000 10.942806 4.330168 -86.335977 16.409079 16.238283 89.301146 0.153265 -11.228979 -36.266021 2.002381 8.871034 25.392732 0.000000 0.000000 0.000000 27.615022 -8.513879 -9.358484 -1.587286 -7.922152 22.619691 -0.840007 -15.150653 -38.936214 -0.284765 3.431929 -9.483684 -4.057921 1.224459 14.373698 -9.050332 0.227599 2.357838 -7.461694 0.032129 -5.554804 5.732303 5.766753 -6.195574 -7.187027 6.945870 -12.694603 -3.367333 3.429201 -2.562154 0.000000 0.000000 0.000000 25.561147 -35.026419 -69.662542 7.581924 -12.872916 -0.856570 -0.000001 0.000002 9.192265 24.127535 1.360291 0.613697 -7.125020 0.000002 0.000000 -1.954059 31.469597 0.652478 0.000000 0.000000 0.000000 -34.768175 20.635755 -78.810485 -14.558575 23.527587 -3.047546 0.000002 -0.000001 -16.923315 -31.811766 -41.883944 22.496345 7.125020 -0.000002 0.000000 10.045840 -76.340736 -7.404138
8.456770 14.977170 -21.159472 -27.651470 -27.446675 51.432674 0.000000 0.000000 0.000000 11.416998 3.317441 -87.444286 16.475519 16.267365 89.441327 0.153008 -11.799270 -36.068245 2.028865 8.925944 25.563944 0.000000 0.000000 0.000000 27.826209 -8.015654 -9.298930 -1.375103 -7.411488 20.991986 -0.175153 -16.479623 -37.308635 -0.065391 1.649869 -4.538977 -4.806746 1.026213 14.859465 -9.044350 -0.186922 2.452904 -6.955775 -0.153970 -5.756912 5.948295 5.504958 -6.352115 -6.856861 6.580553 -13.465990 -3.300455 3.224781 -2.801360 0.000000 0.000000 0.000000 26.820474 -35.981852 -72.695748 7.582689 -12.874164 -0.856740 -0.000001 0.000002 8.685225 24.298148 2.297061 1.046226 -7.125020 0.000002 0.000000 -1.845279 32.500868 0.576936 0.000000 0.000000 0.000000 -35.322463 20.616361 -78.842382 -14.928037 24.045763 -3.196564 0.000002 -0.000001 -17.275294 -31.968852 -42.100588 22.705901 7.125020 -0.000002 0.000000 10.169533 -76.605350 -7.552145
8.432812 14.967066 -20.931566 -27.222997 -25.908290 52.670944 0.000000 0.000000 0.000000 11.788436 2.484974 -88.601083 16.472451 16.294296 89.347548 0.182679 -12.512524 -36.008389 2.160136 9.191961 26.397661 0.000000 0.000000 0.000000 27.968962 -7.397896 -9.273100 -1.148305 -6.809536 19.123454 0.685461 -18.232645 -35.262152 -0.000689 -0.169387 0.465395 -5.624526 0.822129 15.341676 -8.990637 -0.625616 2.503458 -6.351507 -0.346455 -5.995160 6.227451 5.246383 -6.429177 -6.574307 6.215852 -14.352867 -3.249444 3.017234 -3.062143 0.000000 0.000000 0.000000 28.100346 -36.829298 -75.660070 7.550621 -12.821827 -0.849609 -0.000001 0.000002 8.130335 24.655312 3.167482 1.464107 -7.125020 0.000002 0.000000 -1.587812 33.466006 0.463183 0.000000 0.000000 0.000000 -35.836439 20.519358 -78.682903 -15.378601 24.670879 -3.382399 0.000002 -0.000001 -17.761812 -32.124055 -42.306419 22.910270 7.125020 -0.000002 0.000000 10.284555 -76.858836 -7.692409
8.410158 14.962462 -20.695998 -26.861088 -24.400054 54.107427 0.000000 0.000000 0.000000 12.074627 1.870858 -89.806920 16.399206 16.321102 89.011050 0.242557 -13.336674 -36.084756 2.382562 9.621180 27.758496 0.000000 0.000000 0.000000 28.060738 -6.655015 -9.335496 -0.919483 -6.126636 17.058863 1.730085 -20.415269 -32.464616 -0.072003 -1.731108 4.763113 -6.467133 0.615522 15.769825 -8.895793 -1.072621 2.505700 -5.684607 -0.537729 -6.243198 6.534025 4.981965 -6.415781 -6.300109 5.845285 -15.375083 -3.195852 2.803262 -3.353004 0.000000 0.000000 0.000000 29.413039 -37.568272 -78.669302 7.472376 -12.694019 -0.832330 -0.000001 0.000002 7.741030 25.140813 3.941936 1.857692 -7.125020 0.000002 0.000000 -1.223054 34.334518 0.332428 0.000000 0.000000 0.000000 -36.336515 20.369920 -78.430114 -15.898057 25.382224 -3.602154 0.000002 -0.000001 -18.336466 -32.287631 -42.490763 23.113422 7.125020 -0.000002 0.000000 10.350246 -77.095126 -7.792675
8.389474 14.960653 -20.452422 -26.601522 -22.919358 55.778417 0.000000 0.000000 0.000000 12.312114 1.494094 -91.076245 16.262212 16.349865 88.444992 0.328573 -14.230307 -36.267160 2.668717 10.138410 29.426113 0.000000 0.000000 0.000000 28.128324 -5.828062 -9.572084 -0.703862 -5.387647 14.881639 2.843717 -22.915427 -28.437727 -0.187713 -2.790369 7.695661 -7.271103 0.400872 16.077020 -8.766495 -1.514967 2.461676 -5.001376 -0.723154 -6.461537 6.817288 4.703212 -6.301339 -5.978578 5.467650 -16.545495 -3.121382 2.581420 -3.693227 0.000000 0.000000 0.000000 30.765639 -38.194098 -81.794581 7.348376 -12.491163 -0.805296 -0.000001 0.000002 7.654534 25.689736 4.621315 2.226300 -7.125020 0.000002 0.000000 -0.800331 35.107083 0.202914 0.000000 0.000000 0.000000 -36.866478 20.210260 -78.220810 -16.465670 26.147983 -3.848893 0.000002 -0.000001 -18.914805 -32.460781 -42.643889 23.312446 7.125020 -0.000002 0.000000 10.341793 -77.305672 -7.831592
8.371499 14.958961 -20.201499 -26.464478 -21.441387 57.708870 0.000000 0.000000 0.000000 12.556353 1.352441 -92.449465 16.073897 16.380099 87.689834 0.425360 -15.182151 -36.477103 2.995875 10.688373 31.235961 0.000000 0.000000 0.000000 28.212888 -4.989641 -10.083158 -0.515274 -4.629750 12.701348 3.758025 -25.461086 -22.701659 -0.261308 -3.288675 9.083499 -7.959443 0.160336 16.197668 -8.606391 -1.949931 2.376542 -4.350439 -0.904702 -6.610537 7.024926 4.404599 -6.081335 -5.555518 5.087742 -17.860777 -3.012244 2.352486 -4.104126 0.000000 0.000000 0.000000 32.155787 -38.697596 -85.059300 7.189611 -12.230885 -0.771309 -0.000001 0.000002 7.913483 26.255910 5.223306 2.575134 -7.125020 0.000002 0.000000 -0.356029 35.801731 0.085437 0.000000 0.000000 0.000000 -37.463867 20.085590 -78.162656 -17.068820 26.948410 -4.118480 0.000002 -0.000001 -19.437832 -32.629578 -42.766124 23.496261 7.125020 -0.000002 0.000000 10.281309 -77.485586 -7.824145
8.357016 14.955839 -19.944968 -26.453073 -19.923019 59.888324 0.000000 0.000000 0.000000 12.872359 1.426814 -93.963859 15.850020 16.408542 86.806374 0.505314 -16.221178 -36.592118 3.356638 11.251144 33.131622 0.000000 0.000000 0.000000 28.367390 -4.225906 -10.940962 -0.363606 -3.901996 10.650018 4.116058 -27.619210 -15.036051 -0.278251 -3.392774 9.374249 -8.456373 -0.129055 16.105960 -8.414674 -2.385284 2.259257 -3.772737 -1.090049 -6.670232 7.106467 4.086168 -5.768889 -4.986932 4.717223 -19.289521 -2.852751 2.120918 -4.590355 0.000000 0.000000 0.000000 33.569171 -39.067951 -88.437865 7.012444 -11.939726 -0.734216 -0.000001 0.000002 8.471567 26.827627 5.761851 2.909155 -7.125020 0.000002 0.000000 0.100763 36.432832 -0.017930 0.000000 0.000000 0.000000 -38.148767 20.036163 -78.301496 -17.710412 27.784771 -4.413418 0.000002 -0.000001 -19.902197 -32.787831 -42.872025 23.665634 7.125020 -0.000002 0.000000 10.207402 -77.646250 -7.801799
8.346655 14.951518 -19.684521 -26.555992 -18.325682 62.250072 0.000000 0.000000 0.000000 13.308062 1.688191 -95.603361 15.605404 16.431371 85.855322 0.534917 -17.387433 -36.476333 3.752887 11.824104 35.112538 0.000000 0.000000 0.000000 28.635021 -3.624503 -12.143054 -0.251949 -3.254994 8.855683 3.695487 -28.913929 -5.770108 -0.281555 -3.412692 9.429912 -8.715063 -0.476110 15.843352 -8.190837 -2.826869 2.123942 -3.293502 -1.284782 -6.652714 7.026979 3.753741 -5.389587 -4.252861 4.371681 -20.771440 -2.628124 1.894086 -5.133716 0.000000 0.000000 0.000000 34.982634 -39.311699 -91.843019 6.836505 -11.649854 -0.698252 -0.000001 0.000002 9.198393 27.423866 6.241495 3.231501 -7.125020 0.000002 0.000000 0.586095 37.005568 -0.111763 0.000000 0.000000 0.000000 -38.921059 20.086173 -78.621377 -18.402433 28.669395 -4.740734 0.000002 -0.000001 -20.340497 -32.954767 -42.974145 23.841100 7.125020 -0.000002 0.000000 10.109247 -77.806903 -7.760090
8.340622 14.947684 -19.420461 -26.751110 -16.644414 64.684840 0.000000 0.000000 0.000000 13.866448 2.102228 -97.284179 15.351215 16.447016 84.879337 0.485693 -18.687253 -36.026801 4.180393 12.396661 37.150032 0.000000 0.000000 0.000000 29.018253 -3.257140 -13.606899 -0.177472 -2.734515 7.430101 2.647144 -29.086034 4.072162 -0.320214 -3.637386 10.058671 -8.743878 -0.860635 15.499465 -7.943548 -3.263404 1.988587 -2.920214 -1.483953 -6.591701 6.805325 3.415431 -4.956627 -3.391528 4.059500 -22.249162 -2.346256 1.676342 -5.709542 0.000000 0.000000 0.000000 36.380526 -39.474463 -95.139530 6.683496 -11.397181 -0.667686 -0.000001 0.000002 9.902458 28.072239 6.656622 3.540970 -7.125020 0.000002 0.000000 1.123075 37.514282 -0.202837 0.000000 0.000000 0.000000 -39.756459 20.229088 -79.053892 -19.156198 29.612301 -5.107802 0.000002 -0.000000 -20.787413 -33.162915 -43.062851 24.045263 7.125020 -0.000002 0.000000 9.903904 -77.971117 -7.635423
8.338606 14.946391 -19.151511 -27.008059 -14.919327 67.083840 0.000000 0.000000 0.000000 14.500539 2.627642 -98.894091 15.095727 16.457642 83.900988 0.346463 -20.069330 -35.216362 4.620645 12.943416 39.157019 0.000000 0.000000 0.000000 29.459894 -3.149554 -15.201708 -0.134125 -2.377162 6.461582 1.431956 -28.334735 13.053711 -0.427179 -4.194604 11.624805 -8.606811 -1.239819 15.159819 -7.697034 -3.665461 1.872679 -2.649457 -1.672185 -6.515652 6.531915 3.076947 -4.467926 -2.507497 3.771473 -23.695346 -2.048284 1.463225 -6.300423 0.000000 0.000000 0.000000 37.776798 -39.635044 -98.192571 6.571449 -11.211814 -0.645722 -0.000001 0.000002 10.385469 28.787524 6.987396 3.826586 -7.125020 0.000002 0.000000 1.723963 37.936405 -0.297029 0.000000 0.000000 0.000000 -40.609215 20.427643 -79.503273 -19.975093 30.612322 -5.518659 0.000002 -0.000000 -21.253447 -33.432192 -43.111888 24.283971 7.125020 -0.000002 0.000000 9.493440 -78.121956 -7.347547
8.339959 14.949086 -18.875617 -27.290604 -13.219592 69.367951 0.000000 0.000000 0.000000 15.136149 3.211947 -100.336287 14.845389 16.467711 82.930666 0.129617 -21.439420 -34.102612 5.046158 13.435588 41.021719 0.000000 0.000000 0.000000 29.849536 -3.257055 -16.768304 -0.115191 -2.201438 5.992885 0.474629 -27.259050 19.918925 -0.615285 -5.020191 13.966159 -8.394226 -1.566399 14.876541 -7.489006 -3.997037 1.794910 -2.478454 -1.830544 -6.434433 6.320188 2.737167 -3.946596 -1.707582 3.482664 -25.075962 -1.781131 1.242516 -6.883194 0.000000 0.000000 0.000000 39.225461 -39.881461 -100.920578 6.505159 -11.102015 -0.632895 -0.000001 0.000002 10.510428 29.569689 7.199948 4.066388 -7.125020 0.000002 0.000000 2.388399 38.231978 -0.399940 0.000000 0.000000 0.000000 -41.421610 20.629961 -79.870952 -20.851201 31.654247 -5.971659 0.000002 -0.000000 -21.714884 -33.762372 -43.101777 24.549378 7.125020 -0.000002 0.000000 8.830859 -78.240778 -6.855167
8.343913 14.956357 -18.590740 -27.566203 -11.611409 71.484911 0.000000 0.000000 0.000000 15.708533 3.797682 -101.539394 14.604144 16.480719 81.973527 -0.134642 -22.698432 -32.793998 5.430237 13.852512 42.649819 0.000000 0.000000 0.000000 30.057913 -3.476171 -18.117702 -0.115145 -2.198931 5.996894 -0.043233 -26.492621 23.987269 -0.859996 -5.913696 16.534219 -8.184210 -1.799037 14.680527 -7.359273 -4.223304 1.769629 -2.412492 -1.940922 -6.350743 6.258769 2.386254 -3.446619 -1.053224 3.159951 -26.327104 -1.574527 0.998277 -7.424444 0.000000 0.000000 0.000000 40.811920 -40.299870 -103.328624 6.471906 -11.046898 -0.626507 -0.000001 0.000002 10.249608 30.413870 7.259262 4.235311 -7.125020 0.000002 0.000000 3.111401 38.358726 -0.518218 0.000000 0.000000 0.000000 -42.131338 20.785399 -80.058726 -21.766344 32.711951 -6.459116 0.000002 -0.000001 -22.120665 -34.151711 -43.031990 24.839969 7.125020 -0.000002 0.000000 7.914623 -78.325802 -6.156316
8.349701 14.968111 -18.295233 -27.821735 -10.132211 73.398736 0.000000 0.000000 0.000000 16.190742 4.341926 -102.450360 14.373152 16.497417 81.033149 -0.411477 -23.776927 -31.403339 5.755040 14.186684 43.990513 0.000000 0.000000 0.000000 29.984303 -3.691263 -19.050261 -0.129706 -2.332125 6.368314 -0.121100 -26.363194 25.200116 -1.094957 -6.649600 18.681341 -8.019111 -1.904998 14.597021 -7.334346 -4.312660 1.802248 -2.461191 -1.987072 -6.273917 6.427210 2.009355 -2.983847 -0.606381 2.765298 -27.422814 -1.460373 0.712482 -7.913147 0.000000 0.000000 0.000000 42.620676 -40.969502 -105.494641 6.449112 -11.009103 -0.622147 -0.000001 0.000002 9.674377 31.309504 7.149081 4.316684 -7.125020 0.000002 0.000000 3.882252 38.295119 -0.657309 0.000000 0.000000 0.000000 -42.681458 20.857056 -79.970203 -22.697521 33.756381 -6.969489 0.000002 -0.000001 -22.408653 -34.611244 -42.920700 25.172347 7.125020 -0.000002 0.000000 6.758522 -78.397721 -5.265190
8.356602 14.983706 -17.988047 -28.071575 -8.786555 75.089896 0.000000 0.000000 0.000000 16.596440 4.832848 -103.032461 14.151303 16.516673 80.110084 -0.673149 -24.650641 -30.016256 6.016906 14.444706 45.049532 0.000000 0.000000 0.000000 29.587077 -3.814281 -19.403250 -0.154416 -2.544176 6.948204 0.170383 -26.828387 24.010923 -1.255718 -7.104023 20.023912 -7.907719 -1.871979 14.639172 -7.414722 -4.251950 1.885239 -2.621421 -1.961804 -6.219503 6.885689 1.596826 -2.500599 -0.455098 2.268124 -28.417179 -1.480008 0.373313 -8.377584 0.000000 0.000000 0.000000 44.667169 -41.929719 -107.478307 6.419086 -10.959300 -0.616426 -0.000001 0.000002 8.881148 32.228533 6.882174 4.308049 -7.125020 0.000002 0.000000 4.674930 38.052147 -0.816820 0.000000 0.000000 0.000000 -43.050583 20.851888 -79.547558 -23.624776 34.764946 -7.491523 0.000002 -0.000001 -22.523509 -35.146461 -42.801257 25.565043 7.125020 -0.000002 0.000000 5.413732 -78.489809 -4.225643
8.363994 15.001994 -17.668999 -28.350176 -7.557933 76.562353 0.000000 0.000000 0.000000 16.962480 5.289967 -103.272366 13.935234 16.537020 79.196649 -0.905758 -25.336628 -28.674902 6.227345 14.645096 45.887455 0.000000 0.000000 0.000000 28.883436 -3.788996 -19.092930 -0.183802 -2.777411 7.574619 0.727353 -27.657089 21.180540 -1.327748 -7.297093 20.598570 -7.840197 -1.729927 14.792659 -7.571871 -4.075797 1.995385 -2.860886 -1.880911 -6.202490 7.581887 1.157751 -1.924028 -0.627870 1.676414 -29.372442 -1.638542 -0.005546 -8.850342 0.000000 0.000000 0.000000 46.812284 -43.135341 -109.181836 6.380934 -10.895991 -0.609194 -0.000002 0.000002 7.898899 33.123861 6.493377 4.219249 -7.125020 0.000002 0.000000 5.448037 37.665995 -0.988572 0.000000 0.000000 0.000000 -43.289885 20.865036 -78.828945 -24.536575 35.726549 -8.017734 0.000002 -0.000001 -22.432358 -35.725093 -42.709262 26.006649 7.125020 -0.000002 0.000000 4.006515 -78.623633 -3.136379
8.371420 15.021428 -17.338953 -28.695909 -6.419075 77.848316 0.000000 0.000000 0.000000 17.332567 5.751496 -103.193541 13.720903 16.557295 78.280816 -1.109934 -25.880127 -27.379893 6.410814 14.814968 46.609015 0.000000 0.000000 0.000000 27.933554 -3.581540 -18.132721 -0.212434 -2.990218 8.130732 1.430653 -28.640855 17.500200 -1.337715 -7.323342 20.676902 -7.795246 -1.547625 15.012534 -7.762744 -3.864196 2.095933 -3.130294 -1.782132 -6.234532 8.313363 0.721456 -1.236306 -1.013412 1.049820 -30.271981 -1.869245 -0.380172 -9.326479 0.000000 0.000000 0.000000 48.759146 -44.483282 -110.299911 6.355648 -10.854014 -0.604424 -0.000002 0.000002 6.635916 33.943877 6.020261 4.064046 -7.125020 0.000002 0.000000 6.157609 37.176777 -1.160302 0.000000 0.000000 0.000000 -43.504667 21.064294 -77.937951 -25.428194 36.638451 -8.544134 0.000002 -0.000001 -22.137210 -36.276839 -42.664601 26.447574 7.125020 -0.000002 0.000000 2.715636 -78.791829 -2.134131
8.378637 15.040328 -16.999587 -29.138004 -5.334002 79.003137 0.000000 0.000000 0.000000 17.751071 6.258810 -102.857878 13.506386 16.576731 77.357186 -1.292963 -26.333913 -26.121612 6.594586 14.980773 47.323802 0.000000 0.000000 0.000000 26.825433 -3.189080 -16.627371 -0.236862 -3.164364 8.566781 2.173819 -29.661069 13.600306 -1.310173 -7.250535 20.459753 -7.739637 -1.389714 15.237696 -7.952681 -3.689073 2.148733 -3.398073 -1.700023 -6.321552 8.851361 0.320284 -0.483734 -1.423603 0.463444 -31.032732 -2.073408 -0.703312 -9.765936 0.000000 0.000000 0.000000 50.190808 -45.903360 -110.460956 6.384039 -10.901143 -0.609781 -0.000002 0.000002 4.898052 34.651938 5.478753 3.845228 -7.125020 0.000002 0.000000 6.771454 36.599839 -1.325014 0.000000 0.000000 0.000000 -43.783454 21.584009 -76.991334 -26.291603 37.495213 -9.064571 0.000002 -0.000001 -21.677246 -36.731932 -42.664161 26.828241 7.125020 -0.000002 0.000000 1.690882 -78.965379 -1.334622
8.385551 15.057333 -16.652893 -29.692340 -4.259285 80.090658 0.000000 0.000000 0.000000 18.259726 6.845301 -102.341127 13.290724 16.594909 76.422944 -1.456354 -26.732264 -24.920496 6.790865 15.153225 48.078859 0.000000 0.000000 0.000000 25.657966 -2.658574 -14.744399 -0.256533 -3.302011 8.892204 2.868469 -30.636863 9.949493 -1.240725 -7.063062 19.902331 -7.635031 -1.283429 15.411213 -8.121533 -3.573248 2.129325 -3.660529 -1.646437 -6.458931 9.079720 -0.026093 0.253981 -1.725554 -0.038422 -31.586878 -2.187871 -0.952009 -10.127408 0.000000 0.000000 0.000000 50.909312 -47.380180 -109.415192 6.514439 -11.117389 -0.634684 -0.000002 0.000002 2.463878 35.247556 4.842441 3.537135 -7.125020 0.000002 0.000000 7.281631 35.898911 -1.494876 0.000000 0.000000 0.000000 -44.171610 22.442117 -76.045552 -27.103962 38.278156 -9.563460 0.000002 -0.000001 -21.113241 -37.053882 -42.683810 27.107021 7.125020 -0.000002 0.000000 0.985062 -79.107345 -0.780820
8.392056 15.071895 -16.300920 -30.363230 -3.152755 81.170221 0.000000 0.000000 0.000000 18.891143 7.532524 -101.703645 13.069354 16.611130 75.460983 -1.590152 -27.077758 -23.836585 6.989126 15.322728 48.833188 0.000000 0.000000 0.000000 24.515233 -2.084029 -12.672217 -0.272997 -3.416152 9.147894 3.431769 -31.482785 6.926265 -1.106828 -6.684368 18.783589 -7.454601 -1.228650 15.488714 -8.252487 -3.505335 2.033349 -3.917301 -1.617084 -6.627049 8.988065 -0.308936 0.881883 -1.879205 -0.448217 -31.922345 -2.197645 -1.125980 -10.385876 0.000000 0.000000 0.000000 50.841213 -48.882812 -107.096225 6.785443 -11.565591 -0.687979 -0.000002 0.000001 -0.807287 35.790422 4.027868 3.067802 -7.125020 0.000002 0.000000 7.716534 34.963953 -1.718233 0.000000 0.000000 0.000000 -44.709349 23.562735 -75.132353 -27.828540 38.957910 -10.015699 0.000002 -0.000001 -20.502630 -37.240747 -42.685015 27.264607 7.125020 -0.000002 0.000000 0.551396 -79.179408 -0.438604
8.397869 15.084546 -15.945772 -31.146547 -1.985141 82.292160 0.000000 0.000000 0.000000 19.662144 8.331867 -100.980361 12.832316 16.624379 74.431528 -1.675004 -27.341922 -22.949761 7.164117 15.468548 49.492324 0.000000 0.000000 0.000000 23.442937 -1.572932 -10.580840 -0.288243 -3.520007 9.374960 3.795460 -32.128504 4.805729 -0.909381 -6.076675 17.007052 -7.195803 -1.220105 15.432249 -8.327629 -3.470153 1.872991 -4.153567 -1.605414 -6.790383 8.606715 -0.523893 1.304810 -1.895384 -0.775276 -32.070758 -2.111791 -1.233685 -10.532027 0.000000 0.000000 0.000000 49.990119 -50.326963 -103.625321 7.218039 -12.277532 -0.777343 -0.000002 0.000001 -4.836759 36.419216 2.879356 2.295451 -7.125020 0.000002 0.000000 8.146925 33.585460 -2.096875 0.000000 0.000000 0.000000 -45.450418 24.838026 -74.298259 -28.430733 39.509755 -10.396584 0.000002 -0.000001 -19.878252 -37.315316 -42.634996 27.305168 7.125020 -0.000002 0.000000 0.291311 -79.158009 -0.232281
8.402437 15.096833 -15.589448 -32.032246 -0.739473 83.493756 0.000000 0.000000 0.000000 20.577048 9.245774 -100.181207 12.567251 16.635263 73.277476 -1.683818 -27.466997 -22.340378 7.284603 15.566943 49.942675 0.000000 0.000000 0.000000 22.450087 -1.202868 -8.591887 -0.303491 -3.620967 9.596649 3.934354 -32.555517 3.685705 -0.697086 -5.337039 14.872402 -6.874842 -1.252629 15.210140 -8.336181 -3.457144 1.666766 -4.350694 -1.606486 -6.909347 8.010824 -0.674891 1.473214 -1.815747 -1.036755 -32.100572 -1.957874 -1.290212 -10.580854 0.000000 0.000000 0.000000 48.427355 -51.614272 -99.296805 7.815382 -13.253159 -0.909337 -0.000002 0.000001 -9.240343 37.353403 1.170259 0.988682 -7.125020 0.000002 0.000000 8.680168 31.444490 -2.792738 0.000000 0.000000 0.000000 -46.426715 26.167562 -73.595755 -28.895812 39.927941 -10.693782 0.000002 -0.000001 -19.232676 -37.317946 -42.533267 27.262291 7.125020 -0.000002 0.000000 0.114704 -79.058033 -0.091809
8.405033 15.111018 -15.233344 -33.005049 0.602701 84.787595 0.000000 0.000000 0.000000 21.643225 10.261915 -99.285684 12.264196 16.648411 71.936860 -1.584269 -27.379274 -22.071950 7.319971 15.595521 50.074348 0.000000 0.000000 0.000000 21.535636 -0.999008 -6.759097 -0.319002 -3.720548 9.817873 3.875125 -32.802960 3.480725 -0.531333 -4.670926 12.972316 -6.507391 -1.318333 14.813557 -8.279775 -3.457336 1.430969 -4.503395 -1.615859 -6.960256 7.341884 -0.780892 1.422885 -1.708960 -1.259909 -32.112811 -1.783960 -1.321159 -10.579516 0.000000 0.000000 0.000000 46.275661 -52.666982 -94.447937 8.565068 -14.464606 -1.088923 -0.000002 0.000001 -13.422844 38.862148 -1.314846 -1.143460 -7.125020 0.000002 0.000000 9.440992 28.197214 -3.999022 0.000000 0.000000 0.000000 -47.614275 27.479123 -73.064222 -29.234614 40.228244 -10.911915 0.000002 -0.000000 -18.517491 -37.295336 -42.414416 27.190653 7.125020 -0.000002 0.000000 -0.028116 -78.931474 0.021551
8.404992 15.129650 -14.877806 -34.043220 2.067557 86.154826 0.000000 0.000000 0.000000 22.853376 11.534256 -98.205586 11.796612 16.486517 70.357704 -1.544639 -27.031626 -22.187132 7.252129 15.540582 49.821569 0.000000 0.000000 0.000000 20.708115 -0.944784 -5.072809 -0.334501 -3.817424 10.034175 3.675022 -32.946964 4.006427 -0.441179 -4.261904 11.814682 -6.096320 -1.406997 14.269269 -8.168034 -3.462616 1.179714 -4.621775 -1.629585 -6.942860 6.760584 -0.873541 1.250712 -1.639172 -1.482577 -32.213484 -1.638541 -1.359759 -10.591672 0.000000 0.000000 0.000000 43.672170 -53.417296 -89.316510 9.448742 -15.872701 -1.320168 -0.000002 0.000001 -16.801994 41.180019 -4.572372 -4.315110 -7.125020 0.000002 0.000000 10.538300 23.721340 -5.856243 0.000000 0.000000 0.000000 -48.949634 28.723171 -72.727664 -29.471446 40.436014 -11.065197 0.000002 -0.000000 -17.673497 -37.286765 -42.320987 27.142216 7.125020 -0.000002 0.000000 -0.159751 -78.835455 0.125641
8.401960 15.155084 -14.522313 -35.118361 3.677880 87.561143 0.000000 0.000000 0.000000 24.303790 12.888503 -96.963524 11.262022 16.283125 68.534807 -1.450284 -26.378086 -22.582690 7.085078 15.403118 49.195364 0.000000 0.000000 0.000000 19.979449 -1.006029 -3.496928 -0.349880 -3.911444 10.243696 3.396070 -33.074039 5.052382 -0.426570 -4.191646 11.616465 -5.635355 -1.507789 13.627090 -8.012792 -3.465688 0.927032 -4.723073 -1.644212 -6.870526 6.372183 -0.988799 1.049803 -1.629015 -1.748643 -32.480072 -1.544268 -1.438826 -10.669970 0.000000 0.000000 0.000000 40.787924 -53.799170 -84.095008 10.447368 -17.436285 -1.606407 -0.000002 0.000001 -19.005212 44.373375 -8.207789 -8.475346 -7.125020 0.000002 0.000000 12.016522 18.359685 -8.358155 0.000000 0.000000 0.000000 -50.376335 29.841032 -72.596815 -29.620240 40.565650 -11.161833 0.000002 -0.000000 -16.671695 -37.316715 -42.274505 27.147129 7.125020 -0.000002 0.000000 -0.304545 -78.800644 0.239974
8.395963 15.189212 -14.166068 -36.199244 5.438164 88.980834 0.000000 0.000000 0.000000 26.054020 14.269252 -95.481749 10.652040 16.026739 66.427572 -1.315470 -25.425658 -23.187937 6.841858 15.197267 48.273663 0.000000 0.000000 0.000000 19.348632 -1.145578 -2.008212 -0.365852 -4.006880 10.456559 3.092842 -33.253258 6.377959 -0.484768 -4.464617 12.387605 -5.123450 -1.609685 12.935526 -7.826720 -3.459624 0.685491 -4.822368 -1.656241 -6.757316 6.196681 -1.156723 0.865799 -1.654486 -2.095958 -32.942072 -1.492065 -1.581559 -10.837755 0.000000 0.000000 0.000000 37.875437 -53.776372 -79.061831 11.539782 -19.110882 -1.948984 -0.000002 0.000001 -20.009462 48.233937 -11.615320 -13.287340 -7.125020 0.000002 0.000000 13.800704 12.780574 -11.340508 0.000000 0.000000 0.000000 -51.860733 30.747811 -72.664449 -29.677351 40.615225 -11.198993 0.000002 -0.000000 -15.524327 -37.399414 -42.265213 27.212998 7.125020 -0.000002 0.000000 -0.513033 -78.822621 0.404666
8.387249 15.233546 -13.808284 -37.258302 7.327378 90.402644 0.000000 0.000000 0.000000 28.173998 15.608699 -93.660045 9.954678 15.700670 63.976381 -1.145962 -24.198615 -23.950124 6.557323 14.947498 47.179493 0.000000 0.000000 0.000000 18.793084 -1.324443 -0.602594 -0.383932 -4.111849 10.693335 2.816336 -33.529281 7.674730 -0.625964 -5.062766 14.087670 -4.581228 -1.700214 12.231367 -7.623830 -3.437193 0.464393 -4.924063 -1.661306 -6.613205 6.172184 -1.393428 0.691563 -1.659123 -2.542778 -33.571313 -1.448336 -1.793940 -11.082148 0.000000 0.000000 0.000000 35.220724 -53.376885 -74.532298 12.714205 -20.867029 -2.350507 -0.000002 0.000001 -20.188607 52.333448 -14.424071 -18.368479 -7.125020 0.000002 0.000000 15.689787 7.482315 -14.559505 0.000000 0.000000 0.000000 -53.346440 31.350883 -72.881378 -29.653305 40.594365 -11.183343 0.000002 -0.000000 -14.268279 -37.550728 -42.259653 27.338233 7.125020 -0.000002 0.000000 -0.876962 -78.873775 0.692177
8.375951 15.289257 -13.448187 -38.275619 9.303688 91.824374 0.000000 0.000000 0.000000 30.749292 16.825207 -91.367561 9.156971 15.282383 61.106248 -0.928881 -22.729782 -24.875668 6.271521 14.686404 46.061943 0.000000 0.000000 0.000000 18.274031 -1.497822 0.719495 -0.405650 -4.233759 10.972721 2.622828 -33.945106 8.575925 -0.877236 -5.971150 16.700738 -4.053580 -1.767210 11.536918 -7.417054 -3.392453 0.267722 -5.017664 -1.654875 -6.444451 6.165233 -1.699822 0.490069 -1.568749 -3.083007 -34.285537 -1.362826 -2.062445 -11.358206 0.000000 0.000000 0.000000 33.031279 -52.696546 -70.727093 13.974305 -22.697960 -2.818186 -0.000002 0.000001 -20.111625 56.232528 -16.679189 -23.513543 -7.125020 0.000002 0.000000 17.440719 2.535409 -17.773707 0.000000 0.000000 0.000000 -54.696331 31.615727 -73.155343 -29.616218 40.562157 -11.159218 0.000002 -0.000000 -12.913284 -37.787539 -42.212447 27.516675 7.125020 -0.000002 0.000000 -1.508848 -78.914647 1.190992
8.361808 15.356873 -13.085056 -39.236687 11.324495 93.251789 0.000000 0.000000 0.000000 33.872528 17.819347 -88.415180 8.228008 14.730043 57.655064 -0.641795 -21.037285 -26.031040 6.017623 14.445400 45.052412 0.000000 0.000000 0.000000 17.757622 -1.621273 1.960321 -0.431615 -4.374492 11.298945 2.567677 -34.545887 8.751601 -1.273758 -7.152942 20.169270 -3.587974 -1.808915 10.853607 -7.212612 -3.330079 0.090038 -5.082584 -1.637528 -6.255746 6.010071 -2.063114 0.233888 -1.313963 -3.686560 -34.974452 -1.183989 -2.357404 -11.607004 0.000000 0.000000 0.000000 31.395930 -51.883658 -67.799553 15.303178 -24.566756 -3.350977 -0.000002 0.000000 -20.124269 59.649405 -18.607888 -28.632402 -7.125020 0.000002 0.000000 18.884573 -2.181328 -20.778809 0.000000 0.000000 0.000000 -55.733938 31.638652 -73.432264 -29.674351 40.612626 -11.197040 0.000002 -0.000001 -11.379615 -38.110133 -42.078446 27.728024 7.125020 -0.000002 0.000000 -2.475889 -78.899167 1.952058
8.344208 15.436059 -12.718262 -40.125687 13.368804 94.697106 0.000000 0.000000 0.000000 37.395490 18.501550 -84.008137 6.822949 13.739018 52.172165 -0.429421 -18.955621 -27.025617 5.816032 14.247664 44.238858 0.000000 0.000000 0.000000 17.236635 -1.672622 3.122473 -0.461120 -4.528993 11.658623 2.684256 -35.342877 8.048930 -1.830642 -8.504026 24.255767 -3.205546 -1.839633 10.165088 -7.008936 -3.270151 -0.084670 -5.102514 -1.618343 -6.055048 5.585339 -2.463837 -0.058492 -0.856333 -4.309873 -35.545507 -0.881257 -2.645963 -11.784690 0.000000 0.000000 0.000000 30.334761 -51.127299 -65.947216 16.614346 -26.346558 -3.914642 -0.000002 0.000000 -20.080798 62.483683 -20.344865 -33.564679 -7.125020 0.000002 0.000000 19.977927 -6.657985 -23.421881 0.000000 0.000000 0.000000 -56.395104 31.577256 -73.747736 -29.873757 40.784939 -11.327069 0.000002 -0.000001 -9.568413 -38.497053 -41.840212 27.945796 7.125020 -0.000002 0.000000 -3.737729 -78.800286 2.938634
8.322470 15.525885 -12.347170 -40.919880 15.439001 96.172142 0.000000 0.000000 0.000000 41.419557 18.773371 -78.241778 5.098202 12.208844 44.785625 -0.208376 -16.503653 -28.024694 5.687957 14.118980 43.716157 0.000000 0.000000 0.000000 16.729128 -1.672983 4.207598 -0.492379 -4.687462 12.026973 2.960826 -36.281628 6.605696 -2.504699 -9.846442 28.480883 -2.894341 -1.878515 9.454013 -6.804065 -3.235087 -0.274859 -5.079164 -1.608903 -5.854439 4.849427 -2.888413 -0.329888 -0.182869 -4.915765 -35.948270 -0.447833 -2.907405 -11.873993 0.000000 0.000000 0.000000 29.862240 -50.629134 -65.391568 17.757906 -27.846060 -4.435578 -0.000002 0.000000 -19.493123 64.755524 -21.876758 -38.056336 -7.125020 0.000002 0.000000 20.771748 -10.710179 -25.623834 0.000000 0.000000 0.000000 -56.786230 31.501808 -74.153744 -30.139698 41.012834 -11.501188 0.000002 -0.000001 -7.501606 -38.923081 -41.528080 28.161943 7.125020 -0.000002 0.000000 -5.168958 -78.637709 4.047556
8.296093 15.625219 -11.971074 -41.589069 17.545409 97.682584 0.000000 0.000000 0.000000 46.034386 18.507712 -71.945439 3.503938 10.369867 36.898573 0.183359 -13.876491 -29.577600 5.672843 14.103633 43.654165 0.000000 0.000000 0.000000 16.259672 -1.684916 5.221592 -0.522887 -4.837796 12.374091 3.325853 -37.252276 4.870444 -3.170984 -10.966828 32.168086 -2.623036 -1.937804 8.713946 -6.602051 -3.236891 -0.488379 -5.033401 -1.616550 -5.661847 3.792738 -3.332786 -0.541320 0.727411 -5.480821 -36.149764 0.120190 -3.133949 -11.861632 0.000000 0.000000 0.000000 30.023581 -50.537526 -66.257194 18.586563 -28.901714 -4.829398 -0.000002 0.000001 -17.913058 66.537464 -23.137971 -41.886031 -7.125020 0.000002 0.000000 21.350228 -14.140296 -27.385028 0.000000 0.000000 0.000000 -57.061340 31.413178 -74.672744 -30.353838 41.194758 -11.641969 0.000002 -0.000001 -5.279143 -39.371038 -41.193942 28.385434 7.125020 -0.000002 0.000000 -6.647518 -78.456882 5.183231
8.264895 15.732766 -11.589507 -42.099437 19.698164 99.229682 0.000000 0.000000 0.000000 50.818750 17.747135 -65.983491 2.280855 8.526340 29.601896 0.667646 -11.205914 -31.795661 5.828483 14.260045 44.289424 0.000000 0.000000 0.000000 15.850438 -1.783691 6.181686 -0.549281 -4.965384 12.663776 3.658974 -38.139996 3.493433 -3.645046 -11.672459 34.582900 -2.346491 -2.023462 7.945063 -6.413134 -3.278258 -0.716312 -5.002144 -1.644527 -5.471937 2.424549 -3.799223 -0.698488 1.892675 -5.999374 -36.122759 0.823868 -3.328666 -11.729164 0.000000 0.000000 0.000000 30.925403 -50.890266 -68.532271 19.011985 -29.433565 -5.036738 -0.000002 0.000001 -15.189683 67.915334 -24.102627 -44.970074 -7.125020 0.000002 0.000000 21.787048 -16.872757 -28.759885 0.000000 0.000000 0.000000 -57.306886 31.347331 -75.333288 -30.444492 41.271351 -11.701720 0.000002 -0.000001 -2.947053 -39.824380 -40.874749 28.619435 7.125020 -0.000002 0.000000 -8.090713 -78.289508 6.284427
8.229155 15.846905 -11.202859 -42.419547 21.906469 100.816201 0.000000 0.000000 0.000000 54.686610 17.082126 -60.964072 1.381369 6.737765 22.908872 0.821309 -8.345663 -33.677621 6.208253 14.627165 45.811905 0.000000 0.000000 0.000000 15.521719 -2.017346 7.117046 -0.567464 -5.053638 12.854276 3.835291 -38.871271 3.092680 -3.766516 -11.843050 35.178995 -2.004661 -2.135497 7.145959 -6.255083 -3.353755 -0.939982 -5.040025 -1.692497 -5.269196 0.872279 -4.296527 -0.798411 3.246951 -6.502752 -35.892149 1.620403 -3.516714 -11.491265 0.000000 0.000000 0.000000 32.743252 -51.609747 -72.106459 19.012874 -29.434670 -5.037176 -0.000002 0.000001 -11.493732 68.984397 -24.806640 -47.381531 -7.125020 0.000002 0.000000 22.136284 -18.979860 -29.833236 0.000000 0.000000 0.000000 -57.515382 31.342340 -76.131578 -30.397465 41.231649 -11.670712 0.000002 -0.000001 -0.531287 -40.262382 -40.594191 28.858012 7.125020 -0.000002 0.000000 -9.433337 -78.153215 7.305327
8.189747 15.965737 -10.812642 -42.528015 24.166543 102.448056 0.000000 0.000000 0.000000 56.132004 17.816026 -57.611007 0.732243 4.963633 16.602188 0.083463 -4.838508 -33.300386 6.818836 15.177422 48.185785 0.000000 0.000000 0.000000 15.282599 -2.368648 8.066586 -0.573637 -5.087802 12.907758 3.791606 -39.424312 3.898135 -3.515041 -11.485472 33.935211 -1.545054 -2.264982 6.317632 -6.152269 -3.449919 -1.144430 -5.205242 -1.755731 -5.043095 -0.531933 -4.834007 -0.772045 4.572472 -7.064368 -35.582121 2.388282 -3.749935 -11.235273 0.000000 0.000000 0.000000 35.606010 -52.513152 -76.717519 18.635558 -28.963316 -4.853102 -0.000002 0.000001 -7.238450 69.844258 -25.318994 -49.289368 -7.125020 0.000002 0.000000 22.438292 -20.620629 -30.699596 0.000000 0.000000 0.000000 -57.594690 31.342881 -76.940504 -30.236006 41.094826 -11.564439 0.000002 -0.000002 1.842032 -40.671200 -40.375243 29.101279 7.125020 -0.000002 0.000000 -10.635878 -78.067924 8.222674
8.148115 16.087296 -10.421124 -42.422477 26.445254 104.128742 0.000000 0.000000 0.000000 53.367415 21.582935 -57.366049 0.336571 3.391301 11.218363 -1.864652 0.136326 -28.581577 7.586593 15.806602 51.059555 0.000000 0.000000 0.000000 15.117120 -2.741678 9.074628 -0.565899 -5.060446 12.804746 3.568996 -39.819076 5.550610 -3.044718 -10.767093 31.498355 -0.961429 -2.399095 5.474481 -6.121984 -3.554592 -1.326410 -5.521366 -1.828172 -4.800038 -1.372573 -5.409439 -0.521345 5.580255 -7.757025 -35.377397 2.971488 -4.080619 -11.091150 0.000000 0.000000 0.000000 39.344685 -53.336656 -81.781900 18.009278 -28.169042 -4.553622 -0.000002 0.000001 -2.994072 70.568142 -25.702231 -50.848784 -7.125020 0.000002 0.000000 22.716167 -21.940524 -31.429075 0.000000 0.000000 0.000000 -57.433550 31.218495 -77.543668 -29.999186 40.892696 -11.409091 0.000002 -0.000002 3.957674 -41.054657 -40.228711 29.358629 7.125020 -0.000002 0.000000 -11.716023 -78.047119 9.057266
8.106068 16.209677 -10.030772 -42.127902 28.681192 105.849734 0.000000 0.000000 0.000000 44.222006 28.989836 -62.508931 0.149034 2.272200 7.432858 -4.416880 7.616973 -18.272000 8.372131 16.386251 53.892255 0.000000 0.000000 0.000000 14.982377 -2.999116 10.175674 -0.545848 -4.977459 12.560432 3.268327 -40.095069 7.411683 -2.557571 -9.941837 28.788587 -0.306888 -2.528835 4.646852 -6.161577 -3.664251 -1.492895 -5.954995 -1.905850 -4.561616 -1.456711 -6.013262 -0.017901 6.131988 -8.597616 -35.400906 3.297790 -4.523487 -11.136490 0.000000 0.000000 0.000000 43.339153 -53.842738 -86.340044 17.334698 -27.296888 -4.239693 -0.000002 0.000002 0.623503 71.183247 -25.988062 -52.129692 -7.125020 0.000002 0.000000 22.973532 -23.007570 -32.049779 0.000000 0.000000 0.000000 -56.987456 30.870543 -77.772066 -29.724402 40.655992 -11.229634 0.000002 -0.000002 5.647193 -41.429415 -40.138299 29.636868 7.125020 -0.000002 0.000000 -12.740501 -78.080082 9.862057
8.065518 16.331020 -9.643725 -41.700414 30.801908 107.580097 0.000000 0.000000 0.000000 27.458908 37.183487 -74.945609 0.078960 1.673674 5.356997 -5.609037 17.298014 -3.778634 9.025676 16.824211 56.178874 0.000000 0.000000 0.000000 14.817236 -3.021014 11.380908 -0.518799 -4.860087 12.230327 2.964631 -40.280163 9.046950 -2.169393 -9.210345 26.455545 0.328344 -2.648812 3.874321 -6.254670 -3.778714 -1.654149 -6.435585 -1.985655 -4.354434 -0.982804 -6.638179 0.657788 6.356718 -9.536975 -35.631744 3.440364 -5.044244 -11.336845 0.000000 0.000000 0.000000 46.742723 -53.953873 -89.375224 16.817803 -26.616954 -4.005368 -0.000002 0.000002 3.127359 71.688167 -26.181416 -53.137154 -7.125020 0.000002 0.000000 23.204534 -23.829340 -32.565527 0.000000 0.000000 0.000000 -56.302390 30.307883 -77.597163 -29.438682 40.407378 -11.043953 0.000002 -0.000002 6.907590 -41.811832 -40.066105 29.931405 7.125020 -0.000002 0.000000 -13.781998 -78.132917 10.687311
8.028238 16.449382 -9.261221 -41.220933 32.742450 109.261098 0.000000 0.000000 0.000000 7.983407 41.414900 -90.687644 0.054971 1.418941 4.407677 -4.350204 25.981476 10.139984 9.444271 17.085265 57.614233 0.000000 0.000000 0.000000 14.553238 -2.740414 12.682748 -0.491585 -4.737916 11.891464 2.680409 -40.384268 10.354949 -1.905890 -8.667236 24.759816 0.846740 -2.755115 3.199921 -6.384605 -3.895706 -1.817265 -6.887501 -2.063792 -4.202284 -0.349878 -7.267670 1.365297 6.489130 -10.493831 -35.947369 3.530984 -5.580912 -11.587539 0.000000 0.000000 0.000000 48.969130 -53.751246 -90.376874 16.579571 -26.300186 -3.899223 -0.000002 0.000002 4.356927 72.086467 -26.289014 -53.887213 -7.125020 0.000002 0.000000 23.405539 -24.421962 -32.984024 0.000000 0.000000 0.000000 -55.483143 29.644034 -77.132628 -29.151666 40.155060 -10.858385 0.000001 -0.000002 7.918725 -42.209645 -39.971316 30.228410 7.125020 -0.000002 0.000000 -14.883500 -78.165406 11.556145
7.995666 16.562677 -8.883228 -40.775086 34.462021 110.816635 0.000000 0.000000 0.000000 -3.931127 42.385151 -100.035410 0.039572 1.216365 3.705975 -2.847318 30.276656 17.679725 9.605981 17.182246 58.163138 0.000000 0.000000 0.000000 14.129395 -2.156569 14.064428 -0.469538 -4.636442 11.609852 2.413184 -40.420397 11.416511 -1.755311 -8.336644 23.741339 1.165664 -2.846709 2.666404 -6.536949 -4.012808 -1.984718 -7.245427 -2.137048 -4.124431 0.173510 -7.863433 1.967095 6.618381 -11.395682 -36.215946 3.624560 -6.074575 -11.795716 0.000000 0.000000 0.000000 49.977327 -53.361182 -89.626995 16.608345 -26.338561 -3.911980 -0.000002 0.000002 4.555164 72.408184 -26.343066 -54.462484 -7.125020 0.000002 0.000000 23.581184 -24.861839 -33.332647 0.000000 0.000000 0.000000 -54.633566 29.013216 -76.536679 -28.861412 39.897248 -10.671711 0.000001 -0.000002 8.924930 -42.621959 -39.834971 30.517580 7.125020 -0.000002 0.000000 -16.046866 -78.157276 12.463120
7.968736 16.668956 -8.508621 -40.424238 35.958449 112.184969 0.000000 0.000000 0.000000 -3.142776 43.795336 -97.899389 0.019409 0.850543 2.599593 -3.766184 29.015103 15.285718 9.561271 17.155643 58.011676 0.000000 0.000000 0.000000 13.512985 -1.332550 15.496890 -0.454864 -4.568077 11.417540 2.164926 -40.415148 12.323791 -1.698860 -8.208442 23.348996 1.237753 -2.925012 2.305834 -6.695665 -4.128494 -2.157687 -7.462544 -2.203440 -4.134614 0.554082 -8.379063 2.356863 6.651418 -12.197457 -36.341666 3.675850 -6.487353 -11.912820 0.000000 0.000000 0.000000 50.149001 -52.893207 -87.947228 16.796544 -26.588776 -3.995847 -0.000002 0.000002 4.225668 72.702943 -26.394430 -54.994207 -7.125020 0.000002 0.000000 23.743157 -25.269228 -33.652761 0.000000 0.000000 0.000000 -53.796393 28.463355 -75.878384 -28.575258 39.640451 -10.488660 0.000001 -0.000002 10.063768 -43.044162 -39.680577 30.807458 7.125020 -0.000002 0.000000 -17.247240 -78.131776 13.395181
7.947785 16.766986 -8.135835 -40.182067 37.270940 113.356053 0.000000 0.000000 0.000000 11.755734 44.718252 -82.642142 0.001950 0.266280 0.833273 -6.504148 21.828052 3.013195 9.388635 17.051407 57.424680 0.000000 0.000000 0.000000 12.714643 -0.372543 16.928765 -0.446877 -4.531018 11.310128 1.955731 -40.401734 13.075039 -1.719253 -8.255038 23.491431 1.067332 -2.991094 2.122806 -6.842884 -4.240482 -2.339421 -7.521004 -2.261572 -4.236297 0.854871 -8.788052 2.476847 6.490463 -12.878876 -36.277450 3.629987 -6.806558 -11.921858 0.000000 0.000000 0.000000 49.971707 -52.444022 -86.186528 17.025132 -26.890894 -4.098699 -0.000002 0.000002 3.865845 73.010605 -26.485653 -55.588542 -7.125020 0.000002 0.000000 23.901285 -25.741788 -33.975615 0.000000 0.000000 0.000000 -52.951611 27.944258 -75.123383 -28.313854 39.403567 -10.322307 0.000001 -0.000002 11.329016 -43.472946 -39.563643 31.124867 7.125020 -0.000002 0.000000 -18.465282 -78.146379 14.357872
7.932502 16.856632 -7.763465 -40.013253 38.463823 114.384874 0.000000 0.000000 0.000000 36.037159 38.715879 -58.706210 0.005550 -0.442906 -1.423709 -7.289873 9.536954 -16.213298 9.158441 16.908601 56.636460 0.000000 0.000000 0.000000 11.782469 0.613584 18.288720 -0.442955 -4.512973 11.256424 1.823046 -40.416033 13.556410 -1.800307 -8.437117 24.049830 0.708022 -3.047280 2.084644 -6.961247 -4.348899 -2.535267 -7.433647 -2.312083 -4.417881 1.099202 -9.097293 2.335348 6.170511 -13.438707 -36.039834 3.496297 -7.041635 -11.827610 0.000000 0.000000 0.000000 49.806956 -52.078677 -84.865596 17.220439 -27.147461 -4.187424 -0.000002 0.000002 3.768456 73.335954 -26.631440 -56.266106 -7.125020 0.000002 0.000000 24.053727 -26.301405 -34.300157 0.000000 0.000000 0.000000 -52.081796 27.405989 -74.263485 -28.085754 39.195061 -10.177835 0.000001 -0.000002 12.692141 -43.907181 -39.529177 31.493390 7.125020 -0.000002 0.000000 -19.705847 -78.248041 15.376273
7.922031 16.938678 -7.390524 -39.857072 39.598113 115.368956 0.000000 0.000000 0.000000 55.905689 23.787693 -39.571064 0.035626 -1.119543 -3.613184 -3.147329 -3.338282 -37.852914 8.925970 16.759841 55.833750 0.000000 0.000000 0.000000 10.774899 1.540782 19.505420 -0.439225 -4.494714 11.207430 1.810889 -40.498271 13.593671 -1.923613 -8.705120 24.877171 0.236059 -3.102775 2.128063 -7.037406 -4.463323 -2.750450 -7.231774 -2.360705 -4.653653 1.244602 -9.339682 2.011048 5.855174 -13.890274 -35.712864 3.350472 -7.216129 -11.657990 0.000000 0.000000 0.000000 49.834047 -51.793267 -84.123335 17.355879 -27.324537 -4.249409 -0.000002 0.000002 3.986405 73.649349 -26.818575 -56.962969 -7.125020 0.000002 0.000000 24.186329 -26.895099 -34.594581 0.000000 0.000000 0.000000 -51.223791 26.884748 -73.419622 -27.867320 38.993804 -10.040090 0.000001 -0.000002 14.198640 -44.346389 -39.580858 31.915246 7.125020 -0.000002 0.000000 -20.989753 -78.439973 16.474169
7.915248 17.014126 -7.016495 -39.657799 40.711155 116.407615 0.000000 0.000000 0.000000 66.907920 7.486566 -29.263738 0.073130 -1.621938 -5.123984 3.923577 -11.527047 -56.431229 8.731815 16.632008 55.157948 0.000000 0.000000 0.000000 9.734559 2.362293 20.531314 -0.431080 -4.452916 11.103527 1.955809 -40.688340 13.025956 -2.068615 -9.007559 25.818974 -0.280518 -3.173735 2.179323 -7.067380 -4.602197 -2.988127 -6.952345 -2.417670 -4.911367 1.211519 -9.557836 1.638617 5.772198 -14.251887 -35.426388 3.303385 -7.357294 -11.460705 0.000000 0.000000 0.000000 50.091186 -51.521477 -83.839941 17.430867 -27.422278 -4.283888 -0.000002 0.000002 4.416932 73.914188 -27.020969 -57.591405 -7.125020 0.000002 0.000000 24.284261 -27.446562 -34.824255 0.000000 0.000000 0.000000 -50.444127 26.481096 -72.784692 -27.617822 38.762014 -9.883489 0.000001 -0.000002 15.914485 -44.792540 -39.689383 32.376918 7.125020 -0.000002 0.000000 -22.344407 -78.691092 17.666570
7.911058 17.083437 -6.641489 -39.380904 41.820459 117.568418 0.000000 0.000000 0.000000 72.003122 -4.223339 -24.324965 0.093734 -1.861466 -5.729991 9.568014 -14.499156 -67.911556 8.594885 16.539838 54.678259 0.000000 0.000000 0.000000 8.687656 3.066952 21.357760 -0.414099 -4.364094 10.884511 2.274335 -41.010135 11.765454 -2.216696 -9.303566 26.749605 -0.790920 -3.273937 2.178186 -7.058349 -4.780275 -3.247857 -6.634425 -2.491658 -5.162188 0.947154 -9.778385 1.343765 6.085084 -14.531539 -35.291108 3.436467 -7.481762 -11.282615 0.000000 0.000000 0.000000 50.528158 -51.186321 -83.780656 17.458673 -27.458467 -4.296702 -0.000002 0.000002 4.905706 74.119547 -27.218352 -58.113156 -7.125020 0.000002 0.000000 24.346684 -27.918243 -34.983674 0.000000 0.000000 0.000000 -49.788660 26.278521 -72.496514 -27.305450 38.468923 -9.688540 0.000001 -0.000002 17.825145 -45.250718 -39.810598 32.859268 7.125020 -0.000002 0.000000 -23.795468 -78.955541 18.958156
7.908521 17.146175 -6.266319 -39.011218 42.940895 118.875376 0.000000 0.000000 0.000000 73.727932 -10.812739 -21.889098 0.093415 -1.876973 -5.669483 12.204845 -14.507274 -72.414516 8.512502 16.483567 54.388393 0.000000 0.000000 0.000000 7.662019 3.669779 22.016737 -0.385287 -4.209300 10.501711 2.756174 -41.455550 9.816912 -2.354891 -9.569156 27.592487 -1.253771 -3.405463 2.093798 -7.022272 -4.996615 -3.525060 -6.316699 -2.584080 -5.387786 0.491994 -9.992902 1.163551 6.758108 -14.722524 -35.326374 3.734462 -7.586806 -11.144931 0.000000 0.000000 0.000000 51.052363 -50.745961 -83.707010 17.460819 -27.461259 -4.297691 -0.000002 0.000002 5.316399 74.289616 -27.402685 -58.561867 -7.125020 0.000002 0.000000 24.391101 -28.330488 -35.104719 0.000000 0.000000 0.000000 -49.276340 26.307192 -72.595594 -26.910440 38.093654 -9.443820 0.000001 -0.000002 19.836498 -45.721025 -39.886306 33.330442 7.125020 -0.000002 0.000000 -25.330497 -79.171436 20.310522
7.906847 17.201300 -5.892212 -38.544687 44.091887 120.318455 0.000000 0.000000 0.000000 73.625133 -14.199380 -20.405286 0.085201 -1.804596 -5.382582 12.730160 -13.333175 -72.620959 8.473078 16.456420 54.249339 0.000000 0.000000 0.000000 6.696173 4.204916 22.567080 -0.344119 -3.977986 9.927919 3.368592 -41.987565 7.242105 -2.481075 -9.803413 28.342441 -1.636131 -3.558963 1.924748 -6.966418 -5.235944 -3.813970 -6.027414 -2.689357 -5.582926 -0.028246 -10.178450 1.056003 7.590124 -14.828591 -35.465250 4.101941 -7.665270 -11.043240 0.000000 0.000000 0.000000 51.574938 -50.204753 -83.460743 17.456017 -27.455012 -4.295477 -0.000002 0.000002 5.573331 74.464987 -27.566809 -59.001418 -7.125020 0.000002 0.000000 24.445540 -28.725866 -35.238893 0.000000 0.000000 0.000000 -48.914136 26.550306 -73.044378 -26.423708 37.624049 -9.145100 0.000001 -0.000002 21.828970 -46.190753 -39.853313 33.743447 7.125020 -0.000002 0.000000 -26.861647 -79.268884 21.612115
7.905425 17.247864 -5.520397 -37.985908 45.291657 121.869487 0.000000 0.000000 0.000000 72.658284 -16.368872 -19.077603 0.081023 -1.769368 -5.223707 12.437510 -11.983319 -71.277109 8.464285 16.450345 54.218291 0.000000 0.000000 0.000000 5.829426 4.720998 23.071319 -0.292905 -3.670079 9.162663 4.069392 -42.557628 4.097526 -2.611479 -10.037837 29.099344 -1.921716 -3.719871 1.687650 -6.890203 -5.477762 -4.110778 -5.776028 -2.798666 -5.752368 -0.466444 -10.333462 0.970362 8.366400 -14.891046 -35.620446 4.436804 -7.727918 -10.966119 0.000000 0.000000 0.000000 52.048442 -49.598339 -83.009217 17.449229 -27.446181 -4.292349 -0.000002 0.000002 5.680735 74.680912 -27.693489 -59.479483 -7.125020 0.000002 0.000000 24.538655 -29.130510 -35.436642 0.000000 0.000000 0.000000 -48.679255 26.923738 -73.710607 -25.865342 37.075432 -8.806346 0.000001 -0.000002 23.648292 -46.639193 -39.679969 34.060544 7.125020 -0.000002 0.000000 -28.259257 -79.210171 22.726435
7.903878 17.285610 -5.152028 -37.350353 46.551956 123.491855 0.000000 0.000000 0.000000 71.376661 -18.621901 -17.506339 0.085714 -1.830286 -5.345217 12.188323 -11.039681 -70.250839 8.471117 16.455066 54.242414 0.000000 0.000000 0.000000 5.084544 5.270741 23.575378 -0.236236 -3.295966 8.232012 4.811882 -43.109496 0.415244 -2.780150 -10.330355 30.053278 -2.111983 -3.872378 1.404669 -6.789962 -5.701118 -4.411372 -5.558093 -2.902023 -5.902212 -0.716103 -10.478277 0.876976 8.953607 -14.971214 -35.729996 4.675595 -7.799178 -10.904272 0.000000 0.000000 0.000000 52.475583 -48.971111 -82.429273 17.433201 -27.425319 -4.284964 -0.000002 0.000002 5.704943 74.964585 -27.761413 -60.028261 -7.125020 0.000002 0.000000 24.696214 -29.557691 -35.742112 0.000000 0.000000 0.000000 -48.488712 27.260401 -74.362079 -25.293711 36.502684 -8.464007 0.000001 -0.000002 25.094629 -47.046745 -39.395688 34.278562 7.125020 -0.000002 0.000000 -29.433925 -79.022456 23.584807
7.902078 17.312284 -4.788419 -36.661929 47.878375 125.147606 0.000000 0.000000 0.000000 69.998364 -21.556371 -15.521123 0.099723 -1.987954 -5.729116 12.391432 -10.741926 -70.482585 8.474901 16.457678 54.255772 0.000000 0.000000 0.000000 4.457192 5.896516 24.098383 -0.179714 -2.874515 7.183406 5.534880 -43.570505 -3.754588 -3.024999 -10.735412 31.392652 -2.216948 -4.000723 1.094996 -6.664312 -5.885295 -4.708850 -5.366734 -2.989052 -6.033701 -0.752028 -10.629634 0.760582 9.314028 -15.106314 -35.766618 4.801231 -7.894027 -10.849138 0.000000 0.000000 0.000000 52.881736 -48.360492 -81.838445 17.400805 -27.383122 -4.270053 -0.000002 0.000002 5.729728 75.340733 -27.756234 -60.683348 -7.125020 0.000002 0.000000 24.941208 -30.026737 -36.195080 0.000000 0.000000 0.000000 -48.228850 27.380932 -74.770354 -24.772019 35.970055 -8.155621 0.000001 -0.000002 26.020345 -47.395514 -39.082181 34.425744 7.125020 -0.000002 0.000000 -30.366785 -78.787625 24.213619
7.900041 17.330801 -4.431043 -35.945175 49.271789 126.806953 0.000000 0.000000 0.000000 68.530876 -25.240133 -13.099319 0.121417 -2.211315 -6.274984 13.149060 -11.031107 -72.205439 8.458738 16.446510 54.198703 0.000000 0.000000 0.000000 3.923145 6.627158 24.634346 -0.128452 -2.429713 6.076396 6.153426 -43.858537 -8.307580 -3.368638 -11.269155 33.193078 -2.247875 -4.091585 0.770279 -6.515056 -6.012818 -4.996978 -5.197826 -3.050907 -6.145156 -0.625646 -10.788397 0.617630 9.480147 -15.293699 -35.729407 4.831989 -8.008663 -10.792434 0.000000 0.000000 0.000000 53.278754 -47.791231 -81.324108 17.353885 -27.321936 -4.248495 -0.000002 0.000002 5.816813 75.821442 -27.673088 -61.467618 -7.125020 0.000002 0.000000 25.286824 -30.552532 -36.817561 0.000000 0.000000 0.000000 -47.832204 27.195542 -74.840586 -24.326479 35.507599 -7.895381 0.000001 -0.000002 26.434657 -47.668277 -38.837072 34.541191 7.125020 -0.000002 0.000000 -31.082014 -78.603692 24.690683
7.897802 17.345045 -4.081113 -35.215876 50.730945 128.457495 0.000000 0.000000 0.000000 66.872822 -29.421123 -10.292129 0.148063 -2.463024 -6.874715 14.397105 -11.694458 -75.204747 8.415116 16.416247 54.044488 0.000000 0.000000 0.000000 3.459040 7.489276 25.166186 -0.085849 -1.985632 4.970648 6.572465 -43.904987 -13.100200 -3.804940 -11.896214 35.365810 -2.214548 -4.138686 0.434056 -6.344729 -6.075925 -5.274391 -5.048530 -3.083622 -6.236513 -0.425504 -10.945190 0.453496 9.519188 -15.505753 -35.627898 4.803195 -8.128049 -10.725602 0.000000 0.000000 0.000000 53.654557 -47.270698 -80.914276 17.299356 -27.250725 -4.223497 -0.000002 0.000002 5.988919 76.382952 -27.521530 -62.352553 -7.125020 0.000002 0.000000 25.718718 -31.119718 -37.582103 0.000000 0.000000 0.000000 -47.307432 26.726129 -74.623028 -23.943835 35.104805 -7.674232 0.000001 -0.000002 26.468169 -47.855037 -38.728954 34.655078 7.125020 -0.000002 0.000000 -31.617462 -78.539803 25.091277
7.895375 17.356861 -3.739041 -34.472127 52.255446 130.108895 0.000000 0.000000 0.000000 64.905963 -33.683127 -7.189997 0.176408 -2.711450 -7.445151 15.973954 -12.510275 -79.006250 8.348016 16.369349 53.806730 0.000000 0.000000 0.000000 3.063058 8.512042 25.679822 -0.053159 -1.561710 3.914178 6.707639 -43.671117 -17.987334 -4.301797 -12.551529 37.712087 -2.123660 -4.147099 0.085444 -6.153802 -6.082425 -5.543839 -4.914738 -3.091001 -6.310824 -0.236089 -11.087047 0.272405 9.504252 -15.705663 -35.470171 4.750593 -8.234531 -10.639174 0.000000 0.000000 0.000000 53.989098 -46.781955 -80.585901 17.239276 -27.172133 -4.196025 -0.000002 0.000002 6.228851 76.958493 -27.338678 -63.251466 -7.125020 0.000002 0.000000 26.182021 -31.683461 -38.392235 0.000000 0.000000 0.000000 -46.713818 26.065895 -74.248448 -23.590950 34.728699 -7.472244 0.000001 -0.000002 26.272547 -47.958918 -38.766203 34.775224 7.125020 -0.000002 0.000000 -32.003267 -78.605477 25.448576
7.892809 17.367774 -3.404203 -33.698587 53.839981 131.783396 0.000000 0.000000 0.000000 62.572622 -37.568504 -3.930108 0.203104 -2.932212 -7.931164 17.657584 -13.311263 -83.022415 8.267331 16.312398 53.519954 0.000000 0.000000 0.000000 2.743825 9.713053 26.169183 -0.029854 -1.169582 2.935553 6.502298 -43.149254 -22.851522 -4.819716 -13.177848 40.037915 -1.986578 -4.132187 -0.275757 -5.941210 -6.054456 -5.809028 -4.787239 -3.083479 -6.372866 -0.110868 -11.201368 0.072149 9.490349 -15.859617 -35.260154 4.698511 -8.313324 -10.525294 0.000000 0.000000 0.000000 54.279159 -46.286321 -80.294426 17.164497 -27.074122 -4.161932 -0.000002 0.000002 6.491698 77.466809 -27.187311 -64.064633 -7.125020 0.000002 0.000000 26.597338 -32.200718 -39.113550 0.000000 0.000000 0.000000 -46.134941 25.341920 -73.881377 -23.226604 34.335675 -7.265706 0.000001 -0.000002 25.977139 -47.994200 -38.907838 34.891039 7.125020 -0.000002 0.000000 -32.256615 -78.761634 25.753978
7.890150 17.378626 -3.075202 -32.889208 55.463322 133.490696 0.000000 0.000000 0.000000 59.901890 -40.704248 -0.695946 0.225192 -3.108241 -8.299891 19.222385 -13.995989 -86.696945 8.182325 16.251730 53.216761 0.000000 0.000000 0.000000 2.484221 11.080244 26.633040 -0.014411 -0.811967 2.041247 5.938418 -42.360483 -27.606909 -5.326958 -13.742801 42.216778 -1.833852 -4.112539 -0.646938 -5.708842 -6.019033 -6.072379 -4.649021 -3.072659 -6.426200 -0.063925 -11.280259 -0.150931 9.499496 -15.948652 -35.000568 4.655215 -8.356718 -10.381796 0.000000 0.000000 0.000000 54.558544 -45.741083 -80.016407 17.053234 -26.927902 -4.111418 -0.000002 0.000002 6.736919 77.859569 -27.121972 -64.739981 -7.125020 0.000002 0.000000 26.906248 -32.658538 -39.650835 0.000000 0.000000 0.000000 -45.654364 24.682368 -73.678371 -22.813180 33.883886 -7.033864 0.000001 -0.000002 25.680028 -47.978906 -39.102945 34.989674 7.125020 -0.000002 0.000000 -32.391094 -78.959860 25.988595
7.887475 17.389454 -2.750445 -32.061751 57.092134 135.212547 0.000000 0.000000 0.000000 56.997999 -42.875437 2.309477 0.240466 -3.229297 -8.534226 20.488432 -14.526367 -89.601409 8.099849 16.192204 52.921529 0.000000 0.000000 0.000000 2.230095 12.571766 27.069820 -0.005132 -0.484147 1.219271 5.040362 -41.353443 -32.191976 -5.798674 -14.230367 44.168288 -1.711902 -4.103124 -1.023251 -5.464754 -5.998168 -6.333726 -4.481209 -3.066702 -6.471418 -0.066041 -11.322974 -0.392651 9.522708 -15.972927 -34.701317 4.615034 -8.366760 -10.217311 0.000000 0.000000 0.000000 54.881496 -45.118610 -79.758155 16.882999 -26.703277 -4.034622 -0.000001 0.000002 6.956005 78.146292 -27.151452 -65.296068 -7.125020 0.000002 0.000000 27.107271 -33.073911 -40.005471 0.000000 0.000000 0.000000 -45.325211 24.180496 -73.742052 -22.331514 33.349660 -6.767192 0.000001 -0.000002 25.431448 -47.921208 -39.311702 35.055677 7.125020 -0.000002 0.000000 -32.392328 -79.160834 26.115189
7.885100 17.399832 -2.428699 -31.239737 58.702372 136.919515 0.000000 0.000000 0.000000 54.019468 -44.011362 4.897375 0.247687 -3.291093 -8.628571 21.336516 -14.905452 -91.447743 8.025616 16.138063 52.654896 0.000000 0.000000 0.000000 1.920549 14.132633 27.472598 -0.000695 -0.178138 0.449477 3.868941 -40.197630 -36.568662 -6.210417 -14.629201 45.820470 -1.655416 -4.110799 -1.397153 -5.218588 -6.001913 -6.591112 -4.273800 -3.068513 -6.509062 -0.063459 -11.336715 -0.628524 9.545630 -15.947972 -34.388559 4.571161 -8.354817 -10.052585 0.000000 0.000000 0.000000 55.255229 -44.416932 -79.502026 16.659391 -26.406565 -3.934656 -0.000001 0.000002 7.157163 78.375650 -27.239364 -65.792554 -7.125020 0.000002 0.000000 27.246049 -33.473024 -40.256166 0.000000 0.000000 0.000000 -45.158778 23.874099 -74.099088 -21.783595 32.731591 -6.468442 0.000001 -0.000002 25.231615 -47.808817 -39.500878 35.058416 7.125020 -0.000002 0.000000 -32.177821 -79.327052 26.040646
7.883742 17.409422 -2.109390 -30.414732 60.297570 138.607821 0.000000 0.000000 0.000000 51.154726 -44.138628 6.923758 0.246673 -3.294464 -8.587120 21.699674 -15.139195 -92.065884 7.965181 16.093586 52.437174 0.000000 0.000000 0.000000 1.527171 15.713157 27.827373 -0.000275 0.112065 -0.283343 2.502572 -38.962825 -40.722648 -6.541122 -14.932978 47.116652 -1.659748 -4.132454 -1.756891 -4.971355 -6.025522 -6.842203 -4.030002 -3.075922 -6.543460 -0.036467 -11.335448 -0.814601 9.584786 -15.895350 -34.098321 4.534387 -8.335047 -9.908447 0.000000 0.000000 0.000000 55.599900 -43.655870 -79.173130 16.427364 -26.096690 -3.832027 -0.000001 0.000002 7.332879 78.595597 -27.338353 -66.282216 -7.125020 0.000002 0.000000 27.374402 -33.872290 -40.489704 0.000000 0.000000 0.000000 -45.141639 23.745360 -74.701209 -21.184129 32.042647 -6.147338 0.000001 -0.000002 25.044369 -47.619523 -39.643173 34.961585 7.125020 -0.000002 0.000000 -31.636420 -79.424647 25.650511
7.884307 17.418243 -1.792538 -29.526944 61.907679 140.320139 0.000000 0.000000 0.000000 48.571969 -43.356764 8.329228 0.238132 -3.243985 -8.421114 21.558171 -15.207987 -91.403410 7.923432 16.062649 52.286427 0.000000 0.000000 0.000000 1.069315 17.284190 28.120245 -0.003299 0.386975 -0.980551 1.008285 -37.688660 -44.663364 -6.786950 -15.149834 48.063886 -1.677873 -4.158942 -2.086921 -4.711584 -6.055124 -7.082041 -3.763468 -3.084707 -6.580479 -0.021714 -11.332906 -0.921708 9.684018 -15.830809 -33.855814 4.529518 -8.315647 -9.790461 0.000000 0.000000 0.000000 55.806657 -42.853201 -78.694296 16.239550 -25.844378 -3.749781 -0.000001 0.000002 7.463492 78.828465 -27.418287 -66.784164 -7.125020 0.000002 0.000000 27.520517 -34.271769 -40.751907 0.000000 0.000000 0.000000 -45.261450 23.741223 -75.458137 -20.550617 31.300018 -5.814705 0.000001 -0.000002 24.822011 -47.344504 -39.726604 34.750491 7.125020 -0.000002 0.000000 -30.730077 -79.438610 24.905171
7.887458 17.426556 -1.478515 -28.490394 63.570441 142.123649 0.000000 0.000000 0.000000 46.354264 -41.822137 9.169504 0.223298 -3.145999 -8.144533 20.940596 -15.055075 -89.533183 7.901565 16.046376 52.207358 0.000000 0.000000 0.000000 0.588606 18.838791 28.344256 -0.009100 0.641830 -1.630057 -0.565356 -36.386272 -48.397560 -6.967141 -15.304160 48.749941 -1.646331 -4.179270 -2.369592 -4.423610 -6.074347 -7.301315 -3.492423 -3.090438 -6.623679 -0.064973 -11.336860 -0.967460 9.866340 -15.764005 -33.663316 4.569280 -8.297937 -9.688634 0.000000 0.000000 0.000000 55.827282 -42.005953 -78.058093 16.118087 -25.680499 -3.696988 -0.000001 0.000002 7.540746 79.071501 -27.469136 -67.285813 -7.125020 0.000002 0.000000 27.686859 -34.657818 -41.045342 0.000000 0.000000 0.000000 -45.532364 23.822421 -76.319478 -19.888006 30.507174 -5.474380 0.000001 -0.000002 24.573019 -47.001541 -39.760623 34.447684 7.125020 -0.000002 0.000000 -29.549634 -79.383046 23.892722
7.893401 17.434657 -1.167786 -27.233765 65.312430 144.071963 0.000000 0.000000 0.000000 44.484467 -39.708987 9.586461 0.203543 -3.006603 -7.770026 19.918018 -14.599233 -86.626900 7.893613 16.040447 52.178585 0.000000 0.000000 0.000000 0.102896 20.372036 28.490593 -0.016746 0.869548 -2.213681 -2.152655 -35.084258 -51.871016 -7.108813 -15.422841 49.284668 -1.517683 -4.181546 -2.585942 -4.098449 -6.066439 -7.489943 -3.233063 -3.087687 -6.675899 -0.178798 -11.350654 -1.005101 10.105967 -15.706693 -33.504952 4.641280 -8.281671 -9.588171 0.000000 0.000000 0.000000 55.693197 -41.098100 -77.320673 16.052066 -25.591191 -3.668424 -0.000001 0.000002 7.567007 79.309138 -27.491852 -67.758424 -7.125020 0.000002 0.000000 27.861714 -35.010122 -41.349454 0.000000 0.000000 0.000000 -46.002048 24.000193 -77.327926 -19.179232 29.640776 -5.119188 0.000001 -0.000002 24.405063 -46.637855 -39.781060 34.117756 7.125020 -0.000002 0.000000 -28.310061 -79.309010 22.824616
7.902043 17.442760 -0.860663 -25.704624 67.142995 146.203391 0.000000 0.000000 0.000000 42.891625 -37.181755 9.740980 0.180176 -2.830649 -7.307231 18.596086 -13.792754 -82.916669 7.889514 16.037388 52.163751 0.000000 0.000000 0.000000 -0.410429 21.863797 28.535839 -0.025110 1.063371 -2.713824 -3.653045 -33.840393 -54.968167 -7.231115 -15.523462 49.743092 -1.272902 -4.156975 -2.717948 -3.737362 -6.019779 -7.641915 -2.996377 -3.072005 -6.742598 -0.340006 -11.373777 -1.087538 10.348180 -15.668947 -33.359353 4.718373 -8.266546 -9.479040 0.000000 0.000000 0.000000 55.469642 -40.117401 -76.539143 16.019118 -25.546559 -3.654204 -0.000001 0.000002 7.540860 79.523911 -27.493159 -68.173339 -7.125020 0.000002 0.000000 28.028981 -35.311024 -41.637215 0.000000 0.000000 0.000000 -46.708835 24.298933 -78.536433 -18.404001 28.671378 -4.741484 0.000001 -0.000002 24.417188 -46.326861 -39.852036 33.864779 7.125020 -0.000002 0.000000 -27.311847 -79.307680 21.998437
7.913105 17.450835 -0.557229 -23.849714 69.053421 148.565146 0.000000 0.000000 0.000000 41.487021 -34.418146 9.781559 0.154528 -2.622754 -6.765399 17.108479 -12.684103 -78.686532 7.883415 16.032833 52.141668 0.000000 0.000000 0.000000 -0.998431 23.285092 28.446399 -0.033061 1.218517 -3.117713 -4.979521 -32.683215 -57.602201 -7.348407 -15.618398 50.180044 -0.918789 -4.104072 -2.756165 -3.350620 -5.933077 -7.758448 -2.788644 -3.042622 -6.831180 -0.512517 -11.400557 -1.237893 10.546017 -15.649274 -33.210176 4.776914 -8.250012 -9.359580 0.000000 0.000000 0.000000 55.226539 -39.070320 -75.752962 15.994132 -25.512687 -3.643436 -0.000001 0.000002 7.467110 79.703001 -27.483602 -68.512835 -7.125020 0.000002 0.000000 28.174050 -35.552450 -41.884754 0.000000 0.000000 0.000000 -47.624088 24.692671 -79.885345 -17.564103 27.595416 -4.345428 0.000001 -0.000002 24.554506 -46.155144 -40.038992 33.805271 7.125020 -0.000002 0.000000 -26.880666 -79.478032 21.731071
7.926002 17.458428 -0.257442 -21.608618 71.015186 151.224471 0.000000 0.000000 0.000000 40.172124 -31.627754 9.838552 0.128031 -2.388500 -6.156522 15.593240 -11.400250 -74.253619 7.876318 16.027529 52.115969 0.000000 0.000000 0.000000 -1.713957 24.614320 28.195442 -0.039727 1.333861 -3.421774 -6.112710 -31.569074 -59.789694 -7.477640 -15.721265 50.658517 -0.483805 -4.027163 -2.709364 -2.954841 -5.812756 -7.847745 -2.611845 -3.001384 -6.945063 -0.672388 -11.422654 -1.448185 10.675972 -15.636500 -33.047148 4.805611 -8.227144 -9.232982 0.000000 0.000000 0.000000 55.051012 -37.988799 -75.027405 15.938870 -25.437688 -3.619666 -0.000001 0.000002 7.385732 79.841598 -27.472928 -68.773661 -7.125020 0.000002 0.000000 28.288600 -35.736404 -42.078964 0.000000 0.000000 0.000000 -48.670123 25.132698 -81.285753 -16.671971 26.423303 -3.940251 0.000001 -0.000002 24.693271 -46.208592 -40.355460 34.027108 7.125020 -0.000002 0.000000 -27.347562 -79.862059 22.322656
7.939890 17.464718 0.038881 -18.892134 72.987533 154.288709 0.000000 0.000000 0.000000 38.863096 -29.009113 10.000177 0.102047 -2.133756 -5.494254 14.156889 -10.072902 -69.897801 7.873715 16.025582 52.106541 0.000000 0.000000 0.000000 -2.592479 25.848052 27.774614 -0.044666 1.412366 -3.632865 -7.095333 -30.416612 -61.637465 -7.632642 -15.842295 51.228425 -0.004275 -3.933250 -2.604347 -2.564662 -5.668360 -7.920122 -2.462827 -2.951231 -7.078612 -0.810029 -11.432476 -1.706083 10.724558 -15.619141 -32.861154 4.799021 -8.192504 -9.101451 0.000000 0.000000 0.000000 55.036602 -36.918337 -74.467812 15.803720 -25.253787 -3.561811 -0.000001 0.000002 7.378534 79.942196 -27.467237 -68.964172 -7.125020 0.000002 0.000000 28.371569 -35.871648 -42.218799 0.000000 0.000000 0.000000 -49.803352 25.626970 -82.841899 -15.722230 25.142571 -3.527116 0.000001 -0.000002 24.866990 -46.562036 -40.740969 34.569773 7.125020 -0.000002 0.000000 -29.067646 -80.409579 24.071374
7.954053 17.468922 0.332199 -15.528333 74.932327 157.949995 0.000000 0.000000 0.000000 37.518727 -26.692706 10.297899 0.077742 -1.863992 -4.792649 12.855820 -8.803916 -65.795745 7.884574 16.033699 52.145866 0.000000 0.000000 0.000000 -3.634752 26.999674 27.189731 -0.047820 1.459286 -3.763775 -7.989519 -29.165431 -63.279266 -7.816152 -15.982356 51.897754 0.494238 -3.829614 -2.472066 -2.182998 -5.509247 -7.983484 -2.332533 -2.895468 -7.220835 -0.926391 -11.425890 -2.010329 10.681643 -15.591477 -32.643827 4.753579 -8.142261 -8.964031 0.000000 0.000000 0.000000 55.222350 -35.899183 -74.160903 15.556681 -24.915874 -3.457076 -0.000001 0.000002 7.535446 80.007627 -27.473662 -69.094173 -7.125020 0.000002 0.000000 28.421962 -35.968426 -42.303135 0.000000 0.000000 0.000000 -51.048999 26.235479 -84.886025 -14.695237 23.719839 -3.102309 0.000001 -0.000002 25.307393 -47.258702 -41.099109 35.427315 7.125020 -0.000002 0.000000 -32.345375 -81.001429 27.223483
7.968153 17.470748 0.623193 -11.244599 76.818595 162.494592 0.000000 0.000000 0.000000 36.126076 -24.731425 10.729511 0.056150 -1.585840 -4.069751 11.703452 -7.653444 -62.022486 7.915838 16.057003 52.258978 0.000000 0.000000 0.000000 -4.830713 28.083110 26.441993 -0.049337 1.480123 -3.828064 -8.840714 -27.805169 -64.814350 -8.020812 -16.134540 52.637610 0.994926 -3.720177 -2.332745 -1.803594 -5.339556 -8.042472 -2.206670 -2.834884 -7.362944 -1.045652 -11.407445 -2.356258 10.565906 -15.556426 -32.390398 4.679016 -8.077733 -8.816026 0.000000 0.000000 0.000000 55.559568 -34.955947 -74.114189 15.207640 -24.434570 -3.311358 -0.000001 0.000002 7.906179 80.029153 -27.502426 -69.153320 -7.125020 0.000002 0.000000 28.428396 -36.023778 -42.313343 0.000000 0.000000 0.000000 -52.466677 26.999736 -87.825221 -13.580551 22.131898 -2.668042 0.000001 -0.000002 26.322510 -48.282432 -41.353609 36.551620 7.125020 -0.000002 0.000000 -37.169113 -81.494356 31.741499
7.982083 17.470535 0.912477 -5.712170 78.615280 168.256173 0.000000 0.000000 0.000000 34.660585 -23.128563 11.291668 0.038169 -1.309132 -3.352014 10.693832 -6.617239 -58.603742 7.964338 16.092962 52.434133 0.000000 0.000000 0.000000 -6.204422 29.091959 25.512659 -0.049490 1.480252 -3.839160 -9.651629 -26.398379 -66.263121 -8.229777 -16.285682 53.386147 1.471370 -3.602937 -2.191929 -1.423662 -5.154439 -8.098672 -2.068705 -2.764586 -7.500392 -1.218675 -11.392849 -2.722778 10.440013 -15.525662 -32.098107 4.604671 -8.007490 -8.648512 0.000000 0.000000 0.000000 55.956286 -34.096096 -74.263384 14.798212 -23.864251 -3.143852 -0.000001 0.000002 8.477861 79.976694 -27.554363 -69.084392 -7.125020 0.000002 0.000000 28.366114 -35.996753 -42.208268 0.000000 0.000000 0.000000 -54.112640 27.897425 -92.013470 -12.387497 20.383218 -2.235423 0.000001 -0.000002 28.209307 -49.548475 -41.479267 37.856649 7.125020 -0.000002 0.000000 -42.866044 -81.763813 36.974030
7.995672 17.468961 1.200259 1.459522 80.283996 175.623536 0.000000 0.000000 0.000000 33.077426 -21.865761 11.988893 0.024315 -1.046354 -2.672317 9.822153 -5.648326 -55.558429 8.020659 16.134427 52.637061 0.000000 0.000000 0.000000 -7.813869 29.993727 24.372251 -0.048692 1.466066 -3.813336 -10.374043 -25.087960 -67.563144 -8.415974 -16.416844 54.047526 1.887998 -3.472682 -2.046083 -1.048526 -4.943234 -8.150756 -1.905274 -2.675602 -7.630615 -1.480994 -11.399137 -3.082997 10.357681 -15.514744 -31.767413 4.555692 -7.942724 -8.456293 0.000000 0.000000 0.000000 56.337812 -33.312978 -74.522935 14.373854 -23.266635 -2.974192 -0.000001 0.000002 9.189412 79.803332 -27.610143 -68.785774 -7.125020 0.000002 0.000000 28.205707 -35.805480 -41.938174 0.000000 0.000000 0.000000 -56.020422 28.838846 -97.684145 -11.143698 18.508174 -1.821276 0.000001 -0.000002 31.202640 -50.928631 -41.498093 39.236140 7.125020 -0.000002 0.000000 -48.079221 -81.742235 41.620641
8.008583 17.466579 1.486288 10.863396 81.767995 -174.815168 0.000000 0.000000 0.000000 31.344168 -20.914546 12.819357 0.014499 -0.809192 -2.060926 9.085443 -4.710508 -52.900030 8.079382 16.177329 52.848102 0.000000 0.000000 0.000000 -9.694569 30.752255 23.013991 -0.047514 1.445991 -3.772338 -10.944434 -24.033872 -68.632520 -8.552298 -16.510827 54.528536 2.223833 -3.327859 -1.890468 -0.682891 -4.698303 -8.195507 -1.710203 -2.560887 -7.751526 -1.775057 -11.431167 -3.417148 10.275101 -15.541596 -31.418556 4.513984 -7.893279 -8.257784 0.000000 0.000000 0.000000 56.665510 -32.591752 -74.830978 13.965618 -22.685533 -2.814835 -0.000001 0.000002 9.969845 79.471203 -27.644318 -68.171162 -7.125020 0.000002 0.000000 27.930063 -35.376434 -41.471644 0.000000 0.000000 0.000000 -58.177601 29.689647 -104.848018 -9.896013 16.576751 -1.445141 0.000001 -0.000002 35.365752 -52.296447 -41.449212 40.588738 7.125020 -0.000002 0.000000 -51.391615 -81.428457 44.326697
8.020378 17.463562 1.770232 23.344827 82.967911 -162.217714 0.000000 0.000000 0.000000 29.467442 -20.237204 13.759739 0.008082 -0.605053 -1.536626 8.472039 -3.781448 -50.618042 8.137873 16.219728 53.057773 0.000000 0.000000 0.000000 -11.813844 31.364065 21.480970 -0.046599 1.429717 -3.741374 -11.341760 -23.317867 -69.457189 -8.627301 -16.561811 54.792053 2.483448 -3.175624 -1.724790 -0.322880 -4.422586 -8.229312 -1.482088 -2.420049 -7.860486 -1.943541 -11.480616 -3.710272 10.058048 -15.624712 -31.096755 4.420194 -7.868735 -8.097570 0.000000 0.000000 0.000000 56.932193 -31.918783 -75.181300 13.584442 -22.137520 -2.669507 -0.000001 0.000002 10.783870 78.980500 -27.648612 -67.240056 -7.125020 0.000002 0.000000 27.548584 -34.705511 -40.819101 0.000000 0.000000 0.000000 -60.477042 30.317077 -113.086315 -8.719703 14.712601 -1.127873 0.000001 -0.000002 40.386349 -53.556882 -41.360220 41.831787 7.125020 -0.000002 0.000000 -52.226591 -80.867027 44.564152
8.030601 17.459815 2.052081 39.353129 83.728632 -146.133058 0.000000 0.000000 0.000000 27.482485 -19.787011 14.766456 0.004192 -0.436428 -1.105270 7.958567 -2.814157 -48.671909 8.188087 16.255863 53.237347 0.000000 0.000000 0.000000 -14.089759 31.870887 19.854583 -0.046509 1.425998 -3.743374 -11.606626 -22.918123 -70.115578 -8.648551 -16.576162 54.866571 2.679845 -3.030691 -1.555620 0.041728 -4.131210 -8.249091 -1.217135 -2.259741 -7.952508 -1.883323 -11.533348 -3.954679 9.634767 -15.760032 -30.827731 4.239822 -7.870595 -8.002725 0.000000 0.000000 0.000000 57.153151 -31.285990 -75.620994 13.225612 -21.616889 -2.535799 -0.000001 0.000002 11.645081 78.368360 -27.633827 -66.075438 -7.125020 0.000002 0.000000 27.092874 -33.857329 -40.028126 0.000000 0.000000 0.000000 -62.689698 30.666557 -121.392445 -7.718701 13.095859 -0.887302 0.000000 -0.000001 45.433713 -54.648540 -41.244356 42.904172 7.125020 -0.000002 0.000000 -51.382472 -80.167499 43.172169
8.038800 17.455363 2.332059 57.447955 83.900138 -127.996020 0.000000 0.000000 0.000000 25.426905 -19.511811 15.791188 0.002010 -0.302591 -0.764299 7.518942 -1.745623 -47.003059 8.217276 16.276757 53.341556 0.000000 0.000000 0.000000 -16.447804 32.332655 18.211832 -0.047643 1.440902 -3.794437 -11.806647 -22.770012 -70.723654 -8.630992 -16.564306 54.805001 2.814945 -2.907648 -1.393739 0.422715 -3.847070 -8.252615 -0.903263 -2.091609 -8.020348 -1.673657 -11.577475 -4.158027 9.100773 -15.907423 -30.576523 4.010163 -7.884913 -7.945439 0.000000 0.000000 0.000000 57.346416 -30.685622 -76.204122 12.881731 -21.113676 -2.410517 -0.000001 0.000002 12.582372 77.677827 -27.610457 -64.769974 -7.125020 0.000002 0.000000 26.597112 -32.903487 -39.152486 0.000000 0.000000 0.000000 -64.551839 30.821163 -128.397839 -6.995335 11.911569 -0.730681 0.000000 -0.000001 49.356522 -55.546740 -41.118421 43.782885 7.125020 -0.000002 0.000000 -51.074825 -79.622700 42.417680
8.044609 17.450776 2.610220 74.346668 83.464355 -111.085408 0.000000 0.000000 0.000000 23.332103 -19.358151 16.796359 0.000884 -0.200913 -0.506268 7.134536 -0.567586 -45.550462 8.217359 16.276816 53.341852 0.000000 0.000000 0.000000 -18.850781 32.791477 16.594126 -0.050259 1.477506 -3.903012 -11.992534 -22.837972 -71.368999 -8.583200 -16.531894 54.637207 2.881692 -2.811208 -1.245800 0.834360 -3.591570 -8.238327 -0.520132 -1.928979 -8.058521 -1.466274 -11.610246 -4.335182 8.606724 -16.026718 -30.283845 3.793594 -7.896186 -7.875775 0.000000 0.000000 0.000000 57.512881 -30.109774 -76.953262 12.554051 -20.630324 -2.293769 -0.000001 0.000002 13.604868 76.933299 -27.567991 -63.363957 -7.125020 0.000002 0.000000 26.086680 -31.868222 -38.231148 0.000000 0.000000 0.000000 -65.920114 30.951334 -132.994059 -6.601520 11.261590 -0.651582 0.000000 -0.000001 51.234071 -56.274683 -41.021151 44.508478 7.125020 -0.000002 0.000000 -55.401050 -79.820716 46.477243
8.047793 17.447332 2.886201 87.777218 82.544723 -97.677324 0.000000 0.000000 0.000000 21.238373 -19.271169 17.759913 0.000355 -0.127407 -0.320389 6.796138 0.637412 -44.261854 8.191051 16.257988 53.247933 0.000000 0.000000 0.000000 -21.277530 33.263837 15.014297 -0.054510 1.536217 -4.070634 -12.187429 -23.120194 -72.095572 -8.505328 -16.478638 54.363109 2.885522 -2.733401 -1.106241 1.296082 -3.373528 -8.204871 -0.048624 -1.781273 -8.068507 -1.303117 -11.632852 -4.494868 8.181775 -16.112827 -29.935964 3.603484 -7.900373 -7.780817 0.000000 0.000000 0.000000 57.632418 -29.561889 -77.857416 12.257266 -20.189339 -2.190270 -0.000001 0.000002 14.688605 76.139571 -27.471022 -61.840493 -7.125020 0.000002 0.000000 25.579728 -30.722706 -37.288474 0.000000 0.000000 0.000000 -66.827809 31.186989 -134.848122 -6.510378 11.110662 -0.633901 0.000000 -0.000001 50.854774 -56.894002 -41.012912 45.176983 7.125020 -0.000002 0.000000 -75.487993 -81.124399 66.606069
8.048191 17.446751 3.159256 97.598447 81.276283 -87.926665 0.000000 0.000000 0.000000 19.207811 -19.196316 18.672625 0.000133 -0.078036 -0.195911 6.501108 1.741617 -43.105322 8.151268 16.229391 53.105711 0.000000 0.000000 0.000000 -23.688944 33.755349 13.481676 -0.060325 1.613506 -4.288386 -12.411668 -23.546624 -72.928803 -8.405404 -16.409484 54.010120 2.864225 -2.660506 -0.956220 1.828714 -3.184434 -8.151036 0.513523 -1.649686 -8.061169 -1.103296 -11.637973 -4.635480 7.716242 -16.181296 -29.582183 3.398116 -7.897335 -7.695455 0.000000 0.000000 0.000000 57.675298 -29.062971 -78.874706 12.020302 -19.835078 -2.109176 -0.000001 0.000002 15.764770 75.284500 -27.277686 -60.146193 -7.125020 0.000002 0.000000 25.083165 -29.408131 -36.327892 0.000000 0.000000 0.000000 -67.419901 31.552208 -134.416722 -6.630151 11.308963 -0.657185 0.000000 -0.000001 48.726276 -57.475638 -41.147015 45.892675 7.125020 -0.000002 0.000000 -128.918738 -78.749191 120.606091
8.045683 17.450666 3.428458 104.552917 79.740809 -81.108916 0.000000 0.000000 0.000000 17.308833 -19.088613 19.532715 0.000053 -0.049481 -0.124071 6.247995 2.646622 -42.070151 8.116934 16.204587 52.982770 0.000000 0.000000 0.000000 -26.032153 34.264818 12.008740 -0.067185 1.700109 -4.531917 -12.705382 -23.882527 -73.887355 -8.315900 -16.346754 53.692705 2.884918 -2.582468 -0.770587 2.442262 -3.006984 -8.075941 1.140404 -1.530118 -8.053824 -0.790261 -11.612907 -4.747788 7.101701 -16.239151 -29.286648 3.137890 -7.882623 -7.660911 0.000000 0.000000 0.000000 57.619980 -28.635827 -79.920801 11.882238 -19.627794 -2.062564 -0.000001 0.000002 16.709720 74.330261 -26.960423 -58.196208 -7.125020 0.000002 0.000000 24.580863 -27.849008 -35.312783 0.000000 0.000000 0.000000 -67.875101 31.998888 -132.619030 -6.843785 11.661861 -0.699723 0.000000 -0.000001 45.724941 -58.075211 -41.430932 46.718521 7.125020 -0.000002 0.000000 -161.461504 -61.253938 154.670410
8.040284 17.460072 3.693039 109.407385 77.995536 -76.468845 0.000000 0.000000 0.000000 15.582331 -18.918887 20.333819 0.000030 -0.037103 -0.092960 6.027059 3.343779 -41.140837 8.104241 16.195389 52.937277 0.000000 0.000000 0.000000 -28.281382 34.773761 10.596587 -0.074265 1.784725 -4.771119 -13.103090 -23.878618 -74.959497 -8.274436 -16.317438 53.545252 3.016324 -2.498198 -0.530827 3.121956 -2.829868 -7.978729 1.778888 -1.420316 -8.061337 -0.393447 -11.556674 -4.825258 6.364295 -16.279515 -29.070928 2.836280 -7.852142 -7.680703 0.000000 0.000000 0.000000 57.464310 -28.279965 -80.864194 11.884270 -19.630849 -2.063247 -0.000001 0.000002 17.357711 73.206805 -26.503819 -55.867508 -7.125020 0.000002 0.000000 24.033325 -25.947489 -34.163058 0.000000 0.000000 0.000000 -68.361683 32.464807 -130.505892 -7.044415 11.992320 -0.740843 0.000000 -0.000001 42.751115 -58.713819 -41.814145 47.647579 7.125020 -0.000002 0.000000 -170.308510 -24.584469 166.951121
8.032162 17.474989 3.952822 112.787455 76.111038 -73.376937 0.000000 0.000000 0.000000 14.019042 -18.671676 21.052724 0.000022 -0.032228 -0.080712 5.816631 3.922401 -40.272375 8.117270 16.204831 52.983976 0.000000 0.000000 0.000000 -30.471203 35.241008 9.222848 -0.080986 1.860986 -4.988825 -13.584149 -23.541504 -76.082387 -8.285961 -16.325603 53.586262 3.293758 -2.414508 -0.237809 3.825596 -2.654473 -7.858739 2.365014 -1.322653 -8.086419 -0.033493 -11.485867 -4.873617 5.663649 -16.290929 -28.905922 2.556522 -7.807775 -7.717314 0.000000 0.000000 0.000000 57.224617 -27.967092 -81.555345 12.061658 -19.897044 -2.123230 -0.000001 0.000002 17.539897 71.821914 -25.882644 -53.004050 -7.125020 0.000002 0.000000 23.395169 -23.576378 -32.778006 0.000000 0.000000 0.000000 -69.009271 32.900055 -129.020469 -7.154924 12.173938 -0.763976 0.000001 -0.000002 40.534601 -59.368593 -42.214962 48.607505 7.125020 -0.000002 0.000000 -170.392247 23.317653 174.850538
8.021560 17.494497 4.208576 115.184802 74.176285 -71.323786 0.000000 0.000000 0.000000 12.565720 -18.340849 21.651930 0.000010 -0.022715 -0.056886 5.592724 4.507876 -39.403122 8.146603 16.226027 53.089019 0.000000 0.000000 0.000000 -32.689960 35.602846 7.842356 -0.087112 1.927325 -5.180677 -14.073056 -23.107125 -77.154880 -8.322060 -16.351095 53.714585 3.700412 -2.340198 0.087995 4.498329 -2.490223 -7.717063 2.849676 -1.241167 -8.119044 0.176057 -11.416235 -4.910729 5.166315 -16.258522 -28.751613 2.361234 -7.751513 -7.727202 0.000000 0.000000 0.000000 56.943820 -27.672600 -81.921414 12.429983 -20.446345 -2.250243 -0.000001 0.000002 17.167626 70.093441 -25.047020 -49.460459 -7.125020 0.000002 0.000000 22.641347 -20.602415 -31.074948 0.000000 0.000000 0.000000 -69.879270 33.266629 -128.781073 -7.138657 12.147221 -0.760550 0.000001 -0.000002 39.501480 -59.992259 -42.562390 49.505450 7.125020 -0.000002 0.000000 -162.355331 59.461006 -173.672132
8.008853 17.517195 4.462007 116.959012 72.273608 -69.929884 0.000000 0.000000 0.000000 11.159167 -17.926137 22.095534 -0.000001 0.003194 0.008001 5.341945 5.187955 -38.488800 8.175445 16.246788 53.192173 0.000000 0.000000 0.000000 -35.034569 35.775962 6.398760 -0.092332 1.981431 -5.340319 -14.487263 -22.780213 -78.068182 -8.349351 -16.370287 53.811471 4.180625 -2.280309 0.422711 5.094831 -2.345742 -7.557805 3.215038 -1.177545 -8.147228 0.213723 -11.346066 -4.958122 4.926072 -16.166770 -28.591239 2.266367 -7.680369 -7.693598 0.000000 0.000000 0.000000 56.705230 -27.415293 -82.062458 12.969787 -21.242929 -2.442330 -0.000001 0.000002 16.311817 68.008181 -23.941553 -45.209736 -7.125020 0.000002 0.000000 21.792288 -16.972294 -29.039808 0.000000 0.000000 0.000000 -70.940563 33.537510 -129.922790 -7.003635 11.925228 -0.732394 0.000001 -0.000002 39.684683 -60.553266 -42.821316 50.286627 7.125020 -0.000002 0.000000 -136.860973 76.898996 -146.650279
7.994631 17.541761 4.715280 118.342411 70.447099 -68.951581 0.000000 0.000000 0.000000 9.764774 -17.434682 22.367836 0.000060 0.052616 0.131885 5.068448 5.970662 -37.526065 8.189677 16.257004 53.243029 0.000000 0.000000 0.000000 -37.553961 35.679062 4.847220 -0.096136 2.019020 -5.455995 -14.773923 -22.615380 -78.738930 -8.342847 -16.365720 53.788391 4.676921 -2.232807 0.755674 5.593943 -2.221000 -7.387144 3.469864 -1.128852 -8.167785 0.146685 -11.267440 -5.027284 4.883921 -16.017328 -28.429388 2.243445 -7.594813 -7.627765 0.000000 0.000000 0.000000 56.599494 -27.249937 -82.173799 13.636357 -22.212467 -2.689102 -0.000001 0.000002 15.124867 65.673400 -22.560498 -40.458092 -7.125020 0.000002 0.000000 20.916496 -12.824458 -26.764350 0.000000 0.000000 0.000000 -72.082458 33.703024 -132.139892 -6.789732 11.572668 -0.688838 0.000001 -0.000001 40.785927 -61.062050 -42.990782 50.963031 7.125020 -0.000002 0.000000 -95.674478 80.970312 -104.854786
7.979500 17.567341 4.970442 119.469640 68.689264 -68.254102 0.000000 0.000000 0.000000 8.391629 -16.883104 22.484443 0.000345 0.125955 0.315988 4.792530 6.776859 -36.556333 8.189291 16.256727 53.241651 0.000000 0.000000 0.000000 -40.220333 35.276567 3.176208 -0.098076 2.036508 -5.517623 -14.917733 -22.593329 -79.136637 -8.282072 -16.322850 53.572426 5.160172 -2.187518 1.092085 6.000698 -2.103165 -7.210739 3.634737 -1.087084 -8.187231 0.065811 -11.183456 -5.112764 4.941166 -15.838587 -28.277672 2.251304 -7.505583 -7.551952 0.000000 0.000000 0.000000 56.659463 -27.214742 -82.345011 14.390188 -23.289762 -2.980646 -0.000001 0.000002 13.655581 63.299908 -21.002009 -35.643443 -7.125020 0.000002 0.000000 20.096558 -8.521256 -24.431969 0.000000 0.000000 0.000000 -73.170696 33.774830 -134.912554 -6.542948 11.164614 -0.640192 0.000000 -0.000001 42.372720 -61.566476 -43.092349 51.602101 7.125020 -0.000002 0.000000 -77.705754 80.707068 -86.762839
7.963847 17.593682 5.229143 120.420779 66.958510 -67.765882 0.000000 0.000000 0.000000 7.077525 -16.286508 22.483295 0.001040 0.218323 0.548312 4.536584 7.501990 -35.642632 8.186927 16.255031 53.233207 0.000000 0.000000 0.000000 -42.953529 34.607734 1.408480 -0.097971 2.032708 -5.521369 -14.931088 -22.714239 -79.286514 -8.150721 -16.228997 53.103755 5.627394 -2.129261 1.447062 6.338456 -1.970461 -7.031261 3.734820 -1.041012 -8.216055 0.020967 -11.109634 -5.203379 5.027286 -15.671282 -28.140229 2.263770 -7.428431 -7.480304 0.000000 0.000000 0.000000 56.837915 -27.297705 -82.484268 15.210759 -24.438891 -3.312648 -0.000001 0.000002 11.799901 61.119621 -19.472613 -31.297788 -7.125020 0.000002 0.000000 19.385863 -4.558722 -22.261896 0.000000 0.000000 0.000000 -74.108068 33.779231 -137.758444 -6.295836 10.754664 -0.593211 0.000000 -0.000001 44.075517 -62.124116 -43.162619 52.290861 7.125020 -0.000002 0.000000 -78.467837 80.607254 -87.668334
7.947735 17.620999 5.492614 121.251141 65.219692 -67.445860 0.000000 0.000000 0.000000 5.855802 -15.638795 22.398178 0.002280 0.323073 0.812451 4.306288 8.124184 -34.825391 8.187108 16.255161 53.233852 0.000000 0.000000 0.000000 -45.680376 33.762603 -0.413673 -0.096053 2.010171 -5.473485 -14.837775 -23.010523 -79.242851 -7.944302 -16.078136 52.361821 6.073318 -2.045464 1.838801 6.634317 -1.804185 -6.847053 3.800569 -0.980507 -8.262095 -0.008237 -11.064931 -5.299710 5.132126 -15.546000 -28.001572 2.280899 -7.374603 -7.406557 0.000000 0.000000 0.000000 57.042813 -27.452503 -82.420747 16.084590 -25.635206 -3.682483 -0.000001 0.000002 9.436404 59.308797 -18.230934 -27.882579 -7.125020 0.000002 0.000000 18.793103 -1.419456 -20.452869 0.000000 0.000000 0.000000 -74.866793 33.739450 -140.423169 -6.059629 10.361576 -0.549930 0.000000 -0.000001 45.727820 -62.765917 -43.241756 53.087442 7.125020 -0.000002 0.000000 -87.405503 80.641689 -96.879013
7.930868 17.649552 5.761763 121.998522 63.476299 -67.273462 0.000000 0.000000 0.000000 4.726754 -14.911000 22.241439 0.004139 0.434885 1.095282 4.090871 8.716054 -34.103704 8.175968 16.247164 53.194046 0.000000 0.000000 0.000000 -48.374324 32.827728 -2.236697 -0.093090 1.976580 -5.394386 -14.662122 -23.508213 -79.060561 -7.674902 -15.874856 51.383072 6.469072 -1.932758 2.281485 6.904491 -1.599850 -6.652378 3.864507 -0.900920 -8.325685 -0.072349 -11.059300 -5.414463 5.271495 -15.472348 -27.841583 2.313043 -7.345360 -7.315989 0.000000 0.000000 0.000000 57.203899 -27.641908 -82.065272 16.981530 -26.833418 -4.078997 -0.000001 0.000002 6.609202 57.961680 -17.500003 -25.681157 -7.125020 0.000002 0.000000 18.298659 0.557834 -19.141852 0.000000 0.000000 0.000000 -75.475407 33.662601 -142.922537 -5.828941 9.976551 -0.509201 -0.000000 -0.000001 47.387262 -63.475482 -43.356564 53.987215 7.125020 -0.000002 0.000000 -98.500810 80.394051 -108.279392
7.912746 17.679186 6.037326 122.679376 61.761994 -67.247632 0.000000 0.000000 0.000000 3.657546 -14.083670 22.016092 0.006665 0.551369 1.391003 3.885764 9.321793 -33.474774 8.141307 16.222207 53.070066 0.000000 0.000000 0.000000 -51.041949 31.856626 -4.001400 -0.090112 1.942567 -5.312893 -14.429199 -24.187657 -78.787979 -7.368059 -15.634156 50.252997 6.774647 -1.797480 2.780959 7.151212 -1.368024 -6.440047 3.951219 -0.804373 -8.400466 -0.192801 -11.087677 -5.553744 5.437507 -15.443027 -27.663762 2.360104 -7.333443 -7.207800 0.000000 0.000000 0.000000 57.322111 -27.863985 -81.489380 17.839540 -27.951215 -4.473776 -0.000002 0.000002 3.603334 57.098861 -17.385804 -24.750039 -7.125020 0.000002 0.000000 17.881852 1.265977 -18.373412 0.000000 0.000000 0.000000 -75.972003 33.551848 -145.380265 -5.600623 9.594428 -0.470396 -0.000000 -0.000001 49.182574 -64.204847 -43.515619 54.937719 7.125020 -0.000002 0.000000 -107.985554 79.870463 -118.035969
7.893052 17.709158 6.319803 123.287912 60.100698 -67.379549 0.000000 0.000000 0.000000 2.610826 -13.185560 21.738023 0.009959 0.673349 1.701886 3.707781 9.870171 -32.980942 8.090023 16.185068 52.886287 0.000000 0.000000 0.000000 -53.682521 30.866847 -5.666149 -0.087749 1.914979 -5.247753 -14.164617 -24.969846 -78.462882 -7.056534 -15.379313 49.087811 6.973754 -1.652321 3.334498 7.373305 -1.127150 -6.205761 4.069318 -0.698214 -8.479282 -0.363278 -11.135556 -5.703180 5.606404 -15.441339 -27.494524 2.415476 -7.327682 -7.096218 0.000000 0.000000 0.000000 57.443142 -28.131753 -80.837356 18.584073 -28.898582 -4.828194 -0.000002 0.000002 0.829298 56.681805 -17.841478 -24.925271 -7.125020 0.000002 0.000000 17.536305 0.849094 -18.090673 0.000000 0.000000 0.000000 -76.373437 33.431094 -147.837154 -5.391001 9.242702 -0.436092 -0.000000 -0.000001 51.133734 -64.908213 -43.720604 55.883922 7.125020 -0.000002 0.000000 -114.809573 79.280620 -125.063748
7.871907 17.738283 6.609168 123.806721 58.481002 -67.675760 0.000000 0.000000 0.000000 1.571227 -12.293751 21.437012 0.014229 0.803997 2.036148 3.585453 10.223761 -32.698842 8.037546 16.146799 52.697802 0.000000 0.000000 0.000000 -56.267012 29.848328 -7.227302 -0.085841 1.892290 -5.194874 -13.892499 -25.736062 -78.109639 -6.772604 -15.137379 48.008965 7.092026 -1.513665 3.931191 7.575483 -0.897533 -5.951162 4.211213 -0.593039 -8.558252 -0.569921 -11.185875 -5.832931 5.759802 -15.446163 -27.361297 2.474319 -7.316650 -6.998485 0.000000 0.000000 0.000000 57.584862 -28.434850 -80.171672 19.173389 -29.633555 -5.116299 -0.000002 0.000001 -1.381281 56.626619 -18.702369 -25.894675 -7.125020 0.000002 0.000000 17.264962 -0.370075 -18.164310 0.000000 0.000000 0.000000 -76.683093 33.350170 -150.232705 -5.232211 8.975715 -0.410953 -0.000000 -0.000001 53.132245 -65.557439 -43.974501 56.791262 7.125020 -0.000002 0.000000 -119.519203 78.768493 -129.897048
7.849683 17.765281 6.904816 124.226925 56.868641 -68.124396 0.000000 0.000000 0.000000 0.545135 -11.488823 21.140006 0.019783 0.946946 2.403233 3.538446 10.285449 -32.681030 7.991850 16.113256 52.533320 0.000000 0.000000 0.000000 -58.750023 28.804447 -8.698662 -0.083913 1.869375 -5.140171 -13.650528 -26.362036 -77.776124 -6.539806 -14.931795 47.111544 7.178377 -1.399218 4.555087 7.765025 -0.698779 -5.682528 4.359636 -0.500510 -8.636332 -0.776402 -11.219416 -5.913278 5.870488 -15.435113 -27.279693 2.525493 -7.290498 -6.930525 0.000000 0.000000 0.000000 57.708451 -28.733342 -79.425774 19.624172 -30.186884 -5.341082 -0.000002 0.000001 -2.894358 56.822803 -19.767018 -27.308460 -7.125020 0.000002 0.000000 17.066227 -2.019782 -18.445142 0.000000 0.000000 0.000000 -76.907879 33.363106 -152.497510 -5.151207 8.839337 -0.398410 0.000000 -0.000001 55.039000 -66.140358 -44.275619 57.641643 7.125020 -0.000002 0.000000 -122.939362 78.367423 -133.365081
7.826629 17.789055 7.205991 124.563069 55.236528 -68.697725 0.000000 0.000000 0.000000 -0.454937 -10.797622 20.854906 0.026942 1.103761 2.807429 3.560739 10.084563 -32.901929 7.952336 16.084085 52.390822 0.000000 0.000000 0.000000 -61.098404 27.791530 -10.079077 -0.081952 1.846086 -5.083136 -13.501345 -26.762501 -77.570799 -6.367240 -14.775023 46.438381 7.268397 -1.323308 5.193936 7.944086 -0.546403 -5.405388 4.499145 -0.429841 -8.713318 -0.918479 -11.217186 -5.931772 5.895810 -15.389181 -27.248262 2.547316 -7.242816 -6.903450 0.000000 0.000000 0.000000 57.749945 -28.987392 -78.486047 19.996559 -30.638196 -5.529595 -0.000002 0.000001 -3.762181 57.157505 -20.866987 -28.869893 -7.125020 0.000002 0.000000 16.927697 -3.787648 -18.807018 0.000000 0.000000 0.000000 -77.060717 33.499555 -154.597589 -5.152925 8.842231 -0.398674 0.000000 -0.000001 56.752278 -66.661536 -44.612713 58.432917 7.125020 -0.000002 0.000000 -125.682747 78.049530 -136.097414
7.802751 17.808723 7.512300 124.850961 53.583332 -69.362451 0.000000 0.000000 0.000000 -1.423266 -10.173306 20.562112 0.035907 1.272639 3.244523 3.618778 9.780041 -33.257908 7.917465 16.058213 52.264857 0.000000 0.000000 0.000000 -63.313022 26.882118 -11.361405 -0.080440 1.827885 -5.038805 -13.503607 -26.940561 -77.615691 -6.246916 -14.663430 45.964822 7.361151 -1.290745 5.842673 8.109070 -0.446823 -5.120403 4.627471 -0.384098 -8.786816 -0.946314 -11.171686 -5.901715 5.808027 -15.302343 -27.246648 2.522168 -7.173559 -6.915000 0.000000 0.000000 0.000000 57.660652 -29.185042 -77.295127 20.360427 -31.074137 -5.716220 -0.000002 0.000001 -4.145521 57.537020 -21.891480 -30.371541 -7.125020 0.000002 0.000000 16.831364 -5.461424 -19.164458 0.000000 0.000000 0.000000 -77.155400 33.751034 -156.522334 -5.220977 8.956808 -0.409201 0.000000 -0.000000 58.221120 -67.142083 -44.974744 59.183774 7.125020 -0.000002 0.000000 -128.140725 77.767843 -138.505757
7.777928 17.823300 7.823870 125.130397 51.928639 -70.085176 0.000000 0.000000 0.000000 -2.368991 -9.544054 20.225777 0.046739 1.450040 3.705864 3.673880 9.542264 -33.637890 7.891453 16.038835 52.170765 0.000000 0.000000 0.000000 -65.423484 26.093391 -12.560292 -0.079811 1.819841 -5.021321 -13.673822 -26.990961 -77.964318 -6.157904 -14.579639 45.612206 7.426417 -1.294914 6.493873 8.255874 -0.396249 -4.824423 4.756571 -0.359925 -8.848105 -0.869612 -11.093370 -5.852075 5.620912 -15.185369 -27.248076 2.452268 -7.087997 -6.949032 0.000000 0.000000 0.000000 57.421411 -29.339238 -75.884364 20.769468 -31.558262 -5.928826 -0.000002 0.000001 -4.234392 57.893369 -22.780817 -31.687485 -7.125020 0.000002 0.000000 16.759302 -6.918804 -19.467637 0.000000 0.000000 0.000000 -77.205934 34.079444 -158.288468 -5.329254 9.138936 -0.426229 0.000001 0.000000 59.454489 -67.610461 -45.359829 59.926803 7.125020 -0.000002 0.000000 -130.556161 77.478751 -140.847374
7.751972 17.832161 8.140995 125.424958 50.291035 -70.840582 0.000000 0.000000 0.000000 -3.314822 -8.883124 19.824991 0.059428 1.632795 4.183648 3.709844 9.432833 -33.997765 7.883813 16.033130 52.143107 0.000000 0.000000 0.000000 -67.456184 25.374229 -13.710530 -0.080184 1.823365 -5.034880 -13.983671 -27.041526 -78.583553 -6.080368 -14.505777 45.303422 7.435651 -1.324311 7.131893 8.384208 -0.386699 -4.513220 4.900714 -0.352032 -8.882417 -0.749334 -11.000418 -5.808604 5.380660 -15.053505 -27.238934 2.357813 -6.990104 -6.987026 0.000000 0.000000 0.000000 57.033127 -29.462584 -74.332629 21.251930 -32.121237 -6.183351 -0.000002 0.000001 -4.197266 58.175961 -23.524950 -32.760011 -7.125020 0.000002 0.000000 16.689249 -8.116479 -19.685093 0.000000 0.000000 0.000000 -77.228292 34.440501 -159.949899 -5.452547 9.346056 -0.446031 0.000001 0.000001 60.513697 -68.090497 -45.764553 60.689094 7.125020 -0.000002 0.000000 -133.017986 77.153130 -143.222181
7.724659 17.834582 8.463629 125.734792 48.670786 -71.621419 0.000000 0.000000 0.000000 -4.282041 -8.221313 19.369389 0.073867 1.817725 4.669921 3.733109 9.422738 -34.357561 7.901322 16.046195 52.206478 0.000000 0.000000 0.000000 -69.405264 24.646854 -14.843250 -0.081468 1.837286 -5.076505 -14.384140 -27.184502 -79.393389 -6.007317 -14.435430 45.011082 7.387525 -1.371759 7.741451 8.497205 -0.413103 -4.183269 5.063176 -0.358017 -8.876503 -0.648336 -10.904490 -5.783390 5.137398 -14.912438 -27.225182 2.262222 -6.878684 -7.019059 0.000000 0.000000 0.000000 56.508540 -29.554626 -72.721572 21.810451 -32.762142 -6.482970 -0.000002 0.000001 -4.150915 58.347324 -24.169314 -33.599841 -7.125020 0.000002 0.000000 16.589306 -9.092808 -19.792362 0.000000 0.000000 0.000000 -77.232394 34.806293 -161.549658 -5.571946 9.546359 -0.465627 0.000001 0.000001 61.448588 -68.595581 -46.167628 61.478186 7.125020 -0.000002 0.000000 -135.447841 76.780591 -145.568380
7.695845 17.829989 8.791459 126.047399 47.052497 -72.430227 0.000000 0.000000 0.000000 -5.273450 -7.603484 18.874734 0.089782 2.000990 5.154908 3.749742 9.496416 -34.737722 7.940320 16.075184 52.347441 0.000000 0.000000 0.000000 -71.239593 23.852233 -15.972147 -0.083525 1.859821 -5.141427 -14.831065 -27.435448 -80.316563 -5.942817 -14.372698 44.751794 7.304402 -1.435866 8.312394 8.597718 -0.473541 -3.835452 5.234465 -0.378422 -8.825577 -0.593438 -10.809666 -5.778145 4.927202 -14.760801 -27.221231 2.180796 -6.752570 -7.044265 0.000000 0.000000 0.000000 55.881342 -29.619454 -71.137811 22.420954 -33.449502 -6.816427 -0.000002 0.000001 -4.133551 58.393227 -24.796472 -34.277020 -7.125020 0.000002 0.000000 16.427456 -9.948862 -19.777359 0.000000 0.000000 0.000000 -77.205948 35.174060 -163.042647 -5.676133 9.720919 -0.483063 0.000001 0.000001 62.226955 -69.132925 -46.536805 62.290329 7.125020 -0.000002 0.000000 -137.698114 76.364231 -147.759239
7.665605 17.817866 9.124554 126.355262 45.419810 -73.256977 0.000000 0.000000 0.000000 -6.270665 -7.050028 18.330455 0.106803 2.179067 5.629503 3.751013 9.692529 -35.114363 7.987512 16.110062 52.517691 0.000000 0.000000 0.000000 -72.934621 22.969095 -17.101825 -0.086191 1.888841 -5.223807 -15.291712 -27.737517 -81.295286 -5.893307 -14.324146 44.552012 7.208010 -1.513773 8.833093 8.685956 -0.562810 -3.478711 5.402178 -0.412423 -8.733193 -0.574921 -10.721893 -5.796906 4.777735 -14.602599 -27.231280 2.121222 -6.619965 -7.061795 0.000000 0.000000 0.000000 55.207873 -29.684616 -69.681089 23.038232 -34.130593 -7.159735 -0.000002 0.000001 -4.104593 58.334801 -25.477910 -34.884868 -7.125020 0.000002 0.000000 16.192000 -10.792871 -19.653611 0.000000 0.000000 0.000000 -77.112865 35.558806 -164.307703 -5.761030 9.863001 -0.497501 0.000001 0.000001 62.761482 -69.712176 -46.856381 63.132066 7.125020 -0.000002 0.000000 -139.706413 75.906999 -149.744275
7.634263 17.797408 9.463748 126.664228 43.766666 -74.072064 0.000000 0.000000 0.000000 -7.247539 -6.553143 17.699444 0.124513 2.349116 6.086247 3.721854 10.038294 -35.429960 8.030624 16.141732 52.672910 0.000000 0.000000 0.000000 -74.487920 21.980980 -18.251656 -0.088914 1.918123 -5.306412 -15.712446 -28.020301 -82.237530 -5.859109 -14.290405 44.413629 7.099144 -1.594615 9.286878 8.760417 -0.667451 -3.127902 5.562265 -0.454295 -8.606523 -0.572262 -10.653000 -5.854198 4.719813 -14.449902 -27.239181 2.090117 -6.501146 -7.062917 0.000000 0.000000 0.000000 54.536724 -29.786445 -68.423998 23.620292 -34.760143 -7.488966 -0.000002 0.000001 -4.000784 58.229578 -26.227749 -35.496737 -7.125020 0.000002 0.000000 15.906691 -11.681750 -19.467598 0.000000 0.000000 0.000000 -76.919838 35.977814 -165.304084 -5.830478 9.979121 -0.509466 0.000001 0.000001 63.060809 -70.337987 -47.137955 64.014626 7.125020 -0.000002 0.000000 -141.520586 75.410142 -151.565022
7.602285 17.767344 9.810413 126.985541 42.094940 -74.843574 0.000000 0.000000 0.000000 -8.178009 -6.089146 16.941655 0.142416 2.508339 6.517644 3.652951 10.491930 -35.617807 8.067099 16.168384 52.804004 0.000000 0.000000 0.000000 -75.899711 20.823160 -19.468982 -0.090323 1.933055 -5.348744 -15.978400 -28.263085 -82.944799 -5.829861 -14.261414 44.295016 6.959562 -1.662225 9.656611 8.820118 -0.769586 -2.797263 5.720872 -0.495167 -8.451702 -0.577844 -10.612517 -5.966375 4.775928 -14.312407 -27.216855 2.093663 -6.421556 -7.034519 0.000000 0.000000 0.000000 53.878713 -29.939073 -67.364092 24.153927 -35.326607 -7.795382 -0.000002 0.000001 -3.805873 58.153735 -26.990962 -36.139807 -7.125020 0.000002 0.000000 15.626801 -12.596875 -19.289465 0.000000 0.000000 0.000000 -76.627105 36.441151 -166.227799 -5.896806 10.089933 -0.521023 0.000001 0.000001 63.358551 -70.981147 -47.399882 64.909478 7.125020 -0.000002 0.000000 -143.176974 74.895358 -153.237520
7.570158 17.726176 10.165840 127.321884 40.400134 -75.560410 0.000000 0.000000 0.000000 -9.027468 -5.625231 16.034239 0.159935 2.653911 6.915992 3.538525 10.976468 -35.602972 8.100039 16.192341 52.922211 0.000000 0.000000 0.000000 -77.144066 19.398869 -20.807136 -0.088530 1.913728 -5.295613 -15.931718 -28.496445 -83.134947 -5.788842 -14.220546 44.128274 6.774526 -1.705486 9.934062 8.865579 -0.856863 -2.495055 5.884643 -0.528755 -8.273421 -0.594668 -10.597424 -6.136678 4.931310 -14.188618 -27.141211 2.129685 -6.404620 -6.969996 0.000000 0.000000 0.000000 53.215551 -30.126445 -66.435144 24.655572 -35.849865 -8.087322 -0.000002 0.000001 -3.570583 58.160645 -27.674255 -36.784929 -7.125020 0.000002 0.000000 15.410031 -13.458642 -19.179241 0.000000 0.000000 0.000000 -76.260655 36.954418 -167.403549 -5.974110 10.218971 -0.534653 0.000001 0.000000 63.987199 -71.575008 -47.649975 65.736912 7.125020 -0.000002 0.000000 -144.644635 74.412349 -154.707692
7.538328 17.672626 10.530512 127.661259 38.666305 -76.241078 0.000000 0.000000 0.000000 -9.754329 -5.126985 14.978990 0.176418 2.782895 7.273179 3.368681 11.445036 -35.299918 8.128387 16.212875 53.023804 0.000000 0.000000 0.000000 -78.166101 17.646964 -22.291759 -0.082052 1.842506 -5.098139 -15.440264 -28.759861 -82.537553 -5.719985 -14.151388 43.847307 6.548995 -1.726441 10.126897 8.896880 -0.929793 -2.222482 6.051130 -0.555605 -8.077744 -0.620911 -10.590940 -6.352610 5.127391 -14.067026 -27.003043 2.183481 -6.469706 -6.874345 0.000000 0.000000 0.000000 52.530289 -30.320099 -65.565274 25.152639 -36.359595 -8.380229 -0.000002 0.000001 -3.384064 58.238688 -28.195089 -37.348146 -7.125020 0.000002 0.000000 15.279405 -14.160061 -19.146560 0.000000 0.000000 0.000000 -75.830647 37.524102 -168.979249 -6.066157 10.372457 -0.551104 0.000001 -0.000000 65.083482 -72.063336 -47.891290 66.427781 7.125020 -0.000002 0.000000 -145.901667 74.004934 -155.938211
7.507137 17.605753 10.903755 127.979011 36.880921 -76.924619 0.000000 0.000000 0.000000 -10.333133 -4.571149 13.797329 0.191088 2.891764 7.579434 3.127075 11.915434 -34.621505 8.142189 16.222844 53.073223 0.000000 0.000000 0.000000 -78.896394 15.537647 -23.923965 -0.069987 1.701956 -4.708154 -14.439641 -29.064238 -80.916713 -5.606283 -14.035639 43.380370 6.298047 -1.739253 10.254405 8.910503 -1.001830 -1.976658 6.210762 -0.582675 -7.872535 -0.654899 -10.570001 -6.595558 5.297710 -13.931693 -26.804559 2.237783 -6.627329 -6.758017 0.000000 0.000000 0.000000 51.828746 -30.503499 -64.731375 25.663540 -36.874528 -8.684969 -0.000002 0.000001 -3.326774 58.312944 -28.515100 -37.719582 -7.125020 0.000002 0.000000 15.211460 -14.606762 -19.143960 0.000000 0.000000 0.000000 -75.310166 38.157254 -170.823476 -6.163246 10.534159 -0.568720 0.000001 -0.000000 66.506771 -72.437398 -48.126944 66.972063 7.125020 -0.000002 0.000000 -146.973678 73.683155 -156.952958
7.476753 17.524630 11.283989 128.241872 35.046374 -77.657071 0.000000 0.000000 0.000000 -10.767095 -3.952529 12.520951 0.203149 2.977067 7.825089 2.798292 12.449304 -33.494116 8.126383 16.211426 53.016628 0.000000 0.000000 0.000000 -79.246998 12.995200 -25.718562 -0.051510 1.460528 -4.038698 -12.939423 -29.349925 -78.014906 -5.421423 -13.843216 42.612998 6.031809 -1.762426 10.338208 8.899641 -1.092399 -1.754067 6.354279 -0.619387 -7.665730 -0.706254 -10.516773 -6.851945 5.413137 -13.771465 -26.553786 2.284970 -6.863872 -6.627961 0.000000 0.000000 0.000000 51.141152 -30.687091 -63.972757 26.189743 -37.395467 -9.002640 -0.000002 0.000000 -3.434956 58.294041 -28.646451 -37.818193 -7.125020 0.000002 0.000000 15.157339 -14.755454 -19.101284 0.000000 0.000000 0.000000 -74.649910 38.857243 -172.692127 -6.250711 10.679661 -0.584819 0.000001 -0.000000 68.017024 -72.716707 -48.353680 67.393064 7.125020 -0.000002 0.000000 -147.883156 73.438298 -157.784152
7.447207 17.428128 11.669265 128.414490 33.173094 -78.482082 0.000000 0.000000 0.000000 -11.076884 -3.284934 11.188144 0.212082 3.037281 8.005513 2.382577 13.087593 -31.879055 8.067757 16.168863 52.806367 0.000000 0.000000 0.000000 -79.098475 9.876701 -27.733688 -0.027156 1.060866 -2.931980 -11.047541 -29.429127 -73.568520 -5.129944 -13.528653 41.381096 5.755210 -1.810523 10.398928 8.857658 -1.216905 -1.551735 6.474974 -0.672980 -7.465188 -0.775989 -10.429061 -7.117587 5.486218 -13.593515 -26.263460 2.323350 -7.129832 -6.487084 0.000000 0.000000 0.000000 50.502632 -30.900896 -63.347528 26.729896 -37.920397 -9.332649 -0.000002 0.000000 -3.710537 58.125736 -28.634251 -37.627013 -7.125020 0.000002 0.000000 15.072909 -14.624794 -18.965815 0.000000 0.000000 0.000000 -73.797788 39.619274 -174.388930 -6.318150 10.791740 -0.597382 0.000001 -0.000000 69.436641 -72.910064 -48.560864 67.698523 7.125020 -0.000002 0.000000 -148.614350 73.271140 -158.427482
7.418584 17.315248 12.057771 128.472011 31.272163 -79.429456 0.000000 0.000000 0.000000 -11.291062 -2.601025 9.839734 0.217891 3.074135 8.124688 1.901983 13.815075 -29.786856 7.955777 16.086632 52.403244 0.000000 0.000000 0.000000 -78.316048 6.051294 -30.072568 -0.004318 0.423222 -1.169074 -8.991280 -28.954889 -67.459794 -4.703159 -13.041505 39.524035 5.469166 -1.889115 10.455445 8.779433 -1.380168 -1.368283 6.568451 -0.745518 -7.279915 -0.830941 -10.318509 -7.388796 5.530771 -13.423069 -25.953405 2.344593 -7.360299 -6.342032 0.000000 0.000000 0.000000 49.929558 -31.172818 -62.870009 27.300749 -38.464489 -9.685616 -0.000002 0.000000 -4.158099 57.800424 -28.522502 -37.180476 -7.125020 0.000002 0.000000 14.939202 -14.265457 -18.722760 0.000000 0.000000 0.000000 -72.708657 40.431846 -175.801307 -6.363028 10.866268 -0.605813 0.000001 0.000000 70.680424 -72.995389 -48.738237 67.858040 7.125020 -0.000002 0.000000 -149.129032 73.203148 -158.847744
7.391213 17.185819 12.448107 128.412067 29.357281 -80.501152 0.000000 0.000000 0.000000 -11.447464 -1.947357 8.505004 0.221188 3.092929 8.196172 1.390743 14.586791 -27.267950 7.781026 15.955812 51.770076 0.000000 0.000000 0.000000 -76.785530 1.502072 -32.866444 -0.006925 -0.535962 1.480420 -7.046274 -27.475533 -59.918606 -4.135078 -12.338016 36.938460 5.167173 -1.994556 10.520214 8.660433 -1.576635 -1.206809 6.633451 -0.833829 -7.120580 -0.822378 -10.195650 -7.645711 5.532055 -13.281194 -25.652809 2.334440 -7.514827 -6.208845 0.000000 0.000000 0.000000 49.415674 -31.519251 -62.497487 27.933445 -39.054894 -10.081727 -0.000002 0.000000 -4.787484 57.354810 -28.327600 -36.535719 -7.125020 0.000002 0.000000 14.769710 -13.724697 -18.398287 0.000000 0.000000 0.000000 -71.349713 41.285642 -176.859888 -6.389043 10.909450 -0.610727 0.000001 0.000000 71.706306 -72.924400 -48.880335 67.810583 7.125020 -0.000002 0.000000 -149.392364 73.267940 -159.002645
7.365608 17.041239 12.839085 128.255815 27.443869 -81.666391 0.000000 0.000000 0.000000 -11.590964 -1.377610 7.186781 0.223203 3.102674 8.243591 0.883393 15.365904 -24.393506 7.542266 15.772034 50.896647 0.000000 0.000000 0.000000 -74.438771 -3.609527 -36.238841 -0.084707 -1.872394 5.179063 -5.385696 -24.623767 -51.649913 -3.448648 -11.388145 33.600382 4.843412 -2.118403 10.594321 8.497679 -1.795172 -1.076391 6.668870 -0.932034 -6.998370 -0.732121 -10.061469 -7.849243 5.468645 -13.167619 -25.395265 2.287961 -7.589391 -6.107433 0.000000 0.000000 0.000000 48.943315 -31.950513 -62.170230 28.647650 -39.705663 -10.534875 -0.000002 0.000001 -5.580087 56.860118 -28.044387 -35.765502 -7.125020 0.000002 0.000000 14.602982 -13.045455 -18.049899 0.000000 0.000000 0.000000 -69.707776 42.180646 -177.486660 -6.403025 10.932653 -0.613376 0.000001 0.000001 72.455275 -72.644994 -48.985970 67.492713 7.125020 -0.000002 0.000000 -149.398031 73.488657 -158.872699
7.342291 16.884971 13.229198 128.043977 25.538935 -82.867660 0.000000 0.000000 0.000000 -11.761299 -0.948113 5.858423 0.225714 3.115786 8.299938 0.411036 16.129810 -21.248926 7.254915 15.542847 49.831964 0.000000 0.000000 0.000000 -71.289103 -8.908735 -40.238681 -0.310103 -3.571217 9.920325 -4.022657 -20.402494 -43.753168 -2.704042 -10.199800 29.626194 4.512291 -2.252350 10.669229 8.293165 -2.022861 -0.989436 6.667001 -1.034079 -6.923486 -0.591961 -9.912354 -7.963159 5.345387 -13.065563 -25.199980 2.217418 -7.598222 -6.047624 0.000000 0.000000 0.000000 48.488354 -32.470979 -61.846472 29.435298 -40.404416 -11.041759 -0.000002 0.000001 -6.472347 56.404983 -27.674824 -34.963589 -7.125020 0.000002 0.000000 14.483834 -12.288328 -17.746462 0.000000 0.000000 0.000000 -67.799894 43.124902 -177.580986 -6.413734 10.950420 -0.615408 0.000001 0.000001 72.828085 -72.117924 -49.061888 66.861131 7.125020 -0.000002 0.000000 -149.207958 73.857364 -158.500985
7.321753 16.722516 13.616273 127.842267 23.626747 -84.026550 0.000000 0.000000 0.000000 -11.972504 -0.701473 4.467452 0.230823 3.146518 8.403464 0.000623 16.857067 -17.932868 6.942947 15.283660 48.658219 0.000000 0.000000 0.000000 -67.494825 -13.831858 -44.759222 -0.749234 -5.516351 15.454744 -2.934238 -15.335118 -37.375227 -2.000720 -8.867574 25.381956 4.221740 -2.387995 10.733681 8.058092 -2.242739 -0.956420 6.610412 -1.133237 -6.903961 -0.463266 -9.745138 -7.985165 5.191634 -12.954190 -25.052365 2.143201 -7.557008 -6.018994 0.000000 0.000000 0.000000 48.014619 -33.067978 -61.500519 30.268673 -41.122572 -11.585918 -0.000002 0.000001 -7.374623 56.069653 -27.246513 -34.234138 -7.125020 0.000002 0.000000 14.444256 -11.537346 -17.545231 0.000000 0.000000 0.000000 -65.678236 44.126461 -177.039686 -6.429498 10.976570 -0.618406 0.000001 0.000002 72.698407 -71.308305 -49.129270 65.885015 7.125020 -0.000002 0.000000 -148.993211 74.333925 -158.026634
7.304420 16.560710 13.997543 127.745455 21.661765 -85.049991 0.000000 0.000000 0.000000 -12.195303 -0.635057 2.936966 0.240777 3.209148 8.592921 -0.327927 17.517862 -14.551792 6.621096 15.004341 47.426279 0.000000 0.000000 0.000000 -63.378274 -17.791689 -49.517731 -1.407959 -7.490295 21.259345 -2.200388 -10.278681 -33.241682 -1.448528 -7.608035 21.529730 4.051182 -2.513855 10.776011 7.814774 -2.430343 -0.981481 6.474547 -1.220634 -6.942315 -0.398965 -9.555865 -7.955957 5.035830 -12.815321 -24.907568 2.079132 -7.476941 -5.995056 0.000000 0.000000 0.000000 47.469201 -33.700196 -61.101262 31.121630 -41.835594 -12.150888 -0.000002 0.000001 -8.204551 55.901805 -26.807815 -33.664884 -7.125020 0.000002 0.000000 14.493338 -10.880369 -17.475597 0.000000 0.000000 0.000000 -63.421619 45.182694 -175.790270 -6.452645 11.014960 -0.622822 0.000001 0.000002 71.948342 -70.170682 -49.219705 64.527528 7.125020 -0.000002 0.000000 -149.035103 74.859490 -157.685760
7.290259 16.406513 14.369878 127.850197 19.581230 -85.851074 0.000000 0.000000 0.000000 -12.365320 -0.686228 1.171699 0.257989 3.317056 8.905234 -0.564876 18.070041 -11.230505 6.295095 14.708341 46.154860 0.000000 0.000000 0.000000 -59.314987 -20.425426 -54.162159 -2.209836 -9.274166 26.747881 -1.936910 -6.004152 -31.521608 -1.115171 -6.708680 18.855131 4.095765 -2.618647 10.777379 7.591191 -2.560779 -1.060651 6.231300 -1.288340 -7.028759 -0.409663 -9.336748 -7.930727 4.879095 -12.635654 -24.724915 2.022796 -7.365419 -5.953356 0.000000 0.000000 0.000000 46.794218 -34.302174 -60.608819 31.982649 -42.533337 -12.729096 -0.000002 0.000001 -8.910780 55.908365 -26.412222 -33.308211 -7.125020 0.000002 0.000000 14.618493 -10.386990 -17.536235 0.000000 0.000000 0.000000 -61.118358 46.273279 -173.829697 -6.478131 11.057214 -0.627700 0.000001 0.000001 70.519826 -68.661487 -49.358141 62.756645 7.125020 -0.000002 0.000000 -149.654122 75.370350 -157.758483
7.278367 16.265689 14.730163 128.203962 17.334819 -86.383028 0.000000 0.000000 0.000000 -12.421869 -0.753255 -0.918259 0.284965 3.480782 9.370403 -0.713733 18.466063 -8.142562 5.980392 14.409314 44.902977 0.000000 0.000000 0.000000 -55.557054 -21.719148 -58.446208 -3.044200 -10.750815 31.535181 -2.169313 -2.954422 -31.923913 -0.992229 -6.339649 17.773142 4.437291 -2.698843 10.707665 7.408705 -2.623204 -1.181180 5.853999 -1.335245 -7.136303 -0.460499 -9.079759 -7.930633 4.702245 -12.408699 -24.516059 1.962697 -7.230164 -5.898540 0.000000 0.000000 0.000000 45.960127 -34.816115 -60.011008 32.846804 -43.211949 -13.317058 -0.000002 0.000001 -9.469151 56.064712 -26.105881 -33.181149 -7.125020 0.000002 0.000000 14.793844 -10.099933 -17.703613 0.000000 0.000000 0.000000 -58.840770 47.357607 -171.222320 -6.498303 11.090650 -0.631575 0.000001 0.000001 68.436611 -66.776383 -49.548455 60.585141 7.125020 -0.000002 0.000000 -151.049110 75.824581 -158.434209
7.267206 16.141920 15.076087 128.777607 14.916810 -86.663550 0.000000 0.000000 0.000000 -12.356085 -0.730379 -3.378363 0.323557 3.702727 9.997089 -0.793239 18.680914 -5.504715 5.706491 14.137752 43.792086 0.000000 0.000000 0.000000 -52.170695 -21.924043 -62.306139 -3.835376 -11.924175 35.548929 -2.784125 -1.270833 -33.881035 -1.009977 -6.394413 17.933183 5.103143 -2.760135 10.538706 7.271889 -2.628125 -1.321176 5.331411 -1.368439 -7.226178 -0.507544 -8.784109 -7.912211 4.508341 -12.134039 -24.366061 1.899570 -7.080648 -5.868302 0.000000 0.000000 0.000000 44.990282 -35.224802 -59.356876 33.701263 -43.862165 -13.905645 -0.000002 0.000001 -9.871309 56.328303 -25.916024 -33.267983 -7.125020 0.000002 0.000000 14.990120 -10.028367 -17.942611 0.000000 0.000000 0.000000 -56.620794 48.372761 -168.047346 -6.505491 11.102563 -0.632958 0.000001 0.000000 65.773362 -64.573197 -49.777214 58.095871 7.125020 -0.000002 0.000000 -153.067956 76.279831 -159.594605
7.255355 16.036732 15.407004 129.482847 12.382952 -86.773357 0.000000 0.000000 0.000000 -12.238660 -0.538357 -6.174740 0.373479 3.970748 10.754602 -0.831410 18.736571 -3.496217 5.499539 13.925178 42.938531 0.000000 0.000000 0.000000 -49.134477 -21.385160 -65.772645 -4.563047 -12.862431 38.929467 -3.580482 -0.841151 -36.735795 -1.081124 -6.608819 18.561510 6.034479 -2.814513 10.269310 7.170357 -2.605692 -1.450872 4.688819 -1.400126 -7.262413 -0.530947 -8.455470 -7.794022 4.330211 -11.814108 -24.389235 1.850231 -6.924762 -5.911870 0.000000 0.000000 0.000000 43.938992 -35.541519 -58.727577 34.528089 -44.472202 -14.481753 -0.000002 0.000001 -10.141661 56.648562 -25.829631 -33.508005 -7.125020 0.000002 0.000000 15.185629 -10.125241 -18.215325 0.000000 0.000000 0.000000 -54.468759 49.242500 -164.408329 -6.493899 11.083354 -0.630728 0.000001 -0.000000 62.646146 -62.144252 -50.031442 55.410807 7.125020 -0.000002 0.000000 -155.003216 77.047392 -160.596199
7.241924 15.950152 15.724247 130.210789 9.838200 -86.833405 0.000000 0.000000 0.000000 -12.206596 -0.149917 -9.183639 0.430748 4.255870 11.565382 -0.852006 18.686572 -2.158183 5.372850 13.791762 42.409617 0.000000 0.000000 0.000000 -46.449563 -20.424491 -68.847866 -5.238103 -13.637693 41.865624 -4.366830 -1.311992 -39.887362 -1.146704 -6.799679 19.123246 7.095042 -2.880323 9.939734 7.090258 -2.600205 -1.536328 3.995385 -1.444757 -7.224668 -0.531230 -8.102307 -7.528355 4.191080 -11.456411 -24.644380 1.827317 -6.767404 -6.054178 0.000000 0.000000 0.000000 42.842585 -35.779818 -58.177118 35.319024 -45.038592 -15.038648 -0.000002 0.000001 -10.351814 56.975036 -25.775341 -33.784082 -7.125020 0.000002 0.000000 15.375851 -10.267731 -18.489349 0.000000 0.000000 0.000000 -52.426905 49.907432 -160.511744 -6.465473 11.036235 -0.625275 0.000001 -0.000001 59.240641 -59.548969 -50.304432 52.613247 7.125020 -0.000002 0.000000 -155.194070 78.898840 -159.847186
7.226270 15.881496 16.030769 130.863935 7.406251 -86.974335 0.000000 0.000000 0.000000 -12.421756 0.400220 -12.212659 0.487234 4.517298 12.317160 -0.864533 18.574872 -1.349804 5.331194 13.747333 42.234606 0.000000 0.000000 0.000000 -44.161547 -19.305087 -71.475857 -5.875408 -14.299578 44.497620 -5.028539 -2.209899 -42.867907 -1.185048 -6.908490 19.444546 8.116965 -2.980797 9.622251 7.019267 -2.658512 -1.546280 3.341525 -1.515968 -7.112735 -0.511664 -7.739882 -7.139538 4.087183 -11.080191 -25.090773 1.827226 -6.613727 -6.277815 0.000000 0.000000 0.000000 41.699801 -35.965777 -57.719786 36.079113 -45.567484 -15.578957 -0.000002 0.000001 -10.585037 57.263423 -25.648180 -33.950828 -7.125020 0.000002 0.000000 15.569312 -10.292063 -18.740432 0.000000 0.000000 0.000000 -50.562926 50.349796 -156.619185 -6.430189 10.977721 -0.618538 0.000001 -0.000001 55.765037 -56.771458 -50.572403 49.693208 7.125020 -0.000002 0.000000 -146.245463 83.213181 -150.015166
7.207583 15.829733 16.330340 131.371518 5.198744 -87.308279 0.000000 0.000000 0.000000 -13.025876 1.035560 -15.048750 0.532478 4.713677 12.893249 -0.863320 18.409220 -0.779608 5.365622 13.784073 42.379287 0.000000 0.000000 0.000000 -42.330301 -18.228227 -73.585402 -6.484010 -14.876814 46.906906 -5.532419 -3.114891 -45.369588 -1.190563 -6.923978 19.490345 8.951532 -3.135505 9.394569 6.941977 -2.813343 -1.460551 2.801827 -1.622083 -6.943050 -0.468537 -7.393121 -6.693153 3.999748 -10.716978 -25.618738 1.835215 -6.471619 -6.537389 0.000000 0.000000 0.000000 40.492811 -36.177184 -57.360384 36.816688 -46.066630 -16.107895 -0.000002 0.000001 -10.886931 57.478601 -25.378212 -33.903443 -7.125020 0.000002 0.000000 15.767995 -10.083535 -18.946505 0.000000 0.000000 0.000000 -48.886758 50.579973 -152.836037 -6.396073 10.921120 -0.612058 0.000001 -0.000001 52.312294 -53.747584 -50.766364 46.570497 7.125020 -0.000002 0.000000 -31.989970 84.734911 -34.997878
7.184877 15.793403 16.626538 131.690273 3.278240 -87.906924 0.000000 0.000000 0.000000 -14.091530 1.681198 -17.518408 0.557587 4.816097 13.209473 -0.833920 18.168927 -0.101205 5.445621 13.868709 42.714040 0.000000 0.000000 0.000000 -40.982077 -17.329831 -75.134477 -7.069500 -15.387343 49.143981 -5.895422 -3.754664 -47.249662 -1.166929 -6.857319 19.293348 9.512063 -3.351520 9.312699 6.843446 -3.072171 -1.276195 2.412487 -1.763399 -6.741102 -0.391577 -7.093416 -6.250603 3.911206 -10.404353 -26.105167 1.835471 -6.351378 -6.783567 0.000000 0.000000 0.000000 39.209294 -36.542207 -57.105887 37.534430 -46.539366 -16.626832 -0.000002 0.000001 -11.258052 57.596840 -24.976796 -33.626220 -7.125020 0.000002 0.000000 15.954226 -9.638457 -19.083566 0.000000 0.000000 0.000000 -47.303014 50.605569 -148.974584 -6.361945 10.864471 -0.605609 0.000001 -0.000001 48.780157 -50.431252 -50.776913 43.170151 7.125020 -0.000002 0.000000 -3.571689 64.515852 -6.028471
7.157299 15.770521 16.921798 131.801792 1.623120 -88.787834 0.000000 0.000000 0.000000 -15.582897 2.302672 -19.536223 0.559366 4.818115 13.244241 -0.765387 17.840930 0.951785 5.533340 13.960348 43.078813 0.000000 0.000000 0.000000 -40.060261 -16.676481 -76.133066 -7.636399 -15.843893 51.245600 -6.150774 -4.031760 -48.512755 -1.123775 -6.733651 18.928648 9.800874 -3.622567 9.395384 6.725304 -3.418967 -1.009031 2.173650 -1.933852 -6.534253 -0.280214 -6.876021 -5.858757 3.832640 -10.178607 -26.443125 1.824280 -6.264336 -6.971867 0.000000 0.000000 0.000000 37.838795 -37.185359 -56.939399 38.225023 -46.982414 -17.129936 -0.000002 0.000001 -11.679586 57.608341 -24.515697 -33.177884 -7.125020 0.000002 0.000000 16.099642 -9.041412 -19.132576 0.000000 0.000000 0.000000 -45.664582 50.425620 -144.649300 -6.322367 10.798745 -0.598171 0.000000 -0.000001 44.941345 -46.851494 -50.492082 39.494667 7.125020 -0.000002 0.000000 0.195676 26.749505 -2.088764
7.124353 15.758765 17.217106 131.716893 0.133983 -89.908986 0.000000 0.000000 0.000000 -17.369638 2.914961 -21.124273 0.541610 4.737042 13.043885 -0.660122 17.450842 2.464297 5.603949 14.033244 43.370745 0.000000 0.000000 0.000000 -39.420000 -16.275359 -76.655197 -8.187925 -16.255406 53.237666 -6.325869 -4.014331 -49.265172 -1.064232 -6.558631 18.414180 9.894282 -3.932856 9.618102 6.615057 -3.823810 -0.690858 2.068481 -2.124031 -6.344028 -0.159229 -6.772645 -5.559230 3.812281 -10.065579 -26.550784 1.815121 -6.219236 -7.063196 0.000000 0.000000 0.000000 36.356074 -38.171517 -56.794682 38.866580 -47.383866 -17.600542 -0.000002 0.000001 -12.134388 57.520887 -24.072833 -32.644038 -7.125020 0.000002 0.000000 16.184860 -8.399269 -19.091471 0.000000 0.000000 0.000000 -43.864905 50.047258 -139.494277 -6.278418 10.725722 -0.589965 0.000000 -0.000002 40.591933 -43.139954 -49.841831 35.661738 7.125020 -0.000002 0.000000 1.723620 -20.863998 -1.210510
7.086005 15.755823 17.512522 131.480669 -1.312790 -91.175750 0.000000 0.000000 0.000000 -19.291435 3.559260 -22.396534 0.512681 4.605958 12.700504 -0.533510 17.059294 4.326550 5.648154 14.078492 43.552758 0.000000 0.000000 0.000000 -38.881065 -16.099165 -76.840166 -8.726116 -16.628207 55.138039 -6.437280 -3.872981 -49.656419 -0.981917 -6.307586 17.679523 9.889185 -4.258209 9.914905 6.555394 -4.249838 -0.363310 2.081215 -2.321512 -6.178347 -0.065232 -6.795157 -5.384121 3.890738 -10.071529 -26.382585 1.823128 -6.216980 -7.032373 0.000000 0.000000 0.000000 34.716862 -39.497032 -56.565037 39.423721 -47.724741 -18.011670 -0.000002 0.000001 -12.610307 57.357223 -23.691273 -32.092920 -7.125020 0.000002 0.000000 16.210024 -7.785294 -18.976957 0.000000 0.000000 0.000000 -41.874714 49.492719 -133.310686 -6.244233 10.668892 -0.583620 0.000001 -0.000002 35.657568 -39.515251 -48.832548 31.890740 7.125020 -0.000002 0.000000 3.691995 -56.360503 -2.046357
7.042720 15.759759 17.807492 131.164892 -2.810396 -92.475110 0.000000 0.000000 0.000000 -21.214359 4.269277 -23.499371 0.481328 4.460645 12.314480 -0.407036 16.735157 6.287883 5.670531 14.101284 43.644675 0.000000 0.000000 0.000000 -38.295273 -16.100924 -76.857659 -9.252334 -16.967402 56.958700 -6.497845 -3.777935 -49.833819 -0.873250 -5.957922 16.662385 9.857932 -4.566057 10.204566 6.580750 -4.654602 -0.065926 2.197901 -2.509554 -6.032651 -0.011799 -6.922453 -5.341734 4.044281 -10.178086 -25.938007 1.842774 -6.247025 -6.879239 0.000000 0.000000 0.000000 32.877095 -41.125586 -56.141229 39.859501 -47.986432 -18.334782 -0.000002 0.000001 -13.094194 57.138561 -23.369546 -31.547216 -7.125020 0.000002 0.000000 16.187507 -7.213784 -18.809140 0.000000 0.000000 0.000000 -39.706873 48.783340 -126.094152 -6.246495 10.672652 -0.584039 0.000001 -0.000002 30.217899 -36.223275 -47.562564 28.440349 7.125020 -0.000002 0.000000 8.328257 -74.508692 -5.923831
6.995335 15.769323 18.100455 130.849811 -4.401083 -93.729255 0.000000 0.000000 0.000000 -23.044219 5.049331 -24.527098 0.453278 4.326733 11.957719 -0.301748 16.528955 8.039618 5.690604 14.121666 43.727006 0.000000 0.000000 0.000000 -37.651113 -16.369102 -76.894768 -9.698661 -17.130721 58.757095 -6.349405 -3.830515 -49.868268 -0.747659 -5.523121 15.406828 9.837619 -4.820725 10.438778 6.698529 -4.992633 0.179047 2.395740 -2.668282 -5.902179 0.026929 -7.103072 -5.412343 4.182469 -10.342570 -25.257262 1.844541 -6.287987 -6.629425 0.000000 0.000000 0.000000 30.816249 -43.027902 -55.448754 40.147432 -48.156999 -18.548998 -0.000002 0.000001 -13.560890 56.864467 -23.084731 -30.986990 -7.125020 0.000002 0.000000 16.123532 -6.656834 -18.591455 0.000000 0.000000 0.000000 -37.374225 47.917302 -118.019756 -6.318156 10.791749 -0.597383 0.000001 -0.000002 24.484482 -33.466267 -46.206694 25.532360 7.125020 -0.000002 0.000000 17.572620 -81.638849 -14.539436
6.944832 15.783979 18.388818 130.606849 -6.084630 -94.925819 0.000000 0.000000 0.000000 -24.712280 5.865960 -25.473157 0.430078 4.212797 11.654069 -0.233644 16.454362 9.313071 5.730363 14.161857 43.889739 0.000000 0.000000 0.000000 -36.861155 -16.642238 -76.931365 -10.103985 -17.255139 60.400828 -6.188395 -4.021476 -49.850015 -0.622633 -5.049528 14.049879 9.837338 -4.995506 10.629863 6.889528 -5.227062 0.372363 2.643999 -2.780841 -5.792873 0.083124 -7.278400 -5.555122 4.219454 -10.510368 -24.410314 1.801958 -6.315427 -6.323636 0.000000 0.000000 0.000000 28.527150 -45.187305 -54.448392 40.275183 -48.232086 -18.644225 -0.000002 0.000001 -13.965855 56.507252 -22.821698 -30.374820 -7.125020 0.000002 0.000000 16.006768 -6.080225 -18.304327 0.000000 0.000000 0.000000 -34.895963 46.874230 -109.428559 -6.488785 11.074877 -0.629746 0.000001 -0.000002 18.758205 -31.363178 -44.964357 23.303029 7.125020 -0.000002 0.000000 24.945662 -83.046714 -21.370024
6.892158 15.803477 18.669973 130.487482 -7.836174 -96.101567 0.000000 0.000000 0.000000 -26.160124 6.647304 -26.250709 0.410137 4.112612 11.385765 -0.210723 16.484882 9.960602 5.792145 14.223847 44.141717 0.000000 0.000000 0.000000 -35.955943 -16.840698 -76.930117 -10.448140 -17.327328 61.849189 -6.009392 -4.285776 -49.803848 -0.512020 -4.586557 12.732998 9.847398 -5.084087 10.829734 7.122756 -5.345302 0.529203 2.916446 -2.841120 -5.718871 0.146150 -7.410150 -5.721354 4.147830 -10.636458 -23.480319 1.721506 -6.312433 -6.002669 0.000000 0.000000 0.000000 25.979216 -47.570103 -53.095922 40.244783 -48.214251 -18.621555 -0.000002 0.000001 -14.259875 56.029626 -22.575748 -29.676347 -7.125020 0.000002 0.000000 15.817648 -5.458857 -17.920157 0.000000 0.000000 0.000000 -32.318580 45.651935 -100.770785 -6.776596 11.550985 -0.686205 0.000001 -0.000002 13.359358 -29.954657 -43.989123 21.796323 7.125020 -0.000002 0.000000 24.630990 -81.958358 -20.631369
6.838076 15.827234 18.942562 130.517757 -9.622830 -97.301000 0.000000 0.000000 0.000000 -27.336154 7.293847 -26.756043 0.390847 4.013954 11.118343 -0.232137 16.574338 9.977505 5.852039 14.283408 44.384975 0.000000 0.000000 0.000000 -34.986795 -16.907724 -76.835021 -10.719756 -17.345595 63.074943 -5.809600 -4.546021 -49.714481 -0.421116 -4.165105 11.541630 9.852151 -5.100533 11.080738 7.366870 -5.363074 0.666531 3.193479 -2.855810 -5.688296 0.167127 -7.485652 -5.877307 4.026266 -10.696624 -22.532129 1.635666 -6.272395 -5.694107 0.000000 0.000000 0.000000 23.107339 -50.099718 -51.308389 40.069166 -48.110819 -18.490713 -0.000002 0.000001 -14.415446 55.413274 -22.338304 -28.872580 -7.125020 0.000002 0.000000 15.548226 -4.775328 -17.427308 0.000000 0.000000 0.000000 -29.695304 44.290369 -92.490408 -7.185475 12.224096 -0.770432 0.000001 -0.000002 8.545656 -29.226183 -43.337439 20.980888 7.125020 -0.000002 0.000000 21.693633 -80.098139 -17.448038
6.782975 15.854157 19.206934 130.695750 -11.417401 -98.546795 0.000000 0.000000 0.000000 -28.202388 7.702592 -26.921508 0.370370 3.907269 10.825168 -0.290494 16.687536 9.456314 5.876857 14.307936 44.485483 0.000000 0.000000 0.000000 -34.003986 -16.828121 -76.607306 -10.919695 -17.319339 64.074754 -5.591445 -4.742537 -49.555829 -0.348484 -3.792978 10.494959 9.844625 -5.069121 11.384821 7.594455 -5.313219 0.795648 3.454286 -2.839524 -5.693860 0.108331 -7.507528 -6.025687 3.916836 -10.685608 -21.581143 1.572875 -6.195821 -5.404365 0.000000 0.000000 0.000000 19.840766 -52.664999 -48.977713 39.757594 -47.925622 -18.259103 -0.000002 0.000001 -14.433048 54.672190 -22.097049 -27.970911 -7.125020 0.000002 0.000000 15.209354 -4.027043 -16.840261 0.000000 0.000000 0.000000 -27.050942 42.853724 -84.921637 -7.705265 13.073980 -0.884259 0.000002 -0.000002 4.461462 -29.116191 -42.965249 20.765755 7.125020 -0.000002 0.000000 18.932785 -78.392738 -14.667073
6.726743 15.883069 19.464555 130.992665 -13.205214 -99.838461 0.000000 0.000000 0.000000 -28.746762 7.796928 -26.729487 0.348279 3.789410 10.497986 -0.376434 16.810594 8.512236 5.845546 14.276976 44.358654 0.000000 0.000000 0.000000 -33.044187 -16.628477 -76.229634 -11.058129 -17.262601 64.869144 -5.361282 -4.843277 -49.314037 -0.288637 -3.454991 9.548164 9.831633 -5.014795 11.714098 7.784646 -5.231026 0.920565 3.675580 -2.808329 -5.719862 -0.026005 -7.487614 -6.197509 3.851933 -10.613946 -20.600789 1.542116 -6.089183 -5.122997 0.000000 0.000000 0.000000 16.137898 -55.151965 -46.017286 39.299814 -47.649549 -17.920042 -0.000002 0.000001 -14.328532 53.844770 -21.853917 -27.013348 -7.125020 0.000002 0.000000 14.821341 -3.243452 -16.192014 0.000000 0.000000 0.000000 -24.380490 41.398273 -78.252996 -8.313355 14.059524 -1.026910 0.000002 -0.000001 1.134592 -29.507397 -42.770462 21.009953 7.125020 -0.000002 0.000000 16.582262 -77.243630 -12.524785
6.668952 15.913233 19.717130 131.362302 -14.982657 -101.164630 0.000000 0.000000 0.000000 -28.992472 7.551105 -26.204456 0.325240 3.662804 10.144425 -0.481142 16.936489 7.241054 5.757229 14.188882 43.999446 0.000000 0.000000 0.000000 -32.129342 -16.360958 -75.696005 -11.148686 -17.187822 65.492807 -5.125773 -4.839630 -48.989936 -0.234766 -3.118401 8.608559 9.827356 -4.959679 12.039361 7.924788 -5.146573 1.040080 3.838386 -2.776231 -5.754802 -0.197170 -7.440994 -6.415984 3.832306 -10.501060 -19.572380 1.535092 -5.963425 -4.837672 0.000000 0.000000 0.000000 11.990295 -57.468709 -42.393022 38.673536 -47.264086 -17.458616 -0.000002 0.000001 -14.122294 52.980334 -21.638991 -26.075349 -7.125020 0.000002 0.000000 14.403053 -2.494630 -15.522868 0.000000 0.000000 0.000000 -21.673320 39.962320 -72.551656 -8.978997 15.126946 -1.194631 0.000002 -0.000001 -1.498347 -30.225223 -42.649110 21.536060 7.125020 -0.000002 0.000000 14.466979 -76.676145 -10.791254
6.609161 15.944593 19.966030 131.755836 -16.755742 -102.513370 0.000000 0.000000 0.000000 -28.990996 6.999701 -25.400192 0.302242 3.532031 9.778166 -0.595227 17.045744 5.720878 5.630363 14.060315 43.479573 0.000000 0.000000 0.000000 -31.266806 -16.081627 -75.002352 -11.202983 -17.103075 65.979362 -4.889962 -4.737832 -48.592558 -0.181719 -2.745699 7.571543 9.848551 -4.924560 12.347942 8.011463 -5.085252 1.151582 3.933536 -2.755378 -5.796777 -0.359943 -7.376633 -6.670398 3.837756 -10.362561 -18.524372 1.534824 -5.828801 -4.544058 0.000000 0.000000 0.000000 7.387960 -59.546289 -38.108181 37.874692 -46.759092 -16.874258 -0.000002 0.000001 -13.831205 52.128878 -21.504238 -25.248400 -7.125020 0.000002 0.000000 13.968370 -1.875781 -14.872499 0.000000 0.000000 0.000000 -18.925372 38.578587 -67.798179 -9.673697 16.227550 -1.382362 0.000002 -0.000001 -3.567404 -31.063961 -42.531233 22.157217 7.125020 -0.000002 0.000000 12.526504 -76.521096 -9.311776
6.547078 15.977665 20.211970 132.133127 -18.538961 -103.876875 0.000000 0.000000 0.000000 -28.803009 6.227451 -24.382737 0.279720 3.399072 9.405438 -0.706885 17.095731 4.018103 5.502869 13.928651 42.952369 0.000000 0.000000 0.000000 -30.448632 -15.836157 -74.141372 -11.227624 -17.012379 66.348802 -4.657337 -4.555047 -48.134915 -0.128463 -2.310362 6.364188 9.913292 -4.929853 12.644470 8.049616 -5.069485 1.253261 3.961678 -2.756773 -5.851714 -0.487600 -7.294672 -6.923896 3.844835 -10.203532 -17.514924 1.526317 -5.690474 -4.245046 0.000000 0.000000 0.000000 2.288326 -61.324283 -33.168885 36.937585 -46.147148 -16.195016 -0.000002 0.000001 -13.459536 51.334368 -21.500168 -24.611158 -7.125020 0.000002 0.000000 13.528810 -1.472503 -14.274394 0.000000 0.000000 0.000000 -16.127875 37.282485 -63.902684 -10.384068 17.338082 -1.587490 0.000002 -0.000001 -5.247582 -31.837462 -42.391740 22.717631 7.125020 -0.000002 0.000000 10.835257 -76.571884 -8.062412
6.482672 16.013019 20.454996 132.469553 -20.345987 -105.248652 0.000000 0.000000 0.000000 -28.486368 5.346509 -23.219064 0.257072 3.259788 9.015161 -0.802121 17.038646 2.193897 5.423352 13.845252 42.621060 0.000000 0.000000 0.000000 -29.658732 -15.654234 -73.109224 -11.224196 -16.917128 66.604571 -4.429705 -4.319352 -47.631216 -0.079029 -1.813417 4.990294 10.031145 -4.990124 12.939032 8.047854 -5.114416 1.343137 3.931409 -2.787884 -5.927616 -0.576706 -7.192874 -7.141100 3.839070 -10.023782 -16.583494 1.503301 -5.549255 -3.946457 0.000000 0.000000 0.000000 -3.362428 -62.742245 -27.584098 35.925295 -45.461652 -15.469218 -0.000002 0.000001 -12.995302 50.630900 -21.649102 -24.202767 -7.125020 0.000002 0.000000 13.098027 -1.324921 -13.752148 0.000000 0.000000 0.000000 -13.259165 36.104945 -60.733078 -11.113451 18.461939 -1.811685 0.000002 -0.000000 -6.712862 -32.428211 -42.244987 23.129614 7.125020 -0.000002 0.000000 9.516774 -76.680583 -7.095963
6.416438 16.050612 20.694718 132.761853 -22.178171 -106.618931 0.000000 0.000000 0.000000 -28.091405 4.475602 -21.976755 0.232971 3.104475 8.580614 -0.869272 16.872769 0.333003 5.423883 13.845812 42.623276 0.000000 0.000000 0.000000 -28.882647 -15.544726 -71.921236 -11.191728 -16.817269 66.741868 -4.206339 -4.069956 -47.093931 -0.039651 -1.285233 3.533982 10.189696 -5.105751 13.235615 8.013859 -5.220434 1.417826 3.858815 -2.848656 -6.028774 -0.636386 -7.073055 -7.306665 3.817670 -9.825441 -15.728624 1.467600 -5.405059 -3.652392 0.000000 0.000000 0.000000 -9.568688 -63.743642 -21.406146 34.905923 -44.744834 -14.747091 -0.000002 0.000001 -12.416719 50.037588 -21.928068 -24.006991 -7.125020 0.000002 0.000000 12.692963 -1.405565 -13.316023 0.000000 0.000000 0.000000 -10.301782 35.064752 -58.168044 -11.866420 19.604004 -2.057253 0.000002 -0.000000 -8.075419 -32.805676 -42.123311 23.381465 7.125020 -0.000002 0.000000 8.640982 -76.781086 -6.454511
6.349560 16.089515 20.930511 133.030905 -24.021747 -107.975845 0.000000 0.000000 0.000000 -27.653676 3.721514 -20.723964 0.206171 2.921758 8.070428 -0.905671 16.666331 -1.442458 5.498004 13.923577 42.932154 0.000000 0.000000 0.000000 -28.108915 -15.493187 -70.623684 -11.131197 -16.712957 66.763567 -3.984494 -3.853827 -46.532814 -0.014037 -0.764963 2.102317 10.352073 -5.261164 13.530520 7.954526 -5.372045 1.473624 3.768207 -2.930882 -6.153334 -0.680216 -6.940797 -7.425575 3.787240 -9.613635 -14.922196 1.425363 -5.258295 -3.362427 0.000000 0.000000 0.000000 -16.226729 -64.280865 -14.779503 33.933613 -44.035473 -14.066900 -0.000002 0.000001 -11.708005 49.552004 -22.271065 -23.953928 -7.125020 0.000002 0.000000 12.329631 -1.622445 -12.960422 0.000000 0.000000 0.000000 -7.277575 34.171669 -56.132735 -12.628243 20.740090 -2.319976 0.000002 -0.000000 -9.361308 -32.997310 -42.040466 23.500616 7.125020 -0.000002 0.000000 8.170051 -76.848602 -6.109368
6.283709 16.128105 21.161792 133.316713 -25.851831 -109.306370 0.000000 0.000000 0.000000 -27.187970 3.149472 -19.524031 0.176285 2.703026 7.461040 -0.918487 16.511932 -3.019232 5.608728 14.038148 43.390451 0.000000 0.000000 0.000000 -27.326304 -15.470003 -69.296244 -11.049343 -16.606555 66.692375 -3.761534 -3.714023 -45.955143 -0.001971 -0.286645 0.787583 10.467398 -5.429860 13.812126 7.877664 -5.543696 1.508215 3.689001 -3.021130 -6.291861 -0.721911 -6.801945 -7.517227 3.756821 -9.394100 -14.133334 1.382955 -5.109889 -3.073157 0.000000 0.000000 0.000000 -23.073062 -64.326064 -7.981436 33.033293 -43.355605 -13.444917 -0.000002 0.000001 -10.882971 49.146700 -22.592207 -23.941323 -7.125020 0.000002 0.000000 12.015507 -1.849551 -12.664052 0.000000 0.000000 0.000000 -4.278109 33.423731 -54.580611 -13.353479 21.802938 -2.583098 0.000002 -0.000000 -10.552570 -33.028710 -41.957337 23.491884 7.125020 -0.000002 0.000000 7.984420 -76.835391 -5.965035
6.220498 16.164432 21.388513 133.666406 -27.640066 -110.589273 0.000000 0.000000 0.000000 -26.689603 2.750163 -18.433007 0.144265 2.446524 6.748026 -0.917945 16.464601 -4.357338 5.714060 14.145404 43.823068 0.000000 0.000000 0.000000 -26.523137 -15.446032 -68.046506 -10.958882 -16.503566 66.570016 -3.536130 -3.679505 -45.363595 -0.000314 0.114281 -0.313986 10.491552 -5.579576 14.050761 7.789476 -5.705147 1.520865 3.641603 -3.103606 -6.423549 -0.764723 -6.661455 -7.610129 3.730766 -9.173508 -13.344653 1.342838 -4.962435 -2.782007 0.000000 0.000000 0.000000 -29.686648 -63.904401 -1.403164 32.189369 -42.697627 -12.869061 -0.000002 0.000002 -10.001105 48.772269 -22.820974 -23.868628 -7.125020 0.000002 0.000000 11.742028 -1.973731 -12.392616 0.000000 0.000000 0.000000 -1.458076 32.785680 -53.448026 -13.971663 22.694183 -2.817167 0.000002 -0.000000 -11.652599 -32.893390 -41.795698 23.318906 7.125020 -0.000002 0.000000 7.957419 -76.661168 -5.913256
6.160879 16.196722 21.611848 134.121127 -29.365263 -111.786401 0.000000 0.000000 0.000000 -26.143134 2.434375 -17.506524 0.112496 2.161536 5.957541 -0.910196 16.511995 -5.516962 5.790445 14.222149 44.134802 0.000000 0.000000 0.000000 -25.685860 -15.407241 -67.000949 -10.876685 -16.412461 66.450242 -3.307657 -3.771178 -44.752249 -0.003931 0.404851 -1.112407 10.410151 -5.678032 14.188759 7.691762 -5.826144 1.510515 3.622214 -3.162916 -6.515392 -0.797476 -6.522804 -7.731385 3.710541 -8.958153 -12.557892 1.303984 -4.819748 -2.490346 0.000000 0.000000 0.000000 -35.647684 -63.116546 4.595398 31.355925 -42.027629 -12.307454 -0.000002 0.000001 -9.145721 48.372777 -22.934588 -23.675644 -7.125020 0.000002 0.000000 11.484253 -1.941830 -12.107775 0.000000 0.000000 0.000000 1.032678 32.184638 -52.648641 -14.415169 23.325110 -2.990531 0.000002 -0.000001 -12.681554 -32.586453 -41.519057 22.964274 7.125020 -0.000002 0.000000 8.037894 -76.294202 -5.908884
6.104798 16.224118 21.834278 134.704297 -31.022400 -112.854183 0.000000 0.000000 0.000000 -25.534104 2.073130 -16.794515 0.084158 1.870456 5.151755 -0.894182 16.565577 -6.645127 5.849368 14.280765 44.374152 0.000000 0.000000 0.000000 -24.798801 -15.361129 -66.274360 -10.819880 -16.342548 66.387118 -3.074912 -4.010416 -44.104997 -0.008073 0.580188 -1.594313 10.245645 -5.703265 14.161734 7.585561 -5.884301 1.474400 3.607578 -3.188386 -6.536188 -0.811289 -6.386208 -7.891508 3.702451 -8.749357 -11.790044 1.267668 -4.683582 -2.204272 0.000000 0.000000 0.000000 -40.750716 -62.102032 9.843673 30.489347 -41.309159 -11.731319 -0.000002 0.000001 -8.376181 47.908054 -22.963127 -23.361803 -7.125020 0.000002 0.000000 11.211662 -1.775865 -11.781192 0.000000 0.000000 0.000000 3.129486 31.544950 -52.106820 -14.653404 23.661065 -3.085501 0.000002 -0.000001 -13.612423 -32.142444 -41.194422 22.484418 7.125020 -0.000002 0.000000 8.280652 -75.819184 -6.003341
6.051409 16.247204 22.058152 135.412831 -32.625141 -113.783150 0.000000 0.000000 0.000000 -24.855182 1.569694 -16.305507 0.061967 1.605646 4.419895 -0.861172 16.462377 -7.923185 5.934559 14.364626 44.718520 0.000000 0.000000 0.000000 -23.850829 -15.327919 -65.901647 -10.797895 -16.299205 66.410530 -2.836231 -4.403327 -43.400327 -0.010850 0.672600 -1.848359 10.039214 -5.654162 13.953953 7.476577 -5.873592 1.412363 3.578764 -3.178152 -6.480494 -0.815713 -6.249636 -8.075244 3.719394 -8.543464 -11.064584 1.240911 -4.552510 -1.933316 0.000000 0.000000 0.000000 -45.041559 -60.975929 14.361108 29.574077 -40.525509 -11.131824 -0.000002 0.000001 -7.708560 47.363381 -22.954911 -22.961623 -7.125020 0.000002 0.000000 10.902890 -1.532543 -11.402022 0.000000 0.000000 0.000000 4.860608 30.821655 -51.772200 -14.700888 23.727777 -3.104583 0.000002 -0.000001 -14.361213 -31.617243 -40.945810 21.974630 7.125020 -0.000002 0.000000 8.781895 -75.382907 -6.287133
5.999726 16.267499 22.284113 136.222064 -34.197524 -114.619955 0.000000 0.000000 0.000000 -24.107584 0.913153 -15.991234 0.047302 1.403229 3.861099 -0.793598 15.984640 -9.490755 6.090544 14.515518 45.344034 0.000000 0.000000 0.000000 -22.843302 -15.325011 -65.805126 -10.807710 -16.280882 66.511158 -2.591898 -4.913021 -42.622477 -0.012452 0.720514 -1.980094 9.820628 -5.548837 13.622107 7.376135 -5.805148 1.332020 3.540871 -3.138847 -6.373163 -0.832896 -6.112406 -8.245641 3.772740 -8.337340 -10.403684 1.232740 -4.424549 -1.688562 0.000000 0.000000 0.000000 -48.690538 -59.799553 18.249177 28.622843 -39.683337 -10.519030 -0.000002 0.000001 -7.133321 46.748503 -22.935419 -22.507168 -7.125020 0.000002 0.000000 10.556367 -1.250109 -10.977417 0.000000 0.000000 0.000000 6.293621 30.007211 -51.611945 -14.597857 23.582918 -3.063243 0.000002 -0.000001 -14.844897 -31.057905 -40.860637 21.506215 7.125020 -0.000002 0.000000 9.586077 -75.091005 -6.808187
5.949167 16.286241 22.511177 137.105553 -35.758303 -115.442566 0.000000 0.000000 0.000000 -23.303167 0.181134 -15.784739 0.040362 1.296419 3.566309 -0.663707 14.910641 -11.384411 6.321401 14.732735 46.258384 0.000000 0.000000 0.000000 -21.790316 -15.357204 -65.847504 -10.837365 -16.280511 66.652824 -2.345242 -5.458369 -41.770847 -0.012809 0.730763 -2.008275 9.591526 -5.409257 13.253951 7.297316 -5.696661 1.248713 3.520418 -3.079786 -6.245257 -0.879435 -5.976411 -8.366099 3.862347 -8.131919 -9.820453 1.247193 -4.299479 -1.478298 0.000000 0.000000 0.000000 -51.863169 -58.595451 21.608316 27.659456 -38.800835 -9.909567 -0.000002 0.000001 -6.639053 46.100216 -22.902140 -22.024617 -7.125020 0.000002 0.000000 10.193408 -0.942169 -10.533795 0.000000 0.000000 0.000000 7.496118 29.119846 -51.605796 -14.392340 23.292809 -2.981498 0.000002 -0.000001 -15.035135 -30.511186 -40.958774 21.121182 7.125020 -0.000002 0.000000 10.646406 -74.980381 -7.543431
5.899619 16.303855 22.737361 138.048546 -37.311805 -116.330964 0.000000 0.000000 0.000000 -22.462685 -0.488658 -15.627698 0.040913 1.305287 3.590395 -0.441310 13.109566 -13.503847 6.566514 14.955723 47.215118 0.000000 0.000000 0.000000 -20.714256 -15.412532 -65.887119 -10.870366 -16.288517 66.785299 -2.100310 -5.945916 -40.858491 -0.010991 0.676953 -1.860328 9.332703 -5.249085 12.925322 7.248038 -5.561268 1.184518 3.546334 -3.007486 -6.112808 -0.957422 -5.843985 -8.425969 3.976823 -7.930410 -9.313663 1.280920 -4.178393 -1.302940 0.000000 0.000000 0.000000 -54.660153 -57.379175 24.514758 26.702770 -37.894269 -9.315984 -0.000002 0.000002 -6.229619 45.477436 -22.847342 -21.549369 -7.125020 0.000002 0.000000 9.849555 -0.623484 -10.111919 0.000000 0.000000 0.000000 8.535147 28.181463 -51.735699 -14.137466 22.930888 -2.881452 0.000002 -0.000001 -14.980408 -30.033548 -41.215467 20.850675 7.125020 -0.000002 0.000000 11.850498 -75.046021 -8.421095
5.851154 16.320477 22.960011 139.044317 -38.849751 -117.355304 0.000000 0.000000 0.000000 -21.607664 -0.954387 -15.451133 0.048562 1.421989 3.911685 -0.118118 10.650443 -15.629461 6.710907 15.083543 47.772293 0.000000 0.000000 0.000000 -19.642029 -15.467336 -65.793191 -10.888697 -16.296182 66.849215 -1.860068 -6.309922 -39.903156 -0.006837 0.533949 -1.467217 9.022636 -5.074772 12.693476 7.226118 -5.406188 1.163608 3.633945 -2.925350 -5.980403 -1.058568 -5.715198 -8.438281 4.101828 -7.734196 -8.875557 1.326812 -4.061850 -1.157663 0.000000 0.000000 0.000000 -57.119902 -56.172366 27.027921 25.763379 -36.974097 -8.744949 -0.000002 0.000002 -5.928907 44.938763 -22.773216 -21.122550 -7.125020 0.000002 0.000000 9.557871 -0.319315 -9.750816 0.000000 0.000000 0.000000 9.488250 27.199570 -51.962618 -13.892867 22.581345 -2.786838 0.000002 -0.000001 -14.798103 -29.664416 -41.579017 20.703012 7.125020 -0.000002 0.000000 13.078355 -75.250435 -9.357551
5.803806 16.336577 23.176437 140.086801 -40.357240 -118.563624 0.000000 0.000000 0.000000 -20.748882 -1.149957 -15.153227 0.061503 1.600028 4.402289 0.269416 7.828244 -17.525665 6.642473 15.023284 47.508800 0.000000 0.000000 0.000000 -18.599386 -15.499502 -65.465408 -10.877683 -16.298217 66.791131 -1.627376 -6.537042 -38.922815 -0.002388 0.315582 -0.867096 8.651910 -4.890407 12.599820 7.219337 -5.235050 1.200782 3.779229 -2.835097 -5.856282 -1.164588 -5.587442 -8.413992 4.222006 -7.541899 -8.507217 1.376110 -3.949675 -1.041450 0.000000 0.000000 0.000000 -59.254736 -54.991965 29.205152 24.847602 -36.047812 -8.200058 -0.000002 0.000001 -5.764157 44.523299 -22.688615 -20.775522 -7.125020 0.000002 0.000000 9.338824 -0.054065 -9.475269 0.000000 0.000000 0.000000 10.437821 26.162929 -52.214951 -13.716106 22.327403 -2.719325 0.000002 -0.000001 -14.638624 -29.398929 -41.985115 20.649078 7.125020 -0.000002 0.000000 14.249692 -75.529259 -10.285820
5.757583 16.353020 23.384944 141.167362 -41.818029 -119.961526 0.000000 0.000000 0.000000 -19.882440 -1.134308 -14.622227 0.074633 1.762274 4.849690 0.654538 5.033571 -19.078767 6.338114 14.748185 46.324069 0.000000 0.000000 0.000000 -17.604846 -15.500751 -64.869066 -10.830284 -16.292385 66.584051 -1.406350 -6.663544 -37.939088 -0.000154 0.080115 -0.220116 8.227035 -4.698788 12.658760 7.210132 -5.048956 1.291318 3.961873 -2.737235 -5.756648 -1.244673 -5.456457 -8.347329 4.317197 -7.350672 -8.221169 1.417453 -3.841569 -0.960507 0.000000 0.000000 0.000000 -61.086493 -53.838431 31.108967 23.958170 -35.119988 -7.682478 -0.000002 0.000001 -5.735766 44.251071 -22.600368 -20.524263 -7.125020 0.000002 0.000000 9.202692 0.158387 -9.297030 0.000000 0.000000 0.000000 11.429246 25.057682 -52.424594 -13.638017 22.214860 -2.689730 0.000002 -0.000001 -14.626833 -29.202935 -42.384137 20.643813 7.125020 -0.000002 0.000000 15.337215 -75.822918 -11.171533
5.712470 16.370786 23.585775 142.268242 -43.217606 -121.489297 0.000000 0.000000 0.000000 -19.006243 -1.063553 -13.806395 0.080698 1.832365 5.042947 0.987090 2.550564 -20.348723 5.903915 14.334580 44.594875 0.000000 0.000000 0.000000 -16.672007 -15.483874 -64.056820 -10.746911 -16.277079 66.233228 -1.202214 -6.744364 -36.980502 -0.000292 -0.110429 0.303402 7.764721 -4.502865 12.836462 7.183076 -4.851223 1.409206 4.155307 -2.633093 -5.694175 -1.267854 -5.315162 -8.225918 4.365649 -7.153525 -8.026259 1.439278 -3.734989 -0.921270 0.000000 0.000000 0.000000 -62.655453 -52.696288 32.791384 23.091525 -34.188742 -7.189660 -0.000002 0.000001 -5.802701 44.128126 -22.509563 -20.370946 -7.125020 0.000002 0.000000 9.153242 0.316439 -9.218841 0.000000 0.000000 0.000000 12.417906 23.903174 -52.592575 -13.636992 22.213380 -2.689342 0.000002 -0.000001 -14.801495 -29.049285 -42.758017 20.659792 7.125020 -0.000002 0.000000 16.347392 -76.104915 -12.010287
5.668381 16.390899 23.780668 143.353781 -44.545505 -123.028074 0.000000 0.000000 0.000000 -18.141764 -1.098737 -12.761340 0.075268 1.769828 4.870119 1.258793 0.475013 -21.479029 5.505499 13.931394 42.963296 0.000000 0.000000 0.000000 -15.819258 -15.475592 -63.135113 -10.630224 -16.249748 65.756285 -1.019902 -6.814607 -36.078278 -0.001374 -0.239376 0.657697 7.281905 -4.309528 13.055389 7.128802 -4.653436 1.517343 4.337178 -2.527697 -5.668098 -1.220564 -5.152593 -8.049413 4.354793 -6.936505 -7.913234 1.435186 -3.622929 -0.921811 0.000000 0.000000 0.000000 -64.004145 -51.544769 34.270636 22.238717 -33.245759 -6.716249 -0.000002 0.000001 -5.902922 44.139507 -22.410838 -20.299549 -7.125020 0.000002 0.000000 9.183587 0.433723 -9.230102 0.000000 0.000000 0.000000 13.300140 22.760720 -52.784868 -13.656210 22.241097 -2.696611 0.000002 -0.000002 -15.113357 -28.930469 -43.106516 20.691625 7.125020 -0.000002 0.000000 17.286271 -76.372954 -12.803630
5.625176 16.414661 23.971020 144.370296 -45.798867 -124.445387 0.000000 0.000000 0.000000 -17.332332 -1.324163 -11.620441 0.060192 1.583049 4.354722 1.483877 -1.195864 -22.556692 5.247071 13.656747 41.879469 0.000000 0.000000 0.000000 -15.072798 -15.499000 -62.193418 -10.480475 -16.207305 65.159994 -0.862084 -6.881823 -35.256629 -0.002583 -0.328188 0.901734 6.790713 -4.130497 13.235310 7.040417 -4.473968 1.584039 4.490953 -2.429311 -5.669040 -1.107370 -4.958545 -7.837950 4.289873 -6.684837 -7.853970 1.406383 -3.496996 -0.949697 0.000000 0.000000 0.000000 -65.163003 -50.370774 35.533362 21.390037 -32.280795 -6.256947 -0.000002 0.000001 -5.986796 44.239341 -22.291802 -20.269216 -7.125020 0.000002 0.000000 9.270334 0.543354 -9.300416 0.000000 0.000000 0.000000 14.027940 21.684207 -53.038621 -13.663160 22.251118 -2.699243 0.000002 -0.000002 -15.499559 -28.842482 -43.421100 20.733891 7.125020 -0.000002 0.000000 18.134477 -76.618877 -13.531502
5.582724 16.443711 24.156742 145.256695 -46.986941 -125.634489 0.000000 0.000000 0.000000 -16.618910 -1.745611 -10.528158 0.041471 1.314380 3.614259 1.671277 -2.459395 -23.564324 5.124377 13.522507 41.357292 0.000000 0.000000 0.000000 -14.456188 -15.566422 -61.271105 -10.296045 -16.146663 64.440803 -0.727968 -6.948759 -34.527088 -0.003581 -0.386426 1.061773 6.305336 -3.978531 13.325973 6.908384 -4.329724 1.591110 4.597824 -2.345787 -5.689579 -0.939846 -4.731309 -7.631063 4.194298 -6.394147 -7.806502 1.359916 -3.353463 -0.983898 0.000000 0.000000 0.000000 -66.153182 -49.175471 36.559926 20.537711 -31.284735 -5.808003 -0.000002 0.000001 -6.029527 44.354652 -22.137558 -20.220250 -7.125020 0.000002 0.000000 9.374495 0.691088 -9.381831 0.000000 0.000000 0.000000 14.659556 20.672714 -53.310124 -13.676973 22.271028 -2.704475 0.000002 -0.000002 -15.940233 -28.767657 -43.672615 20.763253 7.125020 -0.000002 0.000000 18.841481 -76.811396 -14.140404
5.540970 16.479708 24.336536 145.963716 -48.134391 -126.529710 0.000000 0.000000 0.000000 -16.006390 -2.337327 -9.583628 0.024553 1.011368 2.781309 1.812707 -3.313600 -24.447087 5.077456 13.470495 41.156251 0.000000 0.000000 0.000000 -13.974682 -15.678369 -60.363830 -10.073787 -16.063705 63.588882 -0.613658 -7.024217 -33.891439 -0.003790 -0.397568 1.092394 5.851173 -3.862436 13.311418 6.723348 -4.228463 1.531516 4.633823 -2.281123 -5.730006 -0.731879 -4.480446 -7.477233 4.102490 -6.074890 -7.725017 1.306110 -3.195895 -1.000084 0.000000 0.000000 0.000000 -66.996178 -47.969605 37.345441 19.678282 -30.252788 -5.368317 -0.000002 0.000001 -6.026890 44.401730 -21.940964 -20.093030 -7.125020 0.000002 0.000000 9.448436 0.916625 -9.419206 0.000000 0.000000 0.000000 15.299388 19.676893 -53.515942 -13.738530 22.359678 -2.727849 0.000002 -0.000002 -16.442558 -28.681312 -43.820686 20.746888 7.125020 -0.000002 0.000000 19.332763 -76.907192 -14.552012
5.499998 16.523952 24.508561 146.477489 -49.280936 -127.120522 0.000000 0.000000 0.000000 -15.297145 -3.081723 -8.924872 0.011946 0.701961 1.948910 1.739219 -3.775085 -25.081707 5.060677 13.451801 41.084168 0.000000 0.000000 0.000000 -13.603788 -15.814859 -59.425956 -9.806290 -15.951938 62.577206 -0.512427 -7.118092 -33.345082 -0.002877 -0.346376 0.951717 5.463119 -3.783646 13.204846 6.487192 -4.166005 1.407848 4.581719 -2.234291 -5.796466 -0.504470 -4.223145 -7.410984 4.050069 -5.747714 -7.581968 1.257548 -3.033372 -0.981739 0.000000 0.000000 0.000000 -67.717085 -46.764429 37.902909 18.816495 -29.190022 -4.941033 -0.000002 0.000001 -5.995251 44.305967 -21.708605 -19.846345 -7.125020 0.000002 0.000000 9.446061 1.238419 -9.363355 0.000000 0.000000 0.000000 16.024633 18.630925 -53.582499 -13.876965 22.558544 -2.780735 0.000002 -0.000002 -17.010878 -28.579610 -43.839260 20.673280 7.125020 -0.000002 0.000000 19.535771 -76.883598 -14.697554
5.460046 16.577185 24.671067 146.827304 -50.471438 -127.457222 0.000000 0.000000 0.000000 -14.656041 -3.938063 -8.430886 0.004215 0.415493 1.161405 1.685826 -3.969361 -25.566236 5.060641 13.451761 41.084016 0.000000 0.000000 0.000000 -13.295376 -15.931652 -58.378129 -9.483167 -15.803192 61.363101 -0.415392 -7.241391 -32.875713 -0.001380 -0.239849 0.659000 5.169715 -3.735193 13.040072 6.219897 -4.128983 1.235691 4.446653 -2.200418 -5.891156 -0.288443 -3.978842 -7.433951 4.064686 -5.436411 -7.389860 1.227817 -2.877494 -0.930476 0.000000 0.000000 0.000000 -68.341782 -45.571336 38.251656 17.964071 -28.111135 -4.532300 -0.000002 0.000001 -5.969124 44.020030 -21.454633 -19.464887 -7.125020 0.000002 0.000000 9.335113 1.653986 -9.183731 0.000000 0.000000 0.000000 16.855131 17.479456 -53.470384 -14.100327 22.877955 -2.866998 0.000002 -0.000002 -17.633712 -28.487833 -43.738979 20.566419 7.125020 -0.000002 0.000000 19.434765 -76.760370 -14.571606
5.421539 16.639470 24.823134 147.060714 -51.731247 -127.622829 0.000000 0.000000 0.000000 -14.030720 -4.835648 -8.082082 0.000641 0.161761 0.453976 1.654838 -3.983728 -25.883622 5.075683 13.468520 41.148636 0.000000 0.000000 0.000000 -13.011525 -15.974497 -57.143726 -9.099625 -15.610723 59.920499 -0.315057 -7.402866 -32.465207 -0.000307 -0.113157 0.310899 4.968388 -3.703278 12.857820 5.949961 -4.100872 1.042242 4.259545 -2.172813 -6.005156 -0.117488 -3.764361 -7.515340 4.159674 -5.161462 -7.200383 1.228378 -2.739313 -0.866104 0.000000 0.000000 0.000000 -68.893083 -44.405350 38.401380 17.132766 -27.032466 -4.147499 -0.000002 0.000001 -5.984566 43.532865 -21.188031 -18.954506 -7.125020 0.000002 0.000000 9.105698 2.152454 -8.874857 0.000000 0.000000 0.000000 17.759105 16.195744 -53.191451 -14.397512 23.300130 -2.983544 0.000002 -0.000002 -18.267765 -28.426574 -43.563753 20.457844 7.125020 -0.000002 0.000000 19.112479 -76.583406 -14.257235
5.385104 16.709961 24.965348 147.211233 -53.044925 -127.687111 0.000000 0.000000 0.000000 -13.420540 -5.696807 -7.867463 0.000059 -0.049132 -0.138049 1.647281 -3.877432 -26.018478 5.101869 13.497603 41.260946 0.000000 0.000000 0.000000 -12.755845 -15.898115 -55.695429 -8.664035 -15.372567 58.272413 -0.208218 -7.603464 -32.097532 -0.000009 -0.018565 0.051008 4.816771 -3.671338 12.690734 5.696210 -4.067219 0.855120 4.062710 -2.144519 -6.122717 -0.016410 -3.588824 -7.607397 4.332320 -4.933178 -7.078474 1.265095 -2.625485 -0.816316 0.000000 0.000000 0.000000 -69.386376 -43.280644 38.342387 16.329980 -25.966025 -3.789287 -0.000002 0.000001 -6.061849 42.865018 -20.907867 -18.334021 -7.125020 0.000002 0.000000 8.768844 2.723116 -8.452763 0.000000 0.000000 0.000000 18.678733 14.788107 -52.805857 -14.742087 23.785594 -3.121181 0.000002 -0.000002 -18.831833 -28.382859 -43.361412 20.353879 7.125020 -0.000002 0.000000 18.710116 -76.388898 -13.877795
5.351358 16.786744 25.100231 147.298296 -54.367480 -127.683254 0.000000 0.000000 0.000000 -12.857418 -6.476803 -7.793851 0.001065 -0.208463 -0.584920 1.662063 -3.682725 -25.988683 5.132858 13.531868 41.393553 0.000000 0.000000 0.000000 -12.558743 -15.674897 -54.078037 -8.196170 -15.092572 56.488080 -0.092997 -7.846152 -31.761331 -0.000003 0.009014 -0.024763 4.664563 -3.625908 12.546051 5.461199 -4.018559 0.691213 3.884859 -2.110119 -6.226110 0.009077 -3.449426 -7.666090 4.563088 -4.746682 -7.072679 1.335097 -2.535136 -0.804280 0.000000 0.000000 0.000000 -69.824473 -42.204253 38.047818 15.560336 -24.920891 -3.458615 -0.000002 0.000001 -6.204421 42.059481 -20.610513 -17.633156 -7.125020 0.000002 0.000000 8.349751 3.351331 -7.947769 0.000000 0.000000 0.000000 19.552568 13.295517 -52.393414 -15.096582 24.280484 -3.265555 0.000002 -0.000002 -19.233450 -28.328272 -43.152244 20.239182 7.125020 -0.000002 0.000000 18.321322 -76.183401 -13.507322
5.320536 16.867093 25.231919 147.346137 -55.658585 -127.613913 0.000000 0.000000 0.000000 -12.361532 -7.181553 -7.886303 0.002364 -0.311100 -0.869959 1.697345 -3.413058 -25.852765 5.159974 13.561715 41.509312 0.000000 0.000000 0.000000 -12.438001 -15.296958 -52.390580 -7.717986 -14.777705 54.650164 0.035995 -8.142951 -31.444486 -0.000020 -0.028473 0.078230 4.498567 -3.561640 12.395141 5.238020 -3.951823 0.554185 3.722960 -2.067809 -6.294975 -0.022274 -3.332720 -7.667200 4.814354 -4.584905 -7.200714 1.424709 -2.460908 -0.841534 0.000000 0.000000 0.000000 -70.193904 -41.174631 37.494101 14.830377 -23.909280 -3.156875 -0.000002 0.000001 -6.412092 41.179394 -20.296541 -16.894140 -7.125020 0.000002 0.000000 7.885297 4.012570 -7.401732 0.000000 0.000000 0.000000 20.329274 11.772961 -52.018377 -15.420383 24.728468 -3.399857 0.000002 -0.000001 -19.414311 -28.256549 -42.922930 20.104046 7.125020 -0.000002 0.000000 17.928118 -75.952487 -13.127524
5.292428 16.948225 25.363858 147.383696 -56.902412 -127.478786 0.000000 0.000000 0.000000 -11.929466 -7.826966 -8.164846 0.003105 -0.357470 -0.994656 1.753617 -3.075896 -25.665735 5.174050 13.577160 41.569308 0.000000 0.000000 0.000000 -12.388186 -14.770243 -50.714717 -7.242468 -14.431181 52.813086 0.186786 -8.491123 -31.132524 -0.000357 -0.121965 0.335100 4.342696 -3.480216 12.198942 5.018008 -3.868149 0.441851 3.551709 -2.018642 -6.312076 -0.074940 -3.224306 -7.610331 5.038729 -4.431589 -7.448943 1.513066 -2.394992 -0.926416 0.000000 0.000000 0.000000 -70.468733 -40.182227 36.695561 14.151485 -22.950856 -2.886916 -0.000002 0.000001 -6.689848 40.308006 -19.970419 -16.169203 -7.125020 0.000002 0.000000 7.424429 4.674282 -6.867191 0.000000 0.000000 0.000000 20.985408 10.265451 -51.708640 -15.684772 25.091367 -3.511216 0.000002 -0.000001 -19.378346 -28.198003 -42.653771 19.964885 7.125020 -0.000002 0.000000 17.446520 -75.689666 -12.675080
5.266610 17.028125 25.496086 147.433040 -58.102929 -127.309709 0.000000 0.000000 0.000000 -11.554130 -8.376870 -8.606252 0.003058 -0.356042 -0.983860 1.836387 -2.687960 -25.425493 5.173697 13.576773 41.567802 0.000000 0.000000 0.000000 -12.394684 -14.102429 -49.038604 -6.767090 -14.045483 50.974491 0.365471 -8.843857 -30.807764 -0.001956 -0.285601 0.784713 4.217814 -3.384404 11.955612 4.796571 -3.768193 0.356629 3.354401 -1.963287 -6.275656 -0.118328 -3.118969 -7.512589 5.198412 -4.282978 -7.778390 1.581972 -2.334465 -1.045651 0.000000 0.000000 0.000000 -70.624467 -39.212267 35.716233 13.535753 -22.067147 -2.651187 -0.000002 0.000001 -7.034180 39.535920 -19.639323 -15.511338 -7.125020 0.000002 0.000000 7.020862 5.301951 -6.399097 0.000000 0.000000 0.000000 21.530691 8.792761 -51.465365 -15.882457 25.361006 -3.595468 0.000002 -0.000001 -19.177588 -28.203205 -42.350847 19.862488 7.125020 -0.000002 0.000000 16.819423 -75.418635 -12.119016
5.242471 17.105902 25.625943 147.507704 -59.271516 -127.172342 0.000000 0.000000 0.000000 -11.237717 -8.751875 -9.139976 0.002482 -0.322333 -0.882258 1.952853 -2.279201 -25.082458 5.170878 13.573683 41.555793 0.000000 0.000000 0.000000 -12.438806 -13.298673 -47.279942 -6.282092 -13.608955 49.091999 0.569481 -9.122180 -30.438696 -0.006744 -0.530301 1.457190 4.121677 -3.276478 11.709584 4.577897 -3.652312 0.306065 3.139732 -1.901641 -6.202216 -0.143954 -3.020223 -7.397101 5.277524 -4.145430 -8.137505 1.623267 -2.280220 -1.179580 0.000000 0.000000 0.000000 -70.653896 -38.249724 34.631767 12.986593 -21.267567 -2.448421 -0.000002 0.000001 -7.406167 38.933393 -19.313821 -14.960593 -7.125020 0.000002 0.000000 6.716051 5.865804 -6.038225 0.000000 0.000000 0.000000 21.980948 7.365482 -51.289157 -16.018163 25.545262 -3.653790 0.000002 -0.000001 -18.872211 -28.312171 -42.046013 19.838217 7.125020 -0.000002 0.000000 16.053696 -75.182287 -11.481509
5.218977 17.181580 25.751366 147.611987 -60.417701 -127.127097 0.000000 0.000000 0.000000 -10.986541 -8.906077 -9.679337 0.001773 -0.274208 -0.741371 2.103123 -1.878689 -24.603491 5.183792 13.587829 41.610788 0.000000 0.000000 0.000000 -12.494308 -12.343217 -45.424685 -5.801290 -13.146387 47.166947 0.762024 -9.263192 -29.971717 -0.016169 -0.821022 2.256477 4.044167 -3.161989 11.515050 4.372556 -3.525350 0.294247 2.929203 -1.835683 -6.116345 -0.163132 -2.932392 -7.281040 5.278013 -4.024678 -8.478894 1.637945 -2.232516 -1.309849 0.000000 0.000000 0.000000 -70.572403 -37.282421 33.481069 12.494359 -20.541875 -2.272780 -0.000002 0.000001 -7.726501 38.525220 -19.005998 -14.532172 -7.125020 0.000002 0.000000 6.523938 6.348431 -5.797088 0.000000 0.000000 0.000000 22.331934 6.006159 -51.188372 -16.094797 25.649008 -3.686899 0.000002 -0.000001 -18.505549 -28.531535 -41.769893 19.907468 7.125020 -0.000002 0.000000 15.194389 -75.010601 -10.805263
5.194534 17.255585 25.872701 147.733889 -61.542247 -127.193119 0.000000 0.000000 0.000000 -10.801379 -8.886779 -10.142318 0.001215 -0.228691 -0.609747 2.273804 -1.493195 -24.024905 5.219578 13.626885 41.762896 0.000000 0.000000 0.000000 -12.552576 -11.256863 -43.513863 -5.343400 -12.682365 45.250980 0.927776 -9.235925 -29.384065 -0.028461 -1.089062 2.993895 3.983655 -3.050912 11.402090 4.186995 -3.398073 0.316448 2.734796 -1.770600 -6.039236 -0.188893 -2.854998 -7.169458 5.206697 -3.919566 -8.770090 1.629491 -2.188854 -1.424701 0.000000 0.000000 0.000000 -70.405868 -36.299218 32.260682 12.042680 -19.868617 -2.116774 -0.000002 0.000001 -7.908138 38.286236 -18.724723 -14.213899 -7.125020 0.000002 0.000000 6.428620 6.749689 -5.658495 0.000000 0.000000 0.000000 22.569784 4.746233 -51.166014 -16.114201 25.675242 -3.695302 0.000002 -0.000001 -18.105819 -28.834869 -41.535723 20.054677 7.125020 -0.000002 0.000000 14.297446 -74.906222 -10.129229
5.167325 17.328196 25.991855 147.845466 -62.632982 -127.345762 0.000000 0.000000 0.000000 -10.673920 -8.823796 -10.455170 0.000929 -0.201315 -0.529501 2.441176 -1.097490 -23.452186 5.262244 13.673170 41.943692 0.000000 0.000000 0.000000 -12.631696 -10.071032 -41.670338 -4.947214 -12.264556 43.506627 1.066059 -9.019269 -28.724753 -0.039861 -1.288633 3.543344 3.941826 -2.954025 11.369863 4.016689 -3.283724 0.361063 2.553438 -1.712844 -5.983019 -0.217692 -2.781442 -7.056846 5.062846 -3.821801 -8.995397 1.596853 -2.144394 -1.519994 0.000000 0.000000 0.000000 -70.170394 -35.284453 30.954164 11.619170 -19.231063 -1.975054 -0.000002 0.000001 -7.900551 38.158173 -18.474086 -13.975589 -7.125020 0.000002 0.000000 6.394501 7.082807 -5.586324 0.000000 0.000000 0.000000 22.696216 3.612830 -51.210020 -16.085647 25.636634 -3.682940 0.000002 -0.000001 -17.695275 -29.178383 -41.345832 20.247592 7.125020 -0.000002 0.000000 13.425237 -74.855841 -9.491062
5.136111 17.399194 26.110400 147.918469 -63.669710 -127.539808 0.000000 0.000000 0.000000 -10.592878 -8.846619 -10.573053 0.000933 -0.203074 -0.527975 2.584944 -0.653788 -22.990589 5.285472 13.698241 42.041867 0.000000 0.000000 0.000000 -12.676237 -8.683228 -40.188047 -4.713230 -12.079924 42.230558 1.035956 -8.597365 -28.068200 -0.048669 -1.423726 3.915507 3.909045 -2.878146 11.396438 3.851922 -3.193030 0.414271 2.380994 -1.667240 -5.950140 -0.229223 -2.701592 -6.932907 4.837802 -3.719524 -9.152760 1.534089 -2.093603 -1.597243 0.000000 0.000000 0.000000 -69.865979 -34.217016 29.557281 11.220585 -18.625577 -1.845757 -0.000002 0.000001 -7.709087 38.073730 -18.258745 -13.785214 -7.125020 0.000002 0.000000 6.379872 7.361311 -5.539931 0.000000 0.000000 0.000000 22.731834 2.623241 -51.299677 -16.026414 25.556446 -3.657350 0.000002 -0.000001 -17.294691 -29.513977 -41.199908 20.449903 7.125020 -0.000002 0.000000 12.645241 -74.842292 -8.931326
5.100862 17.467918 26.228531 147.942024 -64.638337 -127.734105 0.000000 0.000000 0.000000 -10.551176 -8.997936 -10.513829 0.001238 -0.235045 -0.605449 2.701106 -0.155472 -22.661419 5.285739 13.698529 42.042996 0.000000 0.000000 0.000000 -12.730306 -7.330752 -38.836395 -4.516358 -11.927849 41.108955 0.988347 -8.005103 -27.379728 -0.054736 -1.509715 4.152501 3.865498 -2.823245 11.450049 3.687943 -3.129532 0.463257 2.222371 -1.634803 -5.935698 -0.205241 -2.608445 -6.790189 4.531517 -3.604396 -9.246945 1.438456 -2.033181 -1.659427 0.000000 0.000000 0.000000 -69.490889 -33.080291 28.081995 10.849558 -18.057288 -1.729001 -0.000002 0.000002 -7.378185 37.973547 -18.087823 -13.619535 -7.125020 0.000002 0.000000 6.346677 7.590152 -5.484077 0.000000 0.000000 0.000000 22.700135 1.780138 -51.415098 -15.954406 25.458785 -3.626342 0.000002 -0.000001 -16.929045 -29.799115 -41.096039 20.628898 7.125020 -0.000002 0.000000 12.017244 -74.848913 -8.486206
5.062397 17.533638 26.345383 147.924896 -65.541500 -127.903860 0.000000 0.000000 0.000000 -10.541434 -9.234197 -10.348923 0.001856 -0.288930 -0.738452 2.799547 0.349957 -22.403306 5.294619 13.708090 42.080479 0.000000 0.000000 0.000000 -12.764723 -6.055747 -37.640879 -4.346087 -11.797270 40.106835 0.925080 -7.291885 -26.669608 -0.055788 -1.524130 4.192239 3.797688 -2.783810 11.498239 3.527225 -3.088908 0.498612 2.085162 -1.612911 -5.930803 -0.147288 -2.502828 -6.631012 4.171064 -3.476001 -9.280229 1.318915 -1.963646 -1.706195 0.000000 0.000000 0.000000 -69.056177 -31.872664 26.545231 10.509139 -17.531998 -1.624965 -0.000002 0.000002 -6.960214 37.812304 -17.967341 -13.461087 -7.125020 0.000002 0.000000 6.265772 7.773572 -5.392379 0.000000 0.000000 0.000000 22.617202 1.065632 -51.534967 -15.883292 25.362146 -3.595827 0.000002 -0.000001 -16.634696 -30.002634 -41.031392 20.760049 7.125020 -0.000002 0.000000 11.584595 -74.862202 -8.182036
5.021430 17.595883 26.459935 147.884767 -66.398121 -128.041673 0.000000 0.000000 0.000000 -10.547389 -9.494940 -10.151085 0.002765 -0.354043 -0.898369 2.890888 0.795026 -22.144931 5.347930 13.765217 42.304986 0.000000 0.000000 0.000000 -12.743855 -4.890124 -36.602841 -4.191143 -11.675431 39.178987 0.851004 -6.528233 -25.953035 -0.048277 -1.417985 3.899687 3.710716 -2.754439 11.514291 3.374946 -3.064588 0.516346 1.969298 -1.598418 -5.924879 -0.077812 -2.390104 -6.467973 3.811242 -3.337411 -9.246809 1.196382 -1.886915 -1.732171 0.000000 0.000000 0.000000 -68.582592 -30.604663 24.957060 10.201829 -17.054664 -1.533612 -0.000002 0.000002 -6.500428 37.558806 -17.892147 -13.291957 -7.125020 0.000002 0.000000 6.118554 7.925105 -5.247131 0.000000 0.000000 0.000000 22.494821 0.447101 -51.632270 -15.823572 25.280844 -3.570285 0.000002 -0.000001 -16.454188 -30.097903 -41.002615 20.821903 7.125020 -0.000002 0.000000 11.384418 -74.869644 -8.041725
4.978119 17.654505 26.571624 147.843677 -67.237071 -128.155629 0.000000 0.000000 0.000000 -10.546466 -9.741549 -9.965765 0.003894 -0.421716 -1.062575 2.980224 1.147284 -21.842885 5.450101 13.873418 42.732726 0.000000 0.000000 0.000000 -12.635576 -3.856413 -35.699643 -4.039956 -11.548428 38.272890 0.771868 -5.783495 -25.245475 -0.032772 -1.168564 3.212731 3.628314 -2.734305 11.478597 3.236064 -3.053455 0.516916 1.865005 -1.590426 -5.907576 -0.027039 -2.273297 -6.314280 3.514601 -3.187805 -9.138274 1.095469 -1.802841 -1.731107 0.000000 0.000000 0.000000 -68.087363 -29.286674 23.321601 9.931748 -16.632746 -1.455352 -0.000002 0.000002 -6.042962 37.197192 -17.852769 -13.098733 -7.125020 0.000002 0.000000 5.896669 8.059367 -5.039707 0.000000 0.000000 0.000000 22.345621 -0.105655 -51.682213 -15.784207 25.227179 -3.553490 0.000002 -0.000001 -16.418506 -30.060048 -41.006471 20.794278 7.125020 -0.000002 0.000000 11.451614 -74.859279 -8.087078
4.932329 17.709514 26.680396 147.833215 -68.088627 -128.269293 0.000000 0.000000 0.000000 -10.519455 -9.942919 -9.821900 0.005111 -0.485009 -1.213183 3.071095 1.421018 -21.466857 5.574910 14.003356 43.250862 0.000000 0.000000 0.000000 -12.413629 -2.962159 -34.895987 -3.881514 -11.402031 37.333798 0.692928 -5.112927 -24.555919 -0.015278 -0.798061 2.193334 3.583671 -2.725543 11.378076 3.115162 -3.054737 0.501732 1.757663 -1.589478 -5.871635 -0.017807 -2.150640 -6.170622 3.327028 -3.021369 -8.956764 1.034694 -1.709002 -1.702962 0.000000 0.000000 0.000000 -67.577145 -27.921550 21.650040 9.705018 -16.276838 -1.391128 -0.000002 0.000002 -5.639378 36.731998 -17.845827 -12.881760 -7.125020 0.000002 0.000000 5.603500 8.178638 -4.773255 0.000000 0.000000 0.000000 22.182119 -0.608967 -51.674859 -15.771064 25.209249 -3.547890 0.000002 -0.000000 -16.533895 -29.883496 -41.041959 20.672600 7.125020 -0.000002 0.000000 11.792791 -74.828161 -8.321852
4.884021 17.760932 26.786476 147.891896 -68.973073 -128.416687 0.000000 0.000000 0.000000 -10.457300 -10.064403 -9.741991 0.006239 -0.538133 -1.335384 3.168318 1.646507 -20.992974 5.689631 14.120678 43.723016 0.000000 0.000000 0.000000 -12.064670 -2.196181 -34.153966 -3.706588 -11.222882 36.311427 0.617907 -4.555418 -23.887561 -0.002868 -0.345822 0.950195 3.604664 -2.727790 11.207805 3.014821 -3.064729 0.471030 1.633613 -1.594532 -5.815369 -0.059561 -2.018733 -6.023211 3.267808 -2.832490 -8.719314 1.022446 -1.603336 -1.655698 0.000000 0.000000 0.000000 -67.051508 -26.508406 19.968750 9.526965 -15.996262 -1.341642 -0.000002 0.000001 -5.344535 36.189667 -17.869578 -12.652436 -7.125020 0.000002 0.000000 5.255934 8.278074 -4.463476 0.000000 0.000000 0.000000 22.010683 -1.065729 -51.619539 -15.783042 25.225591 -3.552994 0.000002 -0.000000 -16.780565 -29.602864 -41.107658 20.482879 7.125020 -0.000002 0.000000 12.348538 -74.787507 -8.706236
4.833507 17.808738 26.890218 148.046890 -69.888790 -128.627178 0.000000 0.000000 0.000000 -10.365964 -10.084051 -9.733820 0.007113 -0.577252 -1.419858 3.274914 1.846215 -20.421973 5.769118 14.200808 44.047925 0.000000 0.000000 0.000000 -11.601850 -1.533137 -33.439015 -3.509428 -11.000424 35.169053 0.548013 -4.130709 -23.241851 -0.000560 0.152836 -0.419918 3.698557 -2.735066 10.974950 2.931930 -3.074694 0.424617 1.484630 -1.601504 -5.743470 -0.155183 -1.877370 -5.858658 3.339754 -2.621491 -8.444810 1.060840 -1.486591 -1.598133 0.000000 0.000000 0.000000 -66.509649 -25.052140 18.305642 9.397888 -15.792275 -1.306293 -0.000002 0.000001 -5.197202 35.607583 -17.911127 -12.419487 -7.125020 0.000002 0.000000 4.879570 8.363614 -4.132405 0.000000 0.000000 0.000000 21.823062 -1.465785 -51.543753 -15.807542 25.258997 -3.563441 0.000002 -0.000001 -17.114645 -29.299775 -41.198448 20.285514 7.125020 -0.000002 0.000000 12.980092 -74.762134 -9.148102
4.781494 17.852929 26.992139 148.290942 -70.807525 -128.906546 0.000000 0.000000 0.000000 -10.271112 -10.009226 -9.779355 0.007649 -0.601543 -1.465805 3.388179 2.034817 -19.791790 5.796310 14.228006 44.158665 0.000000 0.000000 0.000000 -11.073446 -0.943912 -32.722950 -3.288832 -10.728514 33.889927 0.482550 -3.837359 -22.616668 -0.010393 0.658271 -1.808963 3.843980 -2.737562 10.701288 2.856225 -3.074059 0.364339 1.311390 -1.604632 -5.665471 -0.310431 -1.732736 -5.680917 3.541371 -2.397973 -8.140290 1.150564 -1.363533 -1.532179 0.000000 0.000000 0.000000 -65.954210 -23.569577 16.668360 9.310816 -15.654396 -1.282697 -0.000002 0.000001 -5.199452 35.016767 -17.943285 -12.179526 -7.125020 0.000002 0.000000 4.498257 8.459582 -3.798692 0.000000 0.000000 0.000000 21.595500 -1.787133 -51.490253 -15.821793 25.278419 -3.569525 0.000002 -0.000001 -17.470915 -29.084522 -41.309989 20.162883 7.125020 -0.000002 0.000000 13.509035 -74.788068 -9.531324
4.728777 17.893605 27.092899 148.570214 -71.684719 -129.225867 0.000000 0.000000 0.000000 -10.215828 -9.871059 -9.835896 0.007879 -0.613443 -1.481191 3.499174 2.222447 -19.164459 5.764257 14.195934 44.028108 0.000000 0.000000 0.000000 -10.553874 -0.403559 -31.979028 -3.046944 -10.404492 32.472059 0.420871 -3.660587 -22.003477 -0.029983 1.117772 -3.072916 3.996964 -2.725527 10.419193 2.774762 -3.054478 0.296580 1.125090 -1.598661 -5.590958 -0.526040 -1.598576 -5.510436 3.852887 -2.183252 -7.808160 1.285151 -1.244309 -1.455216 0.000000 0.000000 0.000000 -65.392907 -22.087981 15.047042 9.254056 -15.564397 -1.267425 -0.000002 0.000001 -5.317292 34.435039 -17.934408 -11.920964 -7.125020 0.000002 0.000000 4.128125 8.598451 -3.473642 0.000000 0.000000 0.000000 21.306654 -2.016615 -51.499292 -15.807749 25.259280 -3.563530 0.000002 -0.000001 -17.782029 -29.047301 -41.441494 20.183474 7.125020 -0.000002 0.000000 13.797196 -74.897530 -9.767666
4.675782 17.931053 27.193048 148.802003 -72.482703 -129.534073 0.000000 0.000000 0.000000 -10.243652 -9.702351 -9.851690 0.007914 -0.617443 -1.478839 3.596346 2.410738 -18.593681 5.681850 14.112784 43.691117 0.000000 0.000000 0.000000 -10.114318 0.111159 -31.171581 -2.786519 -10.025858 30.913957 0.363579 -3.590013 -21.392715 -0.052292 1.475685 -4.058700 4.111842 -2.692387 10.161760 2.679853 -3.011362 0.231877 0.943822 -1.580148 -5.525180 -0.774008 -1.493511 -5.366448 4.206494 -2.008059 -7.465326 1.438050 -1.144127 -1.369516 0.000000 0.000000 0.000000 -64.837878 -20.637125 13.434770 9.216337 -15.504538 -1.257323 -0.000002 0.000001 -5.500681 33.874245 -17.861481 -11.635603 -7.125020 0.000002 0.000000 3.780055 8.803914 -3.164912 0.000000 0.000000 0.000000 20.956576 -2.174607 -51.580753 -15.766891 25.203555 -3.546113 0.000002 -0.000001 -18.007117 -29.212560 -41.591994 20.366107 7.125020 -0.000002 0.000000 13.806150 -75.098904 -9.831618
4.622505 17.965763 27.292643 148.925599 -73.190485 -129.796012 0.000000 0.000000 0.000000 -10.366112 -9.518182 -9.788875 0.007873 -0.617811 -1.470566 3.664785 2.589581 -18.100081 5.573399 14.001798 43.244621 0.000000 0.000000 0.000000 -9.789529 0.632600 -30.258286 -2.509989 -9.588715 29.208795 0.312102 -3.633298 -20.783819 -0.068660 1.690535 -4.651162 4.164577 -2.636632 9.952272 2.573340 -2.944051 0.179868 0.783716 -1.548171 -5.469559 -0.990974 -1.430818 -5.251278 4.492251 -1.897300 -7.145083 1.563704 -1.076310 -1.285790 0.000000 0.000000 0.000000 -64.299939 -19.237834 11.829249 9.190231 -15.463084 -1.250353 -0.000002 0.000001 -5.700593 33.347455 -17.717613 -11.325967 -7.125020 0.000002 0.000000 3.463101 9.080777 -2.880128 0.000000 0.000000 0.000000 20.561290 -2.303726 -51.710073 -15.713158 25.130175 -3.523262 0.000002 -0.000001 -18.133472 -29.534355 -41.755336 20.674315 7.125020 -0.000002 0.000000 13.593659 -75.370161 -9.755857
4.568803 17.998210 27.391061 148.941150 -73.821839 -130.018630 0.000000 0.000000 0.000000 -10.563694 -9.326713 -9.632623 0.007861 -0.618725 -1.466511 3.702757 2.740759 -17.683416 5.467107 13.891268 42.803609 0.000000 0.000000 0.000000 -9.570406 1.205998 -29.210576 -2.221392 -9.090634 27.355576 0.267815 -3.812863 -20.187892 -0.073395 1.747732 -4.808989 4.156785 -2.561634 9.796271 2.462791 -2.855939 0.143806 0.652543 -1.504479 -5.423506 -1.105074 -1.406635 -5.149244 4.610847 -1.850873 -6.877955 1.618788 -1.042363 -1.217318 0.000000 0.000000 0.000000 -63.780656 -17.893381 10.217324 9.172769 -15.435346 -1.245702 -0.000002 0.000001 -5.877193 32.865611 -17.512360 -11.003362 -7.125020 0.000002 0.000000 3.182418 9.415557 -2.624881 0.000000 0.000000 0.000000 20.135982 -2.432688 -51.852968 -15.654267 25.049628 -3.498290 0.000002 -0.000001 -18.152282 -29.919176 -41.912011 21.029775 7.125020 -0.000002 0.000000 13.267197 -75.659059 -9.600452
4.514509 18.028552 27.487242 148.894720 -74.396328 -130.235938 0.000000 0.000000 0.000000 -10.797469 -9.152706 -9.377347 0.008036 -0.626387 -1.481014 3.716691 2.840447 -17.364113 5.384019 13.803628 42.456450 0.000000 0.000000 0.000000 -9.425758 1.875127 -28.030080 -1.928260 -8.534948 25.373763 0.231772 -4.148853 -19.620819 -0.066152 1.659433 -4.565360 4.099902 -2.473022 9.680443 2.354057 -2.753374 0.120844 0.550503 -1.452492 -5.383041 -1.070199 -1.400205 -5.038193 4.519441 -1.842324 -6.675687 1.582408 -1.030319 -1.172648 0.000000 0.000000 0.000000 -63.269761 -16.591656 8.574529 9.164447 -15.422124 -1.243488 -0.000002 0.000001 -6.007977 32.428855 -17.266851 -10.680857 -7.125020 0.000002 0.000000 2.934642 9.784026 -2.398168 0.000000 0.000000 0.000000 19.691193 -2.562248 -51.983244 -15.587456 24.958092 -3.470050 0.000002 -0.000001 -18.050105 -30.254444 -42.030304 21.333659 7.125020 -0.000002 0.000000 12.945849 -75.894257 -9.431230
4.459333 18.056652 27.580138 148.838435 -74.928301 -130.481768 0.000000 0.000000 0.000000 -11.023938 -9.034869 -9.014803 0.008616 -0.648783 -1.533127 3.708579 2.857104 -17.188334 5.340921 13.757734 42.275523 0.000000 0.000000 0.000000 -9.321668 2.660985 -26.742515 -1.640830 -7.932081 23.305118 0.204876 -4.645261 -19.096708 -0.050504 1.450281 -3.988686 4.004264 -2.376376 9.582351 2.248733 -2.643543 0.107109 0.473632 -1.395947 -5.340374 -0.883529 -1.386858 -4.904711 4.238775 -1.836539 -6.529582 1.461093 -1.022890 -1.151937 0.000000 0.000000 0.000000 -62.749621 -15.316276 6.884485 9.167493 -15.426964 -1.244298 -0.000002 0.000001 -6.094790 32.024596 -17.006080 -10.367939 -7.125020 0.000002 0.000000 2.707941 10.160353 -2.191795 0.000000 0.000000 0.000000 19.239908 -2.682367 -52.071638 -15.511377 24.853655 -3.438011 0.000002 -0.000001 -17.833703 -30.448805 -42.091227 21.507212 7.125020 -0.000002 0.000000 12.743709 -76.023590 -9.318733
4.402938 18.082392 27.669058 148.802352 -75.429751 -130.773937 0.000000 0.000000 0.000000 -11.212913 -8.996499 -8.541050 0.009813 -0.691800 -1.637419 3.677303 2.756859 -17.185676 5.355857 13.773673 42.338291 0.000000 0.000000 0.000000 -9.227079 3.553197 -25.379191 -1.369362 -7.297313 21.202744 0.187999 -5.292294 -18.628120 -0.031754 1.150281 -3.162401 3.879157 -2.277360 9.484759 2.146815 -2.533751 0.100700 0.417025 -1.338603 -5.288623 -0.589545 -1.350621 -4.753090 3.842427 -1.807215 -6.413444 1.285783 -1.006058 -1.145892 0.000000 0.000000 0.000000 -62.202203 -14.054658 5.151620 9.183859 -15.452964 -1.248655 -0.000002 0.000001 -6.160096 31.637438 -16.753222 -10.071416 -7.125020 0.000002 0.000000 2.489305 10.521510 -1.996110 0.000000 0.000000 0.000000 18.802825 -2.790009 -52.072220 -15.436281 24.750358 -3.406509 0.000002 -0.000001 -17.550760 -30.471433 -42.110811 21.531796 7.125020 -0.000002 0.000000 12.744737 -76.050105 -9.327195
4.345183 18.105864 27.753805 148.767201 -75.910145 -131.089318 0.000000 0.000000 0.000000 -11.359053 -9.028985 -7.966994 0.011765 -0.755945 -1.796181 3.620398 2.525466 -17.341126 5.438810 13.861543 42.685616 0.000000 0.000000 0.000000 -9.125133 4.520263 -23.965867 -1.121869 -6.647534 19.118580 0.181330 -6.076865 -18.232384 -0.015238 0.797020 -2.190469 3.727456 -2.182149 9.382314 2.047406 -2.432020 0.099790 0.379049 -1.284474 -5.227264 -0.266615 -1.287817 -4.601193 3.433360 -1.742934 -6.289821 1.102003 -0.972490 -1.138573 0.000000 0.000000 0.000000 -61.614599 -12.798664 3.392911 9.213707 -15.500364 -1.256620 -0.000002 0.000001 -6.230696 31.263897 -16.527508 -9.800069 -7.125020 0.000002 0.000000 2.274340 10.846846 -1.808003 0.000000 0.000000 0.000000 18.406564 -2.888183 -51.943171 -15.380904 24.674051 -3.383358 0.000002 -0.000001 -17.265436 -30.358119 -42.127514 21.449607 7.125020 -0.000002 0.000000 12.963895 -76.022970 -9.481328
4.286317 18.127268 27.834518 148.642284 -76.370920 -131.337582 0.000000 0.000000 0.000000 -11.488935 -9.098475 -7.319654 0.014488 -0.836261 -1.998794 3.537035 2.191074 -17.598960 5.577373 14.005896 43.261042 0.000000 0.000000 0.000000 -9.027281 5.531352 -22.520332 -0.903222 -5.998835 17.096114 0.182930 -6.986213 -17.941426 -0.004244 0.420709 -1.155988 3.536605 -2.095945 9.279017 1.946609 -2.346174 0.100492 0.364002 -1.237174 -5.162613 0.010797 -1.203665 -4.466173 3.098525 -1.645378 -6.126271 0.949346 -0.921489 -1.115663 0.000000 0.000000 0.000000 -60.981401 -11.544947 1.623704 9.255341 -15.566437 -1.267770 -0.000002 0.000000 -6.319324 30.918766 -16.340338 -9.564815 -7.125020 0.000002 0.000000 2.071798 11.121396 -1.634404 0.000000 0.000000 0.000000 18.075650 -2.979755 -51.680442 -15.361508 24.647298 -3.375265 0.000002 -0.000001 -17.017330 -30.185206 -42.172429 21.331813 7.125020 -0.000002 0.000000 13.334019 -75.999725 -9.747198
4.227002 18.146718 27.911221 148.289196 -76.808874 -131.381688 0.000000 0.000000 0.000000 -11.662886 -9.150728 -6.639469 0.017823 -0.924341 -2.223870 3.444883 1.823430 -17.868146 5.736536 14.168075 43.914961 0.000000 0.000000 0.000000 -8.962721 6.576142 -21.048243 -0.714905 -5.363657 15.163867 0.187999 -8.007046 -17.808039 -0.000010 0.020270 -0.055692 3.283154 -2.021079 9.183408 1.839209 -2.281153 0.098604 0.380670 -1.198667 -5.103361 0.204407 -1.107909 -4.353918 2.874182 -1.525525 -5.912085 0.845408 -0.857792 -1.072121 0.000000 0.000000 0.000000 -60.303728 -10.297795 -0.142053 9.306843 -15.648100 -1.281626 -0.000002 0.000001 -6.421908 30.626439 -16.190356 -9.372694 -7.125020 0.000002 0.000000 1.898363 11.343050 -1.487835 0.000000 0.000000 0.000000 17.823003 -3.070520 -51.319984 -15.384194 24.678590 -3.384732 0.000002 -0.000001 -16.811770 -30.028931 -42.257448 21.242053 7.125020 -0.000002 0.000000 13.754121 -76.019796 -10.062018
4.168137 18.164132 27.983438 147.587085 -77.227873 -131.101191 0.000000 0.000000 0.000000 -11.936139 -9.113565 -5.975289 0.021427 -1.010754 -2.444334 3.371504 1.503357 -18.038857 5.874528 14.305639 44.476057 0.000000 0.000000 0.000000 -8.946668 7.665850 -19.541307 -0.555576 -4.748742 13.332347 0.190030 -9.122947 -17.900810 -0.004666 -0.441089 1.211996 2.949702 -1.956865 9.102957 1.724191 -2.237388 0.092927 0.438081 -1.168829 -5.054390 0.309582 -1.012596 -4.261490 2.753985 -1.400076 -5.659335 0.788886 -0.789794 -1.012063 0.000000 0.000000 0.000000 -59.585022 -9.070243 -1.879694 9.367837 -15.744714 -1.298127 -0.000002 0.000001 -6.534555 30.403065 -16.065342 -9.221639 -7.125020 0.000002 0.000000 1.766553 11.523440 -1.376962 0.000000 0.000000 0.000000 17.642899 -3.172800 -50.913882 -15.442626 24.759098 -3.409167 0.000002 -0.000001 -16.633099 -29.925224 -42.382238 21.207872 7.125020 -0.000002 0.000000 14.168741 -76.095997 -10.389908
4.110431 18.179350 28.050357 146.474048 -77.640554 -130.432143 0.000000 0.000000 0.000000 -12.320932 -8.932224 -5.364649 0.024935 -1.088947 -2.639789 3.332554 1.279552 -18.035800 5.965928 14.395243 44.844826 0.000000 0.000000 0.000000 -8.966005 8.812126 -17.987125 -0.422526 -4.156487 11.600254 0.183734 -10.307072 -18.281343 -0.024909 -1.018880 2.800761 2.534840 -1.900531 9.038590 1.605229 -2.211336 0.086136 0.540314 -1.145918 -5.013209 0.337748 -0.930429 -4.185505 2.716009 -1.287665 -5.390154 0.770945 -0.727276 -0.943057 0.000000 0.000000 0.000000 -58.824888 -7.882092 -3.555447 9.438838 -15.857043 -1.317460 -0.000002 0.000001 -6.662846 30.242013 -15.950391 -9.100104 -7.125020 0.000002 0.000000 1.674060 11.681014 -1.298722 0.000000 0.000000 0.000000 17.509211 -3.299302 -50.505049 -15.519406 24.864691 -3.441387 0.000002 -0.000001 -16.461974 -29.868474 -42.546092 21.224380 7.125020 -0.000002 0.000000 14.590687 -76.225157 -10.740883
4.053968 18.192439 28.111522 144.944592 -78.056111 -129.364345 0.000000 0.000000 0.000000 -12.787929 -8.626816 -4.804191 0.028284 -1.159802 -2.811443 3.323738 1.143178 -17.883431 6.016927 14.444727 45.049621 0.000000 0.000000 0.000000 -8.994644 10.004943 -16.384081 -0.312784 -3.587160 9.961548 0.168307 -11.522885 -18.967960 -0.073434 -1.748191 4.810255 2.050864 -1.847677 8.984196 1.484541 -2.196348 0.082170 0.681561 -1.126996 -4.972615 0.310562 -0.871389 -4.125699 2.736263 -1.203600 -5.122366 0.780395 -0.678465 -0.870902 0.000000 0.000000 0.000000 -58.015728 -6.754683 -5.147292 9.518866 -15.983477 -1.339412 -0.000002 0.000001 -6.805971 30.113855 -15.832809 -8.990031 -7.125020 0.000002 0.000000 1.603088 11.835365 -1.238233 0.000000 0.000000 0.000000 17.388579 -3.454973 -50.114404 -15.593944 24.966992 -3.472789 0.000002 -0.000001 -16.287906 -29.837484 -42.747970 21.274442 7.125020 -0.000002 0.000000 15.058264 -76.397859 -11.142121
3.998266 18.203918 28.167464 143.052515 -78.473856 -127.940894 0.000000 0.000000 0.000000 -13.276383 -8.307661 -4.245803 0.031884 -1.231656 -2.984357 3.319079 1.044182 -17.718563 6.056179 14.482565 45.206776 0.000000 0.000000 0.000000 -9.009467 11.211090 -14.756460 -0.223806 -3.041827 8.413300 0.148962 -12.741266 -19.913589 -0.161991 -2.593127 7.147954 1.524331 -1.793136 8.929223 1.359609 -2.183376 0.081110 0.842746 -1.108319 -4.927690 0.259359 -0.838480 -4.082030 2.790374 -1.153924 -4.861539 0.804327 -0.646893 -0.797652 0.000000 0.000000 0.000000 -57.145680 -5.702268 -6.655692 9.604870 -16.119140 -1.363192 -0.000002 0.000001 -6.943168 29.981305 -15.699309 -8.870807 -7.125020 0.000002 0.000000 1.530496 12.007798 -1.176801 0.000000 0.000000 0.000000 17.266228 -3.637302 -49.746477 -15.654174 25.049502 -3.498251 0.000002 -0.000001 -16.103375 -29.787279 -42.965611 21.314517 7.125020 -0.000002 0.000000 15.603435 -76.576214 -11.607162
3.942912 18.214656 28.219770 140.923672 -78.891427 -126.263761 0.000000 0.000000 0.000000 -13.713984 -8.120833 -3.636871 0.036358 -1.314027 -3.189370 3.288211 0.935399 -17.721091 6.107993 14.532187 45.413614 0.000000 0.000000 0.000000 -8.991085 12.387139 -13.164779 -0.153745 -2.525908 6.965013 0.133756 -13.949416 -21.019058 -0.286586 -3.442797 9.514068 1.000310 -1.732882 8.858572 1.227257 -2.162635 0.074860 0.993714 -1.086173 -4.880258 0.215589 -0.826657 -4.049802 2.854857 -1.133515 -4.603503 0.830158 -0.630314 -0.723182 0.000000 0.000000 0.000000 -56.206014 -4.726219 -8.093402 9.693609 -16.258888 -1.387933 -0.000002 0.000001 -7.044564 29.814664 -15.533316 -8.723365 -7.125020 0.000002 0.000000 1.438292 12.221735 -1.100088 0.000000 0.000000 0.000000 17.155711 -3.843330 -49.394932 -15.701265 25.113921 -3.518213 0.000002 -0.000001 -15.897605 -29.654922 -43.152869 21.278330 7.125020 -0.000002 0.000000 16.228498 -76.694127 -12.116557
3.888107 18.225423 28.270511 138.723535 -79.312822 -124.462589 0.000000 0.000000 0.000000 -14.045377 -8.163713 -2.969392 0.042064 -1.409492 -3.439014 3.216708 0.798816 -18.013682 6.175875 14.596641 45.683555 0.000000 0.000000 0.000000 -8.924238 13.489190 -11.697497 -0.101318 -2.053230 5.649541 0.127332 -15.127275 -22.180483 -0.424604 -4.182104 11.589556 0.532440 -1.665295 8.752747 1.088689 -2.126141 0.049139 1.104316 -1.057784 -4.836246 0.196876 -0.827883 -4.020158 2.910494 -1.132379 -4.342847 0.849012 -0.623802 -0.647597 0.000000 0.000000 0.000000 -55.197557 -3.818546 -9.473471 9.783592 -16.400353 -1.413232 -0.000002 0.000001 -7.090459 29.595697 -15.320102 -8.534312 -7.125020 0.000002 0.000000 1.315598 12.496306 -0.999800 0.000000 0.000000 0.000000 17.080782 -4.075097 -49.038534 -15.744469 25.172949 -3.536570 0.000002 -0.000001 -15.669095 -29.430795 -43.276039 21.146307 7.125020 -0.000002 0.000000 16.865595 -76.717989 -12.605792
3.834502 18.236551 28.321312 136.580964 -79.748369 -122.634474 0.000000 0.000000 0.000000 -14.251050 -8.434546 -2.290062 0.048780 -1.511066 -3.718326 3.111605 0.633948 -18.601293 6.249897 14.666218 45.976597 0.000000 0.000000 0.000000 -8.800529 14.477738 -10.436461 -0.064648 -1.641493 4.510660 0.124188 -16.226080 -23.331913 -0.555181 -4.772925 13.262027 0.161116 -1.591262 8.593793 0.949738 -2.070352 -0.007637 1.157215 -1.022153 -4.798826 0.202637 -0.838486 -3.987801 2.947675 -1.145473 -4.077640 0.858022 -0.624724 -0.571267 0.000000 0.000000 0.000000 -54.129142 -2.970650 -10.801170 9.875376 -16.544399 -1.439258 -0.000002 0.000001 -7.082279 29.316390 -15.053307 -8.298861 -7.125020 0.000002 0.000000 1.157179 12.839299 -0.872604 0.000000 0.000000 0.000000 17.054457 -4.335762 -48.652518 -15.791969 25.237766 -3.556799 0.000002 -0.000001 -15.427973 -29.188457 -43.335920 20.977019 7.125020 -0.000002 0.000000 17.388898 -76.677720 -12.987292
3.782608 18.248030 28.372592 134.542875 -80.215228 -120.814755 0.000000 0.000000 0.000000 -14.336545 -8.847009 -1.669418 0.055769 -1.606922 -3.995271 2.992927 0.434973 -19.379511 6.324930 14.736000 46.272260 0.000000 0.000000 0.000000 -8.609840 15.325503 -9.418842 -0.040729 -1.303485 3.579454 0.108822 -17.181029 -24.467442 -0.680926 -5.276076 14.697677 -0.095541 -1.514222 8.372909 0.819052 -1.997592 -0.096773 1.151318 -0.980707 -4.764488 0.222163 -0.860617 -3.954691 2.968666 -1.175105 -3.810694 0.859646 -0.634126 -0.494605 0.000000 0.000000 0.000000 -53.008980 -2.178686 -12.067192 9.969883 -16.692454 -1.466286 -0.000002 0.000001 -7.043243 28.982131 -14.736030 -8.022090 -7.125020 0.000002 0.000000 0.965629 13.245649 -0.721530 0.000000 0.000000 0.000000 17.073425 -4.617860 -48.238687 -15.842840 25.307089 -3.578517 0.000002 -0.000001 -15.170849 -29.009244 -43.348279 20.840381 7.125020 -0.000002 0.000000 17.701773 -76.619407 -13.203021
3.732464 18.259806 28.423534 132.593428 -80.739522 -118.997471 0.000000 0.000000 0.000000 -14.306187 -9.288082 -1.163862 0.062154 -1.687214 -4.238457 2.882869 0.189495 -20.196458 6.407995 14.812392 46.597992 0.000000 0.000000 0.000000 -8.327239 16.021739 -8.629487 -0.026065 -1.042923 2.863358 0.065103 -17.947160 -25.619699 -0.824031 -5.791803 16.181525 -0.232196 -1.439941 8.092422 0.707971 -1.914980 -0.209875 1.096251 -0.937041 -4.725156 0.245356 -0.896436 -3.922108 2.980368 -1.223549 -3.552446 0.857751 -0.653224 -0.420438 0.000000 0.000000 0.000000 -51.840283 -1.442834 -13.253352 10.066294 -16.843210 -1.494101 -0.000002 0.000001 -7.007470 28.612896 -14.380974 -7.718747 -7.125020 0.000002 0.000000 0.752401 13.697407 -0.556383 0.000000 0.000000 0.000000 17.122203 -4.897923 -47.836387 -15.885722 25.365451 -3.596868 0.000002 -0.000001 -14.866527 -28.903402 -43.320776 20.747347 7.125020 -0.000002 0.000000 17.806646 -76.554064 -13.258732
3.683781 18.271855 28.472774 130.683273 -81.350280 -117.155906 0.000000 0.000000 0.000000 -14.154408 -9.670132 -0.795462 0.067293 -1.747489 -4.428551 2.798919 -0.103767 -20.926200 6.507524 14.902756 46.986143 0.000000 0.000000 0.000000 -7.917294 16.562535 -8.024454 -0.017598 -0.856938 2.352951 -0.011667 -18.528126 -26.803027 -0.999953 -6.363549 17.842964 -0.247349 -1.375342 7.763604 0.629131 -1.831997 -0.334749 1.005597 -0.895868 -4.673606 0.267301 -0.943407 -3.882367 2.985199 -1.286836 -3.321135 0.854095 -0.680347 -0.355569 0.000000 0.000000 0.000000 -50.625501 -0.764309 -14.355275 10.161604 -16.991964 -1.521836 -0.000002 0.000001 -6.999405 28.235374 -14.009428 -7.409417 -7.125020 0.000002 0.000000 0.532903 14.166391 -0.389646 0.000000 0.000000 0.000000 17.181042 -5.148010 -47.490015 -15.907436 25.394977 -3.606175 0.000002 -0.000001 -14.488764 -28.825586 -43.254172 20.662713 7.125020 -0.000002 0.000000 17.778484 -76.464885 -13.205173
3.636270 18.284055 28.519291 128.728261 -82.065509 -115.234727 0.000000 0.000000 0.000000 -13.878725 -9.949073 -0.550260 0.070942 -1.788277 -4.560673 2.750543 -0.427083 -21.511297 6.620524 15.003833 47.424069 0.000000 0.000000 0.000000 -7.354164 16.944191 -7.552721 -0.013086 -0.738898 2.029336 -0.112929 -18.970831 -27.991846 -1.200849 -6.952758 19.575490 -0.143751 -1.326234 7.405975 0.591115 -1.757545 -0.460072 0.891276 -0.861532 -4.608223 0.286079 -0.996235 -3.823186 2.982699 -1.357335 -3.134206 0.849076 -0.712034 -0.307383 0.000000 0.000000 0.000000 -49.370534 -0.144837 -15.399491 10.251109 -17.131404 -1.548097 -0.000002 0.000001 -7.017350 27.874435 -13.643699 -7.113444 -7.125020 0.000002 0.000000 0.321696 14.624103 -0.232515 0.000000 0.000000 0.000000 17.235520 -5.355311 -47.201162 -15.903648 25.389827 -3.604551 0.000002 -0.000001 -14.067054 -28.749842 -43.154903 20.568415 7.125020 -0.000002 0.000000 17.674942 -76.347460 -13.084706
3.589834 18.296038 28.562944 126.608466 -82.880657 -113.145651 0.000000 0.000000 0.000000 -13.492791 -10.117109 -0.386361 0.073267 -1.813719 -4.643099 2.738599 -0.752767 -21.964484 6.733127 15.102984 47.857626 0.000000 0.000000 0.000000 -6.637894 17.177804 -7.159274 -0.011027 -0.678197 1.863145 -0.226181 -19.333190 -29.157287 -1.403987 -7.495134 21.190803 0.069103 -1.293476 7.046326 0.592598 -1.695004 -0.576543 0.758317 -0.835519 -4.533846 0.297443 -1.050616 -3.740728 2.979516 -1.428897 -2.995114 0.845522 -0.745280 -0.277513 0.000000 0.000000 0.000000 -48.082301 0.413093 -16.422554 10.330194 -17.254404 -1.571474 -0.000002 0.000001 -7.044863 27.550589 -13.296999 -6.843089 -7.125020 0.000002 0.000000 0.131692 15.053316 -0.094178 0.000000 0.000000 0.000000 17.282934 -5.532016 -46.917635 -15.880959 25.358972 -3.594828 0.000002 -0.000001 -13.692354 -28.699835 -43.040678 20.489085 7.125020 -0.000002 0.000000 17.500923 -76.226449 -12.910671
3.544558 18.307282 28.604353 124.166658 -83.761488 -110.759786 0.000000 0.000000 0.000000 -13.034041 -10.190306 -0.248724 0.074740 -1.830095 -4.693620 2.757100 -1.049229 -22.347914 6.828304 15.185590 48.221938 0.000000 0.000000 0.000000 -5.804487 17.294583 -6.791229 -0.010496 -0.661579 1.817897 -0.341741 -19.655569 -30.287339 -1.586089 -7.944736 22.546353 0.368245 -1.269573 6.711534 0.619244 -1.637948 -0.676455 0.604763 -0.814220 -4.457210 0.291501 -1.104180 -3.648328 2.994617 -1.498308 -2.886854 0.850764 -0.778058 -0.258375 0.000000 0.000000 0.000000 -46.763434 0.908383 -17.420388 10.399733 -17.362396 -1.592163 -0.000002 0.000001 -7.091353 27.277747 -12.968461 -6.600868 -7.125020 0.000002 0.000000 -0.027178 15.453697 0.018918 0.000000 0.000000 0.000000 17.333149 -5.709544 -46.570998 -15.851771 25.319248 -3.582336 0.000002 -0.000001 -13.468427 -28.713467 -42.938010 20.463446 7.125020 -0.000002 0.000000 17.256289 -76.139851 -12.697123
3.500602 18.317468 28.644339 121.165667 -84.644179 -107.856255 0.000000 0.000000 0.000000 -12.565725 -10.201979 -0.087776 0.075909 -1.843473 -4.732153 2.795761 -1.281997 -22.747840 6.890683 15.239143 48.459664 0.000000 0.000000 0.000000 -4.929362 17.319468 -6.417492 -0.011032 -0.678232 1.863843 -0.454675 -19.937358 -31.364155 -1.732376 -8.284851 23.582665 0.707756 -1.240694 6.417199 0.645898 -1.573090 -0.753996 0.429313 -0.790125 -4.380432 0.259620 -1.157207 -3.571757 3.048720 -1.566426 -2.781548 0.872288 -0.810109 -0.236982 0.000000 0.000000 0.000000 -45.411905 1.340604 -18.335199 10.469358 -17.470371 -1.613002 -0.000002 0.000001 -7.208908 27.058725 -12.647268 -6.380934 -7.125020 0.000002 0.000000 -0.151660 15.837516 0.105318 0.000000 0.000000 0.000000 17.402874 -5.919981 -46.130869 -15.826941 25.285433 -3.571723 0.000002 -0.000001 -13.450390 -28.804637 -42.872920 20.511346 7.125020 -0.000002 0.000000 16.973900 -76.116232 -12.478552
3.458085 18.326748 28.683474 117.273188 -85.454916 -104.102787 0.000000 0.000000 0.000000 -12.155734 -10.199021 0.128014 0.077189 -1.857844 -4.774396 2.842231 -1.426225 -23.250527 6.911466 15.256884 48.538687 0.000000 0.000000 0.000000 -4.116761 17.251930 -6.047232 -0.012512 -0.722078 1.985498 -0.554063 -20.140457 -32.341234 -1.839489 -8.523418 24.315530 1.028364 -1.193915 6.162208 0.647065 -1.488640 -0.806742 0.237575 -0.756097 -4.299359 0.210423 -1.213830 -3.532004 3.142605 -1.639841 -2.661529 0.908565 -0.844330 -0.204473 0.000000 0.000000 0.000000 -44.027366 1.704849 -19.113143 10.550925 -17.596670 -1.637575 -0.000002 0.000001 -7.446033 26.885371 -12.323759 -6.175059 -7.125020 0.000002 0.000000 -0.246172 16.217104 0.168965 0.000000 0.000000 0.000000 17.503343 -6.169589 -45.645355 -15.806484 25.257554 -3.562989 0.000002 -0.000001 -13.599580 -28.951083 -42.856490 20.619398 7.125020 -0.000002 0.000000 16.709425 -76.157211 -12.296188
3.417056 18.335523 28.722011 112.179554 -86.140799 -99.177208 0.000000 0.000000 0.000000 -11.841445 -10.230284 0.409382 0.078826 -1.875081 -4.830204 2.884547 -1.483031 -23.916547 6.894941 15.242783 48.475860 0.000000 0.000000 0.000000 -3.511791 17.030305 -5.610673 -0.014911 -0.786011 2.173205 -0.510257 -20.203749 -33.276885 -1.904334 -8.663898 24.749485 1.285405 -1.122857 5.933763 0.609912 -1.379454 -0.837064 0.040533 -0.708502 -4.208278 0.171559 -1.279477 -3.530962 3.251780 -1.726965 -2.530253 0.947303 -0.885125 -0.161895 0.000000 0.000000 0.000000 -42.617480 1.992923 -19.760523 10.649116 -17.748434 -1.667384 -0.000002 0.000001 -7.793610 26.747575 -11.993851 -5.977475 -7.125020 0.000002 0.000000 -0.316999 16.598736 0.215008 0.000000 0.000000 0.000000 17.631453 -6.425072 -45.235371 -15.776019 25.216009 -3.550000 0.000002 -0.000001 -13.784341 -29.098459 -42.878537 20.741846 7.125020 -0.000002 0.000000 16.524957 -76.233121 -12.185288
3.377489 18.344033 28.760040 105.736450 -86.682221 -92.914555 0.000000 0.000000 0.000000 -11.622592 -10.326417 0.747443 0.080869 -1.894991 -4.902207 2.913528 -1.478054 -24.754174 6.858414 15.211498 48.336787 0.000000 0.000000 0.000000 -3.010100 16.727797 -5.244895 -0.018208 -0.866917 2.405583 -0.489138 -20.225599 -33.943675 -1.917876 -8.692878 24.839234 1.461833 -1.028815 5.717066 0.537963 -1.247795 -0.851765 -0.148672 -0.647926 -4.105408 0.165683 -1.354896 -3.553894 3.349766 -1.829194 -2.401481 0.976692 -0.933654 -0.116249 0.000000 0.000000 0.000000 -41.198345 2.203458 -20.332719 10.760337 -17.919967 -1.701447 -0.000002 0.000001 -8.189851 26.641885 -11.650614 -5.783084 -7.125020 0.000002 0.000000 -0.365773 16.990913 0.245179 0.000000 0.000000 0.000000 17.772880 -6.633011 -45.023521 -15.718142 25.136985 -3.525378 0.000002 -0.000001 -13.852849 -29.178181 -42.916660 20.817414 7.125020 -0.000002 0.000000 16.481246 -76.297720 -12.175148
3.339237 18.352251 28.797641 97.938925 -87.080952 -85.297942 0.000000 0.000000 0.000000 -11.483762 -10.487622 1.119194 0.083095 -1.914749 -4.983564 2.923625 -1.448994 -25.709956 6.823580 15.181516 48.203896 0.000000 0.000000 0.000000 -2.608196 16.368029 -4.932330 -0.022054 -0.953066 2.649921 -0.467009 -20.266501 -34.344804 -1.881890 -8.615599 24.600077 1.557492 -0.921077 5.504452 0.445780 -1.104886 -0.860413 -0.314008 -0.579796 -3.996321 0.190253 -1.432606 -3.580174 3.426057 -1.935852 -2.284215 0.994242 -0.984817 -0.073904 0.000000 0.000000 0.000000 -39.792501 2.352643 -20.892760 10.878258 -18.101404 -1.737907 -0.000002 0.000001 -8.564934 26.566602 -11.284642 -5.586370 -7.125020 0.000002 0.000000 -0.392991 17.404499 0.260075 0.000000 0.000000 0.000000 17.907263 -6.752778 -45.047113 -15.627835 25.013436 -3.487106 0.000002 -0.000001 -13.727421 -29.132935 -42.948677 20.793603 7.125020 -0.000002 0.000000 16.621701 -76.309148 -12.283891
3.301929 18.360064 28.834861 88.851500 -87.345759 -76.389736 0.000000 0.000000 0.000000 -11.408595 -10.690347 1.499934 0.085092 -1.929973 -5.061085 2.913003 -1.438762 -26.692472 6.807992 15.168053 48.144349 0.000000 0.000000 0.000000 -2.290848 15.981768 -4.633036 -0.025838 -1.031251 2.869018 -0.438465 -20.347948 -34.539170 -1.820352 -8.481405 24.186096 1.577754 -0.816836 5.300824 0.353796 -0.971757 -0.874138 -0.435438 -0.514630 -3.895661 0.224898 -1.499119 -3.588279 3.474867 -2.027590 -2.180169 1.001972 -1.028904 -0.039143 0.000000 0.000000 0.000000 -38.427929 2.478592 -21.489590 10.998301 -18.285644 -1.775388 -0.000002 0.000001 -8.878251 26.507627 -10.906561 -5.388856 -7.125020 0.000002 0.000000 -0.409376 17.829337 0.266847 0.000000 0.000000 0.000000 18.007681 -6.767528 -45.239717 -15.513791 24.856976 -3.439026 0.000002 -0.000001 -13.426827 -28.933217 -42.956638 20.641323 7.125020 -0.000002 0.000000 16.951970 -76.240105 -12.505565
3.264990 18.367407 28.871555 78.646262 -87.485808 -66.367387 0.000000 0.000000 0.000000 -11.379283 -10.901493 1.873444 0.086520 -1.937653 -5.123395 2.884928 -1.481546 -27.611906 6.819259 15.177788 48.187398 0.000000 0.000000 0.000000 -2.032723 15.578230 -4.306515 -0.028876 -1.090580 3.031976 -0.412998 -20.448337 -34.595891 -1.766729 -8.362280 23.819968 1.533146 -0.735290 5.119202 0.282550 -0.871767 -0.903580 -0.495418 -0.464341 -3.822392 0.248815 -1.542578 -3.558181 3.484602 -2.087217 -2.088482 1.000108 -1.057229 -0.015264 0.000000 0.000000 0.000000 -37.130334 2.627895 -22.146195 11.117678 -18.468403 -1.813024 -0.000002 0.000001 -9.129900 26.434299 -10.555494 -5.202399 -7.125020 0.000002 0.000000 -0.439044 18.225200 0.281290 0.000000 0.000000 0.000000 18.048461 -6.680409 -45.487664 -15.388727 24.684842 -3.386625 0.000002 -0.000001 -13.016622 -28.580030 -42.925839 20.356865 7.125020 -0.000002 0.000000 17.433266 -76.078185 -12.804767
3.227821 18.374226 28.907245 67.764746 -87.506091 -55.678768 0.000000 0.000000 0.000000 -11.381399 -11.085765 2.231974 0.087292 -1.937983 -5.166051 2.848060 -1.575313 -28.404527 6.849829 15.204122 48.304058 0.000000 0.000000 0.000000 -1.806588 15.146303 -3.927467 -0.030631 -1.124309 3.119977 -0.400657 -20.534804 -34.564480 -1.747002 -8.317927 23.683969 1.439224 -0.686232 4.967607 0.242764 -0.816142 -0.953954 -0.490555 -0.434961 -3.787053 0.248998 -1.561472 -3.477827 3.451158 -2.111819 -2.009145 0.989685 -1.068314 -0.004242 0.000000 0.000000 0.000000 -35.907897 2.824925 -22.845792 11.233234 -18.644871 -1.849799 -0.000002 0.000001 -9.342009 26.313167 -10.263694 -5.035346 -7.125020 0.000002 0.000000 -0.507375 18.559491 0.319654 0.000000 0.000000 0.000000 18.027633 -6.520953 -45.687168 -15.265087 24.514098 -3.335157 0.000002 -0.000001 -12.571226 -28.106497 -42.848919 19.964433 7.125020 -0.000002 0.000000 17.992345 -75.830084 -13.126536
3.190000 18.380413 28.941207 57.056875 -87.408708 -45.176663 0.000000 0.000000 0.000000 -11.411476 -11.208707 2.571295 0.087542 -1.933583 -5.190753 2.811972 -1.676431 -29.035164 6.880382 15.230332 48.420463 0.000000 0.000000 0.000000 -1.596232 14.688575 -3.483151 -0.030847 -1.129864 3.126902 -0.405473 -20.588927 -34.483968 -1.772572 -8.375364 23.860120 1.309348 -0.663516 4.840120 0.229529 -0.796078 -1.021275 -0.434348 -0.422441 -3.782533 0.221729 -1.566604 -3.347997 3.391202 -2.115679 -1.944275 0.976361 -1.069355 -0.006119 0.000000 0.000000 0.000000 -34.745697 3.053765 -23.536066 11.341455 -18.809740 -1.884545 -0.000002 0.000001 -9.529850 26.125283 -10.023778 -4.880339 -7.125020 0.000002 0.000000 -0.627017 18.841978 0.389567 0.000000 0.000000 0.000000 17.977967 -6.344548 -45.778075 -15.155534 24.362333 -3.289834 0.000002 -0.000001 -12.155185 -27.577804 -42.734770 19.518531 7.125020 -0.000002 0.000000 18.545970 -75.529093 -13.419419
3.151309 18.385843 28.972757 47.503419 -87.204841 -35.840331 0.000000 0.000000 0.000000 -11.471350 -11.246489 2.889209 0.087511 -1.927797 -5.203028 2.781785 -1.734540 -29.494186 6.894858 15.242711 48.475544 0.000000 0.000000 0.000000 -1.397659 14.240379 -2.965481 -0.029544 -1.107549 3.055514 -0.423024 -20.621154 -34.386715 -1.837633 -8.519356 24.303009 1.150839 -0.650338 4.719968 0.228137 -0.789577 -1.095313 -0.348295 -0.415983 -3.788857 0.170741 -1.574100 -3.179944 3.334914 -2.120876 -1.896114 0.968588 -1.071455 -0.019026 0.000000 0.000000 0.000000 -33.617516 3.274222 -24.152426 11.441394 -18.961651 -1.916893 -0.000002 0.000001 -9.702452 25.874265 -9.811286 -4.726671 -7.125020 0.000002 0.000000 -0.793743 19.099252 0.487967 0.000000 0.000000 0.000000 17.945780 -6.203478 -45.774166 -15.066677 24.238913 -3.253268 0.000002 -0.000001 -11.783193 -27.070815 -42.609527 19.087696 7.125020 -0.000002 0.000000 19.035452 -75.227677 -13.659959
3.111670 18.390448 29.001550 39.623069 -86.920284 -28.183205 0.000000 0.000000 0.000000 -11.554497 -11.203979 3.189270 0.087480 -1.923760 -5.211117 2.757727 -1.730017 -29.801457 6.891215 15.239598 48.461686 0.000000 0.000000 0.000000 -1.208747 13.849802 -2.371101 -0.026916 -1.058930 2.912044 -0.438512 -20.675668 -34.279103 -1.917910 -8.692953 24.839466 0.970246 -0.630776 4.588807 0.225180 -0.775764 -1.166683 -0.251983 -0.405348 -3.785996 0.104118 -1.596146 -2.990603 3.308484 -2.144627 -1.861673 0.972829 -1.083178 -0.038739 0.000000 0.000000 0.000000 -32.500663 3.453748 -24.633142 11.537415 -19.107295 -1.948209 -0.000002 0.000001 -9.891838 25.589525 -9.629240 -4.581939 -7.125020 0.000002 0.000000 -0.986590 19.325344 0.602144 0.000000 0.000000 0.000000 17.958371 -6.118132 -45.750270 -14.991479 24.134237 -3.222459 0.000002 -0.000001 -11.408706 -26.640030 -42.503600 18.723600 7.125020 -0.000002 0.000000 19.446630 -74.972997 -13.857593
3.071110 18.394178 29.027639 33.347383 -86.582445 -22.129309 0.000000 0.000000 0.000000 -11.644900 -11.120929 3.481884 0.087697 -1.923688 -5.223598 2.737539 -1.682052 -30.002720 6.878410 15.228643 48.412955 0.000000 0.000000 0.000000 -1.025297 13.546932 -1.705081 -0.023267 -0.986131 2.703497 -0.433292 -20.810075 -34.138874 -1.979116 -8.822439 25.241454 0.775218 -0.598009 4.432758 0.214034 -0.745385 -1.230781 -0.157520 -0.386137 -3.761484 0.033513 -1.636149 -2.798900 3.322125 -2.192574 -1.830519 0.990047 -1.107177 -0.058865 0.000000 0.000000 0.000000 -31.382017 3.585453 -24.923400 11.639467 -19.261753 -1.981745 -0.000002 0.000001 -10.161195 25.325334 -9.512058 -4.473031 -7.125020 0.000002 0.000000 -1.168459 19.477738 0.710528 0.000000 0.000000 0.000000 18.011621 -6.078047 -45.771593 -14.912334 24.023842 -3.190168 0.000002 -0.000001 -10.979099 -26.300789 -42.434980 18.443163 7.125020 -0.000002 0.000000 19.796428 -74.786222 -14.034900
3.029761 18.397009 29.051387 28.397183 -86.207571 -17.392554 0.000000 0.000000 0.000000 -11.729718 -11.048054 3.777098 0.088251 -1.927815 -5.244795 2.717792 -1.635989 -30.145847 6.869129 15.220691 48.377611 0.000000 0.000000 0.000000 -0.847113 13.331324 -0.980104 -0.018967 -0.891779 2.437507 -0.400502 -21.049418 -33.948717 -1.998797 -8.863569 25.369478 0.569053 -0.555123 4.244331 0.193947 -0.702251 -1.286949 -0.067339 -0.360354 -3.710559 -0.030582 -1.689544 -2.620204 3.370934 -2.259469 -1.789524 1.016829 -1.140616 -0.073115 0.000000 0.000000 0.000000 -30.259051 3.684232 -24.987535 11.759694 -19.443273 -2.021586 -0.000002 0.000001 -10.569971 25.143155 -9.489056 -4.425151 -7.125020 0.000002 0.000000 -1.296769 19.519189 0.788455 0.000000 0.000000 0.000000 18.079106 -6.060000 -45.841377 -14.811222 23.882470 -3.149117 0.000002 -0.000001 -10.487410 -26.038108 -42.401418 18.233502 7.125020 -0.000002 0.000000 20.103467 -74.659356 -14.203628
2.987897 18.399143 29.073380 24.507220 -85.805788 -13.704224 0.000000 0.000000 0.000000 -11.802914 -11.014723 4.076954 0.089016 -1.934120 -5.272407 2.694954 -1.645738 -30.260478 6.876680 15.227162 48.406371 0.000000 0.000000 0.000000 -0.677016 13.179129 -0.214646 -0.014445 -0.779485 2.124149 -0.353569 -21.356339 -33.729128 -1.983059 -8.830698 25.267151 0.352365 -0.509634 4.024002 0.169214 -0.655903 -1.336797 0.023411 -0.332769 -3.635234 -0.089245 -1.748689 -2.460395 3.444463 -2.335277 -1.729407 1.050135 -1.178291 -0.077946 0.000000 0.000000 0.000000 -29.139910 3.769295 -24.834547 11.904238 -19.660868 -2.069961 -0.000002 0.000001 -11.125571 25.076414 -9.555343 -4.442008 -7.125020 0.000002 0.000000 -1.347329 19.452456 0.821498 0.000000 0.000000 0.000000 18.127191 -6.044041 -45.912352 -14.677755 23.695285 -3.095281 0.000002 -0.000001 -9.968249 -25.820936 -42.386766 18.065289 7.125020 -0.000002 0.000000 20.380745 -74.566359 -14.363392
2.945950 18.401147 29.094320 21.367929 -85.391313 -10.754469 0.000000 0.000000 0.000000 -11.853832 -11.024038 4.376007 0.089737 -1.939436 -5.299834 2.666532 -1.754892 -30.357763 6.913614 15.258715 48.546849 0.000000 0.000000 0.000000 -0.509745 13.057252 0.566042 -0.010160 -0.654783 1.778879 -0.314968 -21.657302 -33.530134 -1.956529 -8.774933 25.093788 0.134877 -0.467017 3.779422 0.148667 -0.612480 -1.383576 0.118993 -0.306629 -3.543257 -0.155966 -1.808253 -2.315761 3.533289 -2.412477 -1.647682 1.089431 -1.216306 -0.073265 0.000000 0.000000 0.000000 -28.038758 3.846148 -24.536213 12.065034 -19.902098 -2.124379 -0.000002 0.000001 -11.760077 25.106743 -9.672858 -4.502225 -7.125020 0.000002 0.000000 -1.331404 19.320963 0.815480 0.000000 0.000000 0.000000 18.130675 -6.024807 -45.922385 -14.513659 23.464249 -3.029638 0.000002 -0.000001 -9.470669 -25.609676 -42.378601 17.904260 7.125020 -0.000002 0.000000 20.660126 -74.481476 -14.526850
2.904317 18.403688 29.114932 18.647306 -84.979336 -8.213257 0.000000 0.000000 0.000000 -11.867036 -11.073500 4.670787 0.090181 -1.941096 -5.320628 2.630634 -1.972125 -30.437670 6.984555 15.318873 48.815888 0.000000 0.000000 0.000000 -0.331438 12.934734 1.335570 -0.006500 -0.524567 1.420868 -0.298294 -21.896265 -33.395467 -1.937611 -8.734894 24.969497 -0.061732 -0.428731 3.521543 0.140291 -0.572364 -1.431054 0.215719 -0.282588 -3.444830 -0.242299 -1.866355 -2.177897 3.628392 -2.488103 -1.548428 1.134000 -1.253176 -0.061713 0.000000 0.000000 0.000000 -26.965991 3.903479 -24.203209 12.222016 -20.136763 -2.178120 -0.000002 0.000001 -12.357915 25.177583 -9.783955 -4.567933 -7.125020 0.000002 0.000000 -1.286476 19.192859 0.791438 0.000000 0.000000 0.000000 18.085979 -6.013703 -45.818385 -14.332687 23.208310 -2.957949 0.000002 -0.000001 -9.039017 -25.367101 -42.382091 17.723818 7.125020 -0.000002 0.000000 21.004530 -74.395384 -14.735461
2.863094 18.407020 29.135793 16.152904 -84.579103 -5.894221 0.000000 0.000000 0.000000 -11.839992 -11.170741 4.972378 0.090298 -1.938613 -5.333295 2.585577 -2.250327 -30.500311 7.074877 15.394621 49.156944 0.000000 0.000000 0.000000 -0.133394 12.796419 2.081509 -0.003671 -0.394782 1.066438 -0.305580 -22.051758 -33.350667 -1.931283 -8.721450 24.927799 -0.216928 -0.392926 3.262771 0.143456 -0.532213 -1.481542 0.301436 -0.259467 -3.349506 -0.343704 -1.922745 -2.037150 3.717759 -2.561681 -1.441652 1.179469 -1.288860 -0.048179 0.000000 0.000000 0.000000 -25.920057 3.923458 -23.929676 12.355066 -20.334994 -2.224140 -0.000002 0.000001 -12.815272 25.230209 -9.833057 -4.601436 -7.125020 0.000002 0.000000 -1.251497 19.134339 0.771519 0.000000 0.000000 0.000000 18.010597 -6.025547 -45.587558 -14.151063 22.950252 -2.886751 0.000002 -0.000001 -8.682671 -25.075103 -42.414578 17.515686 7.125020 -0.000002 0.000000 21.473665 -74.316467 -15.035822
2.822165 18.410773 29.156906 13.836253 -84.199139 -3.757686 0.000000 0.000000 0.000000 -11.784186 -11.325797 5.304504 0.090313 -1.934693 -5.343890 2.532903 -2.504595 -30.555589 7.153015 15.459400 49.450685 0.000000 0.000000 0.000000 0.085998 12.661568 2.810676 -0.001708 -0.269577 0.726664 -0.337670 -22.114186 -33.425979 -1.943921 -8.748275 25.011016 -0.319983 -0.354104 3.014803 0.148701 -0.484859 -1.535046 0.360170 -0.233990 -3.264026 -0.439716 -1.979231 -1.885287 3.785975 -2.635693 -1.341207 1.217670 -1.324954 -0.038712 0.000000 0.000000 0.000000 -24.886615 3.888593 -23.767389 12.451610 -20.478456 -2.257803 -0.000002 0.000001 -13.071861 25.230762 -9.801559 -4.586995 -7.125020 0.000002 0.000000 -1.249529 19.168880 0.769375 0.000000 0.000000 0.000000 17.930080 -6.064146 -45.277310 -13.975987 22.700366 -2.818835 0.000002 -0.000001 -8.357269 -24.745827 -42.488625 17.292657 7.125020 -0.000002 0.000000 22.075791 -74.259892 -15.441000
2.781517 18.414268 29.177363 11.625310 -83.853644 -1.735190 0.000000 0.000000 0.000000 -11.701918 -11.528314 5.679196 0.090559 -1.933487 -5.360728 2.480414 -2.668875 -30.608994 7.190949 15.490600 49.592856 0.000000 0.000000 0.000000 0.335780 12.576795 3.530966 -0.000549 -0.152987 0.411859 -0.397160 -22.076922 -33.652732 -1.989750 -8.844692 25.310698 -0.365024 -0.305000 2.780653 0.146723 -0.421111 -1.589649 0.378644 -0.201726 -3.188189 -0.507460 -2.039897 -1.721752 3.820390 -2.715697 -1.257838 1.240748 -1.364517 -0.037083 0.000000 0.000000 0.000000 -23.846040 3.784743 -23.744799 12.504901 -20.557507 -2.276482 -0.000002 0.000001 -13.101753 25.175078 -9.724112 -4.539752 -7.125020 0.000002 0.000000 -1.285264 19.258793 0.788956 0.000000 0.000000 0.000000 17.870640 -6.128479 -44.934544 -13.809638 22.461913 -2.754958 0.000002 -0.000001 -8.025288 -24.422285 -42.604367 17.086562 7.125020 -0.000002 0.000000 22.753569 -74.241096 -15.918068
2.741325 18.417017 29.195793 9.379215 -83.555302 0.320144 0.000000 0.000000 0.000000 -11.579069 -11.735289 6.076140 0.091099 -1.936564 -5.383319 2.439345 -2.729732 -30.635372 7.178396 15.480293 49.545841 0.000000 0.000000 0.000000 0.633103 12.566860 4.228376 -0.000058 -0.050129 0.134897 -0.477322 -21.960709 -34.004586 -2.071209 -9.012853 25.835538 -0.349974 -0.242436 2.549810 0.136075 -0.337138 -1.642057 0.353957 -0.160769 -3.112597 -0.536109 -2.106691 -1.557467 3.819345 -2.804393 -1.191470 1.246158 -1.408885 -0.041603 0.000000 0.000000 0.000000 -22.784870 3.609381 -23.885179 12.511117 -20.566722 -2.278665 -0.000002 0.000001 -12.901204 25.076379 -9.661972 -4.490759 -7.125020 0.000002 0.000000 -1.352314 19.335625 0.828231 0.000000 0.000000 0.000000 17.856217 -6.222915 -44.530258 -13.660171 22.246810 -2.698110 0.000002 -0.000002 -7.724992 -24.159118 -42.751341 16.934666 7.125020 -0.000002 0.000000 23.414772 -74.270567 -16.407405
2.701818 18.418965 29.211317 7.001906 -83.303824 2.514813 0.000000 0.000000 0.000000 -11.405017 -11.887604 6.452177 0.091579 -1.941113 -5.398867 2.418408 -2.706270 -30.582711 7.117841 15.430325 49.318608 0.000000 0.000000 0.000000 0.984866 12.599411 4.867723 -0.000026 0.033969 -0.091417 -0.553636 -21.828966 -34.368805 -2.159773 -9.191237 26.395384 -0.284004 -0.171068 2.306741 0.122921 -0.239747 -1.689567 0.297850 -0.114209 -3.025427 -0.531771 -2.175552 -1.408110 3.793708 -2.896465 -1.131414 1.238099 -1.455118 -0.046309 0.000000 0.000000 0.000000 -21.703073 3.379095 -24.195271 12.470413 -20.506361 -2.264386 -0.000002 0.000001 -12.493134 24.950627 -9.662227 -4.464863 -7.125020 0.000002 0.000000 -1.441542 19.346343 0.883173 0.000000 0.000000 0.000000 17.896001 -6.344594 -44.003278 -13.536276 22.067902 -2.651383 0.000002 -0.000002 -7.517480 -23.984572 -42.910047 16.852046 7.125020 -0.000002 0.000000 23.984638 -74.341659 -16.853284
2.663199 18.420381 29.223985 4.525333 -83.085152 4.825017 0.000000 0.000000 0.000000 -11.188709 -11.942355 6.768757 0.091527 -1.942673 -5.392042 2.420891 -2.617307 -30.406406 7.016506 15.345775 48.936724 0.000000 0.000000 0.000000 1.376908 12.611121 5.414867 -0.000216 0.096034 -0.258473 -0.594483 -21.758300 -34.609582 -2.208413 -9.287330 26.698323 -0.189114 -0.100839 2.043300 0.115540 -0.143166 -1.733020 0.231818 -0.068549 -2.922624 -0.513271 -2.238831 -1.282823 3.761568 -2.981728 -1.064147 1.225310 -1.497803 -0.045260 0.000000 0.000000 0.000000 -20.612199 3.130667 -24.626236 12.392471 -20.390616 -2.237155 -0.000002 0.000000 -11.953195 24.812639 -9.734445 -4.469230 -7.125020 0.000002 0.000000 -1.542857 19.279284 0.948035 0.000000 0.000000 0.000000 17.973864 -6.464588 -43.374437 -13.432467 21.917578 -2.612508 0.000002 -0.000002 -7.370729 -23.876072 -43.057221 16.814967 7.125020 -0.000002 0.000000 24.445797 -74.426340 -17.229448
2.625656 18.421570 29.234410 2.112639 -82.882086 7.091964 0.000000 0.000000 0.000000 -10.957512 -11.889786 7.008489 0.090709 -1.938642 -5.356346 2.444933 -2.479901 -30.095619 6.887662 15.236560 48.448170 0.000000 0.000000 0.000000 1.777560 12.556164 5.854253 -0.000428 0.135114 -0.363569 -0.582266 -21.791507 -34.650386 -2.184960 -9.241158 26.552644 -0.094365 -0.041060 1.761354 0.117440 -0.060961 -1.777216 0.176405 -0.029910 -2.809972 -0.502618 -2.289503 -1.179138 3.741639 -3.050700 -0.981445 1.217468 -1.532055 -0.035980 0.000000 0.000000 0.000000 -19.527874 2.916530 -25.039131 12.302454 -20.256683 -2.205890 -0.000002 0.000000 -11.437954 24.682074 -9.850845 -4.494999 -7.125020 0.000002 0.000000 -1.641042 19.163301 1.012621 0.000000 0.000000 0.000000 18.057834 -6.531221 -42.784451 -13.327022 21.764491 -2.573280 0.000002 -0.000001 -7.129932 -23.773268 -43.173435 16.772687 7.125020 -0.000002 0.000000 24.835269 -74.486254 -17.542509
2.589340 18.422626 29.243202 -0.000755 -82.686008 9.081584 0.000000 0.000000 0.000000 -10.745707 -11.744803 7.173271 0.089206 -1.928914 -5.295974 2.484052 -2.331312 -29.673497 6.754404 15.121545 47.939239 0.000000 0.000000 0.000000 2.147286 12.425360 6.191207 -0.000547 0.152838 -0.410952 -0.522742 -21.921058 -34.495727 -2.090687 -9.052473 25.959608 -0.028881 0.004411 1.468456 0.123811 0.000721 -1.828319 0.143292 -0.000867 -2.698039 -0.515121 -2.321226 -1.084273 3.749463 -3.094668 -0.884609 1.222341 -1.553636 -0.020758 0.000000 0.000000 0.000000 -18.463692 2.782047 -25.258902 12.232941 -20.153065 -2.181881 -0.000002 0.000000 -11.130429 24.580943 -9.971824 -4.528637 -7.125020 0.000002 0.000000 -1.718597 19.039883 1.064850 0.000000 0.000000 0.000000 18.120522 -6.501148 -42.402454 -13.195453 21.572924 -2.524700 0.000002 -0.000001 -6.621051 -23.621420 -43.246749 16.680871 7.125020 -0.000002 0.000000 25.196248 -74.491549 -17.807282
2.554310 18.423360 29.250740 -1.615611 -82.499353 10.591964 0.000000 0.000000 0.000000 -10.580841 -11.532551 7.278487 0.087273 -1.914827 -5.221293 2.527959 -2.229046 -29.184218 6.643238 15.023959 47.511753 0.000000 0.000000 0.000000 2.452099 12.234805 6.446718 -0.000550 0.153362 -0.411837 -0.438221 -22.104466 -34.205324 -1.952145 -8.765677 25.065042 -0.013973 0.038586 1.175126 0.125085 0.045394 -1.890534 0.134457 0.020601 -2.597174 -0.559845 -2.326155 -0.979484 3.800475 -3.102816 -0.783533 1.246791 -1.557486 -0.005663 0.000000 0.000000 0.000000 -17.429106 2.728420 -25.220431 12.199513 -20.103178 -2.170378 -0.000002 0.000000 -11.094362 24.513029 -10.081341 -4.563568 -7.125020 0.000002 0.000000 -1.771927 18.926257 1.102141 0.000000 0.000000 0.000000 18.150280 -6.373801 -42.300706 -13.027638 21.327696 -2.463331 0.000002 -0.000001 -5.783745 -23.406803 -43.277854 16.529651 7.125020 -0.000002 0.000000 25.545444 -74.438140 -18.032638
2.520492 18.423392 29.257230 -2.642231 -82.329400 11.525264 0.000000 0.000000 0.000000 -10.478187 -11.285542 7.352656 0.085240 -1.898624 -5.144938 2.564953 -2.215092 -28.682578 6.568631 14.957613 47.223319 0.000000 0.000000 0.000000 2.672906 12.004538 6.649130 -0.000470 0.141907 -0.380440 -0.356826 -22.281593 -33.861654 -1.804120 -8.445565 24.075812 -0.058839 0.069058 0.893661 0.113847 0.083333 -1.963258 0.147012 0.039705 -2.513835 -0.648809 -2.295780 -0.850120 3.914643 -3.063540 -0.689672 1.299587 -1.538130 0.003532 0.000000 0.000000 0.000000 -16.430083 2.707477 -25.028556 12.188816 -20.087207 -2.166703 -0.000002 0.000001 -11.217371 24.451703 -10.196713 -4.601734 -7.125020 0.000002 0.000000 -1.820519 18.805914 1.137581 0.000000 0.000000 0.000000 18.150793 -6.197621 -42.408505 -12.836889 21.047753 -2.394389 0.000002 -0.000001 -4.715420 -23.153764 -43.284865 16.342723 7.125020 -0.000002 0.000000 25.889738 -74.350450 -18.235752
2.487747 18.422319 29.262771 -3.105407 -82.181285 11.895014 0.000000 0.000000 0.000000 -10.441271 -11.043651 7.433319 0.083456 -1.883289 -5.079567 2.585385 -2.288365 -28.224467 6.525702 14.919123 47.056786 0.000000 0.000000 0.000000 2.807267 11.747262 6.825240 -0.000353 0.123020 -0.329202 -0.303902 -22.387764 -33.547505 -1.677950 -8.160330 23.202123 -0.161239 0.103745 0.635145 0.088704 0.125688 -2.041051 0.177816 0.061981 -2.448821 -0.794872 -2.226883 -0.697859 4.106084 -2.972741 -0.606716 1.387456 -1.493538 0.006237 0.000000 0.000000 0.000000 -15.470749 2.663968 -24.840246 12.177128 -20.069748 -2.162691 -0.000002 0.000001 -11.333130 24.359309 -10.347781 -4.648184 -7.125020 0.000002 0.000000 -1.892352 18.649734 1.190069 0.000000 0.000000 0.000000 18.135879 -6.048315 -42.540509 -12.654304 20.778600 -2.329214 0.000002 -0.000001 -3.632801 -22.907589 -43.295055 16.161857 7.125020 -0.000002 0.000000 26.230538 -74.267994 -18.438652
2.455951 18.419903 29.267372 -3.129755 -82.054110 11.817447 0.000000 0.000000 0.000000 -10.460103 -10.842246 7.552164 0.082239 -1.872176 -5.035907 2.585156 -2.413638 -27.851109 6.498033 14.894193 46.949228 0.000000 0.000000 0.000000 2.869861 11.475542 6.996281 -0.000234 0.100475 -0.268444 -0.293534 -22.375186 -33.329681 -1.593780 -7.963060 22.601939 -0.307060 0.147192 0.405592 0.053275 0.179289 -2.117763 0.222384 0.090629 -2.399286 -0.993069 -2.130037 -0.541000 4.357031 -2.845139 -0.529166 1.503552 -1.430715 0.007144 0.000000 0.000000 0.000000 -14.553667 2.576714 -24.725058 12.156954 -20.039607 -2.155773 -0.000002 0.000001 -11.363116 24.216407 -10.550181 -4.705383 -7.125020 0.000002 0.000000 -2.002023 18.442564 1.269513 0.000000 0.000000 0.000000 18.118015 -5.980531 -42.530423 -12.505090 20.557782 -2.276548 0.000002 -0.000001 -2.724070 -22.712916 -43.321702 16.024089 7.125020 -0.000002 0.000000 26.540123 -74.218173 -18.636350
2.425034 18.416145 29.270953 -2.899291 -81.940981 11.475093 0.000000 0.000000 0.000000 -10.513524 -10.697552 7.721619 0.081812 -1.868270 -5.020535 2.567776 -2.545142 -27.577242 6.468675 14.867634 46.834910 0.000000 0.000000 0.000000 2.888573 11.210547 7.178110 -0.000140 0.077918 -0.207994 -0.324364 -22.231876 -33.244992 -1.557077 -7.875160 22.335540 -0.471967 0.199005 0.204180 0.011383 0.244256 -2.190379 0.270941 0.125283 -2.361662 -1.207904 -2.031909 -0.400718 4.606899 -2.716664 -0.451338 1.621987 -1.367175 0.011017 0.000000 0.000000 0.000000 -13.676713 2.461828 -24.641377 12.144041 -20.020304 -2.151350 -0.000002 0.000001 -11.343500 24.031742 -10.783180 -4.765853 -7.125020 0.000002 0.000000 -2.142650 18.206339 1.370559 0.000000 0.000000 0.000000 18.099585 -5.983054 -42.395856 -12.388151 20.384189 -2.235650 0.000002 -0.000001 -1.974359 -22.584228 -43.351126 15.936284 7.125020 -0.000002 0.000000 26.770499 -74.194927 -18.791038
2.394940 18.411171 29.273324 -2.577252 -81.832363 11.035215 0.000000 0.000000 0.000000 -10.580139 -10.606602 7.935185 0.082235 -1.872967 -5.033757 2.542634 -2.646300 -27.396598 6.426550 14.829335 46.670531 0.000000 0.000000 0.000000 2.891520 10.973868 7.379726 -0.000078 0.058319 -0.155707 -0.386657 -21.974024 -33.300774 -1.564580 -7.893225 22.390239 -0.632053 0.254519 0.024715 -0.037356 0.314652 -2.258609 0.309807 0.162497 -2.332046 -1.386466 -1.963751 -0.289282 4.781208 -2.628653 -0.374065 1.709516 -1.323348 0.018991 0.000000 0.000000 0.000000 -12.829578 2.350043 -24.502028 12.162538 -20.047948 -2.157687 -0.000002 0.000001 -11.361906 23.832118 -10.983191 -4.807862 -7.125020 0.000002 0.000000 -2.292556 18.007699 1.476067 0.000000 0.000000 0.000000 18.081915 -6.005054 -42.272971 -12.288457 20.235827 -2.201047 0.000002 -0.000001 -1.235598 -22.510027 -43.365639 15.884880 7.125020 -0.000002 0.000000 26.897805 -74.179438 -18.875139
2.365581 18.405059 29.274128 -2.243541 -81.719664 10.583232 0.000000 0.000000 0.000000 -10.647290 -10.557259 8.176372 0.083364 -1.885258 -5.069419 2.519811 -2.705730 -27.294984 6.370551 14.778066 46.451361 0.000000 0.000000 0.000000 2.894755 10.775127 7.602627 -0.000042 0.043215 -0.115530 -0.474741 -21.618885 -33.495793 -1.614436 -8.012016 22.750586 -0.777532 0.306392 -0.140976 -0.095913 0.380594 -2.322967 0.330641 0.197104 -2.306212 -1.487934 -1.943806 -0.208634 4.834134 -2.604729 -0.301349 1.744323 -1.311069 0.029694 0.000000 0.000000 0.000000 -11.999163 2.269411 -24.242384 12.227533 -20.144991 -2.180019 -0.000002 0.000001 -11.487101 23.644407 -11.069134 -4.803084 -7.125020 0.000002 0.000000 -2.429041 17.931796 1.566783 0.000000 0.000000 0.000000 18.073416 -6.020704 -42.199474 -12.201121 20.105575 -2.170932 0.000002 -0.000001 -0.454758 -22.481709 -43.374990 15.866164 7.125020 -0.000002 0.000000 26.955085 -74.176555 -18.915454
2.336857 18.397765 29.272872 -1.899423 -81.597496 10.124542 0.000000 0.000000 0.000000 -10.710224 -10.534867 8.426496 0.084926 -1.902318 -5.117909 2.505264 -2.744774 -27.255819 6.311407 14.723477 46.219075 0.000000 0.000000 0.000000 2.901861 10.619452 7.847950 -0.000025 0.033717 -0.090342 -0.591883 -21.169869 -33.842903 -1.708710 -8.230988 23.417895 -0.917044 0.346350 -0.299470 -0.163747 0.430814 -2.384756 0.339010 0.223655 -2.281704 -1.503326 -1.969713 -0.151829 4.761729 -2.641242 -0.235207 1.723729 -1.328669 0.041077 0.000000 0.000000 0.000000 -11.181013 2.241821 -23.843696 12.338686 -20.310618 -2.218451 -0.000002 0.000001 -11.742107 23.479829 -10.986582 -4.731865 -7.125020 0.000002 0.000000 -2.541797 18.036018 1.632348 0.000000 0.000000 0.000000 18.079633 -6.044292 -42.058631 -12.133251 20.004175 -2.147658 0.000002 -0.000002 0.264697 -22.491824 -43.414303 15.884353 7.125020 -0.000002 0.000000 27.030439 -74.212352 -18.990722
2.308736 18.389192 29.269072 -1.526166 -81.464137 9.642314 0.000000 0.000000 0.000000 -10.764123 -10.523942 8.668478 0.086629 -1.920834 -5.170047 2.499087 -2.811366 -27.257951 6.269274 14.684310 46.053082 0.000000 0.000000 0.000000 2.914777 10.525509 8.125594 -0.000023 0.032296 -0.086804 -0.744475 -20.628536 -34.367696 -1.845936 -8.537514 24.358993 -1.066902 0.367998 -0.454008 -0.234141 0.456693 -2.446278 0.351011 0.238245 -2.259057 -1.453934 -2.024497 -0.104885 4.588096 -2.715415 -0.174891 1.659471 -1.364960 0.050927 0.000000 0.000000 0.000000 -10.379830 2.272096 -23.334902 12.478354 -20.518136 -2.267168 -0.000002 0.000001 -12.098905 23.328835 -10.738882 -4.594606 -7.125020 0.000002 0.000000 -2.638248 18.317144 1.676894 0.000000 0.000000 0.000000 18.093967 -6.099126 -41.709301 -12.091676 19.941984 -2.133457 0.000002 -0.000002 0.789827 -22.516412 -43.514435 15.930200 7.125020 -0.000002 0.000000 27.224971 -74.303167 -19.184112
2.281290 18.379271 29.262527 -1.143770 -81.318985 9.156204 0.000000 0.000000 0.000000 -10.797695 -10.505920 8.886776 0.088218 -1.937815 -5.218509 2.496829 -2.961597 -27.269548 6.267005 14.682194 46.044130 0.000000 0.000000 0.000000 2.944747 10.520617 8.452136 -0.000043 0.043028 -0.116091 -0.932039 -20.019890 -35.074557 -2.010047 -8.886971 25.442397 -1.234011 0.368708 -0.605767 -0.297982 0.454935 -2.508337 0.379810 0.239455 -2.238409 -1.372620 -2.086966 -0.055762 4.348951 -2.799112 -0.117469 1.569002 -1.406024 0.058185 0.000000 0.000000 0.000000 -9.597441 2.331818 -22.797190 12.611630 -20.715528 -2.314097 -0.000002 0.000001 -12.473085 23.170737 -10.387748 -4.413696 -7.125020 0.000002 0.000000 -2.736459 18.710003 1.714936 0.000000 0.000000 0.000000 18.103005 -6.185059 -41.132511 -12.073689 19.915059 -2.127326 0.000002 -0.000002 1.097660 -22.523863 -43.672588 15.979390 7.125020 -0.000002 0.000000 27.576750 -74.434624 -19.516524
2.254674 18.367983 29.253523 -0.808498 -81.159854 8.720077 0.000000 0.000000 0.000000 -10.797790 -10.457138 9.067573 0.089495 -1.951082 -5.257848 2.492863 -3.233153 -27.248486 6.319718 14.731176 46.251763 0.000000 0.000000 0.000000 3.009123 10.611576 8.838295 -0.000115 0.070118 -0.190009 -1.141624 -19.399703 -35.913796 -2.167240 -9.206074 26.442096 -1.409767 0.349682 -0.756046 -0.349692 0.427590 -2.566601 0.426204 0.228161 -2.214468 -1.283505 -2.141064 -0.006620 4.079795 -2.871171 -0.059115 1.467934 -1.441294 0.064581 0.000000 0.000000 0.000000 -8.828753 2.372081 -22.331529 12.703043 -20.850564 -2.346533 -0.000002 0.000001 -12.763916 22.992291 -10.020704 -4.223621 -7.125020 0.000002 0.000000 -2.849783 19.121022 1.759998 0.000000 0.000000 0.000000 18.096732 -6.269286 -40.472318 -12.064711 19.901615 -2.124268 0.000002 -0.000002 1.308488 -22.500386 -43.844654 16.009362 7.125020 -0.000002 0.000000 28.006060 -74.565243 -19.907250
2.229096 18.355340 29.242725 -0.544977 -80.984565 8.355194 0.000000 0.000000 0.000000 -10.763743 -10.356031 9.204023 0.090395 -1.960113 -5.285986 2.484151 -3.622498 -27.160128 6.424152 14.827148 46.661156 0.000000 0.000000 0.000000 3.113575 10.769953 9.280647 -0.000320 0.116182 -0.316292 -1.352845 -18.826538 -36.799570 -2.281732 -9.429781 27.149208 -1.581081 0.316876 -0.906301 -0.390474 0.383014 -2.612334 0.481496 0.208189 -2.177375 -1.199537 -2.182778 0.027639 3.810791 -2.926446 0.000885 1.367947 -1.468112 0.073317 0.000000 0.000000 0.000000 -8.071953 2.352329 -22.000512 12.739842 -20.904841 -2.359648 -0.000002 0.000001 -12.918546 22.796778 -9.706549 -4.053906 -7.125020 0.000002 0.000000 -2.978287 19.475615 1.816646 0.000000 0.000000 0.000000 18.071444 -6.307297 -39.958717 -12.043535 19.869895 -2.117065 0.000002 -0.000002 1.611505 -22.456332 -43.969066 16.010768 7.125020 -0.000002 0.000000 28.354744 -74.649129 -20.213159
2.204758 18.341427 29.230828 -0.287734 -80.794039 7.993668 0.000000 0.000000 0.000000 -10.717100 -10.194217 9.300764 0.091003 -1.966234 -5.304823 2.472345 -4.082475 -26.996450 6.556398 14.946670 47.175904 0.000000 0.000000 0.000000 3.240075 10.952603 9.766536 -0.000785 0.181432 -0.496255 -1.551318 -18.325743 -37.668571 -2.340271 -9.541519 27.504416 -1.746459 0.279720 -1.055684 -0.427709 0.333817 -2.639327 0.537130 0.185657 -2.121354 -1.130471 -2.218599 0.038318 3.566413 -2.973701 0.057025 1.278351 -1.490856 0.084972 0.000000 0.000000 0.000000 -7.332885 2.239560 -21.844477 12.725335 -20.883450 -2.354474 -0.000002 0.000001 -12.906440 22.590104 -9.480055 -3.919844 -7.125020 0.000002 0.000000 -3.118437 19.735870 1.885369 0.000000 0.000000 0.000000 18.028120 -6.280257 -39.748434 -11.996491 19.799376 -2.101103 0.000002 -0.000002 2.124475 -22.414900 -44.008844 15.990788 7.125020 -0.000002 0.000000 28.501126 -74.665713 -20.330865
2.181747 18.326394 29.218255 0.093919 -80.592390 7.505035 0.000000 0.000000 0.000000 -10.693724 -9.980641 9.370765 0.091462 -1.971348 -5.317752 2.462551 -4.545738 -26.777901 6.683415 15.059403 47.666564 0.000000 0.000000 0.000000 3.356461 11.133629 10.284243 -0.001668 0.263741 -0.724858 -1.736757 -17.886817 -38.514381 -2.357949 -9.574924 27.610876 -1.919050 0.247375 -1.199290 -0.471404 0.291794 -2.649935 0.590080 0.166602 -2.051872 -1.085485 -2.257674 0.035135 3.362968 -3.025191 0.101247 1.205940 -1.515799 0.096254 0.000000 0.000000 0.000000 -6.618022 2.002581 -21.909194 12.660558 -20.787844 -2.331433 -0.000002 0.000001 -12.678637 22.365457 -9.351618 -3.823825 -7.125020 0.000002 0.000000 -3.274894 19.891278 1.970109 0.000000 0.000000 0.000000 17.971942 -6.219091 -39.807048 -11.929962 19.699518 -2.078622 0.000002 -0.000002 2.795709 -22.401124 -43.976721 15.971723 7.125020 -0.000002 0.000000 28.441893 -74.634860 -20.268815
2.159942 18.310372 29.205062 0.699920 -80.385491 6.792992 0.000000 0.000000 0.000000 -10.721149 -9.740803 9.429062 0.091883 -1.976746 -5.327881 2.459038 -4.959289 -26.542780 6.781245 15.144883 48.042049 0.000000 0.000000 0.000000 3.438849 11.317372 10.826113 -0.003107 0.359026 -0.991733 -1.915274 -17.496691 -39.364899 -2.356897 -9.572941 27.604553 -2.112767 0.228101 -1.330735 -0.528823 0.267374 -2.653270 0.640589 0.156500 -1.982249 -1.073780 -2.307193 0.034521 3.206088 -3.090578 0.130848 1.154155 -1.547918 0.104136 0.000000 0.000000 0.000000 -5.931245 1.641012 -22.166123 12.555238 -20.632085 -2.294188 -0.000002 0.000001 -12.250353 22.113388 -9.305722 -3.757136 -7.125020 0.000002 0.000000 -3.453640 19.959480 2.073630 0.000000 0.000000 0.000000 17.910091 -6.188313 -39.978550 -11.864375 19.600929 -2.056567 0.000002 -0.000002 3.476274 -22.424237 -43.918538 15.973071 7.125020 -0.000002 0.000000 28.275138 -74.596722 -20.123353
2.139023 18.293426 29.191074 1.532598 -80.179058 5.860799 0.000000 0.000000 0.000000 -10.802853 -9.510372 9.489037 0.092353 -1.983045 -5.338396 2.461372 -5.302218 -26.327122 6.843256 15.198469 48.278994 0.000000 0.000000 0.000000 3.484870 11.526425 11.386385 -0.005185 0.462403 -1.284397 -2.086340 -17.168739 -40.241067 -2.342610 -9.545949 27.518525 -2.329767 0.227015 -1.446437 -0.601157 0.266947 -2.658960 0.688576 0.158676 -1.924622 -1.100086 -2.368592 0.043770 3.091964 -3.171918 0.151373 1.122542 -1.588237 0.109217 0.000000 0.000000 0.000000 -5.275036 1.211297 -22.449645 12.441903 -20.464044 -2.254408 -0.000002 0.000001 -11.777564 21.840115 -9.296671 -3.702158 -7.125020 0.000002 0.000000 -3.648940 19.989280 2.189067 0.000000 0.000000 0.000000 17.848743 -6.239198 -40.136606 -11.817446 19.530297 -2.040851 0.000002 -0.000002 4.063653 -22.465159 -43.875706 15.991882 7.125020 -0.000002 0.000000 28.122885 -74.577433 -19.999942
2.118547 18.275607 29.176147 2.526565 -79.974922 4.777377 0.000000 0.000000 0.000000 -10.925703 -9.319751 9.560897 0.092932 -1.990518 -5.352055 2.464870 -5.575045 -26.141523 6.871039 15.222329 48.384889 0.000000 0.000000 0.000000 3.507246 11.780380 11.962876 -0.007936 0.570181 -1.593754 -2.242054 -16.932643 -41.148423 -2.304251 -9.472971 27.286341 -2.563336 0.239719 -1.545523 -0.685782 0.284371 -2.673430 0.732962 0.170050 -1.885899 -1.154168 -2.432391 0.061780 3.009866 -3.256747 0.172613 1.105875 -1.630431 0.114083 0.000000 0.000000 0.000000 -4.648949 0.805542 -22.542386 12.360906 -20.343679 -2.226169 -0.000002 0.000001 -11.478770 21.564195 -9.266269 -3.639263 -7.125020 0.000002 0.000000 -3.846166 20.041674 2.302767 0.000000 0.000000 0.000000 17.792983 -6.375662 -40.231304 -11.795796 19.497688 -2.033619 0.000002 -0.000002 4.542226 -22.493516 -43.868707 16.011072 7.125020 -0.000002 0.000000 28.070906 -74.582265 -19.964627
2.098072 18.256992 29.160285 3.604472 -79.769012 3.618614 0.000000 0.000000 0.000000 -11.073717 -9.180222 9.650689 0.093655 -1.999321 -5.370211 2.464362 -5.786479 -25.966055 6.864302 15.216551 48.359223 0.000000 0.000000 0.000000 3.522489 12.085721 12.559313 -0.011386 0.680385 -1.915579 -2.379033 -16.792475 -42.099002 -2.235766 -9.340806 26.867328 -2.804908 0.252974 -1.627269 -0.780029 0.301734 -2.699540 0.771726 0.181605 -1.868853 -1.210269 -2.481451 0.087179 2.943844 -3.322367 0.204072 1.094737 -1.663073 0.120678 0.000000 0.000000 0.000000 -4.050099 0.495934 -22.330955 12.334994 -20.305124 -2.217169 -0.000002 0.000001 -11.474986 21.295056 -9.174365 -3.554950 -7.125020 0.000002 0.000000 -4.037855 20.158642 2.406400 0.000000 0.000000 0.000000 17.746797 -6.562390 -40.251123 -11.796590 19.498884 -2.033885 0.000002 -0.000002 4.934859 -22.498022 -43.907324 16.024997 7.125020 -0.000002 0.000000 28.156230 -74.614980 -20.046708
2.077283 18.237641 29.143502 4.680322 -79.556347 2.465508 0.000000 0.000000 0.000000 -11.227595 -9.082637 9.758741 0.094544 -2.009714 -5.393353 2.456493 -5.958143 -25.763995 6.825509 15.183180 48.211265 0.000000 0.000000 0.000000 3.549811 12.441474 13.180756 -0.015530 0.791128 -2.246035 -2.509251 -16.688509 -43.124541 -2.155194 -9.182122 26.366700 -3.043498 0.255175 -1.693038 -0.880865 0.303483 -2.736504 0.801878 0.185414 -1.871375 -1.240025 -2.504846 0.118960 2.875005 -3.354231 0.251526 1.078409 -1.678838 0.129788 0.000000 0.000000 0.000000 -3.475719 0.289535 -21.886339 12.357432 -20.338509 -2.224962 -0.000002 0.000001 -11.703033 21.019358 -9.014810 -3.445206 -7.125020 0.000002 0.000000 -4.233791 20.347231 2.504564 0.000000 0.000000 0.000000 17.711902 -6.760641 -40.189327 -11.812125 19.522285 -2.039073 0.000002 -0.000002 5.251611 -22.503137 -43.998864 16.054206 7.125020 -0.000002 0.000000 28.366410 -74.690542 -20.245923
2.056031 18.217578 29.125702 5.662966 -79.338379 1.404794 0.000000 0.000000 0.000000 -11.363313 -9.003873 9.877910 0.095606 -2.021890 -5.421304 2.439458 -6.126125 -25.494539 6.767420 15.132873 47.989110 0.000000 0.000000 0.000000 3.610617 12.850223 13.829597 -0.020322 0.900411 -2.581149 -2.656597 -16.515168 -44.262955 -2.099936 -9.071208 26.018328 -3.266239 0.244152 -1.750945 -0.983608 0.287136 -2.779567 0.821087 0.179955 -1.883873 -1.224628 -2.508931 0.151764 2.785952 -3.360581 0.313606 1.048225 -1.681803 0.141387 0.000000 0.000000 0.000000 -2.920589 0.132098 -21.391083 12.398757 -20.399952 -2.239346 -0.000002 0.000000 -11.988291 20.710979 -8.804207 -3.312661 -7.125020 0.000002 0.000000 -4.453482 20.591023 2.609542 0.000000 0.000000 0.000000 17.688059 -6.952838 -40.035092 -11.833653 19.554698 -2.046273 0.000002 -0.000002 5.471966 -22.563659 -44.144621 16.140491 7.125020 -0.000002 0.000000 28.639099 -74.830277 -20.529414
2.034308 18.196831 29.106758 6.498273 -79.122667 0.489333 0.000000 0.000000 0.000000 -11.462976 -8.912067 9.993206 0.096775 -2.035361 -5.451499 2.413482 -6.323664 -25.119097 6.708789 15.081685 47.764149 0.000000 0.000000 0.000000 3.721092 13.325466 14.510927 -0.025798 1.008511 -2.923715 -2.840687 -16.195056 -45.538706 -2.101394 -9.074158 26.027578 -3.465653 0.224451 -1.814501 -1.083865 0.259628 -2.821500 0.829751 0.168398 -1.891512 -1.156542 -2.513063 0.174593 2.664807 -3.366820 0.383051 0.999081 -1.684617 0.155227 0.000000 0.000000 0.000000 -2.373911 -0.042508 -20.985962 12.426750 -20.441539 -2.249113 -0.000002 0.000001 -12.200156 20.350897 -8.562857 -3.162696 -7.125020 0.000002 0.000000 -4.711349 20.869172 2.730990 0.000000 0.000000 0.000000 17.673583 -7.138270 -39.779394 -11.853477 19.584534 -2.052913 0.000002 -0.000002 5.565492 -22.732147 -44.340648 16.322779 7.125020 -0.000002 0.000000 28.905323 -75.050501 -20.856768
2.012228 18.175516 29.086582 7.181299 -78.916161 -0.274734 0.000000 0.000000 0.000000 -11.521564 -8.771020 10.083942 0.097853 -2.048506 -5.477306 2.382881 -6.564636 -24.609540 6.664600 15.042829 47.594106 0.000000 0.000000 0.000000 4.140564 13.801652 15.352354 -0.032505 1.132992 -3.279196 -3.309895 -15.700606 -47.019049 -2.171170 -9.213868 26.466644 -3.642702 0.200304 -1.894037 -1.179248 0.227425 -2.856128 0.830918 0.153835 -1.882349 -1.037328 -2.533582 0.175935 2.509759 -3.394486 0.454205 0.930530 -1.697994 0.171885 0.000000 0.000000 0.000000 -1.826857 -0.262137 -20.695685 12.425614 -20.439854 -2.248716 -0.000002 0.000001 -12.320863 19.932201 -8.312710 -3.003208 -7.125020 0.000002 0.000000 -5.012891 21.158371 2.873805 0.000000 0.000000 0.000000 17.663722 -7.316824 -39.427416 -11.865783 19.603047 -2.057040 0.000002 -0.000002 5.527464 -23.013991 -44.581724 16.604322 7.125020 -0.000002 0.000000 29.154740 -75.348922 -21.220248
1.990065 18.153827 29.065036 7.719155 -78.722411 -0.892321 0.000000 0.000000 0.000000 -11.540124 -8.548373 10.128271 0.098521 -2.058590 -5.488462 2.356428 -6.842865 -23.958745 6.640636 15.021657 47.501712 0.000000 0.000000 0.000000 4.698430 14.359642 16.254621 -0.040622 1.269311 -3.658323 -3.898062 -15.098318 -48.618320 -2.300705 -9.466186 27.264785 -3.801152 0.173127 -1.990365 -1.268103 0.192682 -2.881759 0.828395 0.137399 -1.854258 -0.882312 -2.572279 0.153160 2.338089 -3.446161 0.528177 0.850451 -1.723209 0.192771 0.000000 0.000000 0.000000 -1.282943 -0.509109 -20.476650 12.398748 -20.399940 -2.239342 -0.000002 0.000001 -12.386966 19.454000 -8.082855 -2.845153 -7.125020 0.000002 0.000000 -5.358950 21.427651 3.041523 0.000000 0.000000 0.000000 17.649974 -7.480457 -39.014771 -11.866472 19.604085 -2.057271 0.000002 -0.000002 5.400614 -23.349038 -44.854586 16.936323 7.125020 -0.000002 0.000000 29.439857 -75.691950 -21.640935
1.968215 18.131981 29.041926 8.108260 -78.544972 -1.356368 0.000000 0.000000 0.000000 -11.518934 -8.225021 10.107970 0.098404 -2.062202 -5.473558 2.344141 -7.140586 -23.182852 6.634149 15.015914 47.476682 0.000000 0.000000 0.000000 5.386206 15.008058 17.212384 -0.050267 1.416389 -4.057586 -4.573033 -14.488283 -50.302819 -2.457631 -9.760457 28.204450 -3.941929 0.143725 -2.097570 -1.348507 0.156141 -2.902092 0.824633 0.119631 -1.814397 -0.722457 -2.617836 0.118780 2.186759 -3.507273 0.608961 0.775630 -1.753065 0.218062 0.000000 0.000000 0.000000 -0.753310 -0.750076 -20.277663 12.356871 -20.337676 -2.224766 -0.000002 0.000001 -12.427833 18.928050 -7.899560 -2.699626 -7.125020 0.000002 0.000000 -5.740818 21.648779 3.232600 0.000000 0.000000 0.000000 17.624496 -7.614666 -38.612289 -11.853310 19.584283 -2.052857 0.000002 -0.000002 5.268196 -23.640055 -45.133338 17.237345 7.125020 -0.000002 0.000000 29.822790 -76.021464 -22.132900
1.947083 18.110179 29.017167 8.351615 -78.389835 -1.664659 0.000000 0.000000 0.000000 -11.459949 -7.799661 10.012249 0.097193 -2.056197 -5.423780 2.353103 -7.436865 -22.312632 6.639266 15.020445 47.496429 0.000000 0.000000 0.000000 6.189174 15.749003 18.207663 -0.061224 1.568974 -4.462450 -5.291161 -13.995220 -52.024441 -2.596072 -10.010528 29.010831 -4.063553 0.113861 -2.209932 -1.419665 0.119558 -2.923658 0.819577 0.101576 -1.772776 -0.586451 -2.653386 0.095929 2.089137 -3.555687 0.694992 0.721572 -1.776647 0.244349 0.000000 0.000000 0.000000 -0.243856 -0.958489 -20.038406 12.309713 -20.267488 -2.208403 -0.000002 0.000001 -12.480932 18.393638 -7.769525 -2.574260 -7.125020 0.000002 0.000000 -6.129603 21.813079 3.432278 0.000000 0.000000 0.000000 17.586432 -7.705881 -38.293509 -11.828020 19.546219 -2.044387 0.000002 -0.000002 5.210640 -23.809004 -45.393521 17.439974 7.125020 -0.000002 0.000000 30.335218 -76.287608 -22.691401
1.926965 18.088654 28.990919 8.486366 -78.262280 -1.849454 0.000000 0.000000 0.000000 -11.373904 -7.287985 9.841651 0.094777 -2.038853 -5.336193 2.385776 -7.710774 -21.384576 6.651903 15.031621 47.545172 0.000000 0.000000 0.000000 7.079062 16.572822 19.216669 -0.072985 1.719862 -4.854206 -6.010250 -13.709091 -53.735785 -2.684401 -10.165729 29.515091 -4.167301 0.085342 -2.324420 -1.483891 0.084807 -2.951879 0.811538 0.084291 -1.736783 -0.476890 -2.663483 0.106429 2.046907 -3.570653 0.775659 0.689745 -1.783721 0.264702 0.000000 0.000000 0.000000 0.247863 -1.116221 -19.677198 12.266919 -20.203730 -2.193602 -0.000002 0.000001 -12.617508 17.912060 -7.679124 -2.472580 -7.125020 0.000002 0.000000 -6.480498 21.932201 3.614498 0.000000 0.000000 0.000000 17.543135 -7.750884 -38.082737 -11.797352 19.500032 -2.034138 0.000002 -0.000002 5.252045 -23.839110 -45.625869 17.527823 7.125020 -0.000002 0.000000 30.964715 -76.476334 -23.298111
1.907936 18.067718 28.963490 8.581844 -78.162204 -1.978939 0.000000 0.000000 0.000000 -11.280727 -6.718753 9.610253 0.091281 -2.010419 -5.214560 2.440636 -7.942330 -20.436639 6.670410 15.047952 47.616492 0.000000 0.000000 0.000000 8.014506 17.454971 20.217341 -0.084897 1.862100 -5.216357 -6.699058 -13.656586 -55.402523 -2.722261 -10.231263 29.728918 -4.260728 0.058651 -2.438399 -1.546445 0.052145 -2.988608 0.799311 0.068023 -1.709869 -0.366770 -2.639791 0.160393 2.027395 -3.540453 0.836954 0.665991 -1.768494 0.272027 0.000000 0.000000 0.000000 0.727655 -1.213232 -19.122659 12.238374 -20.161167 -2.183754 -0.000002 0.000001 -12.913729 17.538013 -7.608109 -2.394915 -7.125020 0.000002 0.000000 -6.753626 22.024948 3.754975 0.000000 0.000000 0.000000 17.506062 -7.761930 -37.931978 -11.770090 19.458947 -2.025047 0.000002 -0.000002 5.341484 -23.775076 -45.834149 17.535984 7.125020 -0.000002 0.000000 31.656956 -76.608065 -23.922428
1.889830 18.047738 28.935115 8.704050 -78.084814 -2.121963 0.000000 0.000000 0.000000 -11.199273 -6.129857 9.342776 0.087008 -1.972799 -5.067875 2.512720 -8.117706 -19.508953 6.694313 15.068983 47.708495 0.000000 0.000000 0.000000 8.950136 18.360415 21.189808 -0.096243 1.989534 -5.535903 -7.338357 -13.806593 -57.005337 -2.734353 -10.252072 29.796927 -4.354784 0.032747 -2.548902 -1.612867 0.020018 -3.032015 0.783312 0.052098 -1.691824 -0.215639 -2.583826 0.251539 1.983572 -3.466320 0.870385 0.629220 -1.731539 0.263247 0.000000 0.000000 0.000000 1.198618 -1.254252 -18.378043 12.228535 -20.146489 -2.180364 -0.000002 0.000001 -13.382319 17.293109 -7.544632 -2.339653 -7.125020 0.000002 0.000000 -6.933128 22.102906 3.843858 0.000000 0.000000 0.000000 17.486022 -7.762713 -37.742939 -11.753129 19.433373 -2.019400 0.000002 -0.000002 5.380415 -23.691114 -46.030928 17.525348 7.125020 -0.000002 0.000000 32.351187 -76.721700 -24.540455
1.872376 18.029020 28.905882 8.892781 -78.026474 -2.320925 0.000000 0.000000 0.000000 -11.139276 -5.566687 9.068357 0.082340 -1.928809 -4.907889 2.594266 -8.231673 -18.652087 6.720715 15.092131 47.809972 0.000000 0.000000 0.000000 9.838797 19.245585 22.106553 -0.106269 2.096430 -5.801816 -7.912135 -14.091919 -58.519229 -2.747341 -10.274358 29.869825 -4.458071 0.007260 -2.655522 -1.686907 -0.011941 -3.078697 0.764511 0.036355 -1.679430 0.004694 -2.506521 0.360924 1.880715 -3.362215 0.877169 0.563839 -1.679699 0.240916 0.000000 0.000000 0.000000 1.653974 -1.268380 -17.567761 12.230062 -20.148767 -2.180890 -0.000002 0.000001 -13.918637 17.158594 -7.493908 -2.304900 -7.125020 0.000002 0.000000 -7.032267 22.161869 3.889948 0.000000 0.000000 0.000000 17.489294 -7.777640 -37.424805 -11.749096 19.427291 -2.018058 0.000002 -0.000002 5.284118 -23.653351 -46.233031 17.552057 7.125020 -0.000002 0.000000 33.016789 -76.856002 -25.152896
1.855350 18.011715 28.875859 9.174469 -77.988146 -2.601358 0.000000 0.000000 0.000000 -11.104504 -5.075640 8.813814 0.077605 -1.881039 -4.745293 2.676774 -8.283346 -17.927345 6.739481 15.108533 47.882009 0.000000 0.000000 0.000000 10.628404 20.063536 22.930396 -0.114328 2.178463 -6.007297 -8.401987 -14.426480 -59.902920 -2.772629 -10.317555 30.011309 -4.574119 -0.014392 -2.761710 -1.770989 -0.038882 -3.126440 0.742481 0.023151 -1.668751 0.284595 -2.425655 0.467900 1.720262 -3.251869 0.867350 0.471393 -1.624693 0.211951 0.000000 0.000000 0.000000 2.076632 -1.303329 -16.884470 12.228099 -20.145837 -2.180214 -0.000002 0.000001 -14.344120 17.090592 -7.470492 -2.288298 -7.125020 0.000002 0.000000 -7.082473 22.189097 3.913412 0.000000 0.000000 0.000000 17.515166 -7.822139 -36.958441 -11.754903 19.436047 -2.019990 0.000002 -0.000002 5.045525 -23.694993 -46.447122 17.644067 7.125020 -0.000002 0.000000 33.638407 -77.029013 -25.759959
1.838621 17.995865 28.845225 9.579669 -77.972030 -2.992143 0.000000 0.000000 0.000000 -11.098809 -4.686649 8.596459 0.072953 -1.830614 -4.585454 2.752813 -8.278334 -17.379915 6.737795 15.107061 47.875538 0.000000 0.000000 0.000000 11.270788 20.782212 23.634451 -0.120213 2.235222 -6.156178 -8.795592 -14.717258 -61.128624 -2.810667 -10.382062 30.223033 -4.703056 -0.025418 -2.870896 -1.867307 -0.051556 -3.174592 0.715186 0.017020 -1.657653 0.575367 -2.359916 0.559672 1.541869 -3.160995 0.855227 0.371535 -1.579310 0.184555 0.000000 0.000000 0.000000 2.452884 -1.396651 -16.444248 12.214784 -20.125969 -2.175630 -0.000002 0.000001 -14.546231 17.048501 -7.476982 -2.284569 -7.125020 0.000002 0.000000 -7.113140 22.184011 3.931098 0.000000 0.000000 0.000000 17.557013 -7.899939 -36.413983 -11.762842 19.448018 -2.022633 0.000002 -0.000002 4.748034 -23.804637 -46.658526 17.788719 7.125020 -0.000002 0.000000 34.188066 -77.225579 -26.329747
1.822152 17.981440 28.814238 10.137694 -77.977201 -3.524785 0.000000 0.000000 0.000000 -11.125900 -4.400632 8.421122 0.068399 -1.777535 -4.428895 2.816301 -8.236204 -17.011314 6.713587 15.085890 47.782590 0.000000 0.000000 0.000000 11.765703 21.393427 24.238791 -0.124439 2.273847 -6.264055 -9.118106 -14.896055 -62.220167 -2.860509 -10.465744 30.498510 -4.844351 -0.020620 -2.982072 -1.977591 -0.043048 -3.222036 0.680670 0.021364 -1.645875 0.820715 -2.320470 0.633064 1.396485 -3.105533 0.851732 0.288723 -1.551550 0.164464 0.000000 0.000000 0.000000 2.784868 -1.551151 -16.209663 12.196111 -20.098095 -2.169209 -0.000002 0.000001 -14.560448 17.012301 -7.494886 -2.285113 -7.125020 0.000002 0.000000 -7.139229 22.166831 3.948228 0.000000 0.000000 0.000000 17.606157 -8.000044 -35.916741 -11.762933 19.448155 -2.022664 0.000002 -0.000002 4.527342 -23.923554 -46.836797 17.931681 7.125020 -0.000002 0.000000 34.635453 -77.400707 -26.806989
1.806046 17.968344 28.783168 10.853150 -78.000978 -4.209661 0.000000 0.000000 0.000000 -11.183598 -4.202033 8.287074 0.064030 -1.723035 -4.277999 2.862122 -8.186854 -16.791941 6.680988 15.057267 47.657220 0.000000 0.000000 0.000000 11.993387 22.034796 24.643225 -0.126971 2.284368 -6.358980 -9.255672 -14.966596 -63.139921 -2.921729 -10.567255 30.833926 -4.995706 -0.001275 -3.090444 -2.101578 -0.015197 -3.266335 0.637918 0.035218 -1.633465 0.990063 -2.305928 0.689383 1.316847 -3.084325 0.859987 0.237801 -1.540898 0.153402 0.000000 0.000000 0.000000 3.084487 -1.737685 -16.068602 12.182513 -20.077790 -2.164539 -0.000002 0.000002 -14.499273 16.977707 -7.500444 -2.282066 -7.125020 0.000002 0.000000 -7.164395 22.162430 3.962841 0.000000 0.000000 0.000000 17.655266 -8.084132 -35.621350 -11.741440 19.415743 -2.015514 0.000002 -0.000002 4.545766 -23.965364 -46.948577 17.995615 7.125020 -0.000002 0.000000 34.961634 -77.496625 -27.135101
1.790558 17.956502 28.752380 11.693770 -78.042639 -5.019574 0.000000 0.000000 0.000000 -11.261112 -4.082586 8.196532 0.060090 -1.670709 -4.141024 2.885327 -8.157487 -16.694681 6.662461 15.040942 47.585865 0.000000 0.000000 0.000000 12.186250 22.661033 25.034884 -0.129452 2.294885 -6.450536 -9.410816 -14.934706 -64.027450 -2.995919 -10.688442 31.236193 -5.149417 0.025519 -3.191160 -2.235832 0.022350 -3.305447 0.586051 0.053677 -1.620497 1.086443 -2.306491 0.728629 1.305375 -3.084483 0.876962 0.219012 -1.540929 0.150309 0.000000 0.000000 0.000000 3.358321 -1.918544 -15.953106 12.176453 -20.068738 -2.162459 -0.000002 0.000002 -14.433363 16.944859 -7.485533 -2.272998 -7.125020 0.000002 0.000000 -7.188724 22.179222 3.973605 0.000000 0.000000 0.000000 17.699784 -8.090311 -35.680001 -11.682000 19.326026 -1.995799 0.000002 -0.000002 4.958487 -23.863704 -46.970280 17.921518 7.125020 -0.000002 0.000000 35.153160 -77.470679 -27.271678
1.775985 17.945969 28.722407 12.597099 -78.104469 -5.893826 0.000000 0.000000 0.000000 -11.341798 -4.042600 8.151313 0.056804 -1.624250 -4.026562 2.882032 -8.164252 -16.701607 6.678073 15.054702 47.646000 0.000000 0.000000 0.000000 12.374319 23.313195 25.440211 -0.132173 2.307385 -6.547502 -9.579698 -14.832772 -64.911853 -3.083725 -10.829368 31.706555 -5.290694 0.052472 -3.281530 -2.374013 0.059624 -3.339501 0.523212 0.071633 -1.608004 1.136568 -2.313553 0.749119 1.333959 -3.094167 0.895372 0.219597 -1.545703 0.152239 0.000000 0.000000 0.000000 3.602446 -2.068904 -15.866351 12.171433 -20.061240 -2.160737 -0.000002 0.000002 -14.359242 16.914741 -7.460854 -2.261309 -7.125020 0.000002 0.000000 -7.211261 22.206063 3.981791 0.000000 0.000000 0.000000 17.737714 -7.978804 -36.130422 -11.579349 19.170807 -1.961958 0.000002 -0.000002 5.794249 -23.616925 -46.903486 17.708817 7.125020 -0.000002 0.000000 35.215253 -77.323885 -27.220549
1.762501 17.936898 28.693728 13.459204 -78.191837 -6.729259 0.000000 0.000000 0.000000 -11.401191 -4.070403 8.144354 0.054177 -1.584745 -3.935814 2.853732 -8.211521 -16.788113 6.737884 15.107139 47.875880 0.000000 0.000000 0.000000 12.578462 23.987408 25.852551 -0.135033 2.320820 -6.647456 -9.742739 -14.733508 -65.765284 -3.168835 -10.963471 32.156786 -5.395793 0.076705 -3.360053 -2.507226 0.092413 -3.370118 0.445276 0.086792 -1.598086 1.176964 -2.324223 0.750162 1.356045 -3.108757 0.905616 0.219730 -1.552893 0.154966 0.000000 0.000000 0.000000 3.810855 -2.178165 -15.820908 12.161673 -20.046657 -2.157390 -0.000002 0.000002 -14.259541 16.891938 -7.441876 -2.252339 -7.125020 0.000002 0.000000 -7.228311 22.226711 3.987973 0.000000 0.000000 0.000000 17.770064 -7.773446 -36.803179 -11.451661 18.977240 -1.920231 0.000001 -0.000002 6.860833 -23.292757 -46.782582 17.420947 7.125020 -0.000002 0.000000 35.192356 -77.107953 -27.053587
1.750068 17.929391 28.666459 14.123700 -78.310999 -7.375246 0.000000 0.000000 0.000000 -11.405152 -4.135188 8.164993 0.052046 -1.550965 -3.862857 2.810402 -8.290455 -16.924686 6.834871 15.191250 48.247001 0.000000 0.000000 0.000000 12.821476 24.647900 26.248184 -0.137587 2.331672 -6.738705 -9.867079 -14.760094 -66.523822 -3.212021 -11.030608 32.383177 -5.433415 0.099442 -3.422037 -2.624529 0.121722 -3.397867 0.346097 0.099421 -1.593711 1.236994 -2.338645 0.732542 1.332158 -3.127777 0.901680 0.202874 -1.562254 0.155378 0.000000 0.000000 0.000000 3.984126 -2.239452 -15.785066 12.149903 -20.029069 -2.153358 -0.000002 0.000002 -14.159535 16.884870 -7.435622 -2.249411 -7.125020 0.000002 0.000000 -7.233580 22.233506 3.989866 0.000000 0.000000 0.000000 17.801727 -7.543250 -37.413157 -11.331305 18.794296 -1.881274 0.000001 -0.000002 7.847596 -22.990717 -46.658383 17.150279 7.125020 -0.000002 0.000000 35.141630 -76.898705 -26.869482
1.738459 17.923446 28.640398 14.450356 -78.461154 -7.704837 0.000000 0.000000 0.000000 -11.328713 -4.204141 8.213930 0.050241 -1.521433 -3.800793 2.767494 -8.372911 -17.098478 6.939695 15.280899 48.645878 0.000000 0.000000 0.000000 13.122734 25.247974 26.611431 -0.139421 2.337010 -6.810186 -9.925109 -15.000417 -67.126407 -3.181088 -10.982580 32.221155 -5.380769 0.122041 -3.456189 -2.717012 0.148542 -3.420411 0.222151 0.109907 -1.598586 1.326435 -2.356242 0.697821 1.247816 -3.150325 0.885382 0.163093 -1.573316 0.153342 0.000000 0.000000 0.000000 4.124540 -2.249221 -15.714952 12.143502 -20.019502 -2.151166 -0.000002 0.000002 -14.097312 16.897094 -7.443493 -2.253462 -7.125020 0.000002 0.000000 -7.224456 22.224830 3.986250 0.000000 0.000000 0.000000 17.838205 -7.350264 -37.747871 -11.243350 18.660300 -1.853034 0.000001 -0.000002 8.527596 -22.794204 -46.565972 16.971370 7.125020 -0.000002 0.000000 35.076542 -76.754265 -26.718914
1.727394 17.918982 28.615418 14.426085 -78.629535 -7.718702 0.000000 0.000000 0.000000 -11.182261 -4.256918 8.303574 0.048667 -1.495394 -3.745392 2.739424 -8.413303 -17.318964 7.007997 15.338621 48.904560 0.000000 0.000000 0.000000 13.473328 25.742102 26.941074 -0.140587 2.337978 -6.861956 -9.913125 -15.416906 -67.537355 -3.084749 -10.830994 31.712000 -5.242960 0.143540 -3.449792 -2.783805 0.171133 -3.433416 0.077091 0.117560 -1.615261 1.437856 -2.375053 0.647932 1.109629 -3.174085 0.863588 0.103502 -1.584904 0.150822 0.000000 0.000000 0.000000 4.225467 -2.216025 -15.621933 12.145163 -20.021985 -2.151734 -0.000002 0.000001 -14.055637 16.919333 -7.472426 -2.265287 -7.125020 0.000002 0.000000 -7.207531 22.193905 3.981926 0.000000 0.000000 0.000000 17.880867 -7.221035 -37.757796 -11.194076 18.585122 -1.837299 0.000001 -0.000002 8.850441 -22.742223 -46.504330 16.913952 7.125020 -0.000002 0.000000 34.943404 -76.689296 -26.568983
1.716689 17.915884 28.591661 14.171830 -78.800214 -7.540963 0.000000 0.000000 0.000000 -11.005979 -4.284880 8.441830 0.047291 -1.472723 -3.695266 2.734781 -8.368324 -17.600962 7.002897 15.334330 48.885277 0.000000 0.000000 0.000000 13.831853 26.096939 27.235231 -0.141518 2.338839 -6.902945 -9.849473 -15.872015 -67.745170 -2.965788 -10.639461 31.073364 -5.048154 0.163482 -3.399846 -2.831939 0.189348 -3.434058 -0.080695 0.122618 -1.642668 1.554648 -2.393916 0.584766 0.935093 -3.197936 0.843140 0.031939 -1.596463 0.150112 0.000000 0.000000 0.000000 4.274528 -2.160357 -15.557015 12.150966 -20.030659 -2.153722 -0.000002 0.000001 -13.974283 16.936465 -7.532532 -2.285809 -7.125020 0.000002 0.000000 -7.193592 22.130930 3.984542 0.000000 0.000000 0.000000 17.925664 -7.150893 -37.532912 -11.173348 18.553474 -1.830698 0.000001 -0.000002 8.910952 -22.828885 -46.442291 16.964747 7.125020 -0.000002 0.000000 34.648275 -76.679026 -26.328055
1.706321 17.914088 28.569347 13.830462 -78.966489 -7.303584 0.000000 0.000000 0.000000 -10.836307 -4.292760 8.623975 0.046164 -1.454275 -3.652780 2.754500 -8.219101 -17.955676 6.915076 15.259960 48.552403 0.000000 0.000000 0.000000 14.150962 26.299792 27.477118 -0.142497 2.342488 -6.938630 -9.759821 -16.216498 -67.754192 -2.870756 -10.482832 30.554874 -4.823830 0.185387 -3.317623 -2.868885 0.209045 -3.424134 -0.243513 0.128228 -1.676756 1.654014 -2.413812 0.511377 0.749144 -3.223540 0.827768 -0.040494 -1.608875 0.152610 0.000000 0.000000 0.000000 4.268915 -2.102061 -15.520719 12.155761 -20.037825 -2.155365 -0.000002 0.000001 -13.838240 16.942793 -7.621535 -2.313540 -7.125020 0.000002 0.000000 -7.186886 22.038520 3.996017 0.000000 0.000000 0.000000 17.962986 -7.113531 -37.259457 -11.160592 18.533989 -1.826641 0.000001 -0.000002 8.899521 -23.020902 -46.340604 17.087010 7.125020 -0.000002 0.000000 34.106144 -76.681762 -25.900533
1.696339 17.913646 28.548517 13.484712 -79.130448 -7.070202 0.000000 0.000000 0.000000 -10.687005 -4.307309 8.840557 0.045427 -1.442099 -3.624707 2.791658 -7.978576 -18.397417 6.765223 15.130962 47.980693 0.000000 0.000000 0.000000 14.397028 26.351166 27.635164 -0.143384 2.348190 -6.964393 -9.664835 -16.351476 -67.575067 -2.828835 -10.412674 30.323698 -4.586406 0.214013 -3.222522 -2.897092 0.237828 -3.409586 -0.404597 0.138320 -1.713210 1.713296 -2.435033 0.433448 0.578627 -3.251421 0.817047 -0.102059 -1.622494 0.158085 0.000000 0.000000 0.000000 4.221259 -2.047476 -15.426358 12.157260 -20.040065 -2.155878 -0.000002 0.000001 -13.718754 16.948142 -7.719231 -2.343803 -7.125020 0.000002 0.000000 -7.180786 21.937159 4.009210 0.000000 0.000000 0.000000 17.978304 -7.063355 -37.180085 -11.129682 18.486755 -1.816828 0.000001 -0.000002 9.062300 -23.268040 -46.174047 17.234408 7.125020 -0.000002 0.000000 33.299071 -76.658464 -25.247192
1.686729 17.914680 28.529027 13.175615 -79.293315 -6.862774 0.000000 0.000000 0.000000 -10.557874 -4.373737 9.084402 0.045227 -1.438093 -3.618594 2.832613 -7.688201 -18.941885 6.593346 14.979668 47.319003 0.000000 0.000000 0.000000 14.546565 26.249518 27.674314 -0.143822 2.353380 -6.970653 -9.572972 -16.255630 -67.215256 -2.844169 -10.438413 30.408438 -4.349914 0.249038 -3.133577 -2.915631 0.276279 -3.396850 -0.555122 0.153369 -1.748230 1.725612 -2.452821 0.357209 0.437640 -3.275099 0.807998 -0.147324 -1.634154 0.165034 0.000000 0.000000 0.000000 4.146613 -1.988484 -15.176130 12.155407 -20.037297 -2.155243 -0.000002 0.000001 -13.706490 16.966390 -7.801040 -2.371209 -7.125020 0.000002 0.000000 -7.165754 21.851667 4.014652 0.000000 0.000000 0.000000 17.956370 -6.953201 -37.482663 -11.059405 18.379248 -1.794607 0.000001 -0.000002 9.590573 -23.506389 -45.949171 17.358489 7.125020 -0.000002 0.000000 32.329921 -76.587067 -24.437490
1.677352 17.917220 28.510728 12.932378 -79.450868 -6.696792 0.000000 0.000000 0.000000 -10.445736 -4.531827 9.346949 0.045570 -1.441803 -3.636249 2.861412 -7.406612 -19.588108 6.441978 14.843388 46.730779 0.000000 0.000000 0.000000 14.586263 25.994585 27.573688 -0.143529 2.355818 -6.950536 -9.480557 -15.979505 -66.684622 -2.900009 -10.531399 30.715294 -4.129566 0.283996 -3.065333 -2.923712 0.316468 -3.389684 -0.685871 0.169631 -1.777561 1.709027 -2.458210 0.285885 0.316202 -3.282322 0.798214 -0.182119 -1.637733 0.171860 0.000000 0.000000 0.000000 4.046624 -1.917114 -14.770553 12.148356 -20.026759 -2.152828 -0.000002 0.000001 -13.808348 16.993968 -7.856740 -2.392110 -7.125020 0.000002 0.000000 -7.144539 21.792802 4.012214 0.000000 0.000000 0.000000 17.888656 -6.780820 -38.113114 -10.951343 18.213627 -1.760683 0.000001 -0.000002 10.429244 -23.684120 -45.713557 17.431789 7.125020 -0.000002 0.000000 31.413299 -76.481214 -23.651583
1.667976 17.921051 28.493488 12.740817 -79.597404 -6.551724 0.000000 0.000000 0.000000 -10.341074 -4.785749 9.610530 0.046250 -1.449616 -3.669881 2.868425 -7.184144 -20.300379 6.336123 14.746345 46.316246 0.000000 0.000000 0.000000 14.531113 25.610394 27.342312 -0.142316 2.353267 -6.901350 -9.379209 -15.616040 -66.017947 -2.969809 -10.646017 31.095140 -3.930140 0.312384 -3.026791 -2.920684 0.350018 -3.389096 -0.793598 0.182961 -1.797090 1.690077 -2.445617 0.220252 0.193055 -3.265409 0.787200 -0.217053 -1.629339 0.177577 0.000000 0.000000 0.000000 3.910094 -1.841410 -14.328699 12.130051 -19.999393 -2.146563 -0.000002 0.000001 -13.923594 17.002256 -7.896863 -2.405348 -7.125020 0.000002 0.000000 -7.137600 21.751003 4.015235 0.000000 0.000000 0.000000 17.781188 -6.613419 -38.735421 -10.836548 18.037277 -1.724971 0.000001 -0.000002 11.232561 -23.784302 -45.540257 17.461623 7.125020 -0.000002 0.000000 30.785243 -76.389703 -23.104217
1.658351 17.925674 28.477005 12.499255 -79.730787 -6.326951 0.000000 0.000000 0.000000 -10.220682 -5.091882 9.847375 0.046917 -1.456360 -3.704659 2.856778 -7.039197 -21.007365 6.273660 14.688398 46.070380 0.000000 0.000000 0.000000 14.434672 25.153800 27.018462 -0.140004 2.342666 -6.822307 -9.262939 -15.272001 -65.283684 -3.025624 -10.736416 31.396004 -3.736754 0.333004 -3.020120 -2.903664 0.375142 -3.395443 -0.883656 0.192232 -1.805795 1.671679 -2.419400 0.163293 0.068929 -3.230150 0.775338 -0.252283 -1.611821 0.181746 0.000000 0.000000 0.000000 3.726533 -1.780728 -13.995391 12.095021 -19.946992 -2.134598 -0.000002 0.000000 -13.924815 16.954448 -7.940973 -2.411235 -7.125020 0.000002 0.000000 -7.171161 21.707713 4.041827 0.000000 0.000000 0.000000 17.653801 -6.537684 -38.994203 -10.755382 17.912332 -1.699923 0.000001 -0.000002 11.632456 -23.801448 -45.485584 17.459833 7.125020 -0.000002 0.000000 30.606487 -76.354848 -22.943388
1.648296 17.930443 28.460768 12.049604 -79.852106 -5.871349 0.000000 0.000000 0.000000 -10.053627 -5.380648 10.030054 0.047265 -1.458168 -3.726651 2.838773 -6.960382 -21.626169 6.236848 14.654005 45.925035 0.000000 0.000000 0.000000 14.364852 24.685747 26.648627 -0.136531 2.321749 -6.715352 -9.128916 -15.043563 -64.554961 -3.042847 -10.764093 31.488342 -3.523976 0.348784 -3.039756 -2.867479 0.395057 -3.410232 -0.964907 0.198727 -1.808168 1.622536 -2.392086 0.123836 -0.019760 -3.193365 0.762280 -0.271628 -1.593595 0.183791 0.000000 0.000000 0.000000 3.496471 -1.744337 -13.831404 12.046392 -19.874177 -2.118037 -0.000002 0.000000 -13.757929 16.824787 -7.998631 -2.408694 -7.125020 0.000002 0.000000 -7.263676 21.654200 4.104048 0.000000 0.000000 0.000000 17.526068 -6.585221 -38.814002 -10.729016 17.871700 -1.691822 0.000001 -0.000002 11.549370 -23.715035 -45.553333 17.411744 7.125020 -0.000002 0.000000 30.908512 -76.372299 -23.189077
1.637758 17.934807 28.444331 11.282000 -79.961241 -5.084296 0.000000 0.000000 0.000000 -9.821094 -5.596140 10.145348 0.047194 -1.454325 -3.730211 2.826042 -6.924924 -22.099247 6.210274 14.629064 45.819903 0.000000 0.000000 0.000000 14.363014 24.235331 26.266074 -0.132215 2.292046 -6.589453 -8.975375 -14.991684 -63.871817 -3.006213 -10.705102 31.291656 -3.275121 0.362784 -3.075152 -2.809080 0.412889 -3.436001 -1.043552 0.203822 -1.812660 1.503828 -2.376781 0.114879 -0.030090 -3.172574 0.745948 -0.255683 -1.583458 0.182144 0.000000 0.000000 0.000000 3.233934 -1.721186 -13.778876 11.996676 -19.799652 -2.101166 -0.000002 0.000001 -13.477561 16.602596 -8.059774 -2.393038 -7.125020 0.000002 0.000000 -7.423113 21.601332 4.204697 0.000000 0.000000 0.000000 17.406550 -6.722075 -38.389674 -10.752146 17.907348 -1.698927 0.000001 -0.000002 11.183689 -23.513588 -45.698790 17.295802 7.125020 -0.000002 0.000000 31.579371 -76.402833 -23.731133
1.626761 17.938457 28.427569 10.213678 -80.056306 -3.990374 0.000000 0.000000 0.000000 -9.529715 -5.721340 10.200538 0.046848 -1.447289 -3.720430 2.822265 -6.915406 -22.418639 6.189681 14.609672 45.738312 0.000000 0.000000 0.000000 14.429946 23.805021 25.891793 -0.127764 2.259307 -6.461655 -8.804128 -15.125713 -63.244086 -2.916054 -10.557905 30.802973 -2.993516 0.376128 -3.116887 -2.731900 0.429372 -3.474205 -1.121307 0.207904 -1.826132 1.305819 -2.379646 0.146483 0.047638 -3.175959 0.722375 -0.199811 -1.585541 0.174237 0.000000 0.000000 0.000000 2.964871 -1.692397 -13.712528 11.958021 -19.741651 -2.088091 -0.000002 0.000001 -13.204054 16.291853 -8.101129 -2.358066 -7.125020 0.000002 0.000000 -7.647147 21.572908 4.338367 0.000000 0.000000 0.000000 17.294935 -6.897260 -37.932062 -10.807237 17.992183 -1.715905 0.000001 -0.000002 10.751792 -23.239928 -45.867264 17.129761 7.125020 -0.000002 0.000000 32.408827 -76.421096 -24.391142
1.615252 17.941250 28.410629 8.975423 -80.139946 -2.723623 0.000000 0.000000 0.000000 -9.204905 -5.779044 10.220974 0.046568 -1.441877 -3.711810 2.821059 -6.933020 -22.625824 6.183733 14.604061 45.714729 0.000000 0.000000 0.000000 14.546104 23.409162 25.549414 -0.123921 2.230146 -6.350734 -8.625575 -15.403034 -62.686121 -2.789619 -10.346439 30.106043 -2.701044 0.387821 -3.161811 -2.644418 0.443025 -3.523358 -1.194680 0.210441 -1.849051 1.059191 -2.395788 0.219259 0.182287 -3.197023 0.686880 -0.118347 -1.596601 0.157662 0.000000 0.000000 0.000000 2.719578 -1.645953 -13.519304 11.932181 -19.702850 -2.079371 -0.000002 0.000001 -13.049419 15.915138 -8.101049 -2.301304 -7.125020 0.000002 0.000000 -7.920007 21.590072 4.492087 0.000000 0.000000 0.000000 17.185733 -7.076899 -37.499078 -10.877529 18.100283 -1.737680 0.000001 -0.000002 10.314359 -22.992833 -46.027643 16.981638 7.125020 -0.000002 0.000000 33.184328 -76.442549 -25.013050
1.603048 17.943026 28.393710 7.751664 -80.222970 -1.466958 0.000000 0.000000 0.000000 -8.878481 -5.816296 10.240461 0.046777 -1.443754 -3.723319 2.809227 -6.995078 -22.792666 6.207185 14.626159 45.807674 0.000000 0.000000 0.000000 14.689396 23.088503 25.265948 -0.121112 2.208459 -6.268772 -8.456067 -15.751392 -62.227766 -2.653460 -10.111736 29.339325 -2.431150 0.396299 -3.213977 -2.555696 0.452205 -3.579997 -1.254245 0.211027 -1.875907 0.816643 -2.412047 0.321855 0.325371 -3.218296 0.639656 -0.034579 -1.607863 0.132841 0.000000 0.000000 0.000000 2.518652 -1.573163 -13.138899 11.913870 -19.675342 -2.073202 -0.000002 0.000001 -13.077632 15.510810 -8.051755 -2.227026 -7.125020 0.000002 0.000000 -8.214245 21.658817 4.648543 0.000000 0.000000 0.000000 17.069810 -7.240812 -37.048107 -10.948604 18.209427 -1.759826 0.000001 -0.000002 9.836249 -22.868418 -46.170849 16.923747 7.125020 -0.000002 0.000000 33.764553 -76.498654 -25.506432
1.589967 17.943582 28.376961 6.735539 -80.317585 -0.407557 0.000000 0.000000 0.000000 -8.584926 -5.881422 10.286415 0.047785 -1.456727 -3.769070 2.775430 -7.108675 -22.993240 6.263829 14.679229 46.031597 0.000000 0.000000 0.000000 14.833074 22.882492 25.056541 -0.119408 2.195053 -6.218983 -8.308235 -16.108857 -61.891313 -2.529671 -9.891652 28.626577 -2.219000 0.401907 -3.281023 -2.474501 0.457997 -3.640825 -1.289241 0.210706 -1.899348 0.630284 -2.416887 0.426544 0.432055 -3.224473 0.595200 0.029121 -1.611541 0.107156 0.000000 0.000000 0.000000 2.363899 -1.461945 -12.573146 11.901499 -19.656752 -2.069039 -0.000002 0.000001 -13.296781 15.116532 -7.964285 -2.144628 -7.125020 0.000002 0.000000 -8.502442 21.765814 4.793928 0.000000 0.000000 0.000000 16.940420 -7.372496 -36.572007 -11.007205 18.299292 -1.778183 0.000001 -0.000002 9.324122 -22.895569 -46.288737 16.976677 7.125020 -0.000002 0.000000 34.092653 -76.595382 -25.830034
1.576000 17.942810 28.360510 6.074529 -80.426831 0.313760 0.000000 0.000000 0.000000 -8.355307 -6.005967 10.370164 0.049637 -1.480695 -3.850748 2.719390 -7.247050 -23.279363 6.334944 14.745256 46.311617 0.000000 0.000000 0.000000 14.950369 22.804140 24.919977 -0.118729 2.189426 -6.199701 -8.187159 -16.447114 -61.680232 -2.428346 -9.706441 28.031234 -2.086303 0.406796 -3.367742 -2.409758 0.463683 -3.702572 -1.296580 0.211419 -1.913481 0.540867 -2.409447 0.487331 0.465794 -3.214435 0.582801 0.054345 -1.606850 0.095626 0.000000 0.000000 0.000000 2.243017 -1.309091 -11.903393 11.897508 -19.650753 -2.067697 -0.000002 0.000001 -13.643581 14.753067 -7.863934 -2.064399 -7.125020 0.000002 0.000000 -8.768903 21.884048 4.924054 0.000000 0.000000 0.000000 16.800855 -7.453551 -36.175798 -11.042450 18.353286 -1.789265 0.000001 -0.000002 8.894897 -23.026880 -46.367819 17.100280 7.125020 -0.000002 0.000000 34.182471 -76.704860 -25.974902
1.561361 17.940807 28.344454 5.786641 -80.541396 0.680356 0.000000 0.000000 0.000000 -8.200452 -6.199510 10.489864 0.052154 -1.512644 -3.959184 2.654156 -7.355030 -23.670611 6.386489 14.792700 46.513816 0.000000 0.000000 0.000000 15.037759 22.847614 24.851874 -0.118949 2.190625 -6.207584 -8.095729 -16.756758 -61.595496 -2.352704 -9.565027 27.579322 -2.027027 0.412040 -3.472015 -2.366404 0.470776 -3.761061 -1.284683 0.213778 -1.915088 0.572575 -2.398451 0.456918 0.400121 -3.199823 0.630164 0.028339 -1.599410 0.113439 0.000000 0.000000 0.000000 2.141067 -1.135104 -11.277158 11.900343 -19.655015 -2.068650 -0.000002 0.000001 -13.993056 14.425478 -7.775810 -1.993693 -7.125020 0.000002 0.000000 -9.009163 21.987650 5.041370 0.000000 0.000000 0.000000 16.663561 -7.464599 -36.033528 -11.048995 18.363308 -1.791326 0.000001 -0.000002 8.728420 -23.187005 -46.402726 17.234572 7.125020 -0.000002 0.000000 34.102612 -76.793820 -25.971671
1.546370 17.937794 28.328819 5.736670 -80.646463 0.822157 0.000000 0.000000 0.000000 -8.103100 -6.454440 10.638610 0.055106 -1.549441 -4.082494 2.598809 -7.375759 -24.159549 6.387065 14.793229 46.516075 0.000000 0.000000 0.000000 15.123072 23.002486 24.851698 -0.119875 2.196939 -6.237357 -8.038015 -17.025537 -61.642209 -2.305553 -9.475457 27.294245 -2.010605 0.415354 -3.587311 -2.341231 0.476011 -3.813117 -1.267455 0.215657 -1.904271 0.729509 -2.391968 0.316809 0.226576 -3.191555 0.744746 -0.052491 -1.594672 0.165698 0.000000 0.000000 0.000000 2.050481 -0.978128 -10.833200 11.901184 -19.656280 -2.068932 -0.000002 0.000001 -14.223536 14.139835 -7.709732 -1.935655 -7.125020 0.000002 0.000000 -9.218460 22.066541 5.145283 0.000000 0.000000 0.000000 16.542329 -7.403383 -36.229346 -11.032931 18.338706 -1.786269 0.000001 -0.000002 8.913012 -23.329791 -46.406855 17.347155 7.125020 -0.000002 0.000000 33.946608 -76.853718 -25.888191
1.531302 17.933953 28.313557 5.743342 -80.731692 0.913240 0.000000 0.000000 0.000000 -8.034490 -6.755394 10.808844 0.058329 -1.589109 -4.211950 2.566442 -7.278879 -24.724657 6.322463 14.733719 46.262563 0.000000 0.000000 0.000000 15.236779 23.246818 24.911974 -0.121260 2.206289 -6.281749 -8.013839 -17.243491 -61.806301 -2.286032 -9.438047 27.175437 -2.005695 0.410810 -3.707959 -2.326415 0.471075 -3.859504 -1.254620 0.212431 -1.884775 0.991751 -2.389281 0.093603 -0.030943 -3.189091 0.908773 -0.177298 -1.592578 0.243538 0.000000 0.000000 0.000000 1.975494 -0.872127 -10.635014 11.887874 -19.636271 -2.064457 -0.000002 0.000001 -14.274034 13.915247 -7.658742 -1.890889 -7.125020 0.000002 0.000000 -9.383189 22.127277 5.226836 0.000000 0.000000 0.000000 16.448031 -7.298386 -36.639460 -11.013310 18.308646 -1.780101 0.000001 -0.000002 9.330803 -23.454065 -46.402793 17.443204 7.125020 -0.000002 0.000000 33.785976 -76.900384 -25.791828
1.516330 17.929374 28.298639 5.710989 -80.795923 1.044725 0.000000 0.000000 0.000000 -7.975944 -7.088863 10.992982 0.061693 -1.629961 -4.342009 2.556688 -7.077542 -25.341474 6.201134 14.620468 45.783708 0.000000 0.000000 0.000000 15.378185 23.531890 25.005217 -0.122860 2.217099 -6.332615 -8.011291 -17.419732 -62.029089 -2.282887 -9.432001 27.156251 -1.999579 0.392077 -3.830894 -2.316323 0.447124 -3.904318 -1.247749 0.199518 -1.862518 1.310038 -2.384146 -0.152843 -0.308969 -3.184479 1.086487 -0.317879 -1.589402 0.328292 0.000000 0.000000 0.000000 1.923073 -0.827257 -10.674252 11.853460 -19.584509 -2.052907 -0.000002 0.000001 -14.142211 13.777053 -7.614390 -1.860511 -7.125020 0.000002 0.000000 -9.485260 22.177647 5.274286 0.000000 0.000000 0.000000 16.386840 -7.193897 -37.013622 -11.011701 18.306181 -1.779596 0.000001 -0.000002 9.734872 -23.574681 -46.402586 17.537582 7.125020 -0.000002 0.000000 33.641075 -76.948453 -25.708603
1.501576 17.924153 28.284193 5.629554 -80.845042 1.224661 0.000000 0.000000 0.000000 -7.919201 -7.445252 11.182624 0.065038 -1.669569 -4.467670 2.558697 -6.823885 -25.985119 6.049495 14.476138 45.180044 0.000000 0.000000 0.000000 15.517026 23.785112 25.085127 -0.124410 2.227926 -6.380454 -8.006646 -17.579274 -62.212499 -2.276494 -9.419696 27.117214 -1.990815 0.359379 -3.953551 -2.308274 0.404221 -3.950936 -1.244930 0.176976 -1.842429 1.612859 -2.376251 -0.360952 -0.527353 -3.177131 1.237311 -0.437192 -1.584947 0.399953 0.000000 0.000000 0.000000 1.885672 -0.831023 -10.913487 11.802758 -19.508177 -2.035944 -0.000002 0.000001 -13.854957 13.739748 -7.582187 -1.847557 -7.125020 0.000002 0.000000 -9.513816 22.211648 5.283015 0.000000 0.000000 0.000000 16.354613 -7.134763 -37.136896 -11.040461 18.350242 -1.788640 0.000001 -0.000002 9.902528 -23.697096 -46.404582 17.634088 7.125020 -0.000002 0.000000 33.500365 -76.998916 -25.630040
1.487183 17.918445 28.270438 5.468011 -80.887994 1.481185 0.000000 0.000000 0.000000 -7.850609 -7.809063 11.367441 0.068147 -1.704983 -4.582853 2.561127 -6.583170 -26.624456 5.899388 14.330130 44.576587 0.000000 0.000000 0.000000 15.626511 23.936633 25.104360 -0.125530 2.236268 -6.413428 -7.972804 -17.746617 -62.257179 -2.248730 -9.366013 26.947100 -1.969651 0.322945 -4.071291 -2.298277 0.355826 -3.999031 -1.247234 0.151450 -1.826589 1.835962 -2.377161 -0.497248 -0.633610 -3.181706 1.331426 -0.508131 -1.586530 0.445549 0.000000 0.000000 0.000000 1.841296 -0.868074 -11.303604 11.748863 -19.426943 -2.017982 -0.000002 0.000001 -13.462765 13.797666 -7.575863 -1.854329 -7.125020 0.000002 0.000000 -9.472245 22.215685 5.258160 0.000000 0.000000 0.000000 16.334813 -7.162567 -36.904341 -11.099981 18.441340 -1.807423 0.000001 -0.000002 9.708114 -23.819848 -46.405659 17.730699 7.125020 -0.000002 0.000000 33.355787 -77.048916 -25.547864
1.473262 17.912432 28.257406 5.132843 -80.934380 1.902645 0.000000 0.000000 0.000000 -7.747113 -8.148986 11.534960 0.070802 -1.733825 -4.681065 2.559780 -6.403984 -27.218561 5.775536 14.207237 44.074084 0.000000 0.000000 0.000000 15.707116 23.951193 25.036967 -0.125807 2.238811 -6.420274 -7.890536 -17.941959 -62.108672 -2.189770 -9.250653 26.582580 -1.917122 0.297585 -4.177818 -2.279936 0.321485 -4.045227 -1.258243 0.132512 -1.814720 1.953160 -2.403239 -0.567825 -0.628082 -3.219325 1.361930 -0.526577 -1.604721 0.464060 0.000000 0.000000 0.000000 1.774998 -0.930523 -11.764460 11.704760 -19.360395 -2.003337 -0.000002 0.000001 -13.057050 13.928434 -7.596799 -1.877971 -7.125020 0.000002 0.000000 -9.376634 22.189273 5.209124 0.000000 0.000000 0.000000 16.306377 -7.291401 -36.369111 -11.177700 18.560119 -1.832084 0.000001 -0.000002 9.180924 -23.935980 -46.403342 17.821232 7.125020 -0.000002 0.000000 33.207921 -77.093837 -25.459553
1.459761 17.906305 28.244844 4.559624 -80.990965 2.549500 0.000000 0.000000 0.000000 -7.594598 -8.427606 11.673029 0.072853 -1.755014 -4.757421 2.556654 -6.302844 -27.726685 5.690093 14.121147 43.724916 0.000000 0.000000 0.000000 15.776195 23.841064 24.889137 -0.125057 2.233672 -6.397098 -7.759256 -18.175761 -61.783958 -2.101516 -9.074405 26.028351 -1.824610 0.293995 -4.269266 -2.248867 0.315478 -4.085426 -1.277894 0.127274 -1.804548 1.977905 -2.463629 -0.609351 -0.549530 -3.302142 1.346122 -0.507256 -1.645654 0.465821 0.000000 0.000000 0.000000 1.691712 -1.011970 -12.187364 11.679510 -19.322266 -1.994975 -0.000002 0.000001 -12.757598 14.100760 -7.628058 -1.910009 -7.125020 0.000002 0.000000 -9.250389 22.150813 5.145284 0.000000 0.000000 0.000000 16.254945 -7.483691 -35.765419 -11.249010 18.668930 -1.854847 0.000001 -0.000002 8.538902 -24.029793 -46.392856 17.891987 7.125020 -0.000002 0.000000 33.060678 -77.123856 -25.361876
1.446453 17.900300 28.232487 3.815074 -81.057335 3.355654 0.000000 0.000000 0.000000 -7.406056 -8.626703 11.775237 0.074240 -1.768498 -4.810180 2.553154 -6.271152 -28.125822 5.646340 14.076640 43.545301 0.000000 0.000000 0.000000 15.843373 23.653267 24.693888 -0.123551 2.222601 -6.352239 -7.603931 -18.419377 -61.365396 -2.003575 -8.873519 25.400473 -1.707553 0.313620 -4.347273 -2.207170 0.340212 -4.116357 -1.299581 0.137267 -1.791861 1.940526 -2.553794 -0.664166 -0.441558 -3.424558 1.312548 -0.469297 -1.706532 0.465458 0.000000 0.000000 0.000000 1.606590 -1.103094 -12.485972 11.677479 -19.319199 -1.994303 -0.000002 0.000001 -12.653061 14.282227 -7.648906 -1.940784 -7.125020 0.000002 0.000000 -9.117912 22.122610 5.075766 0.000000 0.000000 0.000000 16.179373 -7.671042 -35.392242 -11.288892 18.729712 -1.867633 0.000001 -0.000002 8.075041 -24.089940 -46.375987 17.934513 7.125020 -0.000002 0.000000 32.933776 -77.135679 -25.268503
1.433092 17.894651 28.220308 3.082131 -81.127641 4.141644 0.000000 0.000000 0.000000 -7.216145 -8.757554 11.844177 0.074978 -1.774583 -4.840579 2.546016 -6.297212 -28.417608 5.646608 14.076913 43.546404 0.000000 0.000000 0.000000 15.901412 23.442809 24.494925 -0.121938 2.210768 -6.303669 -7.466808 -18.593228 -60.960403 -1.931089 -8.721038 24.926519 -1.597731 0.348728 -4.416815 -2.163079 0.386100 -4.136600 -1.314166 0.158220 -1.772735 1.870528 -2.657544 -0.753295 -0.330248 -3.565344 1.282738 -0.425885 -1.776668 0.472416 0.000000 0.000000 0.000000 1.530656 -1.192137 -12.642090 11.697497 -19.349431 -2.000930 -0.000002 0.000001 -12.748347 14.447844 -7.649498 -1.964257 -7.125020 0.000002 0.000000 -8.997740 22.115635 5.008831 0.000000 0.000000 0.000000 16.090133 -7.796371 -35.435993 -11.286661 18.726312 -1.866917 0.000001 -0.000002 7.980237 -24.120380 -46.365593 17.955496 7.125020 -0.000002 0.000000 32.863604 -77.140281 -25.215634
1.419594 17.889483 28.208523 2.542890 -81.197977 4.727710 0.000000 0.000000 0.000000 -7.058010 -8.843988 11.888647 0.075131 -1.773821 -4.851831 2.530107 -6.378928 -28.620351 5.693625 14.124726 43.739387 0.000000 0.000000 0.000000 15.934355 23.244687 24.325062 -0.120901 2.204076 -6.269744 -7.380475 -18.621085 -60.640463 -1.913469 -8.683461 24.810062 -1.523416 0.387114 -4.481371 -2.125930 0.437314 -4.147735 -1.315821 0.182605 -1.747231 1.791726 -2.755439 -0.867370 -0.221613 -3.698565 1.263251 -0.382501 -1.843004 0.486996 0.000000 0.000000 0.000000 1.464891 -1.267563 -12.707280 11.732630 -19.402458 -2.012586 -0.000002 0.000001 -12.960536 14.583882 -7.635256 -1.979797 -7.125020 0.000002 0.000000 -8.899621 22.124896 4.951088 0.000000 0.000000 0.000000 16.001586 -7.834291 -35.899421 -11.248949 18.668834 -1.854827 0.000001 -0.000002 8.274032 -24.127050 -46.371343 17.962305 7.125020 -0.000002 0.000000 32.873793 -77.147136 -25.228253
1.406055 17.884766 28.197489 2.261185 -81.270029 5.049169 0.000000 0.000000 0.000000 -6.944088 -8.902016 11.919845 0.074827 -1.767521 -4.848724 2.503692 -6.512687 -28.759694 5.781882 14.213587 44.099933 0.000000 0.000000 0.000000 15.930516 23.058020 24.191277 -0.120819 2.206154 -6.260297 -7.341250 -18.514546 -60.399561 -1.947713 -8.756304 25.035939 -1.493223 0.418393 -4.540438 -2.099922 0.479899 -4.154004 -1.304454 0.203481 -1.720240 1.718092 -2.833501 -0.978701 -0.107832 -3.805366 1.250149 -0.338445 -1.896053 0.503554 0.000000 0.000000 0.000000 1.401631 -1.324124 -12.770646 11.771353 -19.460854 -2.025469 -0.000002 0.000001 -13.160930 14.683568 -7.622137 -1.990507 -7.125020 0.000002 0.000000 -8.827836 22.134399 4.908274 0.000000 0.000000 0.000000 15.923545 -7.791282 -36.638573 -11.191789 18.581628 -1.836572 0.000001 -0.000002 8.839399 -24.103060 -46.385136 17.947274 7.125020 -0.000002 0.000000 32.947040 -77.147563 -25.286934
1.392649 17.880435 28.187643 2.136151 -81.347782 5.203554 0.000000 0.000000 0.000000 -6.860701 -8.936146 11.949517 0.074255 -1.757920 -4.837157 2.470535 -6.678540 -28.863356 5.891411 14.322279 44.544345 0.000000 0.000000 0.000000 15.894545 22.855907 24.078642 -0.121667 2.217007 -6.274115 -7.308171 -18.394474 -60.169512 -1.991947 -8.849281 25.324988 -1.490109 0.437304 -4.591108 -2.081224 0.506244 -4.159712 -1.285939 0.216680 -1.697791 1.649625 -2.885947 -1.059537 0.027417 -3.877806 1.235612 -0.288193 -1.931833 0.515503 0.000000 0.000000 0.000000 1.331372 -1.365343 -12.914115 11.800731 -19.505124 -2.035267 -0.000002 0.000001 -13.237357 14.742180 -7.626111 -1.999850 -7.125020 0.000002 0.000000 -8.785177 22.128051 4.885265 0.000000 0.000000 0.000000 15.858715 -7.697774 -37.434021 -11.132199 18.490601 -1.817628 0.000001 -0.000002 9.484551 -24.039265 -46.385141 17.897170 7.125020 -0.000002 0.000000 33.024815 -77.121977 -25.332217
1.379573 17.876580 28.179465 1.942350 -81.432386 5.413511 0.000000 0.000000 0.000000 -6.774878 -8.945840 11.985971 0.073606 -1.747553 -4.822612 2.438167 -6.844751 -28.953286 5.995207 14.423695 44.962482 0.000000 0.000000 0.000000 15.851645 22.612965 23.966449 -0.123111 2.233564 -6.302269 -7.231560 -18.410069 -59.878579 -1.991907 -8.849198 25.324728 -1.476420 0.442516 -4.631505 -2.060797 0.513647 -4.167384 -1.272199 0.220169 -1.683269 1.575323 -2.911910 -1.092737 0.204330 -3.914576 1.211740 -0.223466 -1.949716 0.518158 0.000000 0.000000 0.000000 1.250941 -1.397552 -13.177827 11.810514 -19.519858 -2.038535 -0.000002 0.000001 -13.137239 14.758819 -7.655574 -2.009884 -7.125020 0.000002 0.000000 -8.771971 22.097328 4.883973 0.000000 0.000000 0.000000 15.806391 -7.586169 -38.094254 -11.081571 18.413172 -1.801603 0.000001 -0.000002 10.036921 -23.938150 -46.350387 17.808228 7.125020 -0.000002 0.000000 33.037518 -77.056137 -25.299237
1.367054 17.873484 28.173372 1.459093 -81.520085 5.900621 0.000000 0.000000 0.000000 -6.654557 -8.930253 12.029602 0.073021 -1.738462 -4.808738 2.414202 -6.982457 -29.037184 6.073629 14.499317 45.276510 0.000000 0.000000 0.000000 15.832522 22.322953 23.839775 -0.124682 2.251315 -6.333173 -7.085393 -18.634846 -59.497341 -1.919419 -8.696172 24.849443 -1.413040 0.434166 -4.662405 -2.031198 0.501355 -4.178434 -1.277544 0.212831 -1.677371 1.484657 -2.912319 -1.073902 0.434622 -3.916819 1.173305 -0.138863 -1.950340 0.509534 0.000000 0.000000 0.000000 1.166055 -1.421721 -13.545497 11.796643 -19.498963 -2.033902 -0.000002 0.000001 -12.878665 14.742908 -7.711363 -2.022145 -7.125020 0.000002 0.000000 -8.781372 22.041023 4.900739 0.000000 0.000000 0.000000 15.764389 -7.463326 -38.568356 -11.039649 18.348995 -1.788384 0.000001 -0.000002 10.452940 -23.802296 -46.270463 17.679786 7.125020 -0.000002 0.000000 32.951152 -76.943445 -25.156825
1.355290 17.871407 28.169520 0.639183 -81.604499 6.716982 0.000000 0.000000 0.000000 -6.495345 -8.891499 12.074912 0.072566 -1.731684 -4.797121 2.402358 -7.072381 -29.111201 6.121326 14.544895 45.466727 0.000000 0.000000 0.000000 15.845153 21.994615 23.691435 -0.125955 2.266184 -6.356622 -6.878252 -19.029661 -59.039090 -1.787599 -8.408893 23.963083 -1.286820 0.414151 -4.686356 -1.992832 0.471534 -4.193626 -1.309698 0.195435 -1.679298 1.384724 -2.891625 -1.013622 0.699216 -3.890446 1.120867 -0.041430 -1.936770 0.490914 0.000000 0.000000 0.000000 1.087268 -1.432233 -13.946338 11.763577 -19.449129 -2.022879 -0.000002 0.000001 -12.544829 14.716332 -7.789070 -2.038576 -7.125020 0.000002 0.000000 -8.797712 21.962779 4.925882 0.000000 0.000000 0.000000 15.727292 -7.310886 -38.959258 -10.995173 18.280847 -1.774407 0.000001 -0.000002 10.830975 -23.625142 -46.150503 17.508361 7.125020 -0.000002 0.000000 32.794424 -76.784841 -24.929099
1.344273 17.870291 28.167556 -0.324255 -81.681732 7.675623 0.000000 0.000000 0.000000 -6.329778 -8.840297 12.119035 0.072241 -1.727137 -4.788028 2.400593 -7.104916 -29.175650 6.142794 14.565308 45.552150 0.000000 0.000000 0.000000 15.863304 21.641625 23.521368 -0.126634 2.275515 -6.365445 -6.644558 -19.474036 -58.538123 -1.636563 -8.064062 22.908828 -1.124272 0.388615 -4.706407 -1.954573 0.433022 -4.212043 -1.362639 0.172825 -1.686464 1.302738 -2.861006 -0.937635 0.946544 -3.850463 1.062243 0.048368 -1.916595 0.467255 0.000000 0.000000 0.000000 1.024842 -1.424030 -14.274019 11.723666 -19.388928 -2.009609 -0.000002 0.000001 -12.262734 14.704209 -7.878948 -2.060247 -7.125020 0.000002 0.000000 -8.803185 21.871532 4.947398 0.000000 0.000000 0.000000 15.687153 -7.119616 -39.405984 -10.936544 18.190917 -1.756060 0.000001 -0.000002 11.293367 -23.412288 -46.013749 17.304926 7.125020 -0.000002 0.000000 32.636940 -76.599466 -24.684319
1.333688 17.869692 28.166581 -1.131432 -81.753308 8.480696 0.000000 0.000000 0.000000 -6.203983 -8.797712 12.167756 0.072022 -1.724139 -4.781725 2.403428 -7.080435 -29.246689 6.143785 14.566249 45.556091 0.000000 0.000000 0.000000 15.850075 21.282305 23.337951 -0.126527 2.277692 -6.354739 -6.427649 -19.832719 -58.037936 -1.507380 -7.754227 21.970041 -0.974423 0.367581 -4.725495 -1.927155 0.400543 -4.230743 -1.419434 0.153306 -1.694363 1.252682 -2.835404 -0.871652 1.140991 -3.816971 1.007134 0.116942 -1.899837 0.444720 0.000000 0.000000 0.000000 0.986175 -1.398245 -14.420785 11.692550 -19.341959 -1.999291 -0.000002 0.000001 -12.161319 14.721008 -7.963729 -2.084813 -7.125020 0.000002 0.000000 -8.787958 21.784290 4.956185 0.000000 0.000000 0.000000 15.638242 -6.917991 -39.945627 -10.863485 18.078697 -1.733320 0.000001 -0.000002 11.853484 -23.203068 -45.895496 17.109834 7.125020 -0.000002 0.000000 32.538154 -76.429051 -24.496386
1.323073 17.869040 28.165509 -1.605032 -81.823049 8.955468 0.000000 0.000000 0.000000 -6.141114 -8.785216 12.231268 0.071905 -1.722219 -4.779091 2.406776 -7.008601 -29.348417 6.126801 14.550108 45.488525 0.000000 0.000000 0.000000 15.793003 20.941584 23.156010 -0.125514 2.271632 -6.321469 -6.261898 -20.017386 -57.584183 -1.424391 -7.547103 21.346689 -0.873118 0.359791 -4.746161 -1.914539 0.386944 -4.246056 -1.463620 0.144107 -1.697890 1.201090 -2.824792 -0.822083 1.312474 -3.803427 0.958219 0.178503 -1.893132 0.426466 0.000000 0.000000 0.000000 0.974057 -1.359542 -14.320391 11.682281 -19.326450 -1.995891 -0.000002 0.000001 -12.320078 14.766019 -8.020093 -2.106153 -7.125020 0.000002 0.000000 -8.753368 21.724860 4.948203 0.000000 0.000000 0.000000 15.580933 -6.759419 -40.483166 -10.787917 17.962444 -1.709943 0.000001 -0.000002 12.395718 -23.054336 -45.826551 16.975445 7.125020 -0.000002 0.000000 32.516079 -76.319077 -24.408184
1.312142 17.867950 28.163589 -1.795038 -81.892714 9.148726 0.000000 0.000000 0.000000 -6.126655 -8.812015 12.314857 0.071906 -1.721428 -4.781133 2.410160 -6.907419 -29.494769 6.094051 14.518870 45.358024 0.000000 0.000000 0.000000 15.712952 20.643065 22.988990 -0.123621 2.257365 -6.266246 -6.161846 -20.006026 -57.209770 -1.393905 -7.469300 21.113382 -0.822460 0.367496 -4.769776 -1.910855 0.395616 -4.255195 -1.487843 0.147144 -1.693410 1.091615 -2.829214 -0.782004 1.527004 -3.810024 0.912556 0.262189 -1.896500 0.412935 0.000000 0.000000 0.000000 0.983304 -1.312144 -13.989950 11.695402 -19.346266 -2.000236 -0.000002 0.000001 -12.725034 14.829072 -8.029555 -2.117941 -7.125020 0.000002 0.000000 -8.707395 21.712537 4.924199 0.000000 0.000000 0.000000 15.519445 -6.679751 -40.893320 -10.723642 17.863418 -1.690174 0.000001 -0.000002 12.783990 -22.997274 -45.815160 16.927888 7.125020 -0.000002 0.000000 32.552416 -76.288033 -24.416787
1.300955 17.866328 28.160635 -1.885395 -81.961789 9.242829 0.000000 0.000000 0.000000 -6.125644 -8.874567 12.416286 0.072042 -1.721972 -4.788366 2.414270 -6.802940 -29.682461 6.052858 14.479371 45.193492 0.000000 0.000000 0.000000 15.643111 20.398092 22.843784 -0.121086 2.236796 -6.194947 -6.122830 -19.825975 -56.923753 -1.411047 -7.513165 21.244865 -0.801164 0.385431 -4.795395 -1.904812 0.419248 -4.256983 -1.492654 0.158513 -1.680260 0.906229 -2.841909 -0.755202 1.806882 -3.827986 0.872860 0.377646 -1.905446 0.406394 0.000000 0.000000 0.000000 0.999229 -1.259199 -13.538199 11.723966 -19.389382 -2.009708 -0.000002 0.000001 -13.261476 14.896378 -7.990076 -2.117518 -7.125020 0.000002 0.000000 -8.660066 21.750015 4.889478 0.000000 0.000000 0.000000 15.456295 -6.673830 -41.113957 -10.678284 17.793460 -1.676287 0.000001 -0.000002 12.953949 -23.018051 -45.845585 16.952069 7.125020 -0.000002 0.000000 32.616708 -76.318736 -24.487201
1.289770 17.864276 28.156956 -2.035583 -82.028677 9.395454 0.000000 0.000000 0.000000 -6.110001 -8.965121 12.530158 0.072287 -1.723552 -4.799903 2.418421 -6.720642 -29.898638 6.013648 14.441556 45.036471 0.000000 0.000000 0.000000 15.605209 20.204018 22.722995 -0.118308 2.213384 -6.117544 -6.128665 -19.530811 -56.714935 -1.465227 -7.649853 21.655509 -0.785948 0.404599 -4.820583 -1.887238 0.445318 -4.251575 -1.482086 0.171585 -1.660046 0.678825 -2.856110 -0.760579 2.110187 -3.848535 0.849732 0.506496 -1.915397 0.411642 0.000000 0.000000 0.000000 1.003854 -1.202666 -13.108519 11.755485 -19.436929 -2.020185 -0.000002 0.000001 -13.773696 14.954383 -7.914779 -2.106226 -7.125020 0.000002 0.000000 -8.620742 21.824496 4.852038 0.000000 0.000000 0.000000 15.391474 -6.716659 -41.119697 -10.655981 17.759035 -1.669478 0.000001 -0.000002 12.880566 -23.082328 -45.898083 17.016062 7.125020 -0.000002 0.000000 32.693703 -76.382961 -24.589352
1.278773 17.861959 28.153170 -2.297674 -82.091528 9.657774 0.000000 0.000000 0.000000 -6.073010 -9.076129 12.650936 0.072559 -1.725180 -4.812938 2.421535 -6.668982 -30.131096 5.981093 14.409995 44.905791 0.000000 0.000000 0.000000 15.601428 20.052294 22.628378 -0.115699 2.190908 -6.044640 -6.160240 -19.182634 -56.563605 -1.543034 -7.841214 22.232826 -0.761925 0.419423 -4.844973 -1.856467 0.465903 -4.240107 -1.463024 0.182064 -1.634168 0.449158 -2.870069 -0.811705 2.387124 -3.869303 0.850688 0.627136 -1.925011 0.431428 0.000000 0.000000 0.000000 0.986213 -1.146493 -12.795919 11.781220 -19.475723 -2.028756 -0.000002 0.000001 -14.155716 14.995396 -7.821503 -2.087583 -7.125020 0.000002 0.000000 -8.594379 21.918093 4.818316 0.000000 0.000000 0.000000 15.325521 -6.796414 -40.880944 -10.661536 17.767610 -1.671173 0.000001 -0.000002 12.531235 -23.162627 -45.965673 17.096714 7.125020 -0.000002 0.000000 32.797332 -76.464665 -24.723912
1.267955 17.859484 28.149940 -2.628549 -82.150861 9.989046 0.000000 0.000000 0.000000 -6.026220 -9.198910 12.772733 0.072783 -1.726081 -4.824782 2.424234 -6.633226 -30.373358 5.950044 14.379756 44.780899 0.000000 0.000000 0.000000 15.619957 19.939709 22.560472 -0.113537 2.172091 -5.983610 -6.202487 -18.835581 -56.452391 -1.630886 -8.050748 22.868326 -0.724046 0.431304 -4.873176 -1.818257 0.482501 -4.225010 -1.444138 0.190426 -1.602443 0.231342 -2.885805 -0.902939 2.623598 -3.892709 0.874196 0.733215 -1.935499 0.463880 0.000000 0.000000 0.000000 0.947012 -1.098648 -12.615271 11.799370 -19.503071 -2.034812 -0.000002 0.000001 -14.392151 15.021727 -7.723974 -2.065554 -7.125020 0.000002 0.000000 -8.578817 22.016681 4.789881 0.000000 0.000000 0.000000 15.260794 -6.914501 -40.406107 -10.697353 17.822877 -1.682118 0.000001 -0.000002 11.908018 -23.240791 -46.050157 17.180425 7.125020 -0.000002 0.000000 32.956275 -76.557907 -24.909806
1.257198 17.856866 28.147691 -2.957110 -82.211899 10.324252 0.000000 0.000000 0.000000 -5.986216 -9.322410 12.889513 0.072989 -1.726828 -4.835887 2.429595 -6.583298 -30.624535 5.909198 14.339768 44.616206 0.000000 0.000000 0.000000 15.646350 19.873034 22.516072 -0.111873 2.157597 -5.935925 -6.246415 -18.526976 -56.369737 -1.716078 -8.247804 23.469307 -0.676001 0.443790 -4.913564 -1.780633 0.499663 -4.209795 -1.431421 0.198804 -1.563714 0.030336 -2.903339 -1.018148 2.827132 -3.918636 0.916085 0.826469 -1.946893 0.505156 0.000000 0.000000 0.000000 0.896207 -1.061228 -12.524064 11.813151 -19.523827 -2.039415 -0.000002 0.000001 -14.537927 15.043058 -7.627321 -2.042911 -7.125020 0.000002 0.000000 -8.566853 22.114617 4.763731 0.000000 0.000000 0.000000 15.200472 -7.054961 -39.804977 -10.757199 17.915132 -1.700481 0.000001 -0.000002 11.118373 -23.301684 -46.148640 17.254611 7.125020 -0.000002 0.000000 33.181611 -76.654394 -25.150745
1.246439 17.854090 28.146465 -3.250041 -82.282344 10.636244 0.000000 0.000000 0.000000 -5.963012 -9.435321 12.997618 0.073308 -1.729265 -4.849771 2.442463 -6.482771 -30.886767 5.844887 14.276323 44.355979 0.000000 0.000000 0.000000 15.672453 19.860336 22.486977 -0.110534 2.145948 -5.897095 -6.285045 -18.281030 -56.303267 -1.785698 -8.404661 23.950081 -0.624976 0.457247 -4.972796 -1.748738 0.517857 -4.197404 -1.426091 0.207431 -1.517329 -0.137125 -2.919440 -1.146095 2.997741 -3.942965 0.975657 0.904166 -1.957174 0.552736 0.000000 0.000000 0.000000 0.848100 -1.022139 -12.454204 11.827799 -19.545882 -2.044313 -0.000002 0.000001 -14.678769 15.068326 -7.530069 -2.020553 -7.125020 0.000002 0.000000 -8.552062 22.213044 4.735962 0.000000 0.000000 0.000000 15.147668 -7.167713 -39.295151 -10.824272 18.018393 -1.721171 0.000001 -0.000002 10.388239 -23.331274 -46.247448 17.304552 7.125020 -0.000002 0.000000 33.449300 -76.738368 -25.417724
1.235762 17.851187 28.146000 -3.521920 -82.367333 10.941011 0.000000 0.000000 0.000000 -5.958026 -9.531222 13.098658 0.073863 -1.735098 -4.869838 2.466762 -6.299645 -31.163499 5.743852 14.175439 43.944847 0.000000 0.000000 0.000000 15.696070 19.895889 22.461456 -0.109250 2.134635 -5.859784 -6.308063 -18.116190 -56.229480 -1.826619 -8.495193 24.228556 -0.575752 0.469867 -5.049760 -1.724099 0.534666 -4.189240 -1.427145 0.215147 -1.465433 -0.247032 -2.932010 -1.283184 3.121673 -3.963190 1.053528 0.957938 -1.965107 0.605259 0.000000 0.000000 0.000000 0.815967 -0.966256 -12.345974 11.846581 -19.574152 -2.050602 -0.000002 0.000001 -14.883251 15.098191 -7.432212 -1.998590 -7.125020 0.000002 0.000000 -8.533992 22.311938 4.706288 0.000000 0.000000 0.000000 15.105068 -7.189981 -39.131219 -10.876834 18.099212 -1.737465 0.000001 -0.000002 9.992221 -23.318370 -46.329804 17.316860 7.125020 -0.000002 0.000000 33.719970 -76.793109 -25.668459
1.225347 17.848239 28.145909 -3.796399 -82.466477 11.258085 0.000000 0.000000 0.000000 -5.968384 -9.611112 13.197743 0.074677 -1.744589 -4.896673 2.502061 -6.023639 -31.456365 5.600098 14.029286 43.354862 0.000000 0.000000 0.000000 15.714538 19.954931 22.427229 -0.107816 2.121755 -5.818298 -6.301358 -18.047999 -56.113274 -1.828107 -8.498461 24.238623 -0.530215 0.480358 -5.135084 -1.707079 0.548272 -4.186346 -1.434045 0.221080 -1.414365 -0.283442 -2.941618 -1.424773 3.184626 -3.980185 1.147046 0.980608 -1.971226 0.660367 0.000000 0.000000 0.000000 0.807548 -0.892064 -12.182221 11.867156 -19.605108 -2.057500 -0.000002 0.000001 -15.159659 15.123939 -7.340027 -1.977512 -7.125020 0.000002 0.000000 -8.518757 22.405216 4.679321 0.000000 0.000000 0.000000 15.074283 -7.083557 -39.479948 -10.899104 18.133429 -1.744390 0.000001 -0.000002 10.126234 -23.259434 -46.389715 17.287071 7.125020 -0.000002 0.000000 33.977006 -76.812971 -25.885620
1.215326 17.845292 28.145830 -4.060298 -82.574458 11.569002 0.000000 0.000000 0.000000 -5.991568 -9.678494 13.296170 0.075667 -1.756509 -4.928004 2.542739 -5.678905 -31.756753 5.423686 13.845603 42.622453 0.000000 0.000000 0.000000 15.720537 20.006277 22.375673 -0.106214 2.107164 -5.771891 -6.256139 -18.076784 -55.928000 -1.788902 -8.411792 23.971988 -0.491991 0.487415 -5.218255 -1.698989 0.556872 -4.190492 -1.446275 0.224378 -1.371866 -0.247550 -2.947812 -1.559755 3.188296 -3.993324 1.249792 0.973006 -1.975406 0.714210 0.000000 0.000000 0.000000 0.823638 -0.811833 -11.994814 11.882849 -19.628710 -2.062769 -0.000002 0.000001 -15.455159 15.134183 -7.262397 -1.958175 -7.125020 0.000002 0.000000 -8.514301 22.484220 4.661205 0.000000 0.000000 0.000000 15.055628 -6.855765 -40.318207 -10.889903 18.119295 -1.741528 0.000001 -0.000002 10.799371 -23.161655 -46.435921 17.223148 7.125020 -0.000002 0.000000 34.237459 -76.807272 -26.088589
1.205666 17.842283 28.145499 -4.236878 -82.683393 11.795117 0.000000 0.000000 0.000000 -6.028629 -9.731893 13.385607 0.076693 -1.768883 -4.959993 2.580506 -5.321086 -32.038690 5.242545 13.651839 41.860296 0.000000 0.000000 0.000000 15.703274 20.032977 22.307272 -0.104628 2.092640 -5.725520 -6.181492 -18.168629 -55.684234 -1.723990 -8.265816 23.524405 -0.471692 0.487939 -5.295159 -1.702001 0.556584 -4.203315 -1.460329 0.223257 -1.342090 -0.156581 -2.945919 -1.674457 3.154821 -3.996342 1.354420 0.945154 -1.974683 0.763003 0.000000 0.000000 0.000000 0.859335 -0.739065 -11.838207 11.887650 -19.635930 -2.064382 -0.000002 0.000001 -15.698181 15.124334 -7.204909 -1.941495 -7.125020 0.000002 0.000000 -8.523729 22.543396 4.654759 0.000000 0.000000 0.000000 15.048838 -6.547885 -41.460515 -10.861253 18.075266 -1.732628 0.000001 -0.000002 11.852575 -23.034753 -46.480217 17.135881 7.125020 -0.000002 0.000000 34.525904 -76.788449 -26.305045
1.196241 17.839039 28.144772 -4.208243 -82.785385 11.819966 0.000000 0.000000 0.000000 -6.083415 -9.762000 13.449967 0.077583 -1.779497 -4.987655 2.608370 -5.018294 -32.263802 5.092088 13.486756 41.219026 0.000000 0.000000 0.000000 15.654372 20.042469 22.233943 -0.103347 2.080971 -5.687492 -6.102973 -18.266616 -55.434219 -1.658181 -8.114518 23.062452 -0.485510 0.478011 -5.367650 -1.716918 0.542803 -4.224915 -1.468135 0.215726 -1.324365 -0.037256 -2.928679 -1.759758 3.116160 -3.979485 1.455702 0.911705 -1.964243 0.804798 0.000000 0.000000 0.000000 0.905532 -0.681353 -11.759052 11.879085 -19.623053 -2.061505 -0.000002 0.000001 -15.840227 15.101392 -7.169356 -1.928921 -7.125020 0.000002 0.000000 -8.541852 22.580634 4.657497 0.000000 0.000000 0.000000 15.051485 -6.206507 -42.690541 -10.828028 18.024172 -1.722334 0.000001 -0.000002 13.081725 -22.883301 -46.526061 17.029789 7.125020 -0.000002 0.000000 34.847256 -76.760821 -26.541704
1.187004 17.835376 28.143668 -3.887096 -82.875153 11.557297 0.000000 0.000000 0.000000 -6.158208 -9.755421 13.474323 0.078150 -1.786233 -5.005193 2.623781 -4.821298 -32.398229 4.997855 13.381379 40.813419 0.000000 0.000000 0.000000 15.573942 20.057863 22.173821 -0.102618 2.074503 -5.665225 -6.044875 -18.330638 -55.239878 -1.610233 -8.002083 22.720411 -0.544821 0.456791 -5.436943 -1.741472 0.515044 -4.253432 -1.460988 0.201855 -1.316239 0.080222 -2.891249 -1.815187 3.101322 -3.936138 1.552349 0.886800 -1.940713 0.840401 0.000000 0.000000 0.000000 0.950407 -0.643666 -11.784739 11.857423 -19.590470 -2.054236 -0.000002 0.000001 -15.863385 15.079926 -7.158479 -1.923139 -7.125020 0.000002 0.000000 -8.557928 22.592581 4.664101 0.000000 0.000000 0.000000 15.055807 -5.875530 -43.817106 -10.798824 17.979232 -1.713309 0.000001 -0.000002 14.287504 -22.726555 -46.573747 16.920030 7.125020 -0.000002 0.000000 35.179590 -76.732289 -26.786443
1.178063 17.831254 28.142475 -3.265325 -82.953130 10.996617 0.000000 0.000000 0.000000 -6.252770 -9.704988 13.456290 0.078283 -1.787975 -5.008887 2.628667 -4.741216 -32.432981 4.964576 13.343791 40.669424 0.000000 0.000000 0.000000 15.468495 20.098219 22.140987 -0.102538 2.074145 -5.661873 -6.014869 -18.357893 -55.131620 -1.584813 -7.941691 22.537119 -0.647286 0.429046 -5.499852 -1.771869 0.479887 -4.285435 -1.436030 0.185036 -1.315805 0.169833 -2.834892 -1.847853 3.128022 -3.867759 1.645551 0.880149 -1.904699 0.872416 0.000000 0.000000 0.000000 0.982577 -0.631544 -11.924073 11.824405 -19.540775 -2.043178 -0.000002 0.000001 -15.765802 15.071036 -7.177741 -1.927077 -7.125020 0.000002 0.000000 -8.563644 22.573232 4.671136 0.000000 0.000000 0.000000 15.051943 -5.603744 -44.648862 -10.775087 17.942685 -1.705989 0.000001 -0.000002 15.250212 -22.622077 -46.630499 16.853544 7.125020 -0.000002 0.000000 35.479384 -76.730932 -27.024024
1.169551 17.826863 28.141738 -2.381507 -83.026482 10.171238 0.000000 0.000000 0.000000 -6.368939 -9.619346 13.410814 0.078027 -1.785267 -5.000200 2.626279 -4.754928 -32.392787 4.979575 13.360757 40.734374 0.000000 0.000000 0.000000 15.340643 20.163419 22.137506 -0.103041 2.079315 -5.675544 -6.003659 -18.370016 -55.092681 -1.575207 -7.918726 22.467498 -0.780102 0.403153 -5.551770 -1.806319 0.448293 -4.316677 -1.398151 0.170620 -1.320903 0.220699 -2.767457 -1.868477 3.195569 -3.784557 1.734988 0.893065 -1.861223 0.902919 0.000000 0.000000 0.000000 0.996112 -0.647634 -12.161753 11.783382 -19.478982 -2.029478 -0.000002 0.000001 -15.559218 15.073136 -7.228558 -1.940897 -7.125020 0.000002 0.000000 -8.560110 22.521196 4.679490 0.000000 0.000000 0.000000 15.035378 -5.431598 -45.046589 -10.755264 17.912150 -1.699887 0.000001 -0.000002 15.792433 -22.641441 -46.705228 16.888699 7.125020 -0.000002 0.000000 35.694381 -76.791534 -27.237258
1.161475 17.822536 28.142024 -1.265528 -83.104219 9.106456 0.000000 0.000000 0.000000 -6.511735 -9.518151 13.359728 0.077504 -1.779307 -4.983335 2.618541 -4.829138 -32.319372 5.023563 13.410282 40.924384 0.000000 0.000000 0.000000 15.184743 20.235846 22.153823 -0.103969 2.088581 -5.701153 -5.994884 -18.396631 -55.079604 -1.568101 -7.901684 22.415863 -0.929469 0.386370 -5.591830 -1.846342 0.429582 -4.343377 -1.356242 0.163028 -1.327788 0.241913 -2.701361 -1.888742 3.284120 -3.702835 1.818027 0.917501 -1.818447 0.932609 0.000000 0.000000 0.000000 0.994185 -0.687006 -12.450872 11.739564 -19.412915 -2.014890 -0.000002 0.000001 -15.280622 15.074611 -7.299643 -1.960037 -7.125020 0.000002 0.000000 -8.556259 22.448451 4.691756 0.000000 0.000000 0.000000 15.008367 -5.365268 -45.026867 -10.737472 17.884734 -1.694419 0.000001 -0.000002 15.898085 -22.810818 -46.794617 17.045299 7.125020 -0.000002 0.000000 35.787256 -76.922251 -27.402318
1.153695 17.818572 28.143605 0.035557 -83.189890 7.848686 0.000000 0.000000 0.000000 -6.679626 -9.415800 13.314946 0.076762 -1.770544 -4.960051 2.606926 -4.935826 -32.242931 5.077966 13.471062 41.158437 0.000000 0.000000 0.000000 14.998970 20.296821 22.176285 -0.105140 2.100299 -5.733147 -5.975336 -18.466958 -55.057774 -1.548256 -7.853857 22.271070 -1.082125 0.381538 -5.624632 -1.893235 0.427139 -4.363911 -1.318887 0.163659 -1.332038 0.253588 -2.648595 -1.918136 3.366686 -3.638383 1.892113 0.941373 -1.784331 0.961427 0.000000 0.000000 0.000000 0.986041 -0.738064 -12.728555 11.698846 -19.351465 -2.001377 -0.000002 0.000001 -14.986050 15.064590 -7.368039 -1.976899 -7.125020 0.000002 0.000000 -8.560917 22.378883 4.708136 0.000000 0.000000 0.000000 14.976257 -5.367275 -44.793459 -10.719412 17.856894 -1.688876 0.000001 -0.000002 15.754674 -23.073980 -46.880284 17.274704 7.125020 -0.000002 0.000000 35.765156 -77.087947 -27.500164
1.146023 17.815137 28.146345 1.373324 -83.280921 6.549743 0.000000 0.000000 0.000000 -6.852940 -9.314716 13.274932 0.075817 -1.759251 -4.930346 2.594456 -5.053258 -32.173668 5.128171 13.526697 41.373517 0.000000 0.000000 0.000000 14.801532 20.342357 22.194449 -0.106371 2.112622 -5.766425 -5.940626 -18.595271 -55.020641 -1.506588 -7.752281 21.964169 -1.218735 0.387450 -5.658004 -1.943116 0.438743 -4.379388 -1.292969 0.171008 -1.330338 0.272226 -2.614797 -1.959253 3.424608 -3.598567 1.955405 0.955988 -1.762656 0.988538 0.000000 0.000000 0.000000 0.977769 -0.790164 -12.963162 11.664963 -19.300288 -1.990164 -0.000002 0.000001 -14.710087 15.036220 -7.412270 -1.984802 -7.125020 0.000002 0.000000 -8.579879 22.334717 4.727509 0.000000 0.000000 0.000000 14.944522 -5.375359 -44.640960 -10.698409 17.824504 -1.682441 0.000001 -0.000002 15.657426 -23.318291 -46.942000 17.483137 7.125020 -0.000002 0.000000 35.689599 -77.229432 -27.538370
1.138339 17.812320 28.149855 2.503709 -83.374892 5.458622 0.000000 0.000000 0.000000 -6.998321 -9.215574 13.235845 0.074801 -1.747144 -4.897969 2.584900 -5.165185 -32.116728 5.166883 13.569301 41.538769 0.000000 0.000000 0.000000 14.628104 20.385531 22.203316 -0.107443 2.123195 -5.795469 -5.895839 -18.766063 -54.984156 -1.447316 -7.604991 21.520577 -1.314662 0.401419 -5.699570 -1.987305 0.460044 -4.392053 -1.283511 0.182465 -1.320670 0.303776 -2.597795 -2.009044 3.453535 -3.580441 2.007580 0.959076 -1.752017 1.013043 0.000000 0.000000 0.000000 0.966701 -0.841532 -13.191388 11.636848 -19.257794 -1.980881 -0.000002 0.000001 -14.428196 14.980454 -7.426756 -1.980997 -7.125020 0.000002 0.000000 -8.619897 22.322011 4.752520 0.000000 0.000000 0.000000 14.916516 -5.346757 -44.741217 -10.673267 17.785713 -1.674753 0.000001 -0.000002 15.786494 -23.453607 -46.975573 17.598326 7.125020 -0.000002 0.000000 35.647311 -77.307363 -27.559142
1.130684 17.810185 28.153697 3.227383 -83.472827 4.778481 0.000000 0.000000 0.000000 -7.089843 -9.128560 13.200907 0.073983 -1.737357 -4.871673 2.580196 -5.261791 -32.084857 5.195184 13.600286 41.659256 0.000000 0.000000 0.000000 14.509234 20.445790 22.201908 -0.108122 2.129569 -5.814500 -5.852849 -18.936427 -54.970752 -1.386861 -7.451189 21.059138 -1.354406 0.420911 -5.753344 -2.018194 0.487188 -4.403326 -1.291512 0.195876 -1.302234 0.345457 -2.591327 -2.066444 3.460330 -3.575912 2.053157 0.953360 -1.748293 1.036293 0.000000 0.000000 0.000000 0.946011 -0.897246 -13.487132 11.610098 -19.217339 -1.972067 -0.000002 0.000001 -14.080696 14.887437 -7.424143 -1.967479 -7.125020 0.000002 0.000000 -8.687623 22.328229 4.789440 0.000000 0.000000 0.000000 14.892412 -5.288035 -45.011521 -10.646124 17.743810 -1.666471 0.000001 -0.000002 16.066423 -23.466841 -46.996579 17.613991 7.125020 -0.000002 0.000000 35.703741 -77.327175 -27.619066
1.123263 17.808740 28.157459 3.507384 -83.575404 4.546944 0.000000 0.000000 0.000000 -7.124334 -9.070800 13.179030 0.073602 -1.732573 -4.859868 2.579764 -5.338655 -32.093918 5.218161 13.625343 41.756882 0.000000 0.000000 0.000000 14.452423 20.534011 22.191663 -0.108263 2.130361 -5.819748 -5.825644 -19.053244 -54.995278 -1.345814 -7.344589 20.740345 -1.343256 0.443136 -5.816747 -2.033178 0.516571 -4.413411 -1.311495 0.209611 -1.276794 0.388085 -2.588979 -2.136401 3.458519 -3.577022 2.102955 0.944619 -1.747250 1.062952 0.000000 0.000000 0.000000 0.912629 -0.957855 -13.882476 11.582116 -19.174995 -1.962867 -0.000002 0.000001 -13.644760 14.761260 -7.425865 -1.950468 -7.125020 0.000002 0.000000 -8.779234 22.331340 4.840549 0.000000 0.000000 0.000000 14.870626 -5.233859 -45.236962 -10.621502 17.705782 -1.658975 0.000001 -0.000002 16.287744 -23.400311 -47.024565 17.568754 7.125020 -0.000002 0.000000 35.875083 -77.319575 -27.752521
1.116319 17.807906 28.160826 3.441534 -83.679383 4.662816 0.000000 0.000000 0.000000 -7.116542 -9.054469 13.178232 0.073723 -1.733454 -4.865216 2.581988 -5.395066 -32.151125 5.240091 13.649175 41.849892 0.000000 0.000000 0.000000 14.444909 20.644012 22.175469 -0.107900 2.126116 -5.811692 -5.823577 -19.078315 -55.057169 -1.338586 -7.325630 20.683734 -1.301289 0.464435 -5.880834 -2.033184 0.543851 -4.421962 -1.333411 0.221954 -1.249214 0.416858 -2.585588 -2.226861 3.464603 -3.577543 2.170924 0.940440 -1.745441 1.099421 0.000000 0.000000 0.000000 0.868569 -1.013239 -14.332917 11.554649 -19.133406 -1.953854 -0.000002 0.000001 -13.167681 14.628171 -7.451476 -1.938654 -7.125020 0.000002 0.000000 -8.874871 22.310406 4.898914 0.000000 0.000000 0.000000 14.848429 -5.203972 -45.290413 -10.602907 17.677048 -1.653324 0.000001 -0.000002 16.329636 -23.299813 -47.065046 17.500226 7.125020 -0.000002 0.000000 36.126832 -77.306921 -27.947194
1.109962 17.807579 28.163710 3.170846 -83.779412 4.979660 0.000000 0.000000 0.000000 -7.086481 -9.078554 13.200596 0.074229 -1.738593 -4.883870 2.585485 -5.432289 -32.249536 5.263280 13.674290 41.948072 0.000000 0.000000 0.000000 14.465959 20.757171 22.156460 -0.107226 2.118959 -5.794800 -5.846581 -19.006776 -55.142325 -1.367274 -7.400547 20.907586 -1.248542 0.481883 -5.935631 -2.020492 0.565673 -4.428690 -1.348588 0.231653 -1.224963 0.415474 -2.578314 -2.342414 3.492775 -3.574001 2.267049 0.947961 -1.740901 1.150313 0.000000 0.000000 0.000000 0.816992 -1.050387 -14.756203 11.531462 -19.098276 -1.946261 -0.000002 0.000001 -12.731315 14.523776 -7.510131 -1.939255 -7.125020 0.000002 0.000000 -8.948310 22.254727 4.951931 0.000000 0.000000 0.000000 14.822222 -5.183466 -45.241843 -10.590008 17.657111 -1.649410 0.000001 -0.000002 16.270284 -23.185843 -47.104844 17.421011 7.125020 -0.000002 0.000000 36.390892 -77.288342 -28.147480
1.104100 17.807702 28.166337 2.838296 -83.871892 5.350604 0.000000 0.000000 0.000000 -7.053867 -9.127028 13.239930 0.074885 -1.745343 -4.907721 2.589277 -5.450766 -32.368385 5.287490 13.700416 42.050389 0.000000 0.000000 0.000000 14.493232 20.853439 22.136138 -0.106472 2.111350 -5.774832 -5.886333 -18.862705 -55.230528 -1.423736 -7.545441 21.341703 -1.196972 0.496431 -5.976412 -1.999794 0.583644 -4.433453 -1.355100 0.239695 -1.206573 0.374439 -2.569038 -2.478853 3.548158 -3.568548 2.389648 0.970386 -1.734759 1.214782 0.000000 0.000000 0.000000 0.761497 -1.064594 -15.077540 11.516508 -19.075611 -1.941371 -0.000002 0.000000 -12.411793 14.472516 -7.593578 -1.953535 -7.125020 0.000002 0.000000 -8.982182 22.171739 4.988198 0.000000 0.000000 0.000000 14.790349 -5.142038 -45.289262 -10.579615 17.641045 -1.646259 0.000001 -0.000002 16.316175 -23.056793 -47.122710 17.324138 7.125020 -0.000002 0.000000 36.597083 -77.248558 -28.285819
1.098519 17.808241 28.169149 2.587389 -83.956133 5.631114 0.000000 0.000000 0.000000 -7.037122 -9.172159 13.283208 0.075429 -1.750853 -4.927561 2.592355 -5.451487 -32.476543 5.309609 13.724200 42.143697 0.000000 0.000000 0.000000 14.503003 20.913831 22.111595 -0.105805 2.104999 -5.756074 -5.928914 -18.684893 -55.295802 -1.493725 -7.720602 21.868618 -1.151256 0.513491 -6.004547 -1.979683 0.605099 -4.435974 -1.358809 0.249690 -1.192856 0.298448 -2.565105 -2.623863 3.622798 -3.570085 2.524606 1.004455 -1.731821 1.286147 0.000000 0.000000 0.000000 0.709532 -1.059707 -15.237645 11.515000 -19.073324 -1.940878 -0.000002 0.000000 -12.274112 14.478244 -7.678068 -1.976049 -7.125020 0.000002 0.000000 -8.974695 22.085437 5.001652 0.000000 0.000000 0.000000 14.755493 -5.080602 -45.528274 -10.570737 17.627317 -1.643570 0.000001 -0.000002 16.567187 -22.920944 -47.109818 17.213787 7.125020 -0.000002 0.000000 36.706589 -77.184904 -28.328909
1.093016 17.809096 28.172546 2.542503 -84.032004 5.697381 0.000000 0.000000 0.000000 -7.049481 -9.187095 13.316952 0.075674 -1.753136 -4.936955 2.592860 -5.444343 -32.543201 5.327635 13.743524 42.219623 0.000000 0.000000 0.000000 14.473297 20.918084 22.075380 -0.105293 2.100605 -5.740398 -5.957380 -18.516487 -55.305648 -1.559258 -7.880415 22.351449 -1.112937 0.538377 -6.023397 -1.970213 0.637122 -4.435895 -1.368837 0.265024 -1.181395 0.207093 -2.575060 -2.763480 3.698355 -3.589141 2.653308 1.041128 -1.737820 1.355433 0.000000 0.000000 0.000000 0.672608 -1.039878 -15.196448 11.532360 -19.099636 -1.946554 -0.000002 0.000000 -12.365348 14.528422 -7.738597 -1.998740 -7.125020 0.000002 0.000000 -8.935942 22.021754 4.992622 0.000000 0.000000 0.000000 14.724078 -5.048457 -45.805465 -10.567379 17.622124 -1.642553 0.000001 -0.000002 16.867727 -22.820317 -47.079294 17.126543 7.125020 -0.000002 0.000000 36.717390 -77.123344 -28.293748
1.087510 17.810085 28.176639 2.766331 -84.097187 5.487871 0.000000 0.000000 0.000000 -7.093647 -9.162360 13.334126 0.075582 -1.751709 -4.934849 2.587895 -5.451450 -32.551573 5.345869 13.763018 42.296323 0.000000 0.000000 0.000000 14.395099 20.857989 22.024342 -0.104955 2.098268 -5.728589 -5.959456 -18.394901 -55.241645 -1.603596 -7.986369 22.672689 -1.083909 0.570366 -6.035201 -1.977281 0.678766 -4.433359 -1.390234 0.285139 -1.171087 0.127063 -2.601494 -2.886952 3.754522 -3.628777 2.761082 1.069627 -1.754674 1.415074 0.000000 0.000000 0.000000 0.660620 -1.005470 -14.956227 11.569344 -19.155658 -1.958673 -0.000002 0.000000 -12.684637 14.604706 -7.762372 -2.015729 -7.125020 0.000002 0.000000 -8.879685 21.994460 4.966152 0.000000 0.000000 0.000000 14.702799 -5.096786 -45.871650 -10.574041 17.632427 -1.644571 0.000001 -0.000002 16.964641 -22.804585 -47.049599 17.106351 7.125020 -0.000002 0.000000 36.635843 -77.096519 -28.208882
1.082045 17.811007 28.181205 3.230499 -84.147601 5.032841 0.000000 0.000000 0.000000 -7.160845 -9.108752 13.334960 0.075232 -1.747293 -4.924332 2.574887 -5.495474 -32.501778 5.373485 13.792438 42.412279 0.000000 0.000000 0.000000 14.283206 20.760734 21.972072 -0.104830 2.098084 -5.722521 -5.937014 -18.342907 -55.131075 -1.618921 -8.022598 22.782740 -1.066579 0.602076 -6.041475 -1.999052 0.720287 -4.429270 -1.420240 0.305210 -1.162232 0.080425 -2.637833 -2.987398 3.777268 -3.680291 2.840643 1.082082 -1.778258 1.460487 0.000000 0.000000 0.000000 0.676086 -0.955941 -14.570720 11.619583 -19.231687 -1.975190 -0.000002 0.000000 -13.169535 14.693567 -7.748970 -2.024883 -7.125020 0.000002 0.000000 -8.815703 22.004561 4.927711 0.000000 0.000000 0.000000 14.693451 -5.225162 -45.638128 -10.589446 17.656247 -1.649240 0.000001 -0.000002 16.769466 -22.883885 -47.022243 17.161551 7.125020 -0.000002 0.000000 36.454948 -77.109529 -28.072262
1.076732 17.811783 28.185880 3.826768 -84.180677 4.443575 0.000000 0.000000 0.000000 -7.235211 -9.042517 13.320923 0.074711 -1.740776 -4.908433 2.553462 -5.585542 -32.400114 5.418073 13.839681 42.598993 0.000000 0.000000 0.000000 14.171699 20.686860 21.946567 -0.104989 2.100294 -5.725323 -5.906343 -18.363031 -55.045537 -1.610182 -8.001961 22.720039 -1.060334 0.625498 -6.044993 -2.027833 0.751094 -4.424565 -1.451785 0.320028 -1.154511 0.074875 -2.673181 -3.062432 3.763658 -3.729393 2.891872 1.076582 -1.801468 1.490611 0.000000 0.000000 0.000000 0.713984 -0.893651 -14.113923 11.673537 -19.313243 -1.992998 -0.000002 0.000000 -13.730241 14.791592 -7.702099 -2.026541 -7.125020 0.000002 0.000000 -8.746296 22.048453 4.879455 0.000000 0.000000 0.000000 14.692480 -5.377090 -45.273914 -10.605530 17.681107 -1.654121 0.000001 -0.000002 16.454275 -23.010330 -46.978359 17.249477 7.125020 -0.000002 0.000000 36.165255 -77.130056 -27.853281
1.071671 17.812522 28.190411 4.413129 -84.198213 3.866496 0.000000 0.000000 0.000000 -7.300038 -8.970466 13.289154 0.074038 -1.732492 -4.887392 2.526398 -5.714761 -32.250671 5.481153 13.905975 42.862082 0.000000 0.000000 0.000000 14.094331 20.694162 21.969662 -0.105448 2.104665 -5.738351 -5.886205 -18.440774 -55.054950 -1.589687 -7.953313 22.572370 -1.058224 0.638678 -6.051114 -2.055072 0.768525 -4.419142 -1.480039 0.328259 -1.144886 0.099124 -2.700302 -3.115151 3.724277 -3.766610 2.919367 1.058518 -1.819435 1.507725 0.000000 0.000000 0.000000 0.765326 -0.826450 -13.645616 11.723613 -19.388851 -2.009591 -0.000002 0.000000 -14.294259 14.900087 -7.626266 -2.021938 -7.125020 0.000002 0.000000 -8.670345 22.121533 4.821754 0.000000 0.000000 0.000000 14.695640 -5.481107 -45.086113 -10.612625 17.692070 -1.656277 0.000001 -0.000002 16.324070 -23.100571 -46.895656 17.298583 7.125020 -0.000002 0.000000 35.788076 -77.108861 -27.534761
1.066927 17.813434 28.194762 4.866822 -84.207062 3.429086 0.000000 0.000000 0.000000 -7.343526 -8.890720 13.235739 0.073213 -1.722679 -4.860461 2.499384 -5.863694 -32.063263 5.556399 13.984238 43.174315 0.000000 0.000000 0.000000 14.067142 20.802956 22.039461 -0.106062 2.109687 -5.757717 -5.884033 -18.559356 -55.179650 -1.566427 -7.897661 22.403678 -1.048700 0.646184 -6.066386 -2.074777 0.778457 -4.411968 -1.504953 0.332722 -1.128460 0.127928 -2.717606 -3.151301 3.680578 -3.789849 2.928454 1.038889 -1.830882 1.515584 0.000000 0.000000 0.000000 0.818430 -0.768519 -13.220733 11.764070 -19.449874 -2.023042 -0.000002 0.000000 -14.804783 15.012650 -7.533102 -2.013139 -7.125020 0.000002 0.000000 -8.592091 22.212225 4.759362 0.000000 0.000000 0.000000 14.698943 -5.508213 -45.237000 -10.607349 17.683917 -1.654674 0.000001 -0.000002 16.529920 -23.090868 -46.774093 17.258721 7.125020 -0.000002 0.000000 35.400572 -77.019803 -27.161562
1.062522 17.814658 28.199053 5.127734 -84.217415 3.193570 0.000000 0.000000 0.000000 -7.363326 -8.803504 13.164747 0.072302 -1.712259 -4.829315 2.479067 -6.004956 -31.865001 5.630605 14.060563 43.480566 0.000000 0.000000 0.000000 14.084142 20.990242 22.132362 -0.106531 2.112710 -5.774527 -5.892135 -18.710352 -55.380277 -1.540922 -7.836091 22.217338 -1.023053 0.653386 -6.093948 -2.084059 0.787798 -4.402589 -1.528062 0.336760 -1.102814 0.136124 -2.724112 -3.172803 3.655580 -3.797732 2.921855 1.029223 -1.834938 1.516526 0.000000 0.000000 0.000000 0.858323 -0.734750 -12.913424 11.788542 -19.486758 -2.031198 -0.000002 0.000000 -15.192661 15.110670 -7.445952 -2.003712 -7.125020 0.000002 0.000000 -8.524203 22.297427 4.704022 0.000000 0.000000 0.000000 14.696499 -5.492516 -45.565957 -10.595478 17.665570 -1.651070 0.000001 -0.000002 16.898510 -22.980687 -46.645811 17.138257 7.125020 -0.000002 0.000000 35.113783 -76.885070 -26.838947
1.058453 17.816142 28.203392 5.222281 -84.238399 3.130606 0.000000 0.000000 0.000000 -7.367729 -8.716046 13.090858 0.071439 -1.702757 -4.798527 2.469731 -6.113163 -31.692707 5.689641 14.120688 43.723058 0.000000 0.000000 0.000000 14.123271 21.206642 22.218940 -0.106570 2.111409 -5.779787 -5.893649 -18.893214 -55.583259 -1.507565 -7.754680 21.971410 -0.982990 0.661487 -6.129661 -2.082559 0.798061 -4.392170 -1.548021 0.341167 -1.071459 0.108987 -2.716001 -3.173654 3.665414 -3.785046 2.898300 1.037301 -1.828973 1.509747 0.000000 0.000000 0.000000 0.870413 -0.730391 -12.793399 11.792312 -19.492438 -2.032456 -0.000002 0.000001 -15.390713 15.173318 -7.389414 -1.997406 -7.125020 0.000002 0.000000 -8.480881 22.352767 4.668517 0.000000 0.000000 0.000000 14.682699 -5.494723 -45.725287 -10.587216 17.652797 -1.648563 0.000001 -0.000002 17.078782 -22.822226 -46.558026 16.990932 7.125020 -0.000002 0.000000 35.018504 -76.759405 -26.676520
1.054703 17.817678 28.207753 5.238434 -84.273104 3.145820 0.000000 0.000000 0.000000 -7.370261 -8.637828 13.031327 0.070765 -1.695686 -4.773352 2.471752 -6.175320 -31.571956 5.725394 14.156846 43.869426 0.000000 0.000000 0.000000 14.158816 21.401269 22.278982 -0.106090 2.105366 -5.769977 -5.871305 -19.113652 -55.719468 -1.458660 -7.633442 21.606134 -0.939718 0.668209 -6.163943 -2.071958 0.806354 -4.382825 -1.560539 0.344680 -1.042108 0.043524 -2.689954 -3.143513 3.715706 -3.747198 2.853276 1.065642 -1.810817 1.492124 0.000000 0.000000 0.000000 0.848408 -0.747388 -12.870719 11.777521 -19.470147 -2.027523 -0.000002 0.000001 -15.386813 15.191059 -7.372443 -1.995417 -7.125020 0.000002 0.000000 -8.468698 22.369410 4.658235 0.000000 0.000000 0.000000 14.655734 -5.562803 -45.419146 -10.591881 17.660008 -1.649978 0.000001 -0.000002 16.780906 -22.685768 -46.549685 16.882045 7.125020 -0.000002 0.000000 35.150619 -76.699066 -26.740173
1.051255 17.819061 28.212017 5.261774 -84.317212 3.148804 0.000000 0.000000 0.000000 -7.380896 -8.574931 12.995066 0.070362 -1.691921 -4.757057 2.483044 -6.193494 -31.506882 5.737734 14.169282 43.919857 0.000000 0.000000 0.000000 14.173797 21.542334 22.306313 -0.105239 2.096265 -5.748475 -5.814497 -19.382130 -55.753603 -1.387688 -7.453316 21.065508 -0.904573 0.671670 -6.188347 -2.055572 0.810370 -4.376508 -1.562885 0.346298 -1.021644 -0.050558 -2.648527 -3.077020 3.798096 -3.687536 2.782433 1.109950 -1.782312 1.460967 0.000000 0.000000 0.000000 0.799269 -0.771290 -13.075404 11.753606 -19.434092 -2.019559 -0.000002 0.000001 -15.247838 15.170681 -7.384513 -1.995913 -7.125020 0.000002 0.000000 -8.483113 22.357842 4.668524 0.000000 0.000000 0.000000 14.617546 -5.720299 -44.529438 -10.614853 17.695512 -1.656954 0.000001 -0.000002 15.893250 -22.636523 -46.635559 16.866244 7.125020 -0.000002 0.000000 35.479087 -76.740382 -27.030287
1.048080 17.820258 28.216146 5.351379 -84.362772 3.080896 0.000000 0.000000 0.000000 -7.403942 -8.528715 12.978124 0.070198 -1.691014 -4.748841 2.500416 -6.181607 -31.485688 5.732720 14.164232 43.899371 0.000000 0.000000 0.000000 14.161109 21.622119 22.303889 -0.104303 2.086922 -5.722867 -5.722037 -19.707543 -55.687888 -1.291940 -7.201866 20.314807 -0.883190 0.672752 -6.200652 -2.038065 0.811375 -4.374614 -1.556669 0.346662 -1.012743 -0.151130 -2.601027 -2.979661 3.890245 -3.618672 2.685372 1.159056 -1.749848 1.416304 0.000000 0.000000 0.000000 0.740081 -0.789897 -13.289680 11.732359 -19.402044 -2.012495 -0.000002 0.000001 -15.089578 15.131059 -7.406152 -1.996275 -7.125020 0.000002 0.000000 -8.511141 22.337252 4.688298 0.000000 0.000000 0.000000 14.571285 -5.955001 -43.186567 -10.653257 17.754827 -1.668646 0.000001 -0.000002 14.548820 -22.705554 -46.793216 16.961882 7.125020 -0.000002 0.000000 35.905137 -76.879013 -27.467244
1.045132 17.821407 28.220274 5.567645 -84.403847 2.886026 0.000000 0.000000 0.000000 -7.442859 -8.496126 12.968013 0.070124 -1.691077 -4.743916 2.519520 -6.159750 -31.489501 5.720072 14.151476 43.847660 0.000000 0.000000 0.000000 14.116098 21.648145 22.277207 -0.103559 2.080034 -5.701008 -5.601289 -20.085704 -55.546297 -1.175273 -6.880941 19.363126 -0.878171 0.674509 -6.204589 -2.024751 0.813529 -4.377557 -1.545654 0.347798 -1.013659 -0.232982 -2.559143 -2.864349 3.966179 -3.556558 2.565608 1.199944 -1.721356 1.360649 0.000000 0.000000 0.000000 0.688427 -0.796966 -13.407002 11.722841 -19.387683 -2.009335 -0.000002 0.000001 -15.019567 15.094785 -7.421539 -1.995391 -7.125020 0.000002 0.000000 -8.536955 22.322942 4.705628 0.000000 0.000000 0.000000 14.521546 -6.212622 -41.760252 -10.694467 17.818425 -1.681235 0.000001 -0.000002 13.118717 -22.860937 -46.965002 17.129048 7.125020 -0.000002 0.000000 36.290267 -77.061125 -27.904555
1.042363 17.822674 28.224567 5.969425 -84.438723 2.509168 0.000000 0.000000 0.000000 -7.501265 -8.469199 12.951430 0.069942 -1.689639 -4.735855 2.535607 -6.146800 -31.496955 5.710007 14.141309 43.806479 0.000000 0.000000 0.000000 14.035991 21.635046 22.233078 -0.103163 2.077021 -5.687724 -5.468866 -20.483618 -55.364488 -1.051716 -6.521167 18.304302 -0.891496 0.679756 -6.205754 -2.019759 0.820771 -4.384091 -1.532707 0.351648 -1.019902 -0.279656 -2.531496 -2.744273 4.008624 -3.513012 2.428196 1.223940 -1.702609 1.297415 0.000000 0.000000 0.000000 0.653324 -0.792571 -13.385787 11.728474 -19.396182 -2.011205 -0.000002 0.000001 -15.084784 15.079188 -7.425091 -1.994179 -7.125020 0.000002 0.000000 -8.548161 22.319928 4.712538 0.000000 0.000000 0.000000 14.476838 -6.431588 -40.634366 -10.725418 17.866156 -1.690718 0.000001 -0.000002 11.988562 -23.028303 -47.090696 17.293680 7.125020 -0.000002 0.000000 36.520700 -77.215341 -28.199870
1.039764 17.824094 28.229061 6.575515 -84.467505 1.931996 0.000000 0.000000 0.000000 -7.579473 -8.436567 12.919239 0.069488 -1.684701 -4.719078 2.545612 -6.153151 -31.487631 5.709444 14.140740 43.804175 0.000000 0.000000 0.000000 13.925926 21.602794 22.182023 -0.103116 2.077613 -5.683756 -5.353584 -20.827410 -55.192807 -0.946564 -6.196247 17.354894 -0.922909 0.688872 -6.207838 -2.024380 0.833786 -4.391492 -1.519206 0.358563 -1.026582 -0.286612 -2.521050 -2.629890 4.011496 -3.492239 2.279535 1.228152 -1.695517 1.230339 0.000000 0.000000 0.000000 0.633993 -0.782140 -13.260695 11.746087 -19.422752 -2.017058 -0.000002 0.000001 -15.257635 15.090222 -7.418984 -1.994047 -7.125020 0.000002 0.000000 -8.540347 22.325745 4.707029 0.000000 0.000000 0.000000 14.445830 -6.593646 -39.925409 -10.744982 17.896309 -1.696725 0.000001 -0.000002 11.276589 -23.153836 -47.146196 17.407001 7.125020 -0.000002 0.000000 36.567263 -77.304096 -28.300981
1.037383 17.825550 28.233670 7.350614 -84.489262 1.187369 0.000000 0.000000 0.000000 -7.673764 -8.389999 12.869134 0.068699 -1.675564 -4.691073 2.549483 -6.176344 -31.449261 5.719238 14.150636 43.844253 0.000000 0.000000 0.000000 13.799378 21.573059 22.137385 -0.103320 2.080514 -5.687236 -5.288008 -21.028525 -55.085961 -0.885793 -5.999442 16.782804 -0.968141 0.699594 -6.211841 -2.037079 0.849586 -4.396751 -1.506084 0.367034 -1.030048 -0.257721 -2.525904 -2.529423 3.975409 -3.491956 2.128585 1.213415 -1.698714 1.163759 0.000000 0.000000 0.000000 0.626110 -0.772331 -13.097230 11.768344 -19.456315 -2.024466 -0.000002 0.000001 -15.476546 15.124178 -7.403897 -1.994645 -7.125020 0.000002 0.000000 -8.516178 22.339851 4.690728 0.000000 0.000000 0.000000 14.430903 -6.727817 -39.463024 -10.763918 17.925485 -1.702549 0.000001 -0.000002 10.815620 -23.236486 -47.151450 17.473345 7.125020 -0.000002 0.000000 36.492244 -77.341035 -28.266812
1.035275 17.826845 28.238299 8.208177 -84.502288 0.357964 0.000000 0.000000 0.000000 -7.776873 -8.331287 12.807687 0.067664 -1.663366 -4.654458 2.549206 -6.203720 -31.384141 5.735250 14.166781 43.909709 0.000000 0.000000 0.000000 13.673512 21.560936 22.110227 -0.103654 2.084285 -5.695375 -5.283302 -21.058594 -55.068635 -0.876479 -5.968641 16.693465 -1.017787 0.708823 -6.217012 -2.054205 0.863804 -4.397653 -1.495076 0.374788 -1.028410 -0.202947 -2.541800 -2.448843 3.905073 -3.506749 1.986463 1.182980 -1.709257 1.102427 0.000000 0.000000 0.000000 0.627129 -0.765183 -12.934726 11.789203 -19.487753 -2.031419 -0.000002 0.000001 -15.700576 15.174388 -7.373368 -1.993297 -7.125020 0.000002 0.000000 -8.480740 22.369129 4.665168 0.000000 0.000000 0.000000 14.427444 -6.870856 -39.009267 -10.793686 17.971326 -1.711723 0.000001 -0.000002 10.373384 -23.300304 -47.149707 17.523108 7.125020 -0.000002 0.000000 36.414293 -77.365609 -28.221285
1.033459 17.827808 28.242897 9.022421 -84.506393 -0.434245 0.000000 0.000000 0.000000 -7.877796 -8.272407 12.748497 0.066602 -1.650736 -4.616646 2.546626 -6.222347 -31.307639 5.752685 14.184320 43.980906 0.000000 0.000000 0.000000 13.565338 21.571452 22.105366 -0.103990 2.087581 -5.704769 -5.319453 -20.979761 -55.122060 -0.901678 -6.051574 16.934133 -1.058416 0.714754 -6.221850 -2.071047 0.873560 -4.393222 -1.489023 0.380222 -1.021389 -0.137157 -2.564311 -2.390800 3.809977 -3.530926 1.863616 1.142466 -1.724104 1.050500 0.000000 0.000000 0.000000 0.635385 -0.758731 -12.780132 11.806594 -19.513953 -2.037224 -0.000002 0.000001 -15.917242 15.232713 -7.321098 -1.987158 -7.125020 0.000002 0.000000 -8.440200 22.420364 4.632496 0.000000 0.000000 0.000000 14.427869 -7.033908 -38.455084 -10.836719 18.037545 -1.725024 0.000001 -0.000002 9.845847 -23.353971 -47.179637 17.573388 7.125020 -0.000002 0.000000 36.455846 -77.407871 -28.284980
1.031929 17.828365 28.247421 9.679010 -84.504152 -1.076247 0.000000 0.000000 0.000000 -7.965062 -8.228671 12.704613 0.065751 -1.640510 -4.586249 2.542515 -6.227830 -31.240752 5.768846 14.200536 44.046818 0.000000 0.000000 0.000000 13.486991 21.604367 22.120453 -0.104180 2.088992 -5.711221 -5.369265 -20.874347 -55.214754 -0.938126 -6.169339 17.276545 -1.078383 0.717775 -6.225653 -2.084110 0.878875 -4.383946 -1.490869 0.383172 -1.009735 -0.075477 -2.589219 -2.353088 3.704156 -3.558978 1.765435 1.098994 -1.740405 1.009819 0.000000 0.000000 0.000000 0.647143 -0.754918 -12.645824 11.819450 -19.533316 -2.041521 -0.000002 0.000001 -16.109678 15.285326 -7.254202 -1.976237 -7.125020 0.000002 0.000000 -8.404385 22.486821 4.599524 0.000000 0.000000 0.000000 14.427384 -7.199632 -37.857518 -10.885231 18.112121 -1.740075 0.000001 -0.000002 9.289754 -23.386088 -47.254956 17.618798 7.125020 -0.000002 0.000000 36.678717 -77.472425 -28.511757
1.030685 17.828568 28.251792 10.133869 -84.500136 -1.521220 0.000000 0.000000 0.000000 -8.032332 -8.208912 12.680698 0.065263 -1.634510 -4.568968 2.537530 -6.224069 -31.200671 5.782327 14.214034 44.101747 0.000000 0.000000 0.000000 13.440570 21.658388 22.146988 -0.104091 2.087284 -5.710778 -5.419684 -20.779934 -55.328500 -0.972686 -6.278730 17.595317 -1.073969 0.719797 -6.229523 -2.093181 0.882021 -4.371988 -1.502368 0.384672 -0.994965 -0.026421 -2.611656 -2.328209 3.602717 -3.584459 1.690191 1.058956 -1.754966 0.978947 0.000000 0.000000 0.000000 0.657078 -0.762892 -12.568976 11.824909 -19.541536 -2.043347 -0.000002 0.000001 -16.240640 15.313534 -7.194288 -1.963860 -7.125020 0.000002 0.000000 -8.386117 22.547088 4.577564 0.000000 0.000000 0.000000 14.427441 -7.336845 -37.366445 -10.925959 18.174673 -1.752758 0.000001 -0.000002 8.849230 -23.384830 -47.359787 17.645694 7.125020 -0.000002 0.000000 37.044461 -77.543188 -28.859853
1.029741 17.828535 28.255905 10.413191 -84.499318 -1.790538 0.000000 0.000000 0.000000 -8.079621 -8.208476 12.671594 0.065165 -1.633158 -4.565832 2.533157 -6.217056 -31.191325 5.792102 14.223803 44.141540 0.000000 0.000000 0.000000 13.419554 21.731716 22.175124 -0.103688 2.082256 -5.702235 -5.468015 -20.699961 -55.454438 -1.001397 -6.368008 17.855992 -1.049409 0.722788 -6.234848 -2.100736 0.885584 -4.360590 -1.523573 0.386000 -0.979648 0.011037 -2.625807 -2.306285 3.517746 -3.599716 1.632320 1.026206 -1.764058 0.954547 0.000000 0.000000 0.000000 0.661776 -0.791410 -12.587421 11.820388 -19.534728 -2.041835 -0.000002 0.000001 -16.273837 15.303371 -7.162222 -1.953847 -7.125020 0.000002 0.000000 -8.394771 22.580307 4.575881 0.000000 0.000000 0.000000 14.433456 -7.412928 -37.141376 -10.945030 18.203944 -1.758711 0.000001 -0.000002 8.677344 -23.343959 -47.459047 17.639710 7.125020 -0.000002 0.000000 37.438484 -77.593519 -29.217368
1.029094 17.828377 28.259669 10.556119 -84.505181 -1.920392 0.000000 0.000000 0.000000 -8.108592 -8.212028 12.667598 0.065393 -1.635834 -4.574265 2.530951 -6.212788 -31.200561 5.799266 14.230955 44.170692 0.000000 0.000000 0.000000 13.417300 21.822671 22.200456 -0.103085 2.075110 -5.688334 -5.513775 -20.630077 -55.586558 -1.024333 -6.438328 18.061650 -1.011494 0.727710 -6.240828 -2.108969 0.890925 -4.352519 -1.552900 0.387891 -0.967135 0.043230 -2.626027 -2.279984 3.457151 -3.597444 1.587853 1.002332 -1.764085 0.934013 0.000000 0.000000 0.000000 0.662059 -0.839943 -12.705838 11.807178 -19.514833 -2.037420 -0.000002 0.000001 -16.202424 15.254581 -7.163125 -1.947571 -7.125020 0.000002 0.000000 -8.430314 22.581231 4.595482 0.000000 0.000000 0.000000 14.449306 -7.407950 -37.271361 -10.933824 18.186746 -1.755212 0.000001 -0.000002 8.859074 -23.261087 -47.518857 17.589900 7.125020 -0.000002 0.000000 37.741345 -77.599810 -29.469276
1.028728 17.828159 28.263071 10.573522 -84.518200 -1.922232 0.000000 0.000000 0.000000 -8.118857 -8.204856 12.661083 0.065850 -1.641455 -4.590421 2.531244 -6.219409 -31.209067 5.808432 14.240095 44.207966 0.000000 0.000000 0.000000 13.431687 21.927858 22.224367 -0.102439 2.067490 -5.673292 -5.556767 -20.564306 -55.719889 -1.043860 -6.497521 18.234996 -0.965435 0.734603 -6.244147 -2.117293 0.898220 -4.348808 -1.586860 0.390541 -0.960422 0.074070 -2.609018 -2.247752 3.425306 -3.573464 1.557063 0.988078 -1.752932 0.917085 0.000000 0.000000 0.000000 0.660217 -0.901062 -12.898535 11.789530 -19.488245 -2.031528 -0.000002 0.000001 -16.044448 15.178946 -7.187354 -1.943959 -7.125020 0.000002 0.000000 -8.484508 22.559306 4.629979 0.000000 0.000000 0.000000 14.473569 -7.333303 -37.700299 -10.896214 18.128993 -1.743491 0.000001 -0.000002 9.334972 -23.147758 -47.526810 17.502176 7.125020 -0.000002 0.000000 37.893820 -77.558873 -29.564067
1.028626 17.827907 28.266216 10.475109 -84.536102 -1.808515 0.000000 0.000000 0.000000 -8.111824 -8.181626 12.650047 0.066444 -1.648911 -4.610849 2.533485 -6.242119 -31.204165 5.823626 14.255218 44.269702 0.000000 0.000000 0.000000 13.459965 22.038576 22.248468 -0.101842 2.060363 -5.659548 -5.596692 -20.496343 -55.847432 -1.062946 -6.554794 18.402922 -0.916077 0.743154 -6.241078 -2.122810 0.907319 -4.348582 -1.619792 0.394051 -0.960789 0.100650 -2.576115 -2.213594 3.422300 -3.529538 1.542618 0.983843 -1.731426 0.905350 0.000000 0.000000 0.000000 0.654374 -0.971054 -13.148400 11.769661 -19.458300 -2.024905 -0.000002 0.000001 -15.805884 15.090563 -7.222308 -1.941445 -7.125020 0.000002 0.000000 -8.547551 22.526913 4.671538 0.000000 0.000000 0.000000 14.500246 -7.231480 -38.241132 -10.848438 18.055564 -1.728654 0.000001 -0.000002 9.913722 -23.033487 -47.495714 17.403423 7.125020 -0.000002 0.000000 37.909411 -77.491492 -29.527721
1.028763 17.827600 28.269298 10.324912 -84.555558 -1.646420 0.000000 0.000000 0.000000 -8.097540 -8.146512 12.638384 0.067102 -1.657309 -4.633005 2.537556 -6.272819 -31.186851 5.841783 14.273247 44.343394 0.000000 0.000000 0.000000 13.492428 22.142621 22.272890 -0.101332 2.054173 -5.647951 -5.634940 -20.418414 -55.963495 -1.085249 -6.621010 18.597322 -0.870812 0.752679 -6.229710 -2.123233 0.917812 -4.349324 -1.645216 0.398447 -0.966861 0.114113 -2.533513 -2.183461 3.443996 -3.473540 1.544606 0.989613 -1.703505 0.900057 0.000000 0.000000 0.000000 0.637809 -1.052349 -13.464559 11.746023 -19.422655 -2.017037 -0.000002 0.000000 -15.467779 14.999443 -7.258722 -1.938860 -7.125020 0.000002 0.000000 -8.612504 22.493157 4.714523 0.000000 0.000000 0.000000 14.522756 -7.150454 -38.686050 -10.809572 17.995776 -1.716627 0.000001 -0.000002 10.383826 -22.949862 -47.450389 17.325257 7.125020 -0.000002 0.000000 37.842492 -77.427084 -29.426302
1.029097 17.827179 28.272517 10.237289 -84.573333 -1.552853 0.000000 0.000000 0.000000 -8.093284 -8.108084 12.632869 0.067768 -1.665913 -4.654866 2.544003 -6.290510 -31.167548 5.852482 14.283848 44.386775 0.000000 0.000000 0.000000 13.514528 22.229616 22.298494 -0.100963 2.049551 -5.639865 -5.675385 -20.322248 -56.069363 -1.115398 -6.709341 18.857077 -0.837875 0.761715 -6.210617 -2.118968 0.928332 -4.347564 -1.658958 0.403255 -0.974900 0.104088 -2.489249 -2.160948 3.484820 -3.415524 1.557397 1.005209 -1.674305 0.900307 0.000000 0.000000 0.000000 0.604797 -1.145117 -13.855475 11.716840 -19.378626 -2.007343 -0.000002 0.000000 -15.020437 14.911627 -7.290599 -1.935421 -7.125020 0.000002 0.000000 -8.675198 22.463936 4.755442 0.000000 0.000000 0.000000 14.537550 -7.121305 -38.894367 -10.793173 17.970534 -1.711564 0.000001 -0.000002 10.603072 -22.912080 -47.416343 17.286375 7.125020 -0.000002 0.000000 37.765643 -77.388870 -29.335986
1.029592 17.826608 28.276014 10.299529 -84.585933 -1.616102 0.000000 0.000000 0.000000 -8.112928 -8.073766 12.637521 0.068369 -1.673866 -4.673992 2.553418 -6.273152 -31.155645 5.844064 14.275508 44.352646 0.000000 0.000000 0.000000 13.515988 22.294185 22.326823 -0.100803 2.047205 -5.637216 -5.718689 -20.214028 -56.169629 -1.154112 -6.820854 19.185712 -0.820445 0.768049 -6.186114 -2.112261 0.936229 -4.340422 -1.661635 0.407210 -0.980732 0.065928 -2.450043 -2.146835 3.537941 -3.363849 1.572917 1.029179 -1.648163 0.903794 0.000000 0.000000 0.000000 0.555981 -1.242080 -14.301819 11.682896 -19.327379 -1.996095 -0.000002 0.000001 -14.494511 14.831617 -7.317601 -1.931665 -7.125020 0.000002 0.000000 -8.732369 22.439415 4.792421 0.000000 0.000000 0.000000 14.544524 -7.154263 -38.807487 -10.804992 17.988728 -1.715212 0.000001 -0.000002 10.513288 -22.915593 -47.416911 17.289245 7.125020 -0.000002 0.000000 37.764003 -77.390694 -29.336054
1.030260 17.825914 28.279855 10.514459 -84.589212 -1.837966 0.000000 0.000000 0.000000 -8.159180 -8.046951 12.650371 0.068822 -1.680171 -4.687454 2.565934 -6.208358 -31.152443 5.809291 14.240952 44.211462 0.000000 0.000000 0.000000 13.497207 22.337971 22.359465 -0.100884 2.047366 -5.641150 -5.757938 -20.124028 -56.266286 -1.193617 -6.932534 19.515654 -0.814260 0.769293 -6.158851 -2.105275 0.938161 -4.327183 -1.658002 0.408518 -0.982126 0.006207 -2.420792 -2.141163 3.592337 -3.324782 1.586378 1.056902 -1.628331 0.908763 0.000000 0.000000 0.000000 0.498863 -1.330750 -14.752981 11.647558 -19.273985 -1.984415 -0.000002 0.000001 -13.959570 14.766218 -7.345078 -1.929954 -7.125020 0.000002 0.000000 -8.778861 22.413859 4.823688 0.000000 0.000000 0.000000 14.544527 -7.241161 -38.443459 -10.842486 18.046411 -1.726810 0.000001 -0.000002 10.134993 -22.948351 -47.467544 17.328371 7.125020 -0.000002 0.000000 37.904843 -77.437991 -29.485329
1.031138 17.825192 28.284028 10.826427 -84.580011 -2.160330 0.000000 0.000000 0.000000 -8.225693 -8.026069 12.664927 0.069061 -1.684093 -4.693104 2.580791 -6.098473 -31.150741 5.748216 14.179828 43.962664 0.000000 0.000000 0.000000 13.466070 22.368825 22.397998 -0.101202 2.049874 -5.651835 -5.785282 -20.082734 -56.359965 -1.223649 -7.016070 19.762988 -0.812353 0.763912 -6.130859 -2.099386 0.931672 -4.309629 -1.653505 0.405746 -0.979715 -0.060043 -2.404472 -2.141565 3.634487 -3.302308 1.596112 1.081592 -1.616891 0.913760 0.000000 0.000000 0.000000 0.444732 -1.396644 -15.133714 11.616697 -19.227322 -1.974240 -0.000002 0.000001 -13.507931 14.727396 -7.376134 -1.932778 -7.125020 0.000002 0.000000 -8.805870 22.383627 4.844975 0.000000 0.000000 0.000000 14.537395 -7.356391 -37.900916 -10.894479 18.126328 -1.742952 0.000001 -0.000002 9.572614 -23.002232 -47.564218 17.396320 7.125020 -0.000002 0.000000 38.186357 -77.524455 -29.778472
1.032244 17.824545 28.288421 11.180924 -84.559154 -2.525416 0.000000 0.000000 0.000000 -8.302988 -8.003678 12.672566 0.069074 -1.685441 -4.690537 2.596254 -5.961357 -31.137614 5.669312 14.100044 43.639674 0.000000 0.000000 0.000000 13.428660 22.392713 22.440114 -0.101735 2.054512 -5.668597 -5.801167 -20.087885 -56.450348 -1.242056 -7.066706 19.913142 -0.811326 0.752407 -6.103983 -2.095103 0.917111 -4.290907 -1.650564 0.398929 -0.975652 -0.117827 -2.400939 -2.140105 3.654557 -3.296238 1.598434 1.097743 -1.613894 0.915768 0.000000 0.000000 0.000000 0.403849 -1.426976 -15.363936 11.597600 -19.198431 -1.967955 -0.000002 0.000001 -13.227831 14.728585 -7.406861 -1.941008 -7.125020 0.000002 0.000000 -8.803808 22.352176 4.850127 0.000000 0.000000 0.000000 14.522087 -7.461130 -37.349741 -10.943304 18.201295 -1.758172 0.000001 -0.000002 9.004636 -23.068660 -47.680004 17.479304 7.125020 -0.000002 0.000000 38.527240 -77.628261 -30.134019
1.033559 17.824034 28.292832 11.556635 -84.532347 -2.908541 0.000000 0.000000 0.000000 -8.382598 -7.970184 12.665704 0.068891 -1.684506 -4.681052 2.610086 -5.825595 -31.101292 5.587730 14.016567 43.303821 0.000000 0.000000 0.000000 13.383055 22.405011 22.475347 -0.102420 2.060819 -5.689109 -5.812783 -20.107674 -56.530069 -1.254975 -7.101997 20.017897 -0.813425 0.737314 -6.080509 -2.091864 0.897853 -4.273408 -1.647161 0.389759 -0.971100 -0.158425 -2.406759 -2.127184 3.649692 -3.301893 1.586527 1.103184 -1.617174 0.910703 0.000000 0.000000 0.000000 0.380404 -1.416222 -15.399967 11.595139 -19.194706 -1.967146 -0.000002 0.000001 -13.159651 14.773449 -7.432497 -1.953950 -7.125020 0.000002 0.000000 -8.770212 22.324218 4.836765 0.000000 0.000000 0.000000 14.497616 -7.516698 -36.972846 -10.971524 18.244589 -1.766997 0.000001 -0.000002 8.621403 -23.130482 -47.779703 17.554507 7.125020 -0.000002 0.000000 38.821041 -77.719079 -30.442563
1.035047 17.823656 28.297040 11.961485 -84.507230 -3.315572 0.000000 0.000000 0.000000 -8.459344 -7.923937 12.643253 0.068588 -1.682028 -4.667683 2.620123 -5.718815 -31.041939 5.519275 13.945736 43.020484 0.000000 0.000000 0.000000 13.322104 22.393660 22.489375 -0.103126 2.067748 -5.709073 -5.825085 -20.111640 -56.581688 -1.268115 -7.137685 20.123917 -0.824044 0.721190 -6.062340 -2.088314 0.877585 -4.257065 -1.638660 0.380208 -0.964953 -0.180547 -2.416743 -2.100562 3.623210 -3.312344 1.555955 1.098876 -1.623311 0.896718 0.000000 0.000000 0.000000 0.370281 -1.368678 -15.270369 11.608281 -19.214592 -1.971469 -0.000002 0.000001 -13.261866 14.844395 -7.453885 -1.969405 -7.125020 0.000002 0.000000 -8.717826 22.299588 4.812125 0.000000 0.000000 0.000000 14.464034 -7.502571 -36.870107 -10.971121 18.243971 -1.766871 0.000001 -0.000002 8.525550 -23.170897 -47.840120 17.602453 7.125020 -0.000002 0.000000 38.998425 -77.775123 -30.630266
1.036684 17.823368 28.300870 12.410470 -84.489039 -3.761628 0.000000 0.000000 0.000000 -8.532106 -7.876030 12.612920 0.068282 -1.679208 -4.654958 2.624987 -5.652876 -30.975161 5.472360 13.896771 42.825481 0.000000 0.000000 0.000000 13.241225 22.350981 22.473769 -0.103700 2.073907 -5.723866 -5.836245 -20.090466 -56.585205 -1.281474 -7.173754 20.231160 -0.847787 0.704560 -6.049443 -2.083105 0.857325 -4.240009 -1.621018 0.370926 -0.955362 -0.188337 -2.425810 -2.068501 3.582702 -3.321113 1.510325 1.087892 -1.628889 0.876469 0.000000 0.000000 0.000000 0.364626 -1.294963 -15.062215 11.630378 -19.248015 -1.978747 -0.000002 0.000000 -13.429924 14.904423 -7.476032 -1.983527 -7.125020 0.000002 0.000000 -8.673317 22.274628 4.792048 0.000000 0.000000 0.000000 14.423063 -7.425890 -37.001792 -10.947871 18.208303 -1.759599 0.000001 -0.000002 8.676667 -23.189917 -47.858473 17.622382 7.125020 -0.000002 0.000000 39.045570 -77.794891 -30.683866
1.038470 17.823114 28.304237 12.909746 -84.478335 -4.254570 0.000000 0.000000 0.000000 -8.603196 -7.843149 12.586570 0.068097 -1.677419 -4.647420 2.624780 -5.617472 -30.922539 5.444030 13.867036 42.707401 0.000000 0.000000 0.000000 13.141761 22.278579 22.429907 -0.104043 2.078303 -5.730869 -5.840819 -20.052305 -56.528979 -1.291043 -7.199461 20.307648 -0.886006 0.686567 -6.039399 -2.075837 0.836023 -4.221133 -1.593136 0.361443 -0.942566 -0.188564 -2.430717 -2.043016 3.538280 -3.324452 1.461497 1.074427 -1.631713 0.855988 0.000000 0.000000 0.000000 0.357675 -1.208623 -14.862213 11.651771 -19.280356 -1.985805 -0.000002 0.000000 -13.560878 14.916166 -7.505759 -1.992857 -7.125020 0.000002 0.000000 -8.663538 22.243834 4.792880 0.000000 0.000000 0.000000 14.377878 -7.316597 -37.226649 -10.916635 18.160354 -1.749850 0.000001 -0.000002 8.933307 -23.203284 -47.847837 17.630242 7.125020 -0.000002 0.000000 38.992280 -77.793456 -30.638876
1.040426 17.822865 28.307169 13.445044 -84.472359 -4.782384 0.000000 0.000000 0.000000 -8.675245 -7.837047 12.573540 0.068112 -1.677662 -4.647761 2.621075 -5.590265 -30.899214 5.424395 13.846352 42.625416 0.000000 0.000000 0.000000 13.029480 22.182914 22.365151 -0.104146 2.080735 -5.730128 -5.835303 -20.008387 -56.414741 -1.293258 -7.205397 20.325317 -0.935150 0.667415 -6.028793 -2.067650 0.813678 -4.201429 -1.558221 0.351661 -0.929414 -0.187420 -2.430702 -2.030835 3.500903 -3.322002 1.424278 1.062835 -1.631305 0.841398 0.000000 0.000000 0.000000 0.351401 -1.126117 -14.714148 11.663016 -19.297350 -1.989520 -0.000002 0.000001 -13.601008 14.862075 -7.552446 -1.997330 -7.125020 0.000002 0.000000 -8.700854 22.198327 4.823469 0.000000 0.000000 0.000000 14.332663 -7.212992 -37.395428 -10.892094 18.122662 -1.742209 0.000001 -0.000002 9.147627 -23.226818 -47.827128 17.643582 7.125020 -0.000002 0.000000 38.891086 -77.789614 -30.552597
1.042581 17.822659 28.309773 13.968197 -84.468757 -5.299012 0.000000 0.000000 0.000000 -8.746399 -7.857603 12.576313 0.068332 -1.680152 -4.655829 2.616269 -5.554383 -30.907215 5.405524 13.826416 42.546509 0.000000 0.000000 0.000000 12.913990 22.072370 22.288174 -0.104042 2.081406 -5.722987 -5.820555 -19.965437 -56.257599 -1.287442 -7.189800 20.278899 -0.986286 0.649035 -6.015228 -2.060640 0.792304 -4.182869 -1.523386 0.342363 -0.919062 -0.186904 -2.426364 -2.030104 3.479732 -3.315054 1.408593 1.056279 -1.628165 0.835750 0.000000 0.000000 0.000000 0.352191 -1.063042 -14.624012 11.659626 -19.292227 -1.988399 -0.000002 0.000001 -13.545033 14.751230 -7.624271 -2.000245 -7.125020 0.000002 0.000000 -8.778355 22.129452 4.881716 0.000000 0.000000 0.000000 14.292389 -7.145318 -37.417331 -10.882587 18.108054 -1.739253 0.000001 -0.000002 9.229184 -23.266873 -47.811795 17.671510 7.125020 -0.000002 0.000000 38.791815 -77.796051 -30.475517
1.044965 17.822566 28.312130 14.415604 -84.467947 -5.741964 0.000000 0.000000 0.000000 -8.810087 -7.893184 12.589926 0.068697 -1.684303 -4.669031 2.612573 -5.508226 -30.937333 5.386796 13.806574 42.468087 0.000000 0.000000 0.000000 12.806775 21.958419 22.206719 -0.103756 2.080363 -5.710563 -5.800115 -19.929281 -56.082364 -1.275041 -7.156410 20.179582 -1.029647 0.633134 -5.998386 -2.056598 0.773634 -4.167052 -1.495881 0.334182 -0.913136 -0.182670 -2.418457 -2.032713 3.477740 -3.304759 1.414079 1.055021 -1.622927 0.837560 0.000000 0.000000 0.000000 0.365004 -1.025054 -14.578270 11.645239 -19.270483 -1.983648 -0.000002 0.000001 -13.418379 14.616118 -7.719085 -2.005501 -7.125020 0.000002 0.000000 -8.872585 22.038182 4.954146 0.000000 0.000000 0.000000 14.261744 -7.124368 -37.269832 -10.889294 18.118359 -1.741338 0.000001 -0.000002 9.153049 -23.320035 -47.809165 17.713233 7.125020 -0.000002 0.000000 38.724892 -77.816188 -30.435193
1.047593 17.822627 28.314240 14.760232 -84.472292 -6.083121 0.000000 0.000000 0.000000 -8.860849 -7.931636 12.606357 0.069128 -1.689233 -4.684517 2.610697 -5.463502 -30.980434 5.373670 13.792634 42.413062 0.000000 0.000000 0.000000 12.715309 21.855577 22.126172 -0.103287 2.077381 -5.693341 -5.777308 -19.908664 -55.914915 -1.257922 -7.110020 20.041723 -1.062109 0.619447 -5.980472 -2.056437 0.757136 -4.155082 -1.478416 0.326752 -0.911505 -0.165166 -2.407887 -2.029478 3.488156 -3.292115 1.432592 1.055451 -1.616290 0.842414 0.000000 0.000000 0.000000 0.391681 -1.004531 -14.551669 11.628197 -19.244716 -1.978027 -0.000002 0.000001 -13.262914 14.503822 -7.821369 -2.015752 -7.125020 0.000002 0.000000 -8.950050 21.938472 5.018796 0.000000 0.000000 0.000000 14.243015 -7.138381 -36.988199 -10.907148 18.145783 -1.746894 0.000001 -0.000002 8.950587 -23.374120 -47.817081 17.758482 7.125020 -0.000002 0.000000 38.695633 -77.843624 -30.431268
1.050460 17.822817 28.316051 15.026544 -84.483898 -6.343315 0.000000 0.000000 0.000000 -8.898034 -7.971176 12.619860 0.069592 -1.694428 -4.701410 2.609369 -5.435100 -31.036819 5.372309 13.791187 42.407353 0.000000 0.000000 0.000000 12.640769 21.779607 22.049280 -0.102629 2.072192 -5.671567 -5.754128 -19.912993 -55.775019 -1.237387 -7.053906 19.875168 -1.088245 0.606512 -5.966348 -2.060074 0.741101 -4.147476 -1.468385 0.319278 -0.912113 -0.124392 -2.396060 -2.016037 3.495903 -3.278599 1.456417 1.051232 -1.609191 0.846663 0.000000 0.000000 0.000000 0.431368 -0.989630 -14.521755 11.614385 -19.223826 -1.973477 -0.000002 0.000001 -13.113358 14.457962 -7.910054 -2.031990 -7.125020 0.000002 0.000000 -8.979978 21.849947 5.053931 0.000000 0.000000 0.000000 14.234463 -7.159145 -36.660234 -10.925554 18.174047 -1.752631 0.000001 -0.000002 8.705026 -23.408771 -47.823791 17.787932 7.125020 -0.000002 0.000000 38.682919 -77.862295 -30.434497
1.053549 17.823082 28.317532 15.239174 -84.502806 -6.542891 0.000000 0.000000 0.000000 -8.922683 -8.017806 12.627707 0.070097 -1.699812 -4.720312 2.606547 -5.429742 -31.110961 5.384564 13.804205 42.458736 0.000000 0.000000 0.000000 12.583774 21.745528 21.978593 -0.101791 2.064723 -5.645911 -5.731863 -19.947772 -55.676313 -1.214174 -6.989843 19.685282 -1.112733 0.594066 -5.961861 -2.065713 0.725553 -4.143433 -1.461254 0.311882 -0.910987 -0.057224 -2.385274 -1.994943 3.484503 -3.266771 1.482170 1.036661 -1.603023 0.849304 0.000000 0.000000 0.000000 0.480116 -0.975795 -14.483049 11.604186 -19.208396 -1.970121 -0.000002 0.000002 -12.980898 14.497723 -7.968876 -2.053040 -7.125020 0.000002 0.000000 -8.949081 21.788289 5.048594 0.000000 0.000000 0.000000 14.230066 -7.157757 -36.402360 -10.931708 18.183493 -1.754551 0.000001 -0.000002 8.526551 -23.402345 -47.813758 17.780211 7.125020 -0.000002 0.000000 38.652876 -77.853122 -30.402893
1.056845 17.823394 28.318721 15.384810 -84.526557 -6.666639 0.000000 0.000000 0.000000 -8.934496 -8.075696 12.628711 0.070640 -1.705308 -4.741223 2.600889 -5.442167 -31.200833 5.406957 13.827931 42.552507 0.000000 0.000000 0.000000 12.548848 21.764495 21.919286 -0.100820 2.055250 -5.617919 -5.711794 -20.011685 -55.628008 -1.189228 -6.920232 19.479267 -1.134693 0.584232 -5.970354 -2.069856 0.713560 -4.140508 -1.453708 0.306182 -0.903731 0.028873 -2.379173 -1.972318 3.442984 -3.260854 1.507710 1.009482 -1.599960 0.850688 0.000000 0.000000 0.000000 0.532770 -0.965948 -14.431277 11.595748 -19.195628 -1.967346 -0.000002 0.000002 -12.875615 14.610509 -7.991147 -2.075446 -7.125020 0.000002 0.000000 -8.866692 21.760809 5.006629 0.000000 0.000000 0.000000 14.221154 -7.121759 -36.304597 -10.916862 18.160701 -1.749921 0.000001 -0.000002 8.497481 -23.348925 -47.779151 17.728547 7.125020 -0.000002 0.000000 38.583593 -77.808521 -30.312883
1.060322 17.823791 28.319692 15.447233 -84.551725 -6.700082 0.000000 0.000000 0.000000 -8.934645 -8.143474 12.623504 0.071191 -1.710645 -4.762936 2.592165 -5.460206 -31.297798 5.433022 13.855446 42.661452 0.000000 0.000000 0.000000 12.539352 21.838589 21.877669 -0.099799 2.044572 -5.590066 -5.695173 -20.097203 -55.632031 -1.164204 -6.849586 19.270515 -1.151496 0.579669 -5.990326 -2.069602 0.708770 -4.135834 -1.444045 0.304066 -0.888154 0.122749 -2.381625 -1.952774 3.367575 -3.265428 1.529451 0.970336 -1.602356 0.850702 0.000000 0.000000 0.000000 0.587448 -0.961963 -14.343674 11.589093 -19.185556 -1.965159 -0.000002 0.000002 -12.831989 14.760548 -7.978787 -2.094385 -7.125020 0.000002 0.000000 -8.758596 21.767099 4.943037 0.000000 0.000000 0.000000 14.201106 -7.057068 -36.389532 -10.880573 18.104958 -1.738627 0.000001 -0.000002 8.635272 -23.265816 -47.723208 17.647645 7.125020 -0.000002 0.000000 38.469765 -77.737664 -30.167064
1.063939 17.824344 28.320489 15.437609 -84.576066 -6.658276 0.000000 0.000000 0.000000 -8.927017 -8.216828 12.614863 0.071719 -1.715570 -4.784069 2.581165 -5.472685 -31.394417 5.456389 13.880022 42.758943 0.000000 0.000000 0.000000 12.550700 21.952839 21.854157 -0.098857 2.034154 -5.565530 -5.681650 -20.194076 -55.674866 -1.140854 -6.782904 19.073778 -1.163384 0.580154 -6.016478 -2.064711 0.710882 -4.128176 -1.431939 0.305430 -0.865930 0.219932 -2.393202 -1.936288 3.261800 -3.281115 1.544097 0.921107 -1.610553 0.848490 0.000000 0.000000 0.000000 0.646949 -0.960043 -14.199498 11.586075 -19.180989 -1.964167 -0.000002 0.000002 -12.884159 14.902344 -7.939114 -2.104925 -7.125020 0.000002 0.000000 -8.657441 21.801666 4.877816 0.000000 0.000000 0.000000 14.170541 -6.972820 -36.623602 -10.829634 18.026641 -1.722830 0.000001 -0.000002 8.909176 -23.175960 -47.651153 17.557218 7.125020 -0.000002 0.000000 38.307345 -77.653304 -29.971768
1.067645 17.825082 28.321084 15.355247 -84.599005 -6.544616 0.000000 0.000000 0.000000 -8.912731 -8.289831 12.605562 0.072203 -1.719968 -4.803584 2.569643 -5.474586 -31.486304 5.472993 13.897434 42.828119 0.000000 0.000000 0.000000 12.571351 22.068781 21.836567 -0.098143 2.025967 -5.547530 -5.667077 -20.291314 -55.719799 -1.120051 -6.722858 18.896866 -1.170303 0.581913 -6.042458 -2.056568 0.714660 -4.118485 -1.419182 0.307628 -0.841640 0.321004 -2.409214 -1.919611 3.139964 -3.302098 1.551861 0.866266 -1.621572 0.843772 0.000000 0.000000 0.000000 0.715913 -0.952033 -14.002075 11.588963 -19.185361 -1.965117 -0.000002 0.000002 -13.034090 14.995005 -7.880584 -2.103188 -7.125020 0.000002 0.000000 -8.592531 21.857603 4.829238 0.000000 0.000000 0.000000 14.136928 -6.871190 -36.950784 -10.774211 17.941335 -1.705718 0.000001 -0.000002 9.273283 -23.091829 -47.564525 17.467624 7.125020 -0.000002 0.000000 38.089931 -77.561428 -29.726456
1.071420 17.825945 28.321403 15.160711 -84.619985 -6.323432 0.000000 0.000000 0.000000 -8.887779 -8.353098 12.595683 0.072614 -1.723700 -4.820125 2.559947 -5.465948 -31.566267 5.480895 13.905703 42.861005 0.000000 0.000000 0.000000 12.589879 22.137010 21.805473 -0.097768 2.021680 -5.537977 -5.645423 -20.377230 -55.719357 -1.102024 -6.670324 18.742277 -1.168181 0.581379 -6.062143 -2.046307 0.714947 -4.108131 -1.409553 0.307985 -0.820113 0.419146 -2.423588 -1.901511 3.028214 -3.320989 1.557521 0.815143 -1.631524 0.838410 0.000000 0.000000 0.000000 0.797977 -0.928798 -13.755152 11.600928 -19.203469 -1.969051 -0.000002 0.000002 -13.270808 15.017859 -7.809362 -2.087804 -7.125020 0.000002 0.000000 -8.578630 21.929439 4.806837 0.000000 0.000000 0.000000 14.108457 -6.756861 -37.305647 -10.724798 17.865198 -1.690528 0.000001 -0.000002 9.671382 -23.020629 -47.466180 17.385324 7.125020 -0.000002 0.000000 37.821238 -77.466716 -29.437954
1.075318 17.826824 28.321392 14.814743 -84.637192 -5.958979 0.000000 0.000000 0.000000 -8.848383 -8.396085 12.583775 0.072928 -1.726683 -4.832401 2.554156 -5.447367 -31.623793 5.479215 13.903947 42.854015 0.000000 0.000000 0.000000 12.603985 22.133759 21.752942 -0.097721 2.021430 -5.536017 -5.614890 -20.444532 -55.653222 -1.087018 -6.626229 18.612654 -1.151512 0.578970 -6.069889 -2.034553 0.711955 -4.097013 -1.406819 0.306525 -0.804285 0.494302 -2.434722 -1.885142 2.956426 -3.336155 1.567681 0.780278 -1.639355 0.836014 0.000000 0.000000 0.000000 0.892674 -0.887698 -13.451734 11.624479 -19.239093 -1.976804 -0.000002 0.000002 -13.583556 14.977529 -7.732803 -2.061805 -7.125020 0.000002 0.000000 -8.610702 22.009329 4.809195 0.000000 0.000000 0.000000 14.088653 -6.649807 -37.611321 -10.690459 17.812241 -1.680009 0.000001 -0.000002 10.028492 -22.972746 -47.364725 17.320758 7.125020 -0.000002 0.000000 37.520739 -77.379013 -29.129589
1.079440 17.827614 28.321074 14.323475 -84.648610 -5.460043 0.000000 0.000000 0.000000 -8.795698 -8.415045 12.570966 0.073176 -1.729360 -4.841235 2.552914 -5.420588 -31.653776 5.469902 13.894195 42.815243 0.000000 0.000000 0.000000 12.622765 22.081840 21.692741 -0.097863 2.023565 -5.538387 -5.579519 -20.498765 -55.547766 -1.074111 -6.588037 18.500483 -1.117810 0.578637 -6.062114 -2.021997 0.710882 -4.083504 -1.412837 0.305847 -0.794334 0.522788 -2.446361 -1.874032 2.944817 -3.352616 1.585661 0.771730 -1.647452 0.839201 0.000000 0.000000 0.000000 0.991740 -0.841002 -13.119538 11.656632 -19.287702 -1.987412 -0.000002 0.000002 -13.921070 14.897831 -7.667226 -2.033072 -7.125020 0.000002 0.000000 -8.670907 22.079581 4.829549 0.000000 0.000000 0.000000 14.075844 -6.583058 -37.781103 -10.677440 17.792155 -1.676028 0.000001 -0.000002 10.254212 -22.963775 -47.272055 17.289311 7.125020 -0.000002 0.000000 37.211535 -77.312632 -28.830486
1.083849 17.828254 28.320548 13.752228 -84.653497 -4.892425 0.000000 0.000000 0.000000 -8.736225 -8.416798 12.561481 0.073441 -1.732579 -4.849732 2.554868 -5.392725 -31.662226 5.459736 13.883536 42.772893 0.000000 0.000000 0.000000 12.655202 22.025250 21.646867 -0.098061 2.026238 -5.542403 -5.544599 -20.554795 -55.447990 -1.060465 -6.547382 18.381178 -1.070090 0.584816 -6.039208 -2.009875 0.717888 -4.065996 -1.426854 0.309098 -0.788302 0.493266 -2.464347 -1.867812 2.993004 -3.377749 1.608734 0.791173 -1.659574 0.847397 0.000000 0.000000 0.000000 1.081541 -0.812351 -12.837417 11.688423 -19.335727 -1.997925 -0.000002 0.000002 -14.184125 14.804422 -7.633704 -2.010872 -7.125020 0.000002 0.000000 -8.739853 22.117622 4.861322 0.000000 0.000000 0.000000 14.065611 -6.591661 -37.723719 -10.688814 17.809705 -1.679505 0.000001 -0.000002 10.253473 -23.010709 -47.200492 17.307587 7.125020 -0.000002 0.000000 36.914559 -77.282934 -28.568288
1.088535 17.828742 28.319925 13.204592 -84.652643 -4.356639 0.000000 0.000000 0.000000 -8.679490 -8.414562 12.558434 0.073791 -1.736881 -4.860815 2.557819 -5.373603 -31.663659 5.456853 13.880510 42.760877 0.000000 0.000000 0.000000 12.698607 21.992513 21.626105 -0.098299 2.029007 -5.548305 -5.513748 -20.621380 -55.381823 -1.043962 -6.497827 18.235893 -1.016834 0.600072 -6.005554 -1.999641 0.736823 -4.044861 -1.445373 0.318309 -0.784169 0.415951 -2.493761 -1.863212 3.076675 -3.417723 1.630782 0.829364 -1.679031 0.857512 0.000000 0.000000 0.000000 1.153027 -0.819850 -12.668224 11.711309 -19.370281 -2.005509 -0.000002 0.000001 -14.301768 14.718527 -7.639751 -2.000134 -7.125020 0.000002 0.000000 -8.801849 22.114950 4.897317 0.000000 0.000000 0.000000 14.052687 -6.701569 -37.360969 -10.725307 17.865985 -1.690684 0.000001 -0.000002 9.947308 -23.117732 -47.165193 17.382899 7.125020 -0.000002 0.000000 36.673919 -77.302221 -28.386870
1.093447 17.829150 28.319262 12.765244 -84.648335 -3.930572 0.000000 0.000000 0.000000 -8.633013 -8.421411 12.560680 0.074254 -1.742372 -4.875896 2.560854 -5.366642 -31.675807 5.464162 13.888179 42.791337 0.000000 0.000000 0.000000 12.741673 21.988097 21.624402 -0.098637 2.032493 -5.557827 -5.488678 -20.695416 -55.352061 -1.025313 -6.441312 18.070383 -0.968025 0.623863 -5.968370 -1.992000 0.767326 -4.023191 -1.463498 0.333387 -0.781254 0.321200 -2.536864 -1.857267 3.154668 -3.475072 1.646854 0.868536 -1.707353 0.866020 0.000000 0.000000 0.000000 1.209316 -0.861800 -12.595574 11.722856 -19.387707 -2.009340 -0.000002 0.000001 -14.294201 14.655360 -7.669255 -1.998742 -7.125020 0.000002 0.000000 -8.846478 22.087421 4.928434 0.000000 0.000000 0.000000 14.032459 -6.915953 -36.667805 -10.785489 17.958704 -1.709194 0.000001 -0.000002 9.312083 -23.268560 -47.186784 17.507978 7.125020 -0.000002 0.000000 36.577069 -77.378332 -28.362103
1.098525 17.829612 28.318569 12.457272 -84.643938 -3.629022 0.000000 0.000000 0.000000 -8.598702 -8.443797 12.562881 0.074830 -1.749010 -4.895035 2.565211 -5.364558 -31.712211 5.477085 13.901718 42.845151 0.000000 0.000000 0.000000 12.773179 22.000981 21.624201 -0.099092 2.037041 -5.570993 -5.468022 -20.770474 -55.342325 -1.006408 -6.383445 17.901115 -0.930236 0.652013 -5.936467 -1.986887 0.803987 -4.005138 -1.477704 0.351631 -0.779142 0.249666 -2.591137 -1.848379 3.184474 -3.546309 1.654479 0.888836 -1.742993 0.870030 0.000000 0.000000 0.000000 1.264150 -0.915980 -12.535028 11.726826 -19.393696 -2.010658 -0.000002 0.000001 -14.254473 14.622833 -7.692753 -2.000141 -7.125020 0.000002 0.000000 -8.869126 22.064786 4.946029 0.000000 0.000000 0.000000 14.003787 -7.203589 -35.712681 -10.864366 18.080053 -1.733594 0.000001 -0.000002 8.417004 -23.441971 -47.284092 17.671289 7.125020 -0.000002 0.000000 36.716567 -77.515535 -28.572500
1.103698 17.830233 28.317851 12.277812 -84.642043 -3.443117 0.000000 0.000000 0.000000 -8.576644 -8.477251 12.557189 0.075470 -1.756339 -4.916302 2.572763 -5.355628 -31.774058 5.487566 13.912678 42.888754 0.000000 0.000000 0.000000 12.782445 22.010342 21.604637 -0.099601 2.042272 -5.585244 -5.447705 -20.841584 -55.323922 -0.988483 -6.328024 17.739189 -0.907793 0.677646 -5.918048 -1.984483 0.837767 -3.992898 -1.486154 0.368508 -0.775783 0.235586 -2.649213 -1.836456 3.139083 -3.621810 1.652899 0.876342 -1.781215 0.867782 0.000000 0.000000 0.000000 1.333846 -0.949277 -12.383239 11.730530 -19.399285 -2.011888 -0.000002 0.000001 -14.295779 14.624277 -7.684674 -1.998183 -7.125020 0.000002 0.000000 -8.868344 22.072990 4.944011 0.000000 0.000000 0.000000 13.970478 -7.502871 -34.661863 -10.952038 18.214696 -1.760901 0.000001 -0.000002 7.427889 -23.624406 -47.456395 17.862147 7.125020 -0.000002 0.000000 37.117277 -77.707029 -29.035728
1.108892 17.830992 28.317143 12.265403 -84.642285 -3.410786 0.000000 0.000000 0.000000 -8.571647 -8.509108 12.536784 0.076062 -1.763159 -4.935648 2.583554 -5.334356 -31.849118 5.490171 13.915400 42.899588 0.000000 0.000000 0.000000 12.756589 21.991911 21.551312 -0.100088 2.047727 -5.597706 -5.424823 -20.901173 -55.269244 -0.972801 -6.279087 17.596357 -0.907914 0.693722 -5.917329 -1.985394 0.859695 -3.984912 -1.485828 0.379635 -0.767508 0.289099 -2.701454 -1.823586 3.018241 -3.689091 1.643711 0.829451 -1.815704 0.859683 0.000000 0.000000 0.000000 1.427375 -0.932807 -12.067558 11.741653 -19.416066 -2.015584 -0.000002 0.000001 -14.502530 14.658841 -7.634263 -1.989937 -7.125020 0.000002 0.000000 -8.845164 22.123050 4.920744 0.000000 0.000000 0.000000 13.938185 -7.743864 -33.734043 -11.034747 18.341491 -1.786841 0.000002 -0.000002 6.565033 -23.791697 -47.668975 18.052184 7.125020 -0.000002 0.000000 37.698319 -77.918120 -29.664219
1.114062 17.831683 28.316466 12.481342 -84.641635 -3.598607 0.000000 0.000000 0.000000 -8.590915 -8.525551 12.499824 0.076477 -1.768054 -4.948851 2.595219 -5.303905 -31.917859 5.484183 13.909142 42.874683 0.000000 0.000000 0.000000 12.688229 21.933005 21.465955 -0.100541 2.053396 -5.607711 -5.400994 -20.938357 -55.170725 -0.961941 -6.244946 17.496795 -0.938981 0.695870 -5.932318 -1.989119 0.864530 -3.976777 -1.471769 0.382603 -0.751121 0.390675 -2.739505 -1.812484 2.848483 -3.737353 1.630404 0.759750 -1.840882 0.848149 0.000000 0.000000 0.000000 1.539283 -0.859044 -11.598403 11.763279 -19.448678 -2.022779 -0.000002 0.000001 -14.877039 14.713101 -7.550561 -1.975771 -7.125020 0.000002 0.000000 -8.809004 22.206308 4.883374 0.000000 0.000000 0.000000 13.909781 -7.872740 -33.131660 -11.098277 18.438733 -1.806884 0.000002 -0.000002 6.036194 -23.887392 -47.858747 18.179378 7.125020 -0.000002 0.000000 38.295928 -78.082857 -30.277019
1.119201 17.831987 28.315759 12.914596 -84.637858 -4.004002 0.000000 0.000000 0.000000 -8.634300 -8.516137 12.450239 0.076644 -1.770244 -4.953539 2.605393 -5.266048 -31.961802 5.469147 13.893404 42.812097 0.000000 0.000000 0.000000 12.588516 21.846882 21.368688 -0.101010 2.059589 -5.617224 -5.382090 -20.944321 -55.050722 -0.959683 -6.237822 17.476028 -1.001574 0.684123 -5.956317 -1.992646 0.852592 -3.963843 -1.440573 0.377717 -0.725582 0.504119 -2.759344 -1.803285 2.669386 -3.761382 1.614670 0.685573 -1.853977 0.835382 0.000000 0.000000 0.000000 1.650285 -0.751189 -11.097744 11.788854 -19.487227 -2.031302 -0.000002 0.000001 -15.307850 14.756072 -7.463038 -1.958943 -7.125020 0.000002 0.000000 -8.781225 22.293931 4.849902 0.000000 0.000000 0.000000 13.884465 -7.862643 -32.995217 -11.131548 18.489607 -1.817421 0.000002 -0.000002 5.986002 -23.843304 -47.963404 18.172314 7.125020 -0.000002 0.000000 38.736892 -78.132976 -30.678581
1.124335 17.831619 28.314855 13.444035 -84.633013 -4.513273 0.000000 0.000000 0.000000 -8.690349 -8.476260 12.395636 0.076575 -1.770013 -4.949896 2.614508 -5.212002 -31.972989 5.440144 13.862947 42.691182 0.000000 0.000000 0.000000 12.486981 21.769679 21.288648 -0.101583 2.066752 -5.629815 -5.376083 -20.914969 -54.952865 -0.969835 -6.269784 17.569223 -1.084104 0.662895 -5.981770 -1.991476 0.829415 -3.943454 -1.393878 0.367683 -0.692114 0.596850 -2.762628 -1.793867 2.514823 -3.763357 1.595339 0.622784 -1.855988 0.822216 0.000000 0.000000 0.000000 1.736353 -0.654212 -10.755733 11.803085 -19.508666 -2.036052 -0.000002 0.000001 -15.609588 14.750896 -7.411503 -1.944734 -7.125020 0.000002 0.000000 -8.786987 22.346698 4.842534 0.000000 0.000000 0.000000 13.860613 -7.708696 -33.405612 -11.128336 18.484697 -1.816403 0.000002 -0.000002 6.492268 -23.625770 -47.952971 17.996264 7.125020 -0.000002 0.000000 38.928944 -78.036568 -30.765355
1.129540 17.830486 28.313556 13.908674 -84.633150 -4.969156 0.000000 0.000000 0.000000 -8.742887 -8.409509 12.344963 0.076371 -1.768634 -4.940810 2.625657 -5.126588 -31.958991 5.390056 13.810033 42.481744 0.000000 0.000000 0.000000 12.415694 21.740420 21.249552 -0.102352 2.075365 -5.649043 -5.390044 -20.851087 -54.920734 -0.994561 -6.346877 17.794254 -1.168701 0.639160 -6.002379 -1.982425 0.803465 -3.916008 -1.338057 0.356500 -0.654223 0.651498 -2.755186 -1.782495 2.402644 -3.751022 1.571981 0.579655 -1.850739 0.809128 0.000000 0.000000 0.000000 1.780868 -0.611457 -10.728580 11.790986 -19.490438 -2.032014 -0.000002 0.000001 -15.622466 14.677208 -7.423343 -1.937502 -7.125020 0.000002 0.000000 -8.839934 22.337431 4.874523 0.000000 0.000000 0.000000 13.837371 -7.413128 -34.426556 -11.084968 18.418370 -1.802677 0.000001 -0.000002 7.610522 -23.249404 -47.832765 17.665362 7.125020 -0.000002 0.000000 38.882830 -77.803874 -30.553132
1.134938 17.828752 28.311739 14.199354 -84.644220 -5.262375 0.000000 0.000000 0.000000 -8.780332 -8.330098 12.307568 0.076194 -1.767987 -4.931593 2.641770 -4.998957 -31.940604 5.315446 13.730463 42.168294 0.000000 0.000000 0.000000 12.392457 21.779159 21.258656 -0.103317 2.085202 -5.675401 -5.426257 -20.757860 -54.974259 -1.032922 -6.464438 18.138086 -1.240549 0.619786 -6.012860 -1.965468 0.782951 -3.884822 -1.281038 0.348014 -0.617898 0.665594 -2.743664 -1.767099 2.335064 -3.733236 1.545993 0.557139 -1.842651 0.796409 0.000000 0.000000 0.000000 1.782329 -0.642395 -11.048890 11.749464 -19.427845 -2.018182 -0.000002 0.000001 -15.304544 14.546053 -7.494369 -1.937548 -7.125020 0.000002 0.000000 -8.932212 22.270049 4.940719 0.000000 0.000000 0.000000 13.811711 -6.982191 -36.095672 -10.999420 18.287359 -1.775740 0.000001 -0.000002 9.371971 -22.759527 -47.624081 17.222836 7.125020 -0.000002 0.000000 38.654269 -77.467043 -30.114286
1.140637 17.826795 28.309455 14.265473 -84.668118 -5.339587 0.000000 0.000000 0.000000 -8.796996 -8.264966 12.293533 0.076235 -1.770005 -4.929025 2.663012 -4.829718 -31.947975 5.219466 13.626765 41.762422 0.000000 0.000000 0.000000 12.417243 21.876216 21.302769 -0.104265 2.094131 -5.702827 -5.481034 -20.635395 -55.096803 -1.082274 -6.612221 18.571503 -1.289706 0.609487 -6.009331 -1.943032 0.773309 -3.854704 -1.230690 0.344715 -0.589989 0.645534 -2.732835 -1.743872 2.305256 -3.716321 1.518392 0.552007 -1.834928 0.783502 0.000000 0.000000 0.000000 1.754037 -0.734926 -11.606938 11.691819 -19.340853 -1.999049 -0.000002 0.000002 -14.757747 14.394284 -7.592519 -1.941491 -7.125020 0.000002 0.000000 -9.038389 22.175926 5.020406 0.000000 0.000000 0.000000 13.776221 -6.454872 -38.276607 -10.880443 18.104760 -1.738587 0.000001 -0.000002 11.636892 -22.228262 -47.361770 16.736109 7.125020 -0.000002 0.000000 38.317417 -77.077467 -29.551340
1.146676 17.825044 28.306910 14.056400 -84.701877 -5.146097 0.000000 0.000000 0.000000 -8.786657 -8.248859 12.311479 0.076642 -1.775926 -4.939160 2.685970 -4.636775 -32.012263 5.113450 13.510429 41.310542 0.000000 0.000000 0.000000 12.481741 22.000307 21.354987 -0.104788 2.098315 -5.719760 -5.548179 -20.469643 -55.247039 -1.142024 -6.786262 19.083679 -1.305913 0.610305 -5.991242 -1.918241 0.776494 -3.829762 -1.195913 0.347349 -0.574825 0.600547 -2.724888 -1.710405 2.306090 -3.703265 1.490345 0.560500 -1.829092 0.770024 0.000000 0.000000 0.000000 1.718357 -0.856070 -12.209140 11.639935 -19.262460 -1.981900 -0.000002 0.000002 -14.171462 14.265074 -7.680363 -1.945727 -7.125020 0.000002 0.000000 -9.128649 22.091537 5.089161 0.000000 0.000000 0.000000 13.725216 -5.920906 -40.564207 -10.752087 17.907257 -1.698909 0.000001 -0.000002 13.996877 -21.751945 -47.101498 16.295585 7.125020 -0.000002 0.000000 37.968739 -76.710479 -29.000213
1.153031 17.823786 28.304355 13.528573 -84.739599 -4.633804 0.000000 0.000000 0.000000 -8.741882 -8.309275 12.362735 0.077450 -1.785532 -4.964454 2.704408 -4.459404 -32.150341 5.018561 13.404668 40.902815 0.000000 0.000000 0.000000 12.576665 22.120737 21.390200 -0.104549 2.094623 -5.716456 -5.622199 -20.246590 -55.388233 -1.213615 -6.988290 19.680683 -1.279921 0.622117 -5.962566 -1.894642 0.791877 -3.811743 -1.185549 0.355383 -0.571833 0.539903 -2.720052 -1.669235 2.334274 -3.694663 1.464798 0.579998 -1.825386 0.757038 0.000000 0.000000 0.000000 1.700492 -0.970424 -12.663261 11.611152 -19.218932 -1.972415 -0.000002 0.000002 -13.731860 14.192002 -7.733757 -1.948999 -7.125020 0.000002 0.000000 -9.179582 22.040073 5.128768 0.000000 0.000000 0.000000 13.661611 -5.481000 -42.463525 -10.639135 17.733022 -1.664343 0.000001 -0.000002 15.953836 -21.417657 -46.899116 15.982739 7.125020 -0.000002 0.000000 37.683596 -76.438794 -28.573710
1.159691 17.823066 28.301972 12.723599 -84.775157 -3.840166 0.000000 0.000000 0.000000 -8.662231 -8.452460 12.438414 0.078556 -1.797117 -5.002511 2.711884 -4.347724 -32.355647 4.960398 13.339058 40.651320 0.000000 0.000000 0.000000 12.689179 22.221356 21.396006 -0.103524 2.082993 -5.691744 -5.697320 -19.976513 -55.503785 -1.295491 -7.211373 20.343109 -1.212313 0.643009 -5.930466 -1.876861 0.817110 -3.799445 -1.204069 0.367568 -0.575772 0.473611 -2.717133 -1.627136 2.387098 -3.689310 1.445080 0.607912 -1.823114 0.746421 0.000000 0.000000 0.000000 1.723288 -1.050762 -12.832752 11.612231 -19.220564 -1.972770 -0.000002 0.000002 -13.565437 14.190579 -7.743854 -1.951432 -7.125020 0.000002 0.000000 -9.180278 22.029851 5.131178 0.000000 0.000000 0.000000 13.595196 -5.199093 -43.633902 -10.555173 17.603242 -1.638860 0.000001 -0.000002 17.164626 -21.264076 -46.783613 15.833653 7.125020 -0.000002 0.000000 37.489203 -76.298146 -28.316898
1.166703 17.822735 28.299873 11.786338 -84.804015 -2.907759 0.000000 0.000000 0.000000 -8.558680 -8.660453 12.522465 0.079743 -1.808093 -5.046556 2.705447 -4.337969 -32.602008 4.955726 13.333763 40.631070 0.000000 0.000000 0.000000 12.799827 22.293715 21.370550 -0.102005 2.066466 -5.652873 -5.764841 -19.696677 -55.585382 -1.379377 -7.431883 21.001339 -1.115762 0.669363 -5.901608 -1.870096 0.848213 -3.789290 -1.249828 0.382037 -0.579412 0.414120 -2.713861 -1.593018 2.457571 -3.684496 1.433573 0.639943 -1.820834 0.739953 0.000000 0.000000 0.000000 1.801645 -1.080399 -12.658938 11.642045 -19.265650 -1.982596 -0.000002 0.000002 -13.722906 14.253296 -7.710061 -1.951837 -7.125020 0.000002 0.000000 -9.136205 22.061765 5.099307 0.000000 0.000000 0.000000 13.538785 -5.099824 -43.938453 -10.507975 17.530192 -1.624615 0.000001 -0.000002 17.489236 -21.272519 -46.760273 15.834141 7.125020 -0.000002 0.000000 37.407411 -76.285229 -28.242768
1.174150 17.822571 28.298122 10.903044 -84.823806 -2.023309 0.000000 0.000000 0.000000 -8.449303 -8.897593 12.596348 0.080722 -1.815541 -5.086470 2.687049 -4.436200 -32.851899 5.004279 13.388612 40.841173 0.000000 0.000000 0.000000 12.886211 22.327169 21.316220 -0.100423 2.049570 -5.610968 -5.812756 -19.457092 -55.618356 -1.450719 -7.613537 21.546269 -1.008731 0.696680 -5.878450 -1.878304 0.880202 -3.777361 -1.316750 0.396554 -0.577631 0.374783 -2.707835 -1.575890 2.532919 -3.677192 1.433032 0.669876 -1.816971 0.739390 0.000000 0.000000 0.000000 1.936324 -1.058055 -12.178524 11.694142 -19.344362 -1.999819 -0.000002 0.000002 -14.167758 14.353332 -7.637605 -1.947621 -7.125020 0.000002 0.000000 -9.066613 22.131612 5.045072 0.000000 0.000000 0.000000 13.502577 -5.178331 -43.409485 -10.503465 17.523208 -1.623257 0.000001 -0.000002 16.957982 -21.389264 -46.824084 15.940883 7.125020 -0.000002 0.000000 37.479108 -76.375422 -28.365616
1.182071 17.822349 28.296674 10.245029 -84.834885 -1.360077 0.000000 0.000000 0.000000 -8.353109 -9.121898 12.643210 0.081214 -1.817095 -5.111938 2.661575 -4.620324 -33.065246 5.092239 13.486923 41.219677 0.000000 0.000000 0.000000 12.930319 22.315045 21.239006 -0.099192 2.036735 -5.577130 -5.830194 -19.305631 -55.588977 -1.493045 -7.718920 21.863548 -0.910866 0.721409 -5.858804 -1.902021 0.909217 -3.762295 -1.394593 0.409514 -0.570588 0.363331 -2.697669 -1.580460 2.597069 -3.665469 1.447280 0.691446 -1.810554 0.746155 0.000000 0.000000 0.000000 2.110176 -1.003152 -11.523385 11.756290 -19.438141 -2.020453 -0.000002 0.000002 -14.775771 14.458959 -7.541851 -1.938073 -7.125020 0.000002 0.000000 -8.993918 22.225046 4.984290 0.000000 0.000000 0.000000 13.485489 -5.391395 -42.273835 -10.538642 17.577665 -1.633865 0.000001 -0.000002 15.801477 -21.556213 -46.956401 16.104131 7.125020 -0.000002 0.000000 37.716464 -76.532454 -28.669998
1.190391 17.821890 28.295313 9.949089 -84.840988 -1.055536 0.000000 0.000000 0.000000 -8.286899 -9.297742 12.652099 0.081106 -1.812279 -5.117693 2.634138 -4.849608 -33.211477 5.200167 13.605729 41.680449 0.000000 0.000000 0.000000 12.921909 22.263729 21.147424 -0.098588 2.030925 -5.559116 -5.814759 -19.267720 -55.499400 -1.497187 -7.729140 21.894363 -0.842794 0.742087 -5.839165 -1.937395 0.934027 -3.746883 -1.467955 0.420649 -0.563524 0.376390 -2.683000 -1.602828 2.636765 -3.648441 1.479206 0.701191 -1.801225 0.760250 0.000000 0.000000 0.000000 2.292249 -0.946916 -10.867106 11.813836 -19.524860 -2.039644 -0.000002 0.000001 -15.383077 14.548298 -7.447797 -1.926469 -7.125020 0.000002 0.000000 -8.932986 22.317454 4.930530 0.000000 0.000000 0.000000 13.475438 -5.663220 -40.903794 -10.599174 17.671281 -1.652192 0.000001 -0.000002 14.403026 -21.730129 -47.121000 16.281277 7.125020 -0.000002 0.000000 38.060146 -76.713692 -29.079095
1.198926 17.821092 28.293747 10.103141 -84.847910 -1.196075 0.000000 0.000000 0.000000 -8.262955 -9.405168 12.621057 0.080528 -1.803025 -5.106482 2.608397 -5.078527 -33.280234 5.309615 13.724207 42.143728 0.000000 0.000000 0.000000 12.855816 22.183603 21.044426 -0.098617 2.032260 -5.557358 -5.774348 -19.328348 -55.361703 -1.468436 -7.657858 21.679603 -0.823753 0.758309 -5.818367 -1.977650 0.954672 -3.736410 -1.519127 0.430294 -0.562984 0.401910 -2.663541 -1.631549 2.647857 -3.625152 1.528213 0.699994 -1.788667 0.779719 0.000000 0.000000 0.000000 2.450732 -0.911175 -10.341766 11.857718 -19.590914 -2.054334 -0.000002 0.000001 -15.865333 14.614095 -7.379072 -1.917936 -7.125020 0.000002 0.000000 -8.888092 22.384993 4.891112 0.000000 0.000000 0.000000 13.459444 -5.929858 -39.590477 -10.671054 17.782299 -1.674078 0.000001 -0.000002 13.068282 -21.891014 -47.279192 16.447022 7.125020 -0.000002 0.000000 38.409346 -76.884607 -29.487282
1.207440 17.819946 28.291806 10.717312 -84.859822 -1.790743 0.000000 0.000000 0.000000 -8.285278 -9.442472 12.557809 0.079764 -1.792609 -5.086955 2.585685 -5.274036 -33.281969 5.407558 13.828567 42.555019 0.000000 0.000000 0.000000 12.731640 22.075670 20.924238 -0.098997 2.037778 -5.563999 -5.721357 -19.437151 -55.181632 -1.423448 -7.544709 21.339506 -0.864040 0.769079 -5.798266 -2.015932 0.970122 -3.734532 -1.535343 0.438126 -0.572041 0.427600 -2.638793 -1.652696 2.635659 -3.594397 1.588220 0.691751 -1.772468 0.800714 0.000000 0.000000 0.000000 2.566393 -0.897150 -9.995251 11.888027 -19.636500 -2.064508 -0.000002 0.000001 -16.180061 14.657829 -7.346798 -1.915654 -7.125020 0.000002 0.000000 -8.857681 22.416228 4.867461 0.000000 0.000000 0.000000 13.429599 -6.167163 -38.412355 -10.749354 17.903045 -1.698069 0.000001 -0.000002 11.888150 -22.033831 -47.404610 16.590706 7.125020 -0.000002 0.000000 38.678514 -77.025714 -29.810408
1.215733 17.818515 28.289528 11.706131 -84.876267 -2.756466 0.000000 0.000000 0.000000 -8.347527 -9.423268 12.477455 0.079097 -1.783962 -5.068556 2.565254 -5.423329 -33.239275 5.487075 13.912166 42.886719 0.000000 0.000000 0.000000 12.559750 21.938409 20.783831 -0.099340 2.043347 -5.568511 -5.667512 -19.535148 -54.963406 -1.381193 -7.436573 21.015379 -0.959072 0.772919 -5.781431 -2.047654 0.978307 -3.740238 -1.514516 0.443123 -0.588289 0.447926 -2.608890 -1.655101 2.608978 -3.555954 1.647549 0.680296 -1.752702 0.818057 0.000000 0.000000 0.000000 2.638562 -0.892947 -9.803127 11.910094 -19.669668 -2.071929 -0.000002 0.000001 -16.354450 14.682635 -7.346139 -1.918893 -7.125020 0.000002 0.000000 -8.839676 22.415944 4.857356 0.000000 0.000000 0.000000 13.383710 -6.369330 -37.361511 -10.832608 18.031218 -1.723750 0.000001 -0.000002 10.860117 -22.148267 -47.483867 16.700713 7.125020 -0.000002 0.000000 38.826972 -77.124431 -30.004838
1.223735 17.816914 28.287060 12.886146 -84.892925 -3.915066 0.000000 0.000000 0.000000 -8.432861 -9.371789 12.397287 0.078691 -1.778628 -5.057482 2.545829 -5.529708 -33.178032 5.546364 13.973851 43.132777 0.000000 0.000000 0.000000 12.366454 21.784349 20.634445 -0.099417 2.046301 -5.565295 -5.622853 -19.582124 -54.728600 -1.355686 -7.370390 20.817428 -1.089219 0.769782 -5.768577 -2.070904 0.978631 -3.748419 -1.465666 0.444809 -0.605782 0.463394 -2.575556 -1.636659 2.576253 -3.512030 1.695087 0.668202 -1.730552 0.828156 0.000000 0.000000 0.000000 2.682928 -0.885951 -9.692992 11.929900 -19.699425 -2.078601 -0.000002 0.000001 -16.458214 14.694172 -7.359171 -1.923836 -7.125020 0.000002 0.000000 -8.830727 22.402205 4.855154 0.000000 0.000000 0.000000 13.324948 -6.534112 -36.445083 -10.917799 18.162144 -1.750213 0.000001 -0.000002 9.987279 -22.220805 -47.520177 16.767081 7.125020 -0.000002 0.000000 38.874615 -77.177787 -30.083493
1.231534 17.815332 28.284499 13.973052 -84.905706 -4.987025 0.000000 0.000000 0.000000 -8.513051 -9.317443 12.331215 0.078593 -1.776840 -5.056017 2.527247 -5.607435 -33.122852 5.588943 14.017815 43.308832 0.000000 0.000000 0.000000 12.192755 21.643373 20.498649 -0.099242 2.046334 -5.555817 -5.596062 -19.564744 -54.520319 -1.353541 -7.364793 20.800702 -1.222099 0.762688 -5.758279 -2.084871 0.974110 -3.752956 -1.405922 0.444315 -0.618392 0.473294 -2.542417 -1.609382 2.548328 -3.467884 1.730255 0.658711 -1.708489 0.833167 0.000000 0.000000 0.000000 2.721887 -0.870609 -9.577705 11.952126 -19.732801 -2.086099 -0.000002 0.000001 -16.569074 14.702565 -7.364813 -1.926425 -7.125020 0.000002 0.000000 -8.824363 22.396123 4.852851 0.000000 0.000000 0.000000 13.259009 -6.668967 -35.663573 -11.000459 18.288956 -1.776065 0.000001 -0.000002 9.259493 -22.253840 -47.533642 16.796699 7.125020 -0.000002 0.000000 38.885671 -77.200151 -30.109010
1.239306 17.814029 28.281864 14.644113 -84.913686 -5.651448 0.000000 0.000000 0.000000 -8.554826 -9.285878 12.285940 0.078765 -1.778049 -5.063426 2.511250 -5.673311 -33.092496 5.621028 14.050760 43.441138 0.000000 0.000000 0.000000 12.083012 21.551660 20.399203 -0.098967 2.044596 -5.545407 -5.593694 -19.488804 -54.388020 -1.374924 -7.420373 20.966895 -1.320462 0.756742 -5.748865 -2.088955 0.970243 -3.749656 -1.355251 0.443894 -0.621975 0.471891 -2.514404 -1.594078 2.539582 -3.430916 1.763970 0.656776 -1.689853 0.840488 0.000000 0.000000 0.000000 2.770406 -0.852879 -9.414154 11.978224 -19.771971 -2.094919 -0.000002 0.000001 -16.718494 14.714694 -7.353172 -1.925045 -7.125020 0.000002 0.000000 -8.816000 22.407533 4.845838 0.000000 0.000000 0.000000 13.191298 -6.783995 -35.017865 -11.073151 18.400293 -1.798943 0.000001 -0.000002 8.666624 -22.265939 -47.544726 16.809321 7.125020 -0.000002 0.000000 38.910682 -77.212531 -30.138276
1.247210 17.813234 28.279164 14.716040 -84.917372 -5.723913 0.000000 0.000000 0.000000 -8.539450 -9.289004 12.259918 0.079110 -1.781196 -5.076404 2.500629 -5.733716 -33.093610 5.645775 14.076064 43.542981 0.000000 0.000000 0.000000 12.062314 21.534886 20.349925 -0.098785 2.042829 -5.540052 -5.617458 -19.372932 -54.364387 -1.414860 -7.522883 21.274014 -1.360476 0.755713 -5.739908 -2.084343 0.971125 -3.737599 -1.328019 0.445215 -0.615302 0.453995 -2.496161 -1.603961 2.559828 -3.407903 1.805556 0.665966 -1.677776 0.855619 0.000000 0.000000 0.000000 2.827218 -0.849041 -9.243221 12.004365 -19.811183 -2.103770 -0.000002 0.000001 -16.859806 14.726205 -7.332920 -1.921347 -7.125020 0.000002 0.000000 -8.808452 22.427757 4.837473 0.000000 0.000000 0.000000 13.126297 -6.879914 -34.529032 -11.126855 18.482437 -1.815932 0.000002 -0.000002 8.223325 -22.269398 -47.558039 16.815706 7.125020 -0.000002 0.000000 38.952629 -77.222876 -30.179814
1.255316 17.813029 28.276518 14.308584 -84.915964 -5.321909 0.000000 0.000000 0.000000 -8.480291 -9.323672 12.247307 0.079498 -1.784919 -5.090449 2.496224 -5.781464 -33.120525 5.662004 14.092607 43.609671 0.000000 0.000000 0.000000 12.116432 21.592499 20.350868 -0.098905 2.043273 -5.545350 -5.661513 -19.244787 -54.445237 -1.464649 -7.648415 21.651181 -1.348318 0.759635 -5.731487 -2.075938 0.976898 -3.718731 -1.325816 0.448336 -0.600362 0.422871 -2.490004 -1.632386 2.604799 -3.401687 1.849692 0.684487 -1.673792 0.875654 0.000000 0.000000 0.000000 2.878624 -0.877351 -9.163055 12.021774 -19.837285 -2.109675 -0.000002 0.000001 -16.899637 14.728090 -7.326127 -1.919829 -7.125020 0.000002 0.000000 -8.807357 22.434618 4.835470 0.000000 0.000000 0.000000 13.066447 -6.940511 -34.255529 -11.153070 18.522499 -1.824251 0.000002 -0.000002 7.989467 -22.244919 -47.557223 16.796370 7.125020 -0.000002 0.000000 38.975424 -77.212520 -30.190372
1.263564 17.813346 28.274168 13.802640 -84.908686 -4.825261 0.000000 0.000000 0.000000 -8.417927 -9.379144 12.244197 0.079813 -1.787901 -5.101938 2.494923 -5.804647 -33.162520 5.667828 14.098534 43.633584 0.000000 0.000000 0.000000 12.195982 21.693842 20.388639 -0.099509 2.048256 -5.565371 -5.713042 -19.133047 -54.586231 -1.514329 -7.771273 22.021490 -1.316379 0.765461 -5.722288 -2.071437 0.984538 -3.696237 -1.338601 0.452074 -0.581669 0.390135 -2.494168 -1.658103 2.658348 -3.409041 1.879416 0.705829 -1.676699 0.891126 0.000000 0.000000 0.000000 2.909288 -0.949046 -9.268680 12.020232 -19.834975 -2.109151 -0.000002 0.000001 -16.755139 14.719927 -7.356185 -1.926496 -7.125020 0.000002 0.000000 -8.812047 22.404272 4.844347 0.000000 0.000000 0.000000 13.011444 -6.940465 -34.268600 -11.146937 18.513127 -1.822304 0.000001 -0.000002 8.044921 -22.155805 -47.517838 16.716165 7.125020 -0.000002 0.000000 38.933947 -77.150486 -30.110052
1.271845 17.814066 28.272304 13.579985 -84.897691 -4.615975 0.000000 0.000000 0.000000 -8.392354 -9.442311 12.248576 0.079964 -1.789025 -5.108215 2.492292 -5.794615 -33.208567 5.662614 14.093228 43.612174 0.000000 0.000000 0.000000 12.247652 21.794295 20.441520 -0.100645 2.058747 -5.599875 -5.756786 -19.058652 -54.723903 -1.555519 -7.871404 22.324172 -1.299576 0.769241 -5.709807 -2.076808 0.989919 -3.673150 -1.353209 0.454761 -0.564338 0.367568 -2.502308 -1.661981 2.704703 -3.420750 1.881072 0.723605 -1.682260 0.893883 0.000000 0.000000 0.000000 2.909549 -1.064083 -9.614667 11.993147 -19.794361 -2.099970 -0.000002 0.000001 -16.384607 14.710096 -7.437159 -1.946111 -7.125020 0.000002 0.000000 -8.815863 22.322061 4.863370 0.000000 0.000000 0.000000 12.959587 -6.872564 -34.548053 -11.114608 18.463708 -1.812052 0.000001 -0.000002 8.378342 -22.002492 -47.433566 16.574044 7.125020 -0.000002 0.000000 38.809115 -77.032746 -29.920636
1.280143 17.815067 28.270820 13.770705 -84.888394 -4.822400 0.000000 0.000000 0.000000 -8.415496 -9.499573 12.254838 0.079894 -1.787695 -5.107386 2.487028 -5.748762 -33.249114 5.646437 14.076739 43.545700 0.000000 0.000000 0.000000 12.246486 21.861494 20.485264 -0.102106 2.072950 -5.642003 -5.780580 -19.032359 -54.806658 -1.582905 -7.937138 22.523313 -1.313435 0.768233 -5.693719 -2.091529 0.989871 -3.652046 -1.360590 0.455011 -0.551539 0.360489 -2.505770 -1.638663 2.735867 -3.425072 1.853807 0.734697 -1.684704 0.882340 0.000000 0.000000 0.000000 2.875875 -1.212476 -10.210596 11.941023 -19.716133 -2.082352 -0.000002 0.000000 -15.788427 14.702688 -7.570114 -1.979485 -7.125020 0.000002 0.000000 -8.815858 22.186753 4.891105 0.000000 0.000000 0.000000 12.908796 -6.748660 -34.988865 -11.069379 18.394514 -1.797753 0.000001 -0.000002 8.886879 -21.831916 -47.317746 16.410672 7.125020 -0.000002 0.000000 38.601424 -76.886948 -29.643815
1.288607 17.816194 28.269346 14.242831 -84.887511 -5.306785 0.000000 0.000000 0.000000 -8.469367 -9.541693 12.253544 0.079650 -1.784579 -5.100571 2.481466 -5.672034 -33.280499 5.621130 14.050864 43.441555 0.000000 0.000000 0.000000 12.200101 21.887279 20.497349 -0.103467 2.086619 -5.679701 -5.778510 -19.056793 -54.810549 -1.593605 -7.962643 22.600674 -1.352455 0.762254 -5.677880 -2.108894 0.983947 -3.634991 -1.356923 0.452581 -0.543272 0.368494 -2.498144 -1.596543 2.748718 -3.413718 1.807895 0.738171 -1.679737 0.860951 0.000000 0.000000 0.000000 2.808874 -1.378780 -11.022182 11.871926 -19.612288 -2.059101 -0.000002 0.000000 -15.006235 14.693105 -7.743272 -2.022925 -7.125020 0.000002 0.000000 -8.815984 22.010544 4.927207 0.000000 0.000000 0.000000 12.855930 -6.579657 -35.507539 -11.020513 18.319681 -1.782363 0.000001 -0.000002 9.482819 -21.680068 -47.185619 16.258413 7.125020 -0.000002 0.000000 38.326945 -76.737535 -29.311343
1.297438 17.817290 28.267584 14.780079 -84.899170 -5.846814 0.000000 0.000000 0.000000 -8.526686 -9.567652 12.238106 0.079396 -1.781589 -5.092789 2.478395 -5.576616 -33.305515 5.591967 14.020926 43.321307 0.000000 0.000000 0.000000 12.129218 21.876706 20.462220 -0.104276 2.095154 -5.700830 -5.751935 -19.123398 -54.735060 -1.587032 -7.946985 22.553176 -1.402686 0.753375 -5.666441 -2.121473 0.974457 -3.622925 -1.342223 0.448516 -0.538030 0.389171 -2.478571 -1.551385 2.741652 -3.386061 1.759720 0.733677 -1.666759 0.837471 0.000000 0.000000 0.000000 2.714085 -1.544537 -11.959073 11.800311 -19.504491 -2.035127 -0.000002 0.000000 -14.125481 14.682568 -7.931103 -2.070056 -7.125020 0.000002 0.000000 -8.816508 21.819397 4.966377 0.000000 0.000000 0.000000 12.798197 -6.385088 -36.022519 -10.976386 18.252041 -1.768518 0.000001 -0.000002 10.078626 -21.536099 -47.060126 16.114553 7.125020 -0.000002 0.000000 38.073568 -76.595458 -29.002371
1.306718 17.818273 28.265542 15.207450 -84.921456 -6.267103 0.000000 0.000000 0.000000 -8.567704 -9.582395 12.209480 0.079280 -1.780380 -5.088842 2.478974 -5.476331 -33.327321 5.564817 13.992939 43.209137 0.000000 0.000000 0.000000 12.053346 21.834715 20.377817 -0.104241 2.095569 -5.697972 -5.710768 -19.202704 -54.597187 -1.568426 -7.902464 22.418226 -1.450195 0.744274 -5.658310 -2.125411 0.964472 -3.615206 -1.320184 0.444236 -0.535522 0.418697 -2.451341 -1.517593 2.716679 -3.348411 1.725213 0.722136 -1.648628 0.819473 0.000000 0.000000 0.000000 2.602819 -1.690156 -12.881308 11.742996 -19.418093 -2.016031 -0.000002 0.000000 -13.272490 14.689675 -8.101636 -2.115446 -7.125020 0.000002 0.000000 -8.805244 21.645088 4.995000 0.000000 0.000000 0.000000 12.737736 -6.206704 -36.397100 -10.951724 18.214211 -1.760802 0.000001 -0.000002 10.533615 -21.367666 -46.982533 15.963920 7.125020 -0.000002 0.000000 38.007086 -76.475937 -28.860708
1.316354 17.819149 28.263424 15.400480 -84.947709 -6.449265 0.000000 0.000000 0.000000 -8.582052 -9.592990 12.174559 0.079305 -1.780942 -5.088964 2.482949 -5.380737 -33.346793 5.541355 13.968661 43.112025 0.000000 0.000000 0.000000 11.990426 21.767343 20.257607 -0.103296 2.087000 -5.669756 -5.671939 -19.246881 -54.429653 -1.550929 -7.860319 22.290624 -1.482232 0.736878 -5.647249 -2.120197 0.956027 -3.610065 -1.297382 0.440637 -0.537140 0.450406 -2.423600 -1.498858 2.680522 -3.310508 1.709152 0.706532 -1.630113 0.809458 0.000000 0.000000 0.000000 2.487652 -1.801446 -13.655763 11.711709 -19.370885 -2.005642 -0.000002 0.000000 -12.560100 14.739017 -8.236512 -2.158194 -7.125020 0.000002 0.000000 -8.765048 21.505212 4.999494 0.000000 0.000000 0.000000 12.682073 -6.085710 -36.516108 -10.960326 18.227408 -1.763491 0.000001 -0.000002 10.734028 -21.151997 -46.990769 15.797817 7.125020 -0.000002 0.000000 38.267668 -76.395964 -29.010135
1.326168 17.819979 28.261403 15.290646 -84.970488 -6.333219 0.000000 0.000000 0.000000 -8.566494 -9.606487 12.142078 0.079368 -1.782014 -5.090050 2.489014 -5.296365 -33.364774 5.519903 13.946388 43.023085 0.000000 0.000000 0.000000 11.955810 21.686630 20.125031 -0.101588 2.070617 -5.620436 -5.649701 -19.221433 -54.269606 -1.547196 -7.851291 22.263311 -1.489489 0.731909 -5.626917 -2.107288 0.949689 -3.605147 -1.280562 0.437906 -0.543784 0.477042 -2.403969 -1.486898 2.639894 -3.283441 1.699997 0.690157 -1.616934 0.802873 0.000000 0.000000 0.000000 2.376557 -1.875286 -14.214542 11.708888 -19.366626 -2.004706 -0.000002 0.000001 -12.038030 14.840943 -8.341958 -2.201663 -7.125020 0.000002 0.000000 -8.688167 21.392903 4.976678 0.000000 0.000000 0.000000 12.638333 -6.030830 -36.397095 -11.002142 18.291529 -1.776593 0.000001 -0.000002 10.706919 -20.868595 -47.089722 15.600995 7.125020 -0.000002 0.000000 38.888471 -76.350240 -29.473355
1.335998 17.820853 28.259557 14.895349 -84.983282 -5.943416 0.000000 0.000000 0.000000 -8.525149 -9.627898 12.119790 0.079397 -1.782642 -5.090157 2.494894 -5.231276 -33.381855 5.500629 13.926315 42.943057 0.000000 0.000000 0.000000 11.956035 21.606075 20.004756 -0.099469 2.049696 -5.559655 -5.645459 -19.136444 -54.140696 -1.558166 -7.877782 22.343482 -1.470079 0.728639 -5.594805 -2.089700 0.944503 -3.597482 -1.273934 0.435531 -0.553723 0.495897 -2.400843 -1.472224 2.596706 -3.277807 1.680395 0.674128 -1.614646 0.792959 0.000000 0.000000 0.000000 2.271199 -1.917624 -14.562587 11.730350 -19.399016 -2.011829 -0.000002 0.000001 -11.690381 14.984627 -8.436551 -2.249153 -7.125020 0.000002 0.000000 -8.581733 21.289657 4.934392 0.000000 0.000000 0.000000 12.609072 -6.017348 -36.176691 -11.062811 18.384460 -1.795681 0.000001 -0.000002 10.603712 -20.484696 -47.252945 15.340888 7.125020 -0.000002 0.000000 39.818029 -76.306623 -30.186530
1.345753 17.821870 28.257900 14.311929 -84.981188 -5.380691 0.000000 0.000000 0.000000 -8.468028 -9.659940 12.112586 0.079408 -1.782868 -5.090235 2.498142 -5.194325 -33.397836 5.487218 13.912315 42.887309 0.000000 0.000000 0.000000 11.985740 21.532022 19.913444 -0.097373 2.028584 -5.499378 -5.649933 -19.034142 -54.046299 -1.574363 -7.916703 22.461370 -1.430269 0.725034 -5.553307 -2.070826 0.938220 -3.583970 -1.277532 0.432440 -0.562522 0.509109 -2.418041 -1.452941 2.549957 -3.298492 1.641679 0.657804 -1.625789 0.776703 0.000000 0.000000 0.000000 2.167143 -1.939438 -14.757725 11.769229 -19.457651 -2.024761 -0.000002 0.000001 -11.453077 15.144752 -8.533527 -2.300271 -7.125020 0.000002 0.000000 -8.463541 21.183094 4.885509 0.000000 0.000000 0.000000 12.593219 -6.011835 -35.997906 -11.125944 18.481040 -1.815644 0.000001 -0.000002 10.579907 -19.972995 -47.449005 14.988037 7.125020 -0.000002 0.000000 40.979806 -76.232095 -31.064215
1.355423 17.823076 28.256377 13.673354 -84.963377 -4.776075 0.000000 0.000000 0.000000 -8.406747 -9.705841 12.121046 0.079459 -1.783210 -5.092458 2.497178 -5.189988 -33.415697 5.483454 13.908380 42.871650 0.000000 0.000000 0.000000 12.029971 21.460246 19.851207 -0.095577 2.010263 -5.447324 -5.649931 -18.962177 -53.970252 -1.581686 -7.934224 22.514479 -1.381587 0.719067 -5.509704 -2.052835 0.928853 -3.562714 -1.287116 0.427755 -0.564379 0.517424 -2.451216 -1.431079 2.502719 -3.339904 1.585762 0.642035 -1.647498 0.755025 0.000000 0.000000 0.000000 2.054599 -1.955415 -14.890129 11.817512 -19.530398 -2.040874 -0.000002 0.000001 -11.230143 15.291902 -8.634636 -2.350843 -7.125020 0.000002 0.000000 -8.354707 21.072790 4.842550 0.000000 0.000000 0.000000 12.589738 -5.993107 -35.927418 -11.184536 18.570555 -1.834260 0.000001 -0.000002 10.707694 -19.337184 -47.661285 14.540840 7.125020 -0.000002 0.000000 42.308225 -76.116531 -32.045712
1.365078 17.824443 28.254854 13.104190 -84.934709 -4.247752 0.000000 0.000000 0.000000 -8.350574 -9.770788 12.142631 0.079608 -1.784188 -5.099022 2.491141 -5.219321 -33.443463 5.491728 13.917026 42.906063 0.000000 0.000000 0.000000 12.069574 21.379210 19.802432 -0.094109 1.995257 -5.404152 -5.628754 -18.973164 -53.878409 -1.560879 -7.884320 22.363275 -1.336509 0.710152 -5.473054 -2.036879 0.916265 -3.534010 -1.296780 0.421529 -0.554768 0.516035 -2.489696 -1.405554 2.466816 -3.388173 1.519040 0.631379 -1.672721 0.729921 0.000000 0.000000 0.000000 1.922607 -1.981210 -15.048168 11.866672 -19.604385 -2.057338 -0.000002 0.000002 -10.928134 15.403761 -8.734264 -2.395712 -7.125020 0.000002 0.000000 -8.271438 20.965553 4.813821 0.000000 0.000000 0.000000 12.602255 -5.960644 -35.935965 -11.244622 18.662238 -1.853442 0.000001 -0.000002 10.958964 -18.602013 -47.888890 14.017953 7.125020 -0.000002 0.000000 43.766417 -75.968741 -33.107631
1.374864 17.825914 28.253183 12.689582 -84.902608 -3.874775 0.000000 0.000000 0.000000 -8.304590 -9.858097 12.174345 0.079913 -1.786308 -5.112032 2.479083 -5.286053 -33.486787 5.515271 13.941569 43.003865 0.000000 0.000000 0.000000 12.088568 21.277010 19.749126 -0.092912 1.983200 -5.368052 -5.572506 -19.105892 -53.735796 -1.497710 -7.730432 21.898260 -1.304520 0.698515 -5.447509 -2.024130 0.901011 -3.500734 -1.302359 0.414107 -0.534485 0.499080 -2.521855 -1.370824 2.458376 -3.428199 1.449920 0.631932 -1.693805 0.703361 0.000000 0.000000 0.000000 1.764528 -2.027303 -15.275608 11.908171 -19.666779 -2.071283 -0.000002 0.000002 -10.500652 15.477237 -8.828280 -2.433152 -7.125020 0.000002 0.000000 -8.216074 20.865774 4.799916 0.000000 0.000000 0.000000 12.640335 -5.931814 -35.919582 -11.320795 18.778297 -1.877890 0.000001 -0.000002 11.233467 -17.778460 -48.133162 13.428077 7.125020 -0.000002 0.000000 45.338979 -75.793644 -34.240626
1.384959 17.827436 28.251303 12.463574 -84.871741 -3.688277 0.000000 0.000000 0.000000 -8.270609 -9.962763 12.211833 0.080395 -1.789853 -5.132125 2.460758 -5.391774 -33.539446 5.556169 13.983999 43.173360 0.000000 0.000000 0.000000 12.079273 21.147768 19.682460 -0.091998 1.974370 -5.339278 -5.484400 -19.339607 -53.533212 -1.401894 -7.489781 21.174756 -1.291053 0.683116 -5.429768 -2.015278 0.881534 -3.468028 -1.301673 0.404727 -0.510760 0.467845 -2.539306 -1.318666 2.485592 -3.449131 1.387096 0.646159 -1.705277 0.676703 0.000000 0.000000 0.000000 1.578103 -2.094563 -15.557280 11.934532 -19.706382 -2.080163 -0.000002 0.000002 -9.959504 15.533332 -8.920021 -2.467453 -7.125020 0.000002 0.000000 -8.173454 20.768998 4.792662 0.000000 0.000000 0.000000 12.713990 -5.922857 -35.776206 -11.423613 18.934649 -1.911120 0.000001 -0.000002 11.440735 -16.851075 -48.379071 12.756356 7.125020 -0.000002 0.000000 46.981463 -75.576492 -35.394193
1.395470 17.828983 28.249248 12.409095 -84.842423 -3.670013 0.000000 0.000000 0.000000 -8.248449 -10.068062 12.246287 0.081005 -1.794599 -5.156772 2.438717 -5.522809 -33.582641 5.609360 14.038797 43.393055 0.000000 0.000000 0.000000 12.043201 20.994517 19.602263 -0.091385 1.969012 -5.318471 -5.385432 -19.596910 -53.292458 -1.302876 -7.231103 20.401860 -1.297775 0.661820 -5.414106 -2.009579 0.854651 -3.441113 -1.293291 0.391787 -0.492229 0.433139 -2.538795 -1.240505 2.541174 -3.446656 1.333421 0.670171 -1.705045 0.648992 0.000000 0.000000 0.000000 1.361489 -2.177710 -15.845971 11.941617 -19.717022 -2.082553 -0.000002 0.000002 -9.342122 15.605341 -9.016568 -2.506098 -7.125020 0.000002 0.000000 -8.119533 20.666272 4.779341 0.000000 0.000000 0.000000 12.828463 -5.933790 -35.473419 -11.550466 19.127070 -1.952484 0.000001 -0.000002 11.567016 -15.804252 -48.592186 11.984645 7.125020 -0.000002 0.000000 48.586603 -75.292773 -36.455731
1.406380 17.830542 28.247082 12.446910 -84.813123 -3.740030 0.000000 0.000000 0.000000 -8.233842 -10.148167 12.265229 0.081633 -1.799962 -5.180807 2.418816 -5.649690 -33.591932 5.662544 14.093156 43.611886 0.000000 0.000000 0.000000 11.991526 20.828614 19.512120 -0.090970 1.965947 -5.302873 -5.298647 -19.801937 -53.048485 -1.226086 -7.022800 19.782932 -1.319733 0.634958 -5.397373 -2.005493 0.820454 -3.421948 -1.278455 0.375279 -0.482600 0.408576 -2.522962 -1.131939 2.608916 -3.423982 1.282400 0.696818 -1.694871 0.616920 0.000000 0.000000 0.000000 1.112868 -2.273874 -16.092583 11.930858 -19.700863 -2.078925 -0.000002 0.000001 -8.681502 15.719016 -9.119961 -2.554100 -7.125020 0.000002 0.000000 -8.035837 20.554127 4.749433 0.000000 0.000000 0.000000 12.986664 -5.967538 -34.996355 -11.693768 19.343800 -1.999695 0.000001 -0.000002 11.615429 -14.653954 -48.743691 11.121249 7.125020 -0.000002 0.000000 50.044889 -74.935207 -37.324458
1.417594 17.832114 28.244868 12.448634 -84.782277 -3.770664 0.000000 0.000000 0.000000 -8.217786 -10.178396 12.257994 0.082146 -1.805110 -5.198311 2.407427 -5.742374 -33.546792 5.703058 14.134279 43.778030 0.000000 0.000000 0.000000 11.943204 20.666901 19.418502 -0.090534 1.962695 -5.286519 -5.235505 -19.927907 -52.831472 -1.178779 -6.890836 19.392362 -1.343539 0.608031 -5.378932 -2.001739 0.785922 -3.407654 -1.263002 0.358577 -0.478979 0.398673 -2.500144 -0.998050 2.676646 -3.391786 1.224103 0.721522 -1.680208 0.578048 0.000000 0.000000 0.000000 0.831606 -2.385065 -16.246413 11.910187 -19.669808 -2.071962 -0.000002 0.000001 -8.011407 15.883047 -9.224765 -2.611669 -7.125020 0.000002 0.000000 -7.916322 20.437596 4.698209 0.000000 0.000000 0.000000 13.191443 -6.055508 -34.266689 -11.853883 19.585146 -2.053049 0.000001 -0.000002 11.514410 -13.446605 -48.834395 10.203947 7.125020 -0.000002 0.000000 51.327140 -74.524928 -37.992388
1.429017 17.833718 28.242696 12.316157 -84.747314 -3.666649 0.000000 0.000000 0.000000 -8.193407 -10.150502 12.221768 0.082394 -1.808671 -5.203974 2.407005 -5.786858 -33.440999 5.724438 14.155882 43.865516 0.000000 0.000000 0.000000 11.914850 20.524909 19.330947 -0.089894 1.957136 -5.264422 -5.194617 -19.996992 -52.658487 -1.153073 -6.817893 19.176973 -1.354301 0.589253 -5.359152 -1.997359 0.761799 -3.391989 -1.253720 0.346950 -0.474381 0.392214 -2.481622 -0.853683 2.741217 -3.364818 1.154389 0.744893 -1.668402 0.533889 0.000000 0.000000 0.000000 0.515118 -2.511406 -16.246270 11.892492 -19.643211 -2.066009 -0.000002 0.000001 -7.376814 16.092231 -9.325552 -2.676684 -7.125020 0.000002 0.000000 -7.764906 20.322426 4.626770 0.000000 0.000000 0.000000 13.440917 -6.236906 -33.209857 -12.034689 19.856642 -2.114060 0.000001 -0.000002 11.181008 -12.230670 -48.883064 9.275054 7.125020 -0.000002 0.000000 52.463283 -74.092530 -38.510923
1.440594 17.835401 28.240716 12.058819 -84.704100 -3.440902 0.000000 0.000000 0.000000 -8.163183 -10.077869 12.162143 0.082229 -1.808716 -5.193956 2.414194 -5.790876 -33.285112 5.728321 14.159798 43.881392 0.000000 0.000000 0.000000 11.908228 20.404953 19.256817 -0.089038 1.949040 -5.236261 -5.168442 -20.043554 -52.528160 -1.137310 -6.772718 19.043752 -1.346305 0.583216 -5.339685 -1.991739 0.754387 -3.368744 -1.252818 0.343551 -0.461338 0.370656 -2.475850 -0.715676 2.803463 -3.354350 1.077557 0.769930 -1.664949 0.489062 0.000000 0.000000 0.000000 0.156840 -2.644102 -16.034146 11.890258 -19.639853 -2.065258 -0.000002 0.000001 -6.817416 16.331793 -9.425423 -2.747717 -7.125020 0.000002 0.000000 -7.592181 20.206146 4.541740 0.000000 0.000000 0.000000 13.727331 -6.508992 -31.891878 -12.229358 20.147716 -2.180648 0.000001 -0.000002 10.667131 -11.036717 -48.895853 8.360843 7.125020 -0.000002 0.000000 53.457309 -73.654034 -38.897378
1.452319 17.837218 28.239053 11.778324 -84.649419 -3.196898 0.000000 0.000000 0.000000 -8.137090 -9.981949 12.086722 0.081553 -1.803581 -5.166653 2.422851 -5.774376 -33.096344 5.721312 14.152728 43.852733 0.000000 0.000000 0.000000 11.908831 20.291098 19.194659 -0.088119 1.940117 -5.206347 -5.149082 -20.082139 -52.419289 -1.124562 -6.735928 18.935357 -1.326425 0.586631 -5.324407 -1.984787 0.759812 -3.334985 -1.256480 0.346545 -0.434827 0.323427 -2.483398 -0.592838 2.862907 -3.361373 1.001950 0.798065 -1.670203 0.447788 0.000000 0.000000 0.000000 -0.250010 -2.765978 -15.582855 11.909109 -19.668187 -2.071599 -0.000002 0.000001 -6.342203 16.578591 -9.535087 -2.823955 -7.125020 0.000002 0.000000 -7.414580 20.078964 4.454632 0.000000 0.000000 0.000000 14.045670 -6.811572 -30.518666 -12.418498 20.429284 -2.246232 0.000001 -0.000002 10.173389 -9.882673 -48.855621 7.474559 7.125020 -0.000002 0.000000 54.254996 -73.207787 -39.104636
1.464223 17.839204 28.237696 11.579194 -84.584419 -3.038119 0.000000 0.000000 0.000000 -8.123895 -9.877443 12.000406 0.080386 -1.792951 -5.123642 2.428715 -5.754834 -32.890141 5.710310 14.141615 43.807720 0.000000 0.000000 0.000000 11.898705 20.162815 19.136347 -0.087343 1.932719 -5.180512 -5.130653 -20.107960 -52.303447 -1.112739 -6.701604 18.834303 -1.307951 0.590771 -5.318521 -1.975949 0.766982 -3.291940 -1.257184 0.350518 -0.393553 0.251830 -2.497614 -0.483696 2.918437 -3.377315 0.935410 0.828768 -1.679799 0.412063 0.000000 0.000000 0.000000 -0.710155 -2.859495 -14.909654 11.946137 -19.723810 -2.084078 -0.000002 0.000001 -5.926070 16.805495 -9.664897 -2.903665 -7.125020 0.000002 0.000000 -7.251379 19.931719 4.378664 0.000000 0.000000 0.000000 14.399348 -7.062416 -29.302840 -12.581514 20.670976 -2.303455 0.000001 -0.000002 9.917989 -8.786513 -48.736578 6.628613 7.125020 -0.000002 0.000000 54.783487 -72.746883 -39.066198
1.476330 17.841351 28.236431 11.498955 -84.516337 -3.000099 0.000000 0.000000 0.000000 -8.124252 -9.771790 11.908193 0.078881 -1.778174 -5.070152 2.430860 -5.743788 -32.682755 5.701481 14.132684 43.771571 0.000000 0.000000 0.000000 11.870165 20.012815 19.075233 -0.086831 1.928292 -5.162308 -5.109690 -20.115801 -52.162385 -1.100115 -6.664730 18.725828 -1.301952 0.588724 -5.324772 -1.963323 0.766960 -3.243304 -1.247198 0.351098 -0.340092 0.162633 -2.510642 -0.383855 2.970036 -3.392016 0.884526 0.860996 -1.688601 0.382900 0.000000 0.000000 0.000000 -1.228472 -2.916490 -14.066336 11.994049 -19.795713 -2.100276 -0.000002 0.000001 -5.532347 16.990132 -9.823321 -2.985244 -7.125020 0.000002 0.000000 -7.118475 19.756981 4.324820 0.000000 0.000000 0.000000 14.795853 -7.207075 -28.346626 -12.708130 20.858064 -2.348343 0.000001 -0.000002 10.006619 -7.764819 -48.525677 5.835854 7.125020 -0.000002 0.000000 55.013799 -72.269298 -38.758497
1.488643 17.843574 28.234916 11.529020 -84.456855 -3.073624 0.000000 0.000000 0.000000 -8.133013 -9.670791 11.818653 0.077267 -1.761551 -5.013838 2.429510 -5.752359 -32.493743 5.701993 14.133203 43.773671 0.000000 0.000000 0.000000 11.825233 19.847824 19.009085 -0.086568 1.926712 -5.151159 -5.083797 -20.113166 -51.991134 -1.082609 -6.613211 18.574413 -1.314641 0.580496 -5.339497 -1.945697 0.759702 -3.193428 -1.221848 0.348303 -0.281061 0.065499 -2.518614 -0.293369 3.017025 -3.400666 0.855537 0.892916 -1.694117 0.361940 0.000000 0.000000 0.000000 -1.810455 -2.943050 -13.119151 12.046180 -19.873859 -2.117965 -0.000002 0.000001 -5.139087 17.119387 -10.026708 -3.070895 -7.125020 0.000002 0.000000 -7.025051 19.538724 4.301558 0.000000 0.000000 0.000000 15.241994 -7.249094 -27.599232 -12.804545 21.000154 -2.382784 0.000001 -0.000002 10.377726 -6.827506 -48.236326 5.106170 7.125020 -0.000002 0.000000 54.995185 -71.783261 -38.234325
1.501167 17.845716 28.232904 11.662305 -84.415874 -3.252371 0.000000 0.000000 0.000000 -8.146044 -9.580690 11.741489 0.075759 -1.745307 -4.962081 2.424054 -5.790012 -32.339742 5.719097 14.150492 43.843675 0.000000 0.000000 0.000000 11.767691 19.678493 18.938586 -0.086453 1.926923 -5.144099 -5.050116 -20.120573 -51.793062 -1.055498 -6.532511 18.337566 -1.347762 0.571693 -5.353564 -1.925206 0.752336 -3.146573 -1.182109 0.345664 -0.225829 -0.026737 -2.521782 -0.214560 3.057550 -3.403873 0.852843 0.921756 -1.696563 0.350635 0.000000 0.000000 0.000000 -2.460226 -2.957580 -12.134388 12.098580 -19.952315 -2.135812 -0.000002 0.000001 -4.744232 17.186320 -10.301761 -3.166780 -7.125020 0.000002 0.000000 -6.975813 19.249964 4.316581 0.000000 0.000000 0.000000 15.744337 -7.242179 -26.899190 -12.890126 21.126008 -2.413542 0.000001 -0.000002 10.846607 -5.984578 -47.903150 4.450315 7.125020 -0.000002 0.000000 54.823919 -71.308248 -37.596263
1.513920 17.847633 28.230455 11.845693 -84.394089 -3.484185 0.000000 0.000000 0.000000 -8.157726 -9.508047 11.682384 0.074485 -1.730926 -4.919343 2.414028 -5.856006 -32.225902 5.755851 14.187499 43.993823 0.000000 0.000000 0.000000 11.707379 19.517732 18.869206 -0.086395 1.927783 -5.138682 -5.007328 -20.159095 -51.584898 -1.018534 -6.420628 18.009860 -1.392321 0.568005 -5.358787 -1.905418 0.751728 -3.105750 -1.136454 0.346472 -0.181798 -0.102194 -2.521857 -0.143306 3.090984 -3.403914 0.874094 0.945411 -1.697112 0.347391 0.000000 0.000000 0.000000 -3.180301 -2.982958 -11.170806 12.149408 -20.028330 -2.153188 -0.000002 0.000001 -4.352307 17.184939 -10.664793 -3.275663 -7.125020 0.000002 0.000000 -6.974931 18.874570 4.375845 0.000000 0.000000 0.000000 16.310163 -7.248959 -26.088722 -12.984431 21.264393 -2.447638 0.000001 -0.000002 11.233326 -5.250783 -47.561188 3.881400 7.125020 -0.000002 0.000000 54.579116 -70.866690 -36.934191
1.526909 17.849256 28.227900 11.897504 -84.381459 -3.587589 0.000000 0.000000 0.000000 -8.152404 -9.459161 11.639904 0.073444 -1.718702 -4.885134 2.401754 -5.935309 -32.144147 5.807282 14.238949 44.203289 0.000000 0.000000 0.000000 11.670902 19.387023 18.813498 -0.086310 1.927990 -5.133301 -4.960821 -20.230398 -51.406154 -0.980190 -6.302200 17.663801 -1.422786 0.570433 -5.354247 -1.886880 0.758114 -3.071115 -1.099774 0.350577 -0.149282 -0.151469 -2.520751 -0.064970 3.115009 -3.402862 0.905917 0.961918 -1.697035 0.345550 0.000000 0.000000 0.000000 -3.971202 -3.034139 -10.270188 12.197853 -20.100698 -2.169808 -0.000002 0.000001 -3.968786 17.106564 -11.100577 -3.389720 -7.125020 0.000002 0.000000 -7.028632 18.429402 4.481736 0.000000 0.000000 0.000000 16.945628 -7.306029 -25.090346 -13.097534 21.429952 -2.488809 0.000001 -0.000002 11.453203 -4.638380 -47.232866 3.408796 7.125020 -0.000002 0.000000 54.299511 -70.474286 -36.296797
1.540079 17.850586 28.225556 11.537247 -84.362853 -3.280480 0.000000 0.000000 0.000000 -8.105081 -9.435540 11.603673 0.072456 -1.707120 -4.852167 2.393551 -6.003120 -32.075873 5.860144 14.291430 44.417819 0.000000 0.000000 0.000000 11.697813 19.315088 18.786290 -0.086075 1.925696 -5.125525 -4.924564 -20.307497 -51.313281 -0.955971 -6.226091 17.441838 -1.404858 0.574817 -5.347245 -1.866477 0.764811 -3.040329 -1.088372 0.354323 -0.121470 -0.161131 -2.522120 0.041975 3.116799 -3.404581 0.924312 0.965584 -1.698646 0.333850 0.000000 0.000000 0.000000 -4.827670 -3.107759 -9.438455 12.245146 -20.171268 -2.186089 -0.000002 0.000001 -3.614740 16.941675 -11.567465 -3.492673 -7.125020 0.000002 0.000000 -7.143572 17.958802 4.632826 0.000000 0.000000 0.000000 17.653908 -7.419913 -23.895077 -13.229240 21.622175 -2.537136 0.000001 -0.000002 11.508062 -4.146732 -46.927227 3.031048 7.125020 -0.000002 0.000000 53.997883 -70.135419 -35.699340
1.553230 17.851643 28.223487 10.494030 -84.323737 -2.288451 0.000000 0.000000 0.000000 -7.989263 -9.425004 11.553126 0.071146 -1.692508 -4.805877 2.398198 -6.035209 -31.990390 5.898002 14.328765 44.570981 0.000000 0.000000 0.000000 11.826496 19.326928 18.797298 -0.085536 1.918758 -5.111683 -4.915563 -20.350009 -51.359105 -0.961107 -6.242316 17.489129 -1.308728 0.575696 -5.348668 -1.840189 0.763651 -3.011301 -1.115139 0.353368 -0.089903 -0.111711 -2.533957 0.201613 3.072273 -3.418243 0.899148 0.946320 -1.706989 0.298515 0.000000 0.000000 0.000000 -5.735989 -3.183102 -8.628771 12.297504 -20.249308 -2.204177 -0.000002 0.000001 -3.340728 16.688578 -12.016105 -3.567864 -7.125020 0.000002 0.000000 -7.320548 17.514416 4.822626 0.000000 0.000000 0.000000 18.435657 -7.588061 -22.511301 -13.375738 21.835267 -2.591371 0.000001 -0.000002 11.425094 -3.752490 -46.641858 2.729461 7.125020 -0.000002 0.000000 53.680041 -69.840527 -35.136543
1.566034 17.852464 28.221499 8.605875 -84.251038 -0.445817 0.000000 0.000000 0.000000 -7.784613 -9.400801 11.462065 0.069065 -1.670073 -4.728768 2.423331 -6.018737 -31.846522 5.909363 14.339930 44.616869 0.000000 0.000000 0.000000 12.083146 19.435687 18.849667 -0.084567 1.905533 -5.088351 -4.945375 -20.332105 -51.574949 -1.003583 -6.374746 17.875688 -1.117083 0.570408 -5.367194 -1.804997 0.750480 -2.984078 -1.186823 0.345507 -0.049669 0.010203 -2.567307 0.437352 2.961341 -3.456958 0.801860 0.896245 -1.729035 0.226607 0.000000 0.000000 0.000000 -6.677948 -3.234536 -7.759966 12.365679 -20.350782 -2.227830 -0.000002 0.000001 -3.207573 16.358801 -12.404998 -3.604785 -7.125020 0.000002 0.000000 -7.550860 17.138510 5.039352 0.000000 0.000000 0.000000 19.287290 -7.827345 -20.912831 -13.541224 22.075059 -2.653243 0.000001 -0.000002 11.190059 -3.409613 -46.371376 2.468976 7.125020 -0.000002 0.000000 53.367689 -69.570803 -34.605704
1.578260 17.853111 28.219342 5.940729 -84.134741 2.181185 0.000000 0.000000 0.000000 -7.489767 -9.339439 11.314063 0.065988 -1.636809 -4.611306 2.470981 -5.957067 -31.615252 5.893281 14.324121 44.551904 0.000000 0.000000 0.000000 12.467378 19.636948 18.940166 -0.083146 1.885806 -5.054444 -5.014237 -20.257264 -51.955875 -1.081510 -6.609960 18.564863 -0.833883 0.559682 -5.405619 -1.760127 0.726253 -2.959542 -1.300339 0.331321 -0.000181 0.197464 -2.628389 0.759779 2.786132 -3.528075 0.620305 0.817429 -1.768581 0.112960 0.000000 0.000000 0.000000 -7.638230 -3.245965 -6.775536 12.457214 -20.486773 -2.259764 -0.000002 0.000000 -3.236821 15.973654 -12.717550 -3.603629 -7.125020 0.000002 0.000000 -7.819150 16.846561 5.270267 0.000000 0.000000 0.000000 20.193689 -8.167551 -19.063929 -13.735834 22.355803 -2.726824 0.000001 -0.000002 10.763060 -3.070599 -46.114192 2.214069 7.125020 -0.000002 0.000000 53.095575 -69.309311 -34.116072
1.590084 17.853646 28.216960 2.879517 -83.977602 5.209484 0.000000 0.000000 0.000000 -7.136283 -9.244347 11.121723 0.062220 -1.594936 -4.463840 2.534033 -5.868007 -31.313904 5.859932 14.291219 44.416955 0.000000 0.000000 0.000000 12.934610 19.897355 19.054849 -0.081429 1.861736 -5.013157 -5.108138 -20.151001 -52.442070 -1.183333 -6.903660 19.430273 -0.493110 0.546038 -5.458137 -1.708596 0.695453 -2.936952 -1.439540 0.313443 0.055749 0.421590 -2.710271 1.144590 2.573269 -3.623124 0.378624 0.722223 -1.820896 -0.030271 0.000000 0.000000 0.000000 -8.608644 -3.219398 -5.693788 12.567128 -20.649686 -2.298378 -0.000002 -0.000000 -3.374499 15.559879 -12.976911 -3.578081 -7.125020 0.000002 0.000000 -8.106879 16.612527 5.506488 0.000000 0.000000 0.000000 21.125150 -8.602859 -17.026394 -13.956254 22.672140 -2.811225 0.000001 -0.000002 10.185924 -2.714043 -45.865128 1.948302 7.125020 -0.000002 0.000000 52.870173 -69.045864 -33.662202
